source_a_line_id,source_a_transaction_id,source_b_line_id,source_b_transaction_id,match_method,confidence_score,identity_status,quantity_status,price_status,amount_status,reconciliation_status,review_required,quantity_difference,price_difference,amount_difference,source_a_product_id,source_b_product_id,source_a_product_name,source_b_product_name,source_a_amount,source_b_amount,source_a_quantity,source_b_quantity,source_a_unit_price,source_b_unit_price,signed_exposure,absolute_exposure,quantity_exposure,price_exposure,amount_exposure,unresolved_exposure,review_exposure
TXN-A-000001-L01,TXN-A-000001,TXN-B-000001-L02,TXN-B-000001,EXACT_PRIMARY_ID,100.00,IDENTITY_MATCHED,QUANTITY_MATCHED,PRICE_MATCHED,AMOUNT_MATCHED,MATCHED,N,0.00,0.00,0.00,PRD-0099,PRD-0099,NEXUS Cutting Board 500 ML,NEXUS Cutting Board 500 ML,721.11,721.11,6.39,6.39,112.85,112.85,0.00,0.00,0.00,0.00,0.00,0.00,0.00
TXN-A-000002-L03,TXN-A-000002,TXN-B-000002-L04,TXN-B-000002,EXACT_PRIMARY_ID,100.00,IDENTITY_MATCHED,QUANTITY_MATCHED,PRICE_MATCHED,AMOUNT_MATCHED,MATCHED,N,0.00,0.00,0.00,PRD-0039,PRD-0039,NEXUS Desk Organizer 250 ML,NEXUS Desk Organizer 250 ML,679.06,679.06,7.53,7.53,90.18,90.18,0.00,0.00,0.00,0.00,0.00,0.00,0.00
TXN-A-000003-L05,TXN-A-000003,TXN-B-000003-L06,TXN-B-000003,EXACT_PRIMARY_ID,100.00,IDENTITY_MATCHED,QUANTITY_MATCHED,PRICE_MATCHED,AMOUNT_MATCHED,MATCHED,N,0.00,0.00,0.00,PRD-0106,PRD-0106,ZENITH Spatula Set 1 KG,ZENITH Spatula Set 1 KG,168.27,168.27,7.10,7.10,23.70,23.70,0.00,0.00,0.00,0.00,0.00,0.00,0.00
TXN-A-000004-L07,TXN-A-000004,TXN-B-000004-L08,TXN-B-000004,EXACT_PRIMARY_ID,100.00,IDENTITY_MATCHED,QUANTITY_MATCHED,PRICE_MATCHED,AMOUNT_MATCHED,MATCHED,N,0.00,0.00,0.00,PRD-0077,PRD-0077,AURORA Shampoo 1 KG,AURORA Shampoo 1 KG,142.84,142.84,1.34,1.34,106.60,106.60,0.00,0.00,0.00,0.00,0.00,0.00,0.00
TXN-A-000005-L09,TXN-A-000005,TXN-B-000005-L10,TXN-B-000005,EXACT_PRIMARY_ID,100.00,IDENTITY_MATCHED,QUANTITY_MATCHED,PRICE_MATCHED,AMOUNT_MATCHED,MATCHED,N,0.00,0.00,0.00,PRD-0022,PRD-0022,ZENITH Floor Polish 2000 MAH,ZENITH Floor Polish 2000 MAH,41.80,41.80,7.06,7.06,5.92,5.92,0.00,0.00,0.00,0.00,0.00,0.00,0.00
TXN-A-000006-L11,TXN-A-000006,TXN-B-000006-L12,TXN-B-000006,EXACT_PRIMARY_ID,100.00,IDENTITY_MATCHED,QUANTITY_MATCHED,PRICE_MATCHED,AMOUNT_MATCHED,MATCHED,N,0.00,0.00,0.00,PRD-0079,PRD-0079,ZENITH Body Wash 200 G,ZENITH Body Wash 200 G,138.94,138.94,1.87,1.87,74.30,74.30,0.00,0.00,0.00,0.00,0.00,0.00,0.00
TXN-A-000007-L13,TXN-A-000007,TXN-B-000007-L14,TXN-B-000007,EXACT_PRIMARY_ID,100.00,IDENTITY_MATCHED,QUANTITY_MATCHED,PRICE_MATCHED,AMOUNT_MATCHED,MATCHED,N,0.00,0.00,0.00,PRD-0139,PRD-0139,ZENITH Eraser Pack 500 G,ZENITH Eraser Pack 500 G,218.78,218.78,4.82,4.82,45.39,45.39,0.00,0.00,0.00,0.00,0.00,0.00,0.00
TXN-A-000008-L15,TXN-A-000008,TXN-B-000008-L16,TXN-B-000008,EXACT_PRIMARY_ID,100.00,IDENTITY_MATCHED,QUANTITY_MATCHED,PRICE_MATCHED,AMOUNT_MATCHED,MATCHED,N,0.00,0.00,0.00,PRD-0094,PRD-0094,ZENITH Lotion 10000 MAH,ZENITH Lotion 10000 MAH,30.88,30.88,3.10,3.10,9.96,9.96,0.00,0.00,0.00,0.00,0.00,0.00,0.00
TXN-A-000009-L17,TXN-A-000009,TXN-B-000009-L18,TXN-B-000009,EXACT_PRIMARY_ID,100.00,IDENTITY_MATCHED,QUANTITY_MATCHED,PRICE_MATCHED,AMOUNT_MATCHED,MATCHED,N,0.00,0.00,0.00,PRD-0078,PRD-0078,NEXUS Shampoo 500 ML,NEXUS Shampoo 500 ML,575.76,575.76,4.86,4.86,118.47,118.47,0.00,0.00,0.00,0.00,0.00,0.00,0.00
TXN-A-000010-L19,TXN-A-000010,TXN-B-000010-L20,TXN-B-000010,EXACT_PRIMARY_ID,100.00,IDENTITY_MATCHED,QUANTITY_MATCHED,PRICE_MATCHED,AMOUNT_MATCHED,MATCHED,N,0.00,0.00,0.00,PRD-0138,PRD-0138,NEXUS Scissors 500 MG,NEXUS Scissors 500 MG,912.43,912.43,9.47,9.47,96.35,96.35,0.00,0.00,0.00,0.00,0.00,0.00,0.00
TXN-A-000011-L21,TXN-A-000011,TXN-B-000011-L22,TXN-B-000011,EXACT_PRIMARY_ID,100.00,IDENTITY_MATCHED,QUANTITY_MATCHED,PRICE_MATCHED,AMOUNT_MATCHED,MATCHED,N,0.00,0.00,0.00,PRD-0002,PRD-0002,AURORA All Purpose Cleaner 30 CM,AURORA All Purpose Cleaner 30 CM,131.48,131.48,2.94,2.94,44.72,44.72,0.00,0.00,0.00,0.00,0.00,0.00,0.00
TXN-A-000012-L23,TXN-A-000012,TXN-B-000012-L24,TXN-B-000012,EXACT_PRIMARY_ID,100.00,IDENTITY_MATCHED,QUANTITY_MATCHED,PRICE_MATCHED,AMOUNT_MATCHED,MATCHED,N,0.00,0.00,0.00,PRD-0076,PRD-0076,ZENITH Shampoo 200 G,ZENITH Shampoo 200 G,28.08,28.08,2.29,2.29,12.26,12.26,0.00,0.00,0.00,0.00,0.00,0.00,0.00
TXN-A-000013-L25,TXN-A-000013,TXN-B-000013-L26,TXN-B-000013,EXACT_PRIMARY_ID,100.00,IDENTITY_MATCHED,QUANTITY_MATCHED,PRICE_MATCHED,AMOUNT_MATCHED,MATCHED,N,0.00,0.00,0.00,PRD-0148,PRD-0148,ZENITH Wrench Set 30 CM,ZENITH Wrench Set 30 CM,679.60,679.60,5.81,5.81,116.97,116.97,0.00,0.00,0.00,0.00,0.00,0.00,0.00
TXN-A-000014-L27,TXN-A-000014,TXN-B-000014-L28,TXN-B-000014,EXACT_PRIMARY_ID,100.00,IDENTITY_MATCHED,QUANTITY_MATCHED,PRICE_MATCHED,AMOUNT_MATCHED,MATCHED,N,0.00,0.00,0.00,PRD-0084,PRD-0084,NEXUS Toothpaste 15 W,NEXUS Toothpaste 15 W,209.93,209.93,6.35,6.35,33.06,33.06,0.00,0.00,0.00,0.00,0.00,0.00,0.00
TXN-A-000015-L29,TXN-A-000015,TXN-B-000015-L30,TXN-B-000015,EXACT_PRIMARY_ID,100.00,IDENTITY_MATCHED,QUANTITY_MATCHED,PRICE_MATCHED,AMOUNT_MATCHED,MATCHED,N,0.00,0.00,0.00,PRD-0094,PRD-0094,ZENITH Lotion 10000 MAH,ZENITH Lotion 10000 MAH,86.45,86.45,8.68,8.68,9.96,9.96,0.00,0.00,0.00,0.00,0.00,0.00,0.00
TXN-A-000016-L31,TXN-A-000016,TXN-B-000016-L32,TXN-B-000016,EXACT_PRIMARY_ID,100.00,IDENTITY_MATCHED,QUANTITY_MATCHED,PRICE_MATCHED,AMOUNT_MATCHED,MATCHED,N,0.00,0.00,0.00,PRD-0008,PRD-0008,AURORA Dish Liquid 10000 MAH,AURORA Dish Liquid 10000 MAH,203.59,203.59,1.82,1.82,111.86,111.86,0.00,0.00,0.00,0.00,0.00,0.00,0.00
TXN-A-000017-L33,TXN-A-000017,TXN-B-000017-L34,TXN-B-000017,EXACT_PRIMARY_ID,100.00,IDENTITY_MATCHED,QUANTITY_MATCHED,PRICE_MATCHED,AMOUNT_MATCHED,MATCHED,N,0.00,0.00,0.00,PRD-0056,PRD-0056,AURORA Phone Case 20 W,AURORA Phone Case 20 W,52.21,52.21,3.13,3.13,16.68,16.68,0.00,0.00,0.00,0.00,0.00,0.00,0.00
TXN-A-000018-L35,TXN-A-000018,TXN-B-000018-L36,TXN-B-000018,EXACT_PRIMARY_ID,100.00,IDENTITY_MATCHED,QUANTITY_MATCHED,PRICE_MATCHED,AMOUNT_MATCHED,MATCHED,N,0.00,0.00,0.00,PRD-0044,PRD-0044,AURORA Whiteboard Marker 12 IN,AURORA Whiteboard Marker 12 IN,209.44,209.44,5.38,5.38,38.93,38.93,0.00,0.00,0.00,0.00,0.00,0.00,0.00
TXN-A-000019-L37,TXN-A-000019,TXN-B-000019-L38,TXN-B-000019,EXACT_PRIMARY_ID,100.00,IDENTITY_MATCHED,QUANTITY_MATCHED,PRICE_MATCHED,AMOUNT_MATCHED,MATCHED,N,0.00,0.00,0.00,PRD-0129,PRD-0129,NEXUS Colored Pencil Set 750 ML,NEXUS Colored Pencil Set 750 ML,602.36,602.36,6.35,6.35,94.86,94.86,0.00,0.00,0.00,0.00,0.00,0.00,0.00
TXN-A-000020-L39,TXN-A-000020,TXN-B-000020-L40,TXN-B-000020,EXACT_PRIMARY_ID,100.00,IDENTITY_MATCHED,QUANTITY_MATCHED,PRICE_MATCHED,AMOUNT_MATCHED,MATCHED,N,0.00,0.00,0.00,PRD-0010,PRD-0010,ZENITH Laundry Detergent 1.5 V,ZENITH Laundry Detergent 1.5 V,116.89,116.89,4.62,4.62,25.30,25.30,0.00,0.00,0.00,0.00,0.00,0.00,0.00
TXN-A-000021-L41,TXN-A-000021,TXN-B-000021-L42,TXN-B-000021,EXACT_PRIMARY_ID,100.00,IDENTITY_MATCHED,QUANTITY_MATCHED,PRICE_MATCHED,AMOUNT_MATCHED,MATCHED,N,0.00,0.00,0.00,PRD-0124,PRD-0124,ZENITH Sketch Pad 500 MG,ZENITH Sketch Pad 500 MG,298.30,298.30,6.28,6.28,47.50,47.50,0.00,0.00,0.00,0.00,0.00,0.00,0.00
TXN-A-000022-L43,TXN-A-000022,TXN-B-000022-L44,TXN-B-000022,EXACT_PRIMARY_ID,100.00,IDENTITY_MATCHED,QUANTITY_MATCHED,PRICE_MATCHED,AMOUNT_MATCHED,MATCHED,N,0.00,0.00,0.00,PRD-0012,PRD-0012,NEXUS Laundry Detergent 3 V,NEXUS Laundry Detergent 3 V,65.03,65.03,2.92,2.92,22.27,22.27,0.00,0.00,0.00,0.00,0.00,0.00,0.00
TXN-A-000023-L45,TXN-A-000023,TXN-B-000023-L46,TXN-B-000023,EXACT_PRIMARY_ID,100.00,IDENTITY_MATCHED,QUANTITY_MATCHED,PRICE_MATCHED,AMOUNT_MATCHED,MATCHED,N,0.00,0.00,0.00,PRD-0098,PRD-0098,AURORA Cutting Board 10 IN,AURORA Cutting Board 10 IN,61.52,61.52,3.60,3.60,17.09,17.09,0.00,0.00,0.00,0.00,0.00,0.00,0.00
TXN-A-000024-L47,TXN-A-000024,TXN-B-000024-L48,TXN-B-000024,EXACT_PRIMARY_ID,100.00,IDENTITY_MATCHED,QUANTITY_MATCHED,PRICE_MATCHED,AMOUNT_MATCHED,MATCHED,N,0.00,0.00,0.00,PRD-0013,PRD-0013,ZENITH Fabric Softener 1 L,ZENITH Fabric Softener 1 L,25.28,25.28,2.62,2.62,9.65,9.65,0.00,0.00,0.00,0.00,0.00,0.00,0.00
TXN-A-000025-L49,TXN-A-000025,TXN-B-000025-L50,TXN-B-000025,EXACT_PRIMARY_ID,100.00,IDENTITY_MATCHED,QUANTITY_MATCHED,PRICE_MATCHED,AMOUNT_MATCHED,MATCHED,N,0.00,0.00,0.00,PRD-0071,PRD-0071,AURORA Mouse Pad 50 G,AURORA Mouse Pad 50 G,26.33,26.33,1.52,1.52,17.32,17.32,0.00,0.00,0.00,0.00,0.00,0.00,0.00
TXN-A-000026-L51,TXN-A-000026,TXN-B-000026-L52,TXN-B-000026,EXACT_PRIMARY_ID,100.00,IDENTITY_MATCHED,QUANTITY_MATCHED,PRICE_MATCHED,AMOUNT_MATCHED,MATCHED,N,0.00,0.00,0.00,PRD-0104,PRD-0104,AURORA Measuring Cup 10000 MAH,AURORA Measuring Cup 10000 MAH,478.94,478.94,7.00,7.00,68.42,68.42,0.00,0.00,0.00,0.00,0.00,0.00,0.00
TXN-A-000027-L53,TXN-A-000027,TXN-B-000027-L54,TXN-B-000027,EXACT_PRIMARY_ID,100.00,IDENTITY_MATCHED,QUANTITY_MATCHED,PRICE_MATCHED,AMOUNT_MATCHED,MATCHED,N,0.00,0.00,0.00,PRD-0095,PRD-0095,AURORA Lotion 1 KG,AURORA Lotion 1 KG,1075.18,1075.18,9.17,9.17,117.25,117.25,0.00,0.00,0.00,0.00,0.00,0.00,0.00
TXN-A-000028-L55,TXN-A-000028,TXN-B-000028-L56,TXN-B-000028,EXACT_PRIMARY_ID,100.00,IDENTITY_MATCHED,QUANTITY_MATCHED,PRICE_MATCHED,AMOUNT_MATCHED,MATCHED,N,0.00,0.00,0.00,PRD-0002,PRD-0002,AURORA All Purpose Cleaner 30 CM,AURORA All Purpose Cleaner 30 CM,241.04,241.04,5.39,5.39,44.72,44.72,0.00,0.00,0.00,0.00,0.00,0.00,0.00
TXN-A-000029-L57,TXN-A-000029,TXN-B-000029-L58,TXN-B-000029,EXACT_PRIMARY_ID,100.00,IDENTITY_MATCHED,QUANTITY_MATCHED,PRICE_MATCHED,AMOUNT_MATCHED,MATCHED,N,0.00,0.00,0.00,PRD-0135,PRD-0135,NEXUS Glue Stick 5000 MAH,NEXUS Glue Stick 5000 MAH,126.39,126.39,4.53,4.53,27.90,27.90,0.00,0.00,0.00,0.00,0.00,0.00,0.00
TXN-A-000030-L59,TXN-A-000030,TXN-B-000030-L60,TXN-B-000030,EXACT_PRIMARY_ID,100.00,IDENTITY_MATCHED,QUANTITY_MATCHED,PRICE_MATCHED,AMOUNT_MATCHED,MATCHED,N,0.00,0.00,0.00,PRD-0130,PRD-0130,ZENITH Ruler Set 45 CM,ZENITH Ruler Set 45 CM,618.82,618.82,6.81,6.81,90.87,90.87,0.00,0.00,0.00,0.00,0.00,0.00,0.00
TXN-A-000031-L61,TXN-A-000031,TXN-B-000031-L62,TXN-B-000031,EXACT_PRIMARY_ID,100.00,IDENTITY_MATCHED,QUANTITY_MATCHED,PRICE_MATCHED,AMOUNT_MATCHED,MATCHED,N,0.00,0.00,0.00,PRD-0082,PRD-0082,ZENITH Toothpaste 500 MG,ZENITH Toothpaste 500 MG,793.37,793.37,8.59,8.59,92.36,92.36,0.00,0.00,0.00,0.00,0.00,0.00,0.00
TXN-A-000032-L63,TXN-A-000032,TXN-B-000032-L64,TXN-B-000032,EXACT_PRIMARY_ID,100.00,IDENTITY_MATCHED,QUANTITY_MATCHED,PRICE_MATCHED,AMOUNT_MATCHED,MATCHED,N,0.00,0.00,0.00,PRD-0030,PRD-0030,NEXUS Highlighter Set 12 IN,NEXUS Highlighter Set 12 IN,568.76,568.76,8.18,8.18,69.53,69.53,0.00,0.00,0.00,0.00,0.00,0.00,0.00
TXN-A-000033-L65,TXN-A-000033,TXN-B-000033-L66,TXN-B-000033,EXACT_PRIMARY_ID,100.00,IDENTITY_MATCHED,QUANTITY_MATCHED,PRICE_MATCHED,AMOUNT_MATCHED,MATCHED,N,0.00,0.00,0.00,PRD-0117,PRD-0117,NEXUS Can Opener 5 W,NEXUS Can Opener 5 W,241.24,241.24,3.99,3.99,60.46,60.46,0.00,0.00,0.00,0.00,0.00,0.00,0.00
TXN-A-000034-L67,TXN-A-000034,TXN-B-000034-L68,TXN-B-000034,EXACT_PRIMARY_ID,100.00,IDENTITY_MATCHED,QUANTITY_MATCHED,PRICE_MATCHED,AMOUNT_MATCHED,MATCHED,N,0.00,0.00,0.00,PRD-0104,PRD-0104,AURORA Measuring Cup 10000 MAH,AURORA Measuring Cup 10000 MAH,589.78,589.78,8.62,8.62,68.42,68.42,0.00,0.00,0.00,0.00,0.00,0.00,0.00
TXN-A-000035-L69,TXN-A-000035,TXN-B-000035-L70,TXN-B-000035,EXACT_PRIMARY_ID,100.00,IDENTITY_MATCHED,QUANTITY_MATCHED,PRICE_MATCHED,AMOUNT_MATCHED,MATCHED,N,0.00,0.00,0.00,PRD-0010,PRD-0010,ZENITH Laundry Detergent 1.5 V,ZENITH Laundry Detergent 1.5 V,58.44,58.44,2.31,2.31,25.30,25.30,0.00,0.00,0.00,0.00,0.00,0.00,0.00
TXN-A-000036-L71,TXN-A-000036,TXN-B-000036-L72,TXN-B-000036,EXACT_PRIMARY_ID,100.00,IDENTITY_MATCHED,QUANTITY_MATCHED,PRICE_MATCHED,AMOUNT_MATCHED,MATCHED,N,0.00,0.00,0.00,PRD-0120,PRD-0120,NEXUS Peeler 30 CM,NEXUS Peeler 30 CM,718.88,718.88,7.50,7.50,95.85,95.85,0.00,0.00,0.00,0.00,0.00,0.00,0.00
TXN-A-000037-L73,TXN-A-000037,TXN-B-000037-L74,TXN-B-000037,EXACT_PRIMARY_ID,100.00,IDENTITY_MATCHED,QUANTITY_MATCHED,PRICE_MATCHED,AMOUNT_MATCHED,MATCHED,N,0.00,0.00,0.00,PRD-0061,PRD-0061,ZENITH Battery Pack 200 G,ZENITH Battery Pack 200 G,398.64,398.64,6.22,6.22,64.09,64.09,0.00,0.00,0.00,0.00,0.00,0.00,0.00
TXN-A-000038-L75,TXN-A-000038,TXN-B-000038-L76,TXN-B-000038,EXACT_PRIMARY_ID,100.00,IDENTITY_MATCHED,QUANTITY_MATCHED,PRICE_MATCHED,AMOUNT_MATCHED,MATCHED,N,0.00,0.00,0.00,PRD-0125,PRD-0125,AURORA Sketch Pad 1.5 V,AURORA Sketch Pad 1.5 V,408.75,408.75,3.97,3.97,102.96,102.96,0.00,0.00,0.00,0.00,0.00,0.00,0.00
TXN-A-000039-L77,TXN-A-000039,TXN-B-000039-L78,TXN-B-000039,EXACT_PRIMARY_ID,100.00,IDENTITY_MATCHED,QUANTITY_MATCHED,PRICE_MATCHED,AMOUNT_MATCHED,MATCHED,N,0.00,0.00,0.00,PRD-0046,PRD-0046,ZENITH Tape Dispenser 250 ML,ZENITH Tape Dispenser 250 ML,79.17,79.17,2.85,2.85,27.78,27.78,0.00,0.00,0.00,0.00,0.00,0.00,0.00
TXN-A-000040-L79,TXN-A-000040,TXN-B-000040-L80,TXN-B-000040,EXACT_PRIMARY_ID,100.00,IDENTITY_MATCHED,QUANTITY_MATCHED,PRICE_MATCHED,AMOUNT_MATCHED,MATCHED,N,0.00,0.00,0.00,PRD-0117,PRD-0117,NEXUS Can Opener 5 W,NEXUS Can Opener 5 W,350.06,350.06,5.79,5.79,60.46,60.46,0.00,0.00,0.00,0.00,0.00,0.00,0.00
TXN-A-000041-L81,TXN-A-000041,TXN-B-000041-L82,TXN-B-000041,EXACT_PRIMARY_ID,100.00,IDENTITY_MATCHED,QUANTITY_MATCHED,PRICE_MATCHED,AMOUNT_MATCHED,MATCHED,N,0.00,0.00,0.00,PRD-0039,PRD-0039,NEXUS Desk Organizer 250 ML,NEXUS Desk Organizer 250 ML,513.12,513.12,5.69,5.69,90.18,90.18,0.00,0.00,0.00,0.00,0.00,0.00,0.00
TXN-A-000042-L83,TXN-A-000042,TXN-B-000042-L84,TXN-B-000042,EXACT_PRIMARY_ID,100.00,IDENTITY_MATCHED,QUANTITY_MATCHED,PRICE_MATCHED,AMOUNT_MATCHED,MATCHED,N,0.00,0.00,0.00,PRD-0119,PRD-0119,AURORA Peeler 100 MG,AURORA Peeler 100 MG,132.34,132.34,9.95,9.95,13.30,13.30,0.00,0.00,0.00,0.00,0.00,0.00,0.00
TXN-A-000043-L85,TXN-A-000043,TXN-B-000043-L86,TXN-B-000043,EXACT_PRIMARY_ID,100.00,IDENTITY_MATCHED,QUANTITY_MATCHED,PRICE_MATCHED,AMOUNT_MATCHED,MATCHED,N,0.00,0.00,0.00,PRD-0004,PRD-0004,ZENITH Glass Spray 750 ML,ZENITH Glass Spray 750 ML,872.22,872.22,8.69,8.69,100.37,100.37,0.00,0.00,0.00,0.00,0.00,0.00,0.00
TXN-A-000044-L87,TXN-A-000044,TXN-B-000044-L88,TXN-B-000044,EXACT_PRIMARY_ID,100.00,IDENTITY_MATCHED,QUANTITY_MATCHED,PRICE_MATCHED,AMOUNT_MATCHED,MATCHED,N,0.00,0.00,0.00,PRD-0007,PRD-0007,ZENITH Dish Liquid 5000 MAH,ZENITH Dish Liquid 5000 MAH,267.52,267.52,4.63,4.63,57.78,57.78,0.00,0.00,0.00,0.00,0.00,0.00,0.00
TXN-A-000045-L89,TXN-A-000045,TXN-B-000045-L90,TXN-B-000045,EXACT_PRIMARY_ID,100.00,IDENTITY_MATCHED,QUANTITY_MATCHED,PRICE_MATCHED,AMOUNT_MATCHED,MATCHED,N,0.00,0.00,0.00,PRD-0042,PRD-0042,NEXUS File Folder Pack 500 G,NEXUS File Folder Pack 500 G,650.45,650.45,9.55,9.55,68.11,68.11,0.00,0.00,0.00,0.00,0.00,0.00,0.00
TXN-A-000046-L91,TXN-A-000046,TXN-B-000046-L92,TXN-B-000046,EXACT_PRIMARY_ID,100.00,IDENTITY_MATCHED,QUANTITY_MATCHED,PRICE_MATCHED,AMOUNT_MATCHED,MATCHED,N,0.00,0.00,0.00,PRD-0123,PRD-0123,NEXUS Notebook 3 V,NEXUS Notebook 3 V,121.81,121.81,7.92,7.92,15.38,15.38,0.00,0.00,0.00,0.00,0.00,0.00,0.00
TXN-A-000047-L93,TXN-A-000047,TXN-B-000047-L94,TXN-B-000047,EXACT_PRIMARY_ID,100.00,IDENTITY_MATCHED,QUANTITY_MATCHED,PRICE_MATCHED,AMOUNT_MATCHED,MATCHED,N,0.00,0.00,0.00,PRD-0040,PRD-0040,ZENITH File Folder Pack 750 ML,ZENITH File Folder Pack 750 ML,583.10,583.10,5.19,5.19,112.35,112.35,0.00,0.00,0.00,0.00,0.00,0.00,0.00
TXN-A-000048-L95,TXN-A-000048,TXN-B-000048-L96,TXN-B-000048,EXACT_PRIMARY_ID,100.00,IDENTITY_MATCHED,QUANTITY_MATCHED,PRICE_MATCHED,AMOUNT_MATCHED,MATCHED,N,0.00,0.00,0.00,PRD-0090,PRD-0090,NEXUS Face Cream 100 MG,NEXUS Face Cream 100 MG,131.20,131.20,6.56,6.56,20.00,20.00,0.00,0.00,0.00,0.00,0.00,0.00,0.00
TXN-A-000049-L97,TXN-A-000049,TXN-B-000049-L98,TXN-B-000049,EXACT_PRIMARY_ID,100.00,IDENTITY_MATCHED,QUANTITY_MATCHED,PRICE_MATCHED,AMOUNT_MATCHED,MATCHED,N,0.00,0.00,0.00,PRD-0138,PRD-0138,NEXUS Scissors 500 MG,NEXUS Scissors 500 MG,543.41,543.41,5.64,5.64,96.35,96.35,0.00,0.00,0.00,0.00,0.00,0.00,0.00
TXN-A-000050-L99,TXN-A-000050,TXN-B-000050-L100,TXN-B-000050,EXACT_PRIMARY_ID,100.00,IDENTITY_MATCHED,QUANTITY_MATCHED,PRICE_MATCHED,AMOUNT_MATCHED,MATCHED,N,0.00,0.00,0.00,PRD-0095,PRD-0095,AURORA Lotion 1 KG,AURORA Lotion 1 KG,764.47,764.47,6.52,6.52,117.25,117.25,0.00,0.00,0.00,0.00,0.00,0.00,0.00
TXN-A-000051-L101,TXN-A-000051,TXN-B-000051-L102,TXN-B-000051,EXACT_PRIMARY_ID,100.00,IDENTITY_MATCHED,QUANTITY_MATCHED,PRICE_MATCHED,AMOUNT_MATCHED,MATCHED,N,0.00,0.00,0.00,PRD-0087,PRD-0087,NEXUS Deodorant 9 V,NEXUS Deodorant 9 V,1119.74,1119.74,9.60,9.60,116.64,116.64,0.00,0.00,0.00,0.00,0.00,0.00,0.00
TXN-A-000052-L103,TXN-A-000052,TXN-B-000052-L104,TXN-B-000052,EXACT_PRIMARY_ID,100.00,IDENTITY_MATCHED,QUANTITY_MATCHED,PRICE_MATCHED,AMOUNT_MATCHED,MATCHED,N,0.00,0.00,0.00,PRD-0015,PRD-0015,NEXUS Fabric Softener 200 G,NEXUS Fabric Softener 200 G,448.21,448.21,9.46,9.46,47.38,47.38,0.00,0.00,0.00,0.00,0.00,0.00,0.00
TXN-A-000053-L105,TXN-A-000053,TXN-B-000053-L106,TXN-B-000053,EXACT_PRIMARY_ID,100.00,IDENTITY_MATCHED,QUANTITY_MATCHED,PRICE_MATCHED,AMOUNT_MATCHED,MATCHED,N,0.00,0.00,0.00,PRD-0146,PRD-0146,AURORA Screwdriver Set 500 ML,AURORA Screwdriver Set 500 ML,503.03,503.03,5.50,5.50,91.46,91.46,0.00,0.00,0.00,0.00,0.00,0.00,0.00
TXN-A-000054-L107,TXN-A-000054,TXN-B-000054-L108,TXN-B-000054,EXACT_PRIMARY_ID,100.00,IDENTITY_MATCHED,QUANTITY_MATCHED,PRICE_MATCHED,AMOUNT_MATCHED,MATCHED,N,0.00,0.00,0.00,PRD-0070,PRD-0070,ZENITH Mouse Pad 200 G,ZENITH Mouse Pad 200 G,985.42,985.42,8.66,8.66,113.79,113.79,0.00,0.00,0.00,0.00,0.00,0.00,0.00
TXN-A-000055-L109,TXN-A-000055,TXN-B-000055-L110,TXN-B-000055,EXACT_PRIMARY_ID,100.00,IDENTITY_MATCHED,QUANTITY_MATCHED,PRICE_MATCHED,AMOUNT_MATCHED,MATCHED,N,0.00,0.00,0.00,PRD-0104,PRD-0104,AURORA Measuring Cup 10000 MAH,AURORA Measuring Cup 10000 MAH,555.57,555.57,8.12,8.12,68.42,68.42,0.00,0.00,0.00,0.00,0.00,0.00,0.00
TXN-A-000056-L111,TXN-A-000056,TXN-B-000056-L112,TXN-B-000056,EXACT_PRIMARY_ID,100.00,IDENTITY_MATCHED,QUANTITY_MATCHED,PRICE_MATCHED,AMOUNT_MATCHED,MATCHED,N,0.00,0.00,0.00,PRD-0110,PRD-0110,AURORA Storage Container 5 W,AURORA Storage Container 5 W,59.34,59.34,1.33,1.33,44.62,44.62,0.00,0.00,0.00,0.00,0.00,0.00,0.00
TXN-A-000057-L113,TXN-A-000057,TXN-B-000057-L114,TXN-B-000057,EXACT_PRIMARY_ID,100.00,IDENTITY_MATCHED,QUANTITY_MATCHED,PRICE_MATCHED,AMOUNT_MATCHED,MATCHED,N,0.00,0.00,0.00,PRD-0042,PRD-0042,NEXUS File Folder Pack 500 G,NEXUS File Folder Pack 500 G,438.63,438.63,6.44,6.44,68.11,68.11,0.00,0.00,0.00,0.00,0.00,0.00,0.00
TXN-A-000058-L115,TXN-A-000058,TXN-B-000058-L116,TXN-B-000058,EXACT_PRIMARY_ID,100.00,IDENTITY_MATCHED,QUANTITY_MATCHED,PRICE_MATCHED,AMOUNT_MATCHED,MATCHED,N,0.00,0.00,0.00,PRD-0042,PRD-0042,NEXUS File Folder Pack 500 G,NEXUS File Folder Pack 500 G,617.76,617.76,9.07,9.07,68.11,68.11,0.00,0.00,0.00,0.00,0.00,0.00,0.00
TXN-A-000059-L117,TXN-A-000059,TXN-B-000059-L118,TXN-B-000059,EXACT_PRIMARY_ID,100.00,IDENTITY_MATCHED,QUANTITY_MATCHED,PRICE_MATCHED,AMOUNT_MATCHED,MATCHED,N,0.00,0.00,0.00,PRD-0072,PRD-0072,NEXUS Mouse Pad 100 G,NEXUS Mouse Pad 100 G,285.43,285.43,6.49,6.49,43.98,43.98,0.00,0.00,0.00,0.00,0.00,0.00,0.00
TXN-A-000060-L119,TXN-A-000060,TXN-B-000060-L120,TXN-B-000060,EXACT_PRIMARY_ID,100.00,IDENTITY_MATCHED,QUANTITY_MATCHED,PRICE_MATCHED,AMOUNT_MATCHED,MATCHED,N,0.00,0.00,0.00,PRD-0149,PRD-0149,AURORA Wrench Set 45 CM,AURORA Wrench Set 45 CM,291.63,291.63,9.96,9.96,29.28,29.28,0.00,0.00,0.00,0.00,0.00,0.00,0.00
TXN-A-000061-L121,TXN-A-000061,TXN-B-000061-L122,TXN-B-000061,EXACT_PRIMARY_ID,100.00,IDENTITY_MATCHED,QUANTITY_MATCHED,PRICE_MATCHED,AMOUNT_MATCHED,MATCHED,N,0.00,0.00,0.00,PRD-0031,PRD-0031,ZENITH Binder Clip Box 3 V,ZENITH Binder Clip Box 3 V,122.35,122.35,2.12,2.12,57.71,57.71,0.00,0.00,0.00,0.00,0.00,0.00,0.00
TXN-A-000062-L123,TXN-A-000062,TXN-B-000062-L124,TXN-B-000062,EXACT_PRIMARY_ID,100.00,IDENTITY_MATCHED,QUANTITY_MATCHED,PRICE_MATCHED,AMOUNT_MATCHED,MATCHED,N,0.00,0.00,0.00,PRD-0017,PRD-0017,AURORA Surface Wipes 9 V,AURORA Surface Wipes 9 V,416.57,416.57,5.16,5.16,80.73,80.73,0.00,0.00,0.00,0.00,0.00,0.00,0.00
TXN-A-000063-L125,TXN-A-000063,TXN-B-000063-L126,TXN-B-000063,EXACT_PRIMARY_ID,100.00,IDENTITY_MATCHED,QUANTITY_MATCHED,PRICE_MATCHED,AMOUNT_MATCHED,MATCHED,N,0.00,0.00,0.00,PRD-0077,PRD-0077,AURORA Shampoo 1 KG,AURORA Shampoo 1 KG,223.86,223.86,2.10,2.10,106.60,106.60,0.00,0.00,0.00,0.00,0.00,0.00,0.00
TXN-A-000064-L127,TXN-A-000064,TXN-B-000064-L128,TXN-B-000064,EXACT_PRIMARY_ID,100.00,IDENTITY_MATCHED,QUANTITY_MATCHED,PRICE_MATCHED,AMOUNT_MATCHED,MATCHED,N,0.00,0.00,0.00,PRD-0026,PRD-0026,AURORA Ballpoint Pen 250 ML,AURORA Ballpoint Pen 250 ML,237.25,237.25,8.81,8.81,26.93,26.93,0.00,0.00,0.00,0.00,0.00,0.00,0.00
TXN-A-000065-L129,TXN-A-000065,TXN-B-000065-L130,TXN-B-000065,EXACT_PRIMARY_ID,100.00,IDENTITY_MATCHED,QUANTITY_MATCHED,PRICE_MATCHED,AMOUNT_MATCHED,MATCHED,N,0.00,0.00,0.00,PRD-0038,PRD-0038,AURORA Desk Organizer 2000 MAH,AURORA Desk Organizer 2000 MAH,70.97,70.97,2.53,2.53,28.05,28.05,0.00,0.00,0.00,0.00,0.00,0.00,0.00
TXN-A-000066-L131,TXN-A-000066,TXN-B-000066-L132,TXN-B-000066,EXACT_PRIMARY_ID,100.00,IDENTITY_MATCHED,QUANTITY_MATCHED,PRICE_MATCHED,AMOUNT_MATCHED,MATCHED,N,0.00,0.00,0.00,PRD-0069,PRD-0069,NEXUS HDMI Cable 1.5 L,NEXUS HDMI Cable 1.5 L,302.43,302.43,6.66,6.66,45.41,45.41,0.00,0.00,0.00,0.00,0.00,0.00,0.00
TXN-A-000067-L133,TXN-A-000067,TXN-B-000067-L134,TXN-B-000067,EXACT_PRIMARY_ID,100.00,IDENTITY_MATCHED,QUANTITY_MATCHED,PRICE_MATCHED,AMOUNT_MATCHED,MATCHED,N,0.00,0.00,0.00,PRD-0075,PRD-0075,NEXUS Hand Soap 10000 MAH,NEXUS Hand Soap 10000 MAH,422.26,422.26,6.08,6.08,69.45,69.45,0.00,0.00,0.00,0.00,0.00,0.00,0.00
TXN-A-000068-L135,TXN-A-000068,TXN-B-000068-L136,TXN-B-000068,EXACT_PRIMARY_ID,100.00,IDENTITY_MATCHED,QUANTITY_MATCHED,PRICE_MATCHED,AMOUNT_MATCHED,MATCHED,N,0.00,0.00,0.00,PRD-0050,PRD-0050,AURORA USB Cable 10000 MAH,AURORA USB Cable 10000 MAH,17.09,17.09,5.53,5.53,3.09,3.09,0.00,0.00,0.00,0.00,0.00,0.00,0.00
TXN-A-000069-L137,TXN-A-000069,TXN-B-000069-L138,TXN-B-000069,EXACT_PRIMARY_ID,100.00,IDENTITY_MATCHED,QUANTITY_MATCHED,PRICE_MATCHED,AMOUNT_MATCHED,MATCHED,N,0.00,0.00,0.00,PRD-0013,PRD-0013,ZENITH Fabric Softener 1 L,ZENITH Fabric Softener 1 L,36.86,36.86,3.82,3.82,9.65,9.65,0.00,0.00,0.00,0.00,0.00,0.00,0.00
TXN-A-000070-L139,TXN-A-000070,TXN-B-000070-L140,TXN-B-000070,EXACT_PRIMARY_ID,100.00,IDENTITY_MATCHED,QUANTITY_MATCHED,PRICE_MATCHED,AMOUNT_MATCHED,MATCHED,N,0.00,0.00,0.00,PRD-0066,PRD-0066,NEXUS Charging Dock 5000 MAH,NEXUS Charging Dock 5000 MAH,140.73,140.73,2.55,2.55,55.19,55.19,0.00,0.00,0.00,0.00,0.00,0.00,0.00
TXN-A-000071-L141,TXN-A-000071,TXN-B-000071-L142,TXN-B-000071,EXACT_PRIMARY_ID,100.00,IDENTITY_MATCHED,QUANTITY_MATCHED,PRICE_MATCHED,AMOUNT_MATCHED,MATCHED,N,0.00,0.00,0.00,PRD-0022,PRD-0022,ZENITH Floor Polish 2000 MAH,ZENITH Floor Polish 2000 MAH,53.58,53.58,9.05,9.05,5.92,5.92,0.00,0.00,0.00,0.00,0.00,0.00,0.00
TXN-A-000072-L143,TXN-A-000072,TXN-B-000072-L144,TXN-B-000072,EXACT_PRIMARY_ID,100.00,IDENTITY_MATCHED,QUANTITY_MATCHED,PRICE_MATCHED,AMOUNT_MATCHED,MATCHED,N,0.00,0.00,0.00,PRD-0121,PRD-0121,ZENITH Notebook 1 L,ZENITH Notebook 1 L,154.87,154.87,7.23,7.23,21.42,21.42,0.00,0.00,0.00,0.00,0.00,0.00,0.00
TXN-A-000073-L145,TXN-A-000073,TXN-B-000073-L146,TXN-B-000073,EXACT_PRIMARY_ID,100.00,IDENTITY_MATCHED,QUANTITY_MATCHED,PRICE_MATCHED,AMOUNT_MATCHED,MATCHED,N,0.00,0.00,0.00,PRD-0093,PRD-0093,NEXUS Hair Gel 10 W,NEXUS Hair Gel 10 W,239.25,239.25,8.78,8.78,27.25,27.25,0.00,0.00,0.00,0.00,0.00,0.00,0.00
TXN-A-000074-L147,TXN-A-000074,TXN-B-000074-L148,TXN-B-000074,EXACT_PRIMARY_ID,100.00,IDENTITY_MATCHED,QUANTITY_MATCHED,PRICE_MATCHED,AMOUNT_MATCHED,MATCHED,N,0.00,0.00,0.00,PRD-0003,PRD-0003,NEXUS All Purpose Cleaner 250 ML,NEXUS All Purpose Cleaner 250 ML,889.10,889.10,7.62,7.62,116.68,116.68,0.00,0.00,0.00,0.00,0.00,0.00,0.00
TXN-A-000075-L149,TXN-A-000075,TXN-B-000075-L150,TXN-B-000075,EXACT_PRIMARY_ID,100.00,IDENTITY_MATCHED,QUANTITY_MATCHED,PRICE_MATCHED,AMOUNT_MATCHED,MATCHED,N,0.00,0.00,0.00,PRD-0092,PRD-0092,AURORA Hair Gel 100 MG,AURORA Hair Gel 100 MG,422.30,422.30,6.53,6.53,64.67,64.67,0.00,0.00,0.00,0.00,0.00,0.00,0.00
TXN-A-000076-L151,TXN-A-000076,TXN-B-000076-L152,TXN-B-000076,EXACT_PRIMARY_ID,100.00,IDENTITY_MATCHED,QUANTITY_MATCHED,PRICE_MATCHED,AMOUNT_MATCHED,MATCHED,N,0.00,0.00,0.00,PRD-0010,PRD-0010,ZENITH Laundry Detergent 1.5 V,ZENITH Laundry Detergent 1.5 V,64.77,64.77,2.56,2.56,25.30,25.30,0.00,0.00,0.00,0.00,0.00,0.00,0.00
TXN-A-000077-L153,TXN-A-000077,TXN-B-000077-L154,TXN-B-000077,EXACT_PRIMARY_ID,100.00,IDENTITY_MATCHED,QUANTITY_MATCHED,PRICE_MATCHED,AMOUNT_MATCHED,MATCHED,N,0.00,0.00,0.00,PRD-0013,PRD-0013,ZENITH Fabric Softener 1 L,ZENITH Fabric Softener 1 L,64.85,64.85,6.72,6.72,9.65,9.65,0.00,0.00,0.00,0.00,0.00,0.00,0.00
TXN-A-000078-L155,TXN-A-000078,TXN-B-000078-L156,TXN-B-000078,EXACT_PRIMARY_ID,100.00,IDENTITY_MATCHED,QUANTITY_MATCHED,PRICE_MATCHED,AMOUNT_MATCHED,MATCHED,N,0.00,0.00,0.00,PRD-0138,PRD-0138,NEXUS Scissors 500 MG,NEXUS Scissors 500 MG,854.62,854.62,8.87,8.87,96.35,96.35,0.00,0.00,0.00,0.00,0.00,0.00,0.00
TXN-A-000079-L157,TXN-A-000079,TXN-B-000079-L158,TXN-B-000079,EXACT_PRIMARY_ID,100.00,IDENTITY_MATCHED,QUANTITY_MATCHED,PRICE_MATCHED,AMOUNT_MATCHED,MATCHED,N,0.00,0.00,0.00,PRD-0066,PRD-0066,NEXUS Charging Dock 5000 MAH,NEXUS Charging Dock 5000 MAH,530.93,530.93,9.62,9.62,55.19,55.19,0.00,0.00,0.00,0.00,0.00,0.00,0.00
TXN-A-000080-L159,TXN-A-000080,TXN-B-000080-L160,TXN-B-000080,EXACT_PRIMARY_ID,100.00,IDENTITY_MATCHED,QUANTITY_MATCHED,PRICE_MATCHED,AMOUNT_MATCHED,MATCHED,N,0.00,0.00,0.00,PRD-0057,PRD-0057,NEXUS Phone Case 1 L,NEXUS Phone Case 1 L,214.18,214.18,6.75,6.75,31.73,31.73,0.00,0.00,0.00,0.00,0.00,0.00,0.00
TXN-A-000081-L161,TXN-A-000081,TXN-B-000081-L162,TXN-B-000081,EXACT_PRIMARY_ID,100.00,IDENTITY_MATCHED,QUANTITY_MATCHED,PRICE_MATCHED,AMOUNT_MATCHED,MATCHED,N,0.00,0.00,0.00,PRD-0136,PRD-0136,ZENITH Scissors 3 V,ZENITH Scissors 3 V,569.76,569.76,8.00,8.00,71.22,71.22,0.00,0.00,0.00,0.00,0.00,0.00,0.00
TXN-A-000082-L163,TXN-A-000082,TXN-B-000082-L164,TXN-B-000082,EXACT_PRIMARY_ID,100.00,IDENTITY_MATCHED,QUANTITY_MATCHED,PRICE_MATCHED,AMOUNT_MATCHED,MATCHED,N,0.00,0.00,0.00,PRD-0140,PRD-0140,AURORA Eraser Pack 2000 MAH,AURORA Eraser Pack 2000 MAH,967.50,967.50,8.65,8.65,111.85,111.85,0.00,0.00,0.00,0.00,0.00,0.00,0.00
TXN-A-000083-L165,TXN-A-000083,TXN-B-000083-L166,TXN-B-000083,EXACT_PRIMARY_ID,100.00,IDENTITY_MATCHED,QUANTITY_MATCHED,PRICE_MATCHED,AMOUNT_MATCHED,MATCHED,N,0.00,0.00,0.00,PRD-0035,PRD-0035,AURORA Stapler 10 W,AURORA Stapler 10 W,94.16,94.16,5.43,5.43,17.34,17.34,0.00,0.00,0.00,0.00,0.00,0.00,0.00
TXN-A-000084-L167,TXN-A-000084,TXN-B-000084-L168,TXN-B-000084,EXACT_PRIMARY_ID,100.00,IDENTITY_MATCHED,QUANTITY_MATCHED,PRICE_MATCHED,AMOUNT_MATCHED,MATCHED,N,0.00,0.00,0.00,PRD-0020,PRD-0020,AURORA Air Freshener 200 G,AURORA Air Freshener 200 G,118.81,118.81,1.14,1.14,104.22,104.22,0.00,0.00,0.00,0.00,0.00,0.00,0.00
TXN-A-000085-L169,TXN-A-000085,TXN-B-000085-L170,TXN-B-000085,EXACT_PRIMARY_ID,100.00,IDENTITY_MATCHED,QUANTITY_MATCHED,PRICE_MATCHED,AMOUNT_MATCHED,MATCHED,N,0.00,0.00,0.00,PRD-0112,PRD-0112,ZENITH Kitchen Towel 30 CM,ZENITH Kitchen Towel 30 CM,817.39,817.39,8.13,8.13,100.54,100.54,0.00,0.00,0.00,0.00,0.00,0.00,0.00
TXN-A-000086-L171,TXN-A-000086,TXN-B-000086-L172,TXN-B-000086,EXACT_PRIMARY_ID,100.00,IDENTITY_MATCHED,QUANTITY_MATCHED,PRICE_MATCHED,AMOUNT_MATCHED,MATCHED,N,0.00,0.00,0.00,PRD-0094,PRD-0094,ZENITH Lotion 10000 MAH,ZENITH Lotion 10000 MAH,99.20,99.20,9.96,9.96,9.96,9.96,0.00,0.00,0.00,0.00,0.00,0.00,0.00
TXN-A-000087-L173,TXN-A-000087,TXN-B-000087-L174,TXN-B-000087,EXACT_PRIMARY_ID,100.00,IDENTITY_MATCHED,QUANTITY_MATCHED,PRICE_MATCHED,AMOUNT_MATCHED,MATCHED,N,0.00,0.00,0.00,PRD-0070,PRD-0070,ZENITH Mouse Pad 200 G,ZENITH Mouse Pad 200 G,619.02,619.02,5.44,5.44,113.79,113.79,0.00,0.00,0.00,0.00,0.00,0.00,0.00
TXN-A-000088-L175,TXN-A-000088,TXN-B-000088-L176,TXN-B-000088,EXACT_PRIMARY_ID,100.00,IDENTITY_MATCHED,QUANTITY_MATCHED,PRICE_MATCHED,AMOUNT_MATCHED,MATCHED,N,0.00,0.00,0.00,PRD-0150,PRD-0150,NEXUS Wrench Set 9 V,NEXUS Wrench Set 9 V,205.61,205.61,2.31,2.31,89.01,89.01,0.00,0.00,0.00,0.00,0.00,0.00,0.00
TXN-A-000089-L177,TXN-A-000089,TXN-B-000089-L178,TXN-B-000089,EXACT_PRIMARY_ID,100.00,IDENTITY_MATCHED,QUANTITY_MATCHED,PRICE_MATCHED,AMOUNT_MATCHED,MATCHED,N,0.00,0.00,0.00,PRD-0063,PRD-0063,NEXUS Battery Pack 10 W,NEXUS Battery Pack 10 W,405.47,405.47,4.21,4.21,96.31,96.31,0.00,0.00,0.00,0.00,0.00,0.00,0.00
TXN-A-000090-L179,TXN-A-000090,TXN-B-000090-L180,TXN-B-000090,EXACT_PRIMARY_ID,100.00,IDENTITY_MATCHED,QUANTITY_MATCHED,PRICE_MATCHED,AMOUNT_MATCHED,MATCHED,N,0.00,0.00,0.00,PRD-0076,PRD-0076,ZENITH Shampoo 200 G,ZENITH Shampoo 200 G,84.35,84.35,6.88,6.88,12.26,12.26,0.00,0.00,0.00,0.00,0.00,0.00,0.00
TXN-A-000091-L181,TXN-A-000091,TXN-B-000091-L182,TXN-B-000091,EXACT_PRIMARY_ID,100.00,IDENTITY_MATCHED,QUANTITY_MATCHED,PRICE_MATCHED,AMOUNT_MATCHED,MATCHED,N,0.00,0.00,0.00,PRD-0061,PRD-0061,ZENITH Battery Pack 200 G,ZENITH Battery Pack 200 G,107.67,107.67,1.68,1.68,64.09,64.09,0.00,0.00,0.00,0.00,0.00,0.00,0.00
TXN-A-000092-L183,TXN-A-000092,TXN-B-000092-L184,TXN-B-000092,EXACT_PRIMARY_ID,100.00,IDENTITY_MATCHED,QUANTITY_MATCHED,PRICE_MATCHED,AMOUNT_MATCHED,MATCHED,N,0.00,0.00,0.00,PRD-0114,PRD-0114,NEXUS Kitchen Towel 10 W,NEXUS Kitchen Towel 10 W,127.69,127.69,5.12,5.12,24.94,24.94,0.00,0.00,0.00,0.00,0.00,0.00,0.00
TXN-A-000093-L185,TXN-A-000093,TXN-B-000093-L186,TXN-B-000093,EXACT_PRIMARY_ID,100.00,IDENTITY_MATCHED,QUANTITY_MATCHED,PRICE_MATCHED,AMOUNT_MATCHED,MATCHED,N,0.00,0.00,0.00,PRD-0065,PRD-0065,AURORA Charging Dock 3 V,AURORA Charging Dock 3 V,114.75,114.75,6.73,6.73,17.05,17.05,0.00,0.00,0.00,0.00,0.00,0.00,0.00
TXN-A-000094-L187,TXN-A-000094,TXN-B-000094-L188,TXN-B-000094,EXACT_PRIMARY_ID,100.00,IDENTITY_MATCHED,QUANTITY_MATCHED,PRICE_MATCHED,AMOUNT_MATCHED,MATCHED,N,0.00,0.00,0.00,PRD-0144,PRD-0144,NEXUS Marker Set 250 ML,NEXUS Marker Set 250 ML,164.61,164.61,4.11,4.11,40.05,40.05,0.00,0.00,0.00,0.00,0.00,0.00,0.00
TXN-A-000095-L189,TXN-A-000095,TXN-B-000095-L190,TXN-B-000095,EXACT_PRIMARY_ID,100.00,IDENTITY_MATCHED,QUANTITY_MATCHED,PRICE_MATCHED,AMOUNT_MATCHED,MATCHED,N,0.00,0.00,0.00,PRD-0005,PRD-0005,AURORA Glass Spray 500 G,AURORA Glass Spray 500 G,723.98,723.98,6.51,6.51,111.21,111.21,0.00,0.00,0.00,0.00,0.00,0.00,0.00
TXN-A-000096-L191,TXN-A-000096,TXN-B-000096-L192,TXN-B-000096,EXACT_PRIMARY_ID,100.00,IDENTITY_MATCHED,QUANTITY_MATCHED,PRICE_MATCHED,AMOUNT_MATCHED,MATCHED,N,0.00,0.00,0.00,PRD-0120,PRD-0120,NEXUS Peeler 30 CM,NEXUS Peeler 30 CM,714.08,714.08,7.45,7.45,95.85,95.85,0.00,0.00,0.00,0.00,0.00,0.00,0.00
TXN-A-000097-L193,TXN-A-000097,TXN-B-000097-L194,TXN-B-000097,EXACT_PRIMARY_ID,100.00,IDENTITY_MATCHED,QUANTITY_MATCHED,PRICE_MATCHED,AMOUNT_MATCHED,MATCHED,N,0.00,0.00,0.00,PRD-0085,PRD-0085,ZENITH Deodorant 200 G,ZENITH Deodorant 200 G,580.54,580.54,6.72,6.72,86.39,86.39,0.00,0.00,0.00,0.00,0.00,0.00,0.00
TXN-A-000098-L195,TXN-A-000098,TXN-B-000098-L196,TXN-B-000098,EXACT_PRIMARY_ID,100.00,IDENTITY_MATCHED,QUANTITY_MATCHED,PRICE_MATCHED,AMOUNT_MATCHED,MATCHED,N,0.00,0.00,0.00,PRD-0046,PRD-0046,ZENITH Tape Dispenser 250 ML,ZENITH Tape Dispenser 250 ML,33.06,33.06,1.19,1.19,27.78,27.78,0.00,0.00,0.00,0.00,0.00,0.00,0.00
TXN-A-000099-L197,TXN-A-000099,TXN-B-000099-L198,TXN-B-000099,EXACT_PRIMARY_ID,100.00,IDENTITY_MATCHED,QUANTITY_MATCHED,PRICE_MATCHED,AMOUNT_MATCHED,MATCHED,N,0.00,0.00,0.00,PRD-0128,PRD-0128,AURORA Colored Pencil Set 5 W,AURORA Colored Pencil Set 5 W,192.91,192.91,7.81,7.81,24.70,24.70,0.00,0.00,0.00,0.00,0.00,0.00,0.00
TXN-A-000100-L199,TXN-A-000100,TXN-B-000100-L200,TXN-B-000100,EXACT_PRIMARY_ID,100.00,IDENTITY_MATCHED,QUANTITY_MATCHED,PRICE_MATCHED,AMOUNT_MATCHED,MATCHED,N,0.00,0.00,0.00,PRD-0074,PRD-0074,AURORA Hand Soap 1.5 V,AURORA Hand Soap 1.5 V,682.45,682.45,9.43,9.43,72.37,72.37,0.00,0.00,0.00,0.00,0.00,0.00,0.00
TXN-A-000101-L201,TXN-A-000101,TXN-B-000101-L202,TXN-B-000101,EXACT_PRIMARY_ID,100.00,IDENTITY_MATCHED,QUANTITY_MATCHED,PRICE_MATCHED,AMOUNT_MATCHED,MATCHED,N,0.00,0.00,0.00,PRD-0019,PRD-0019,ZENITH Air Freshener 45 CM,ZENITH Air Freshener 45 CM,170.50,170.50,4.40,4.40,38.75,38.75,0.00,0.00,0.00,0.00,0.00,0.00,0.00
TXN-A-000102-L203,TXN-A-000102,TXN-B-000102-L204,TXN-B-000102,EXACT_PRIMARY_ID,100.00,IDENTITY_MATCHED,QUANTITY_MATCHED,PRICE_MATCHED,AMOUNT_MATCHED,MATCHED,N,0.00,0.00,0.00,PRD-0147,PRD-0147,NEXUS Screwdriver Set 100 MG,NEXUS Screwdriver Set 100 MG,532.11,532.11,8.82,8.82,60.33,60.33,0.00,0.00,0.00,0.00,0.00,0.00,0.00
TXN-A-000103-L205,TXN-A-000103,TXN-B-000103-L206,TXN-B-000103,EXACT_PRIMARY_ID,100.00,IDENTITY_MATCHED,QUANTITY_MATCHED,PRICE_MATCHED,AMOUNT_MATCHED,MATCHED,N,0.00,0.00,0.00,PRD-0097,PRD-0097,ZENITH Cutting Board 5 W,ZENITH Cutting Board 5 W,147.91,147.91,9.25,9.25,15.99,15.99,0.00,0.00,0.00,0.00,0.00,0.00,0.00
TXN-A-000104-L207,TXN-A-000104,TXN-B-000104-L208,TXN-B-000104,EXACT_PRIMARY_ID,100.00,IDENTITY_MATCHED,QUANTITY_MATCHED,PRICE_MATCHED,AMOUNT_MATCHED,MATCHED,N,0.00,0.00,0.00,PRD-0028,PRD-0028,ZENITH Highlighter Set 500 ML,ZENITH Highlighter Set 500 ML,912.55,912.55,8.05,8.05,113.36,113.36,0.00,0.00,0.00,0.00,0.00,0.00,0.00
TXN-A-000105-L209,TXN-A-000105,TXN-B-000105-L210,TXN-B-000105,EXACT_PRIMARY_ID,100.00,IDENTITY_MATCHED,QUANTITY_MATCHED,PRICE_MATCHED,AMOUNT_MATCHED,MATCHED,N,0.00,0.00,0.00,PRD-0056,PRD-0056,AURORA Phone Case 20 W,AURORA Phone Case 20 W,63.55,63.55,3.81,3.81,16.68,16.68,0.00,0.00,0.00,0.00,0.00,0.00,0.00
TXN-A-000106-L211,TXN-A-000106,TXN-B-000106-L212,TXN-B-000106,EXACT_PRIMARY_ID,100.00,IDENTITY_MATCHED,QUANTITY_MATCHED,PRICE_MATCHED,AMOUNT_MATCHED,MATCHED,N,0.00,0.00,0.00,PRD-0126,PRD-0126,NEXUS Sketch Pad 250 ML,NEXUS Sketch Pad 250 ML,287.04,287.04,3.50,3.50,82.01,82.01,0.00,0.00,0.00,0.00,0.00,0.00,0.00
TXN-A-000107-L213,TXN-A-000107,TXN-B-000107-L214,TXN-B-000107,EXACT_PRIMARY_ID,100.00,IDENTITY_MATCHED,QUANTITY_MATCHED,PRICE_MATCHED,AMOUNT_MATCHED,MATCHED,N,0.00,0.00,0.00,PRD-0108,PRD-0108,NEXUS Spatula Set 500 MG,NEXUS Spatula Set 500 MG,690.11,690.11,6.66,6.66,103.62,103.62,0.00,0.00,0.00,0.00,0.00,0.00,0.00
TXN-A-000108-L215,TXN-A-000108,TXN-B-000108-L216,TXN-B-000108,EXACT_PRIMARY_ID,100.00,IDENTITY_MATCHED,QUANTITY_MATCHED,PRICE_MATCHED,AMOUNT_MATCHED,MATCHED,N,0.00,0.00,0.00,PRD-0005,PRD-0005,AURORA Glass Spray 500 G,AURORA Glass Spray 500 G,598.31,598.31,5.38,5.38,111.21,111.21,0.00,0.00,0.00,0.00,0.00,0.00,0.00
TXN-A-000109-L217,TXN-A-000109,TXN-B-000109-L218,TXN-B-000109,EXACT_PRIMARY_ID,100.00,IDENTITY_MATCHED,QUANTITY_MATCHED,PRICE_MATCHED,AMOUNT_MATCHED,MATCHED,N,0.00,0.00,0.00,PRD-0039,PRD-0039,NEXUS Desk Organizer 250 ML,NEXUS Desk Organizer 250 ML,290.38,290.38,3.22,3.22,90.18,90.18,0.00,0.00,0.00,0.00,0.00,0.00,0.00
TXN-A-000110-L219,TXN-A-000110,TXN-B-000110-L220,TXN-B-000110,EXACT_PRIMARY_ID,100.00,IDENTITY_MATCHED,QUANTITY_MATCHED,PRICE_MATCHED,AMOUNT_MATCHED,MATCHED,N,0.00,0.00,0.00,PRD-0129,PRD-0129,NEXUS Colored Pencil Set 750 ML,NEXUS Colored Pencil Set 750 ML,775.95,775.95,8.18,8.18,94.86,94.86,0.00,0.00,0.00,0.00,0.00,0.00,0.00
TXN-A-000111-L221,TXN-A-000111,TXN-B-000111-L222,TXN-B-000111,EXACT_PRIMARY_ID,100.00,IDENTITY_MATCHED,QUANTITY_MATCHED,PRICE_MATCHED,AMOUNT_MATCHED,MATCHED,N,0.00,0.00,0.00,PRD-0073,PRD-0073,ZENITH Hand Soap 250 MG,ZENITH Hand Soap 250 MG,176.51,176.51,7.81,7.81,22.60,22.60,0.00,0.00,0.00,0.00,0.00,0.00,0.00
TXN-A-000112-L223,TXN-A-000112,TXN-B-000112-L224,TXN-B-000112,EXACT_PRIMARY_ID,100.00,IDENTITY_MATCHED,QUANTITY_MATCHED,PRICE_MATCHED,AMOUNT_MATCHED,MATCHED,N,0.00,0.00,0.00,PRD-0122,PRD-0122,AURORA Notebook 5000 MAH,AURORA Notebook 5000 MAH,57.74,57.74,1.81,1.81,31.90,31.90,0.00,0.00,0.00,0.00,0.00,0.00,0.00
TXN-A-000113-L225,TXN-A-000113,TXN-B-000113-L226,TXN-B-000113,EXACT_PRIMARY_ID,100.00,IDENTITY_MATCHED,QUANTITY_MATCHED,PRICE_MATCHED,AMOUNT_MATCHED,MATCHED,N,0.00,0.00,0.00,PRD-0041,PRD-0041,AURORA File Folder Pack 9 V,AURORA File Folder Pack 9 V,119.54,119.54,2.02,2.02,59.18,59.18,0.00,0.00,0.00,0.00,0.00,0.00,0.00
TXN-A-000114-L227,TXN-A-000114,TXN-B-000114-L228,TXN-B-000114,EXACT_PRIMARY_ID,100.00,IDENTITY_MATCHED,QUANTITY_MATCHED,PRICE_MATCHED,AMOUNT_MATCHED,MATCHED,N,0.00,0.00,0.00,PRD-0100,PRD-0100,ZENITH Mixing Bowl Set 250 ML,ZENITH Mixing Bowl Set 250 ML,577.82,577.82,9.15,9.15,63.15,63.15,0.00,0.00,0.00,0.00,0.00,0.00,0.00
TXN-A-000115-L229,TXN-A-000115,TXN-B-000115-L230,TXN-B-000115,EXACT_PRIMARY_ID,100.00,IDENTITY_MATCHED,QUANTITY_MATCHED,PRICE_MATCHED,AMOUNT_MATCHED,MATCHED,N,0.00,0.00,0.00,PRD-0109,PRD-0109,ZENITH Storage Container 20 W,ZENITH Storage Container 20 W,802.17,802.17,9.00,9.00,89.13,89.13,0.00,0.00,0.00,0.00,0.00,0.00,0.00
TXN-A-000116-L231,TXN-A-000116,TXN-B-000116-L232,TXN-B-000116,EXACT_PRIMARY_ID,100.00,IDENTITY_MATCHED,QUANTITY_MATCHED,PRICE_MATCHED,AMOUNT_MATCHED,MATCHED,N,0.00,0.00,0.00,PRD-0145,PRD-0145,ZENITH Screwdriver Set 10 W,ZENITH Screwdriver Set 10 W,54.30,54.30,1.70,1.70,31.94,31.94,0.00,0.00,0.00,0.00,0.00,0.00,0.00
TXN-A-000117-L233,TXN-A-000117,TXN-B-000117-L234,TXN-B-000117,EXACT_PRIMARY_ID,100.00,IDENTITY_MATCHED,QUANTITY_MATCHED,PRICE_MATCHED,AMOUNT_MATCHED,MATCHED,N,0.00,0.00,0.00,PRD-0019,PRD-0019,ZENITH Air Freshener 45 CM,ZENITH Air Freshener 45 CM,347.20,347.20,8.96,8.96,38.75,38.75,0.00,0.00,0.00,0.00,0.00,0.00,0.00
TXN-A-000118-L235,TXN-A-000118,TXN-B-000118-L236,TXN-B-000118,EXACT_PRIMARY_ID,100.00,IDENTITY_MATCHED,QUANTITY_MATCHED,PRICE_MATCHED,AMOUNT_MATCHED,MATCHED,N,0.00,0.00,0.00,PRD-0092,PRD-0092,AURORA Hair Gel 100 MG,AURORA Hair Gel 100 MG,176.55,176.55,2.73,2.73,64.67,64.67,0.00,0.00,0.00,0.00,0.00,0.00,0.00
TXN-A-000119-L237,TXN-A-000119,TXN-B-000119-L238,TXN-B-000119,EXACT_PRIMARY_ID,100.00,IDENTITY_MATCHED,QUANTITY_MATCHED,PRICE_MATCHED,AMOUNT_MATCHED,MATCHED,N,0.00,0.00,0.00,PRD-0097,PRD-0097,ZENITH Cutting Board 5 W,ZENITH Cutting Board 5 W,76.11,76.11,4.76,4.76,15.99,15.99,0.00,0.00,0.00,0.00,0.00,0.00,0.00
TXN-A-000120-L239,TXN-A-000120,TXN-B-000120-L240,TXN-B-000120,EXACT_PRIMARY_ID,100.00,IDENTITY_MATCHED,QUANTITY_MATCHED,PRICE_MATCHED,AMOUNT_MATCHED,MATCHED,N,0.00,0.00,0.00,PRD-0059,PRD-0059,AURORA Screen Protector 45 CM,AURORA Screen Protector 45 CM,487.60,487.60,7.89,7.89,61.80,61.80,0.00,0.00,0.00,0.00,0.00,0.00,0.00
TXN-A-000121-L241,TXN-A-000121,TXN-B-000121-L242,TXN-B-000121,EXACT_PRIMARY_ID,100.00,IDENTITY_MATCHED,QUANTITY_MATCHED,PRICE_MATCHED,AMOUNT_MATCHED,MATCHED,N,0.00,0.00,0.00,PRD-0125,PRD-0125,AURORA Sketch Pad 1.5 V,AURORA Sketch Pad 1.5 V,838.09,838.09,8.14,8.14,102.96,102.96,0.00,0.00,0.00,0.00,0.00,0.00,0.00
TXN-A-000122-L243,TXN-A-000122,TXN-B-000122-L244,TXN-B-000122,EXACT_PRIMARY_ID,100.00,IDENTITY_MATCHED,QUANTITY_MATCHED,PRICE_MATCHED,AMOUNT_MATCHED,MATCHED,N,0.00,0.00,0.00,PRD-0121,PRD-0121,ZENITH Notebook 1 L,ZENITH Notebook 1 L,45.41,45.41,2.12,2.12,21.42,21.42,0.00,0.00,0.00,0.00,0.00,0.00,0.00
TXN-A-000123-L245,TXN-A-000123,TXN-B-000123-L246,TXN-B-000123,EXACT_PRIMARY_ID,100.00,IDENTITY_MATCHED,QUANTITY_MATCHED,PRICE_MATCHED,AMOUNT_MATCHED,MATCHED,N,0.00,0.00,0.00,PRD-0070,PRD-0070,ZENITH Mouse Pad 200 G,ZENITH Mouse Pad 200 G,765.81,765.81,6.73,6.73,113.79,113.79,0.00,0.00,0.00,0.00,0.00,0.00,0.00
TXN-A-000124-L247,TXN-A-000124,TXN-B-000124-L248,TXN-B-000124,EXACT_PRIMARY_ID,100.00,IDENTITY_MATCHED,QUANTITY_MATCHED,PRICE_MATCHED,AMOUNT_MATCHED,MATCHED,N,0.00,0.00,0.00,PRD-0092,PRD-0092,AURORA Hair Gel 100 MG,AURORA Hair Gel 100 MG,384.14,384.14,5.94,5.94,64.67,64.67,0.00,0.00,0.00,0.00,0.00,0.00,0.00
TXN-A-000125-L249,TXN-A-000125,TXN-B-000125-L250,TXN-B-000125,EXACT_PRIMARY_ID,100.00,IDENTITY_MATCHED,QUANTITY_MATCHED,PRICE_MATCHED,AMOUNT_MATCHED,MATCHED,N,0.00,0.00,0.00,PRD-0026,PRD-0026,AURORA Ballpoint Pen 250 ML,AURORA Ballpoint Pen 250 ML,43.63,43.63,1.62,1.62,26.93,26.93,0.00,0.00,0.00,0.00,0.00,0.00,0.00
TXN-A-000126-L251,TXN-A-000126,TXN-B-000126-L252,TXN-B-000126,EXACT_PRIMARY_ID,100.00,IDENTITY_MATCHED,QUANTITY_MATCHED,PRICE_MATCHED,AMOUNT_MATCHED,MATCHED,N,0.00,0.00,0.00,PRD-0037,PRD-0037,ZENITH Desk Organizer 5 W,ZENITH Desk Organizer 5 W,61.34,61.34,5.32,5.32,11.53,11.53,0.00,0.00,0.00,0.00,0.00,0.00,0.00
TXN-A-000127-L253,TXN-A-000127,TXN-B-000127-L254,TXN-B-000127,EXACT_PRIMARY_ID,100.00,IDENTITY_MATCHED,QUANTITY_MATCHED,PRICE_MATCHED,AMOUNT_MATCHED,MATCHED,N,0.00,0.00,0.00,PRD-0009,PRD-0009,NEXUS Dish Liquid 10 W,NEXUS Dish Liquid 10 W,869.47,869.47,8.52,8.52,102.05,102.05,0.00,0.00,0.00,0.00,0.00,0.00,0.00
TXN-A-000128-L255,TXN-A-000128,TXN-B-000128-L256,TXN-B-000128,EXACT_PRIMARY_ID,100.00,IDENTITY_MATCHED,QUANTITY_MATCHED,PRICE_MATCHED,AMOUNT_MATCHED,MATCHED,N,0.00,0.00,0.00,PRD-0137,PRD-0137,AURORA Scissors 100 MG,AURORA Scissors 100 MG,649.75,649.75,6.91,6.91,94.03,94.03,0.00,0.00,0.00,0.00,0.00,0.00,0.00
TXN-A-000129-L257,TXN-A-000129,TXN-B-000129-L258,TXN-B-000129,EXACT_PRIMARY_ID,100.00,IDENTITY_MATCHED,QUANTITY_MATCHED,PRICE_MATCHED,AMOUNT_MATCHED,MATCHED,N,0.00,0.00,0.00,PRD-0104,PRD-0104,AURORA Measuring Cup 10000 MAH,AURORA Measuring Cup 10000 MAH,424.20,424.20,6.20,6.20,68.42,68.42,0.00,0.00,0.00,0.00,0.00,0.00,0.00
TXN-A-000130-L259,TXN-A-000130,TXN-B-000130-L260,TXN-B-000130,EXACT_PRIMARY_ID,100.00,IDENTITY_MATCHED,QUANTITY_MATCHED,PRICE_MATCHED,AMOUNT_MATCHED,MATCHED,N,0.00,0.00,0.00,PRD-0064,PRD-0064,ZENITH Charging Dock 15 W,ZENITH Charging Dock 15 W,87.86,87.86,1.46,1.46,60.18,60.18,0.00,0.00,0.00,0.00,0.00,0.00,0.00
TXN-A-000131-L261,TXN-A-000131,TXN-B-000131-L262,TXN-B-000131,EXACT_PRIMARY_ID,100.00,IDENTITY_MATCHED,QUANTITY_MATCHED,PRICE_MATCHED,AMOUNT_MATCHED,MATCHED,N,0.00,0.00,0.00,PRD-0001,PRD-0001,ZENITH All Purpose Cleaner 10 IN,ZENITH All Purpose Cleaner 10 IN,300.59,300.59,8.69,8.69,34.59,34.59,0.00,0.00,0.00,0.00,0.00,0.00,0.00
TXN-A-000132-L263,TXN-A-000132,TXN-B-000132-L264,TXN-B-000132,EXACT_PRIMARY_ID,100.00,IDENTITY_MATCHED,QUANTITY_MATCHED,PRICE_MATCHED,AMOUNT_MATCHED,MATCHED,N,0.00,0.00,0.00,PRD-0012,PRD-0012,NEXUS Laundry Detergent 3 V,NEXUS Laundry Detergent 3 V,106.67,106.67,4.79,4.79,22.27,22.27,0.00,0.00,0.00,0.00,0.00,0.00,0.00
TXN-A-000133-L265,TXN-A-000133,TXN-B-000133-L266,TXN-B-000133,EXACT_PRIMARY_ID,100.00,IDENTITY_MATCHED,QUANTITY_MATCHED,PRICE_MATCHED,AMOUNT_MATCHED,MATCHED,N,0.00,0.00,0.00,PRD-0073,PRD-0073,ZENITH Hand Soap 250 MG,ZENITH Hand Soap 250 MG,190.74,190.74,8.44,8.44,22.60,22.60,0.00,0.00,0.00,0.00,0.00,0.00,0.00
TXN-A-000134-L267,TXN-A-000134,TXN-B-000134-L268,TXN-B-000134,EXACT_PRIMARY_ID,100.00,IDENTITY_MATCHED,QUANTITY_MATCHED,PRICE_MATCHED,AMOUNT_MATCHED,MATCHED,N,0.00,0.00,0.00,PRD-0102,PRD-0102,NEXUS Mixing Bowl Set 15 W,NEXUS Mixing Bowl Set 15 W,130.68,130.68,2.23,2.23,58.60,58.60,0.00,0.00,0.00,0.00,0.00,0.00,0.00
TXN-A-000135-L269,TXN-A-000135,TXN-B-000135-L270,TXN-B-000135,EXACT_PRIMARY_ID,100.00,IDENTITY_MATCHED,QUANTITY_MATCHED,PRICE_MATCHED,AMOUNT_MATCHED,MATCHED,N,0.00,0.00,0.00,PRD-0105,PRD-0105,NEXUS Measuring Cup 100 G,NEXUS Measuring Cup 100 G,919.88,919.88,8.42,8.42,109.25,109.25,0.00,0.00,0.00,0.00,0.00,0.00,0.00
TXN-A-000136-L271,TXN-A-000136,TXN-B-000136-L272,TXN-B-000136,EXACT_PRIMARY_ID,100.00,IDENTITY_MATCHED,QUANTITY_MATCHED,PRICE_MATCHED,AMOUNT_MATCHED,MATCHED,N,0.00,0.00,0.00,PRD-0032,PRD-0032,AURORA Binder Clip Box 3 V,AURORA Binder Clip Box 3 V,605.70,605.70,7.67,7.67,78.97,78.97,0.00,0.00,0.00,0.00,0.00,0.00,0.00
TXN-A-000137-L273,TXN-A-000137,TXN-B-000137-L274,TXN-B-000137,EXACT_PRIMARY_ID,100.00,IDENTITY_MATCHED,QUANTITY_MATCHED,PRICE_MATCHED,AMOUNT_MATCHED,MATCHED,N,0.00,0.00,0.00,PRD-0025,PRD-0025,ZENITH Ballpoint Pen 1 KG,ZENITH Ballpoint Pen 1 KG,133.12,133.12,3.59,3.59,37.08,37.08,0.00,0.00,0.00,0.00,0.00,0.00,0.00
TXN-A-000138-L275,TXN-A-000138,TXN-B-000138-L276,TXN-B-000138,EXACT_PRIMARY_ID,100.00,IDENTITY_MATCHED,QUANTITY_MATCHED,PRICE_MATCHED,AMOUNT_MATCHED,MATCHED,N,0.00,0.00,0.00,PRD-0045,PRD-0045,NEXUS Whiteboard Marker 45 CM,NEXUS Whiteboard Marker 45 CM,172.28,172.28,5.83,5.83,29.55,29.55,0.00,0.00,0.00,0.00,0.00,0.00,0.00
TXN-A-000139-L277,TXN-A-000139,TXN-B-000139-L278,TXN-B-000139,EXACT_PRIMARY_ID,100.00,IDENTITY_MATCHED,QUANTITY_MATCHED,PRICE_MATCHED,AMOUNT_MATCHED,MATCHED,N,0.00,0.00,0.00,PRD-0137,PRD-0137,AURORA Scissors 100 MG,AURORA Scissors 100 MG,107.19,107.19,1.14,1.14,94.03,94.03,0.00,0.00,0.00,0.00,0.00,0.00,0.00
TXN-A-000140-L279,TXN-A-000140,TXN-B-000140-L280,TXN-B-000140,EXACT_PRIMARY_ID,100.00,IDENTITY_MATCHED,QUANTITY_MATCHED,PRICE_MATCHED,AMOUNT_MATCHED,MATCHED,N,0.00,0.00,0.00,PRD-0130,PRD-0130,ZENITH Ruler Set 45 CM,ZENITH Ruler Set 45 CM,582.48,582.48,6.41,6.41,90.87,90.87,0.00,0.00,0.00,0.00,0.00,0.00,0.00
TXN-A-000141-L281,TXN-A-000141,TXN-B-000141-L282,TXN-B-000141,EXACT_PRIMARY_ID,100.00,IDENTITY_MATCHED,QUANTITY_MATCHED,PRICE_MATCHED,AMOUNT_MATCHED,MATCHED,N,0.00,0.00,0.00,PRD-0129,PRD-0129,NEXUS Colored Pencil Set 750 ML,NEXUS Colored Pencil Set 750 ML,242.84,242.84,2.56,2.56,94.86,94.86,0.00,0.00,0.00,0.00,0.00,0.00,0.00
TXN-A-000142-L283,TXN-A-000142,TXN-B-000142-L284,TXN-B-000142,EXACT_PRIMARY_ID,100.00,IDENTITY_MATCHED,QUANTITY_MATCHED,PRICE_MATCHED,AMOUNT_MATCHED,MATCHED,N,0.00,0.00,0.00,PRD-0101,PRD-0101,AURORA Mixing Bowl Set 100 MG,AURORA Mixing Bowl Set 100 MG,597.43,597.43,5.26,5.26,113.58,113.58,0.00,0.00,0.00,0.00,0.00,0.00,0.00
TXN-A-000143-L285,TXN-A-000143,TXN-B-000143-L286,TXN-B-000143,EXACT_PRIMARY_ID,100.00,IDENTITY_MATCHED,QUANTITY_MATCHED,PRICE_MATCHED,AMOUNT_MATCHED,MATCHED,N,0.00,0.00,0.00,PRD-0011,PRD-0011,AURORA Laundry Detergent 2000 MAH,AURORA Laundry Detergent 2000 MAH,307.63,307.63,3.14,3.14,97.97,97.97,0.00,0.00,0.00,0.00,0.00,0.00,0.00
TXN-A-000144-L287,TXN-A-000144,TXN-B-000144-L288,TXN-B-000144,EXACT_PRIMARY_ID,100.00,IDENTITY_MATCHED,QUANTITY_MATCHED,PRICE_MATCHED,AMOUNT_MATCHED,MATCHED,N,0.00,0.00,0.00,PRD-0033,PRD-0033,NEXUS Binder Clip Box 45 CM,NEXUS Binder Clip Box 45 CM,135.49,135.49,6.17,6.17,21.96,21.96,0.00,0.00,0.00,0.00,0.00,0.00,0.00
TXN-A-000145-L289,TXN-A-000145,TXN-B-000145-L290,TXN-B-000145,EXACT_PRIMARY_ID,100.00,IDENTITY_MATCHED,QUANTITY_MATCHED,PRICE_MATCHED,AMOUNT_MATCHED,MATCHED,N,0.00,0.00,0.00,PRD-0074,PRD-0074,AURORA Hand Soap 1.5 V,AURORA Hand Soap 1.5 V,646.99,646.99,8.94,8.94,72.37,72.37,0.00,0.00,0.00,0.00,0.00,0.00,0.00
TXN-A-000146-L291,TXN-A-000146,TXN-B-000146-L292,TXN-B-000146,EXACT_PRIMARY_ID,100.00,IDENTITY_MATCHED,QUANTITY_MATCHED,PRICE_MATCHED,AMOUNT_MATCHED,MATCHED,N,0.00,0.00,0.00,PRD-0054,PRD-0054,NEXUS Power Adapter 500 ML,NEXUS Power Adapter 500 ML,156.51,156.51,9.48,9.48,16.51,16.51,0.00,0.00,0.00,0.00,0.00,0.00,0.00
TXN-A-000147-L293,TXN-A-000147,TXN-B-000147-L294,TXN-B-000147,EXACT_PRIMARY_ID,100.00,IDENTITY_MATCHED,QUANTITY_MATCHED,PRICE_MATCHED,AMOUNT_MATCHED,MATCHED,N,0.00,0.00,0.00,PRD-0073,PRD-0073,ZENITH Hand Soap 250 MG,ZENITH Hand Soap 250 MG,42.26,42.26,1.87,1.87,22.60,22.60,0.00,0.00,0.00,0.00,0.00,0.00,0.00
TXN-A-000148-L295,TXN-A-000148,TXN-B-000148-L296,TXN-B-000148,EXACT_PRIMARY_ID,100.00,IDENTITY_MATCHED,QUANTITY_MATCHED,PRICE_MATCHED,AMOUNT_MATCHED,MATCHED,N,0.00,0.00,0.00,PRD-0093,PRD-0093,NEXUS Hair Gel 10 W,NEXUS Hair Gel 10 W,211.46,211.46,7.76,7.76,27.25,27.25,0.00,0.00,0.00,0.00,0.00,0.00,0.00
TXN-A-000149-L297,TXN-A-000149,TXN-B-000149-L298,TXN-B-000149,EXACT_PRIMARY_ID,100.00,IDENTITY_MATCHED,QUANTITY_MATCHED,PRICE_MATCHED,AMOUNT_MATCHED,MATCHED,N,0.00,0.00,0.00,PRD-0107,PRD-0107,AURORA Spatula Set 9 V,AURORA Spatula Set 9 V,52.75,52.75,9.08,9.08,5.81,5.81,0.00,0.00,0.00,0.00,0.00,0.00,0.00
TXN-A-000150-L299,TXN-A-000150,TXN-B-000150-L300,TXN-B-000150,EXACT_PRIMARY_ID,100.00,IDENTITY_MATCHED,QUANTITY_MATCHED,PRICE_MATCHED,AMOUNT_MATCHED,MATCHED,N,0.00,0.00,0.00,PRD-0147,PRD-0147,NEXUS Screwdriver Set 100 MG,NEXUS Screwdriver Set 100 MG,351.12,351.12,5.82,5.82,60.33,60.33,0.00,0.00,0.00,0.00,0.00,0.00,0.00
TXN-A-000151-L301,TXN-A-000151,TXN-B-000151-L302,TXN-B-000151,EXACT_PRIMARY_ID,100.00,IDENTITY_MATCHED,QUANTITY_MATCHED,PRICE_MATCHED,AMOUNT_MATCHED,MATCHED,N,0.00,0.00,0.00,PRD-0072,PRD-0072,NEXUS Mouse Pad 100 G,NEXUS Mouse Pad 100 G,337.77,337.77,7.68,7.68,43.98,43.98,0.00,0.00,0.00,0.00,0.00,0.00,0.00
TXN-A-000152-L303,TXN-A-000152,TXN-B-000152-L304,TXN-B-000152,EXACT_PRIMARY_ID,100.00,IDENTITY_MATCHED,QUANTITY_MATCHED,PRICE_MATCHED,AMOUNT_MATCHED,MATCHED,N,0.00,0.00,0.00,PRD-0036,PRD-0036,NEXUS Stapler 1.5 L,NEXUS Stapler 1.5 L,543.17,543.17,4.80,4.80,113.16,113.16,0.00,0.00,0.00,0.00,0.00,0.00,0.00
TXN-A-000153-L305,TXN-A-000153,TXN-B-000153-L306,TXN-B-000153,EXACT_PRIMARY_ID,100.00,IDENTITY_MATCHED,QUANTITY_MATCHED,PRICE_MATCHED,AMOUNT_MATCHED,MATCHED,N,0.00,0.00,0.00,PRD-0142,PRD-0142,ZENITH Marker Set 750 ML,ZENITH Marker Set 750 ML,157.03,157.03,4.65,4.65,33.77,33.77,0.00,0.00,0.00,0.00,0.00,0.00,0.00
TXN-A-000154-L307,TXN-A-000154,TXN-B-000154-L308,TXN-B-000154,EXACT_PRIMARY_ID,100.00,IDENTITY_MATCHED,QUANTITY_MATCHED,PRICE_MATCHED,AMOUNT_MATCHED,MATCHED,N,0.00,0.00,0.00,PRD-0032,PRD-0032,AURORA Binder Clip Box 3 V,AURORA Binder Clip Box 3 V,457.24,457.24,5.79,5.79,78.97,78.97,0.00,0.00,0.00,0.00,0.00,0.00,0.00
TXN-A-000155-L309,TXN-A-000155,TXN-B-000155-L310,TXN-B-000155,EXACT_PRIMARY_ID,100.00,IDENTITY_MATCHED,QUANTITY_MATCHED,PRICE_MATCHED,AMOUNT_MATCHED,MATCHED,N,0.00,0.00,0.00,PRD-0057,PRD-0057,NEXUS Phone Case 1 L,NEXUS Phone Case 1 L,49.82,49.82,1.57,1.57,31.73,31.73,0.00,0.00,0.00,0.00,0.00,0.00,0.00
TXN-A-000156-L311,TXN-A-000156,TXN-B-000156-L312,TXN-B-000156,EXACT_PRIMARY_ID,100.00,IDENTITY_MATCHED,QUANTITY_MATCHED,PRICE_MATCHED,AMOUNT_MATCHED,MATCHED,N,0.00,0.00,0.00,PRD-0092,PRD-0092,AURORA Hair Gel 100 MG,AURORA Hair Gel 100 MG,216.64,216.64,3.35,3.35,64.67,64.67,0.00,0.00,0.00,0.00,0.00,0.00,0.00
TXN-A-000157-L313,TXN-A-000157,TXN-B-000157-L314,TXN-B-000157,EXACT_PRIMARY_ID,100.00,IDENTITY_MATCHED,QUANTITY_MATCHED,PRICE_MATCHED,AMOUNT_MATCHED,MATCHED,N,0.00,0.00,0.00,PRD-0051,PRD-0051,NEXUS USB Cable 500 MG,NEXUS USB Cable 500 MG,158.36,158.36,1.68,1.68,94.26,94.26,0.00,0.00,0.00,0.00,0.00,0.00,0.00
TXN-A-000158-L315,TXN-A-000158,TXN-B-000158-L316,TXN-B-000158,EXACT_PRIMARY_ID,100.00,IDENTITY_MATCHED,QUANTITY_MATCHED,PRICE_MATCHED,AMOUNT_MATCHED,MATCHED,N,0.00,0.00,0.00,PRD-0148,PRD-0148,ZENITH Wrench Set 30 CM,ZENITH Wrench Set 30 CM,940.44,940.44,8.04,8.04,116.97,116.97,0.00,0.00,0.00,0.00,0.00,0.00,0.00
TXN-A-000159-L317,TXN-A-000159,TXN-B-000159-L318,TXN-B-000159,EXACT_PRIMARY_ID,100.00,IDENTITY_MATCHED,QUANTITY_MATCHED,PRICE_MATCHED,AMOUNT_MATCHED,MATCHED,N,0.00,0.00,0.00,PRD-0096,PRD-0096,NEXUS Lotion 1 KG,NEXUS Lotion 1 KG,51.60,51.60,2.01,2.01,25.67,25.67,0.00,0.00,0.00,0.00,0.00,0.00,0.00
TXN-A-000160-L319,TXN-A-000160,TXN-B-000160-L320,TXN-B-000160,EXACT_PRIMARY_ID,100.00,IDENTITY_MATCHED,QUANTITY_MATCHED,PRICE_MATCHED,AMOUNT_MATCHED,MATCHED,N,0.00,0.00,0.00,PRD-0144,PRD-0144,NEXUS Marker Set 250 ML,NEXUS Marker Set 250 ML,174.22,174.22,4.35,4.35,40.05,40.05,0.00,0.00,0.00,0.00,0.00,0.00,0.00
TXN-A-000161-L321,TXN-A-000161,TXN-B-000161-L322,TXN-B-000161,EXACT_PRIMARY_ID,100.00,IDENTITY_MATCHED,QUANTITY_MATCHED,PRICE_MATCHED,AMOUNT_MATCHED,MATCHED,N,0.00,0.00,0.00,PRD-0001,PRD-0001,ZENITH All Purpose Cleaner 10 IN,ZENITH All Purpose Cleaner 10 IN,194.40,194.40,5.62,5.62,34.59,34.59,0.00,0.00,0.00,0.00,0.00,0.00,0.00
TXN-A-000162-L323,TXN-A-000162,TXN-B-000162-L324,TXN-B-000162,EXACT_PRIMARY_ID,100.00,IDENTITY_MATCHED,QUANTITY_MATCHED,PRICE_MATCHED,AMOUNT_MATCHED,MATCHED,N,0.00,0.00,0.00,PRD-0116,PRD-0116,AURORA Can Opener 500 MG,AURORA Can Opener 500 MG,161.99,161.99,2.01,2.01,80.59,80.59,0.00,0.00,0.00,0.00,0.00,0.00,0.00
TXN-A-000163-L325,TXN-A-000163,TXN-B-000163-L326,TXN-B-000163,EXACT_PRIMARY_ID,100.00,IDENTITY_MATCHED,QUANTITY_MATCHED,PRICE_MATCHED,AMOUNT_MATCHED,MATCHED,N,0.00,0.00,0.00,PRD-0020,PRD-0020,AURORA Air Freshener 200 G,AURORA Air Freshener 200 G,713.91,713.91,6.85,6.85,104.22,104.22,0.00,0.00,0.00,0.00,0.00,0.00,0.00
TXN-A-000164-L327,TXN-A-000164,TXN-B-000164-L328,TXN-B-000164,EXACT_PRIMARY_ID,100.00,IDENTITY_MATCHED,QUANTITY_MATCHED,PRICE_MATCHED,AMOUNT_MATCHED,MATCHED,N,0.00,0.00,0.00,PRD-0076,PRD-0076,ZENITH Shampoo 200 G,ZENITH Shampoo 200 G,13.61,13.61,1.11,1.11,12.26,12.26,0.00,0.00,0.00,0.00,0.00,0.00,0.00
TXN-A-000165-L329,TXN-A-000165,TXN-B-000165-L330,TXN-B-000165,EXACT_PRIMARY_ID,100.00,IDENTITY_MATCHED,QUANTITY_MATCHED,PRICE_MATCHED,AMOUNT_MATCHED,MATCHED,N,0.00,0.00,0.00,PRD-0128,PRD-0128,AURORA Colored Pencil Set 5 W,AURORA Colored Pencil Set 5 W,232.43,232.43,9.41,9.41,24.70,24.70,0.00,0.00,0.00,0.00,0.00,0.00,0.00
TXN-A-000166-L331,TXN-A-000166,TXN-B-000166-L332,TXN-B-000166,EXACT_PRIMARY_ID,100.00,IDENTITY_MATCHED,QUANTITY_MATCHED,PRICE_MATCHED,AMOUNT_MATCHED,MATCHED,N,0.00,0.00,0.00,PRD-0009,PRD-0009,NEXUS Dish Liquid 10 W,NEXUS Dish Liquid 10 W,773.54,773.54,7.58,7.58,102.05,102.05,0.00,0.00,0.00,0.00,0.00,0.00,0.00
TXN-A-000167-L333,TXN-A-000167,TXN-B-000167-L334,TXN-B-000167,EXACT_PRIMARY_ID,100.00,IDENTITY_MATCHED,QUANTITY_MATCHED,PRICE_MATCHED,AMOUNT_MATCHED,MATCHED,N,0.00,0.00,0.00,PRD-0122,PRD-0122,AURORA Notebook 5000 MAH,AURORA Notebook 5000 MAH,136.21,136.21,4.27,4.27,31.90,31.90,0.00,0.00,0.00,0.00,0.00,0.00,0.00
TXN-A-000168-L335,TXN-A-000168,TXN-B-000168-L336,TXN-B-000168,EXACT_PRIMARY_ID,100.00,IDENTITY_MATCHED,QUANTITY_MATCHED,PRICE_MATCHED,AMOUNT_MATCHED,MATCHED,N,0.00,0.00,0.00,PRD-0140,PRD-0140,AURORA Eraser Pack 2000 MAH,AURORA Eraser Pack 2000 MAH,872.43,872.43,7.80,7.80,111.85,111.85,0.00,0.00,0.00,0.00,0.00,0.00,0.00
TXN-A-000169-L337,TXN-A-000169,TXN-B-000169-L338,TXN-B-000169,EXACT_PRIMARY_ID,100.00,IDENTITY_MATCHED,QUANTITY_MATCHED,PRICE_MATCHED,AMOUNT_MATCHED,MATCHED,N,0.00,0.00,0.00,PRD-0135,PRD-0135,NEXUS Glue Stick 5000 MAH,NEXUS Glue Stick 5000 MAH,110.20,110.20,3.95,3.95,27.90,27.90,0.00,0.00,0.00,0.00,0.00,0.00,0.00
TXN-A-000170-L339,TXN-A-000170,TXN-B-000170-L340,TXN-B-000170,EXACT_PRIMARY_ID,100.00,IDENTITY_MATCHED,QUANTITY_MATCHED,PRICE_MATCHED,AMOUNT_MATCHED,MATCHED,N,0.00,0.00,0.00,PRD-0112,PRD-0112,ZENITH Kitchen Towel 30 CM,ZENITH Kitchen Towel 30 CM,386.07,386.07,3.84,3.84,100.54,100.54,0.00,0.00,0.00,0.00,0.00,0.00,0.00
TXN-A-000171-L341,TXN-A-000171,TXN-B-000171-L342,TXN-B-000171,EXACT_PRIMARY_ID,100.00,IDENTITY_MATCHED,QUANTITY_MATCHED,PRICE_MATCHED,AMOUNT_MATCHED,MATCHED,N,0.00,0.00,0.00,PRD-0133,PRD-0133,ZENITH Glue Stick 250 MG,ZENITH Glue Stick 250 MG,219.08,219.08,6.87,6.87,31.89,31.89,0.00,0.00,0.00,0.00,0.00,0.00,0.00
TXN-A-000172-L343,TXN-A-000172,TXN-B-000172-L344,TXN-B-000172,EXACT_PRIMARY_ID,100.00,IDENTITY_MATCHED,QUANTITY_MATCHED,PRICE_MATCHED,AMOUNT_MATCHED,MATCHED,N,0.00,0.00,0.00,PRD-0061,PRD-0061,ZENITH Battery Pack 200 G,ZENITH Battery Pack 200 G,276.87,276.87,4.32,4.32,64.09,64.09,0.00,0.00,0.00,0.00,0.00,0.00,0.00
TXN-A-000173-L345,TXN-A-000173,TXN-B-000173-L346,TXN-B-000173,EXACT_PRIMARY_ID,100.00,IDENTITY_MATCHED,QUANTITY_MATCHED,PRICE_MATCHED,AMOUNT_MATCHED,MATCHED,N,0.00,0.00,0.00,PRD-0073,PRD-0073,ZENITH Hand Soap 250 MG,ZENITH Hand Soap 250 MG,75.26,75.26,3.33,3.33,22.60,22.60,0.00,0.00,0.00,0.00,0.00,0.00,0.00
TXN-A-000174-L347,TXN-A-000174,TXN-B-000174-L348,TXN-B-000174,EXACT_PRIMARY_ID,100.00,IDENTITY_MATCHED,QUANTITY_MATCHED,PRICE_MATCHED,AMOUNT_MATCHED,MATCHED,N,0.00,0.00,0.00,PRD-0048,PRD-0048,NEXUS Tape Dispenser 3 V,NEXUS Tape Dispenser 3 V,547.41,547.41,8.52,8.52,64.25,64.25,0.00,0.00,0.00,0.00,0.00,0.00,0.00
TXN-A-000175-L349,TXN-A-000175,TXN-B-000175-L350,TXN-B-000175,EXACT_PRIMARY_ID,100.00,IDENTITY_MATCHED,QUANTITY_MATCHED,PRICE_MATCHED,AMOUNT_MATCHED,MATCHED,N,0.00,0.00,0.00,PRD-0045,PRD-0045,NEXUS Whiteboard Marker 45 CM,NEXUS Whiteboard Marker 45 CM,141.25,141.25,4.78,4.78,29.55,29.55,0.00,0.00,0.00,0.00,0.00,0.00,0.00
TXN-A-000176-L351,TXN-A-000176,TXN-B-000176-L352,TXN-B-000176,EXACT_PRIMARY_ID,100.00,IDENTITY_MATCHED,QUANTITY_MATCHED,PRICE_MATCHED,AMOUNT_MATCHED,MATCHED,N,0.00,0.00,0.00,PRD-0105,PRD-0105,NEXUS Measuring Cup 100 G,NEXUS Measuring Cup 100 G,714.50,714.50,6.54,6.54,109.25,109.25,0.00,0.00,0.00,0.00,0.00,0.00,0.00
TXN-A-000177-L353,TXN-A-000177,TXN-B-000177-L354,TXN-B-000177,EXACT_PRIMARY_ID,100.00,IDENTITY_MATCHED,QUANTITY_MATCHED,PRICE_MATCHED,AMOUNT_MATCHED,MATCHED,N,0.00,0.00,0.00,PRD-0103,PRD-0103,ZENITH Measuring Cup 10000 MAH,ZENITH Measuring Cup 10000 MAH,64.59,64.59,8.60,8.60,7.51,7.51,0.00,0.00,0.00,0.00,0.00,0.00,0.00
TXN-A-000178-L355,TXN-A-000178,TXN-B-000178-L356,TXN-B-000178,EXACT_PRIMARY_ID,100.00,IDENTITY_MATCHED,QUANTITY_MATCHED,PRICE_MATCHED,AMOUNT_MATCHED,MATCHED,N,0.00,0.00,0.00,PRD-0043,PRD-0043,ZENITH Whiteboard Marker 20 W,ZENITH Whiteboard Marker 20 W,473.66,473.66,8.37,8.37,56.59,56.59,0.00,0.00,0.00,0.00,0.00,0.00,0.00
TXN-A-000179-L357,TXN-A-000179,TXN-B-000179-L358,TXN-B-000179,EXACT_PRIMARY_ID,100.00,IDENTITY_MATCHED,QUANTITY_MATCHED,PRICE_MATCHED,AMOUNT_MATCHED,MATCHED,N,0.00,0.00,0.00,PRD-0102,PRD-0102,NEXUS Mixing Bowl Set 15 W,NEXUS Mixing Bowl Set 15 W,358.05,358.05,6.11,6.11,58.60,58.60,0.00,0.00,0.00,0.00,0.00,0.00,0.00
TXN-A-000180-L359,TXN-A-000180,TXN-B-000180-L360,TXN-B-000180,EXACT_PRIMARY_ID,100.00,IDENTITY_MATCHED,QUANTITY_MATCHED,PRICE_MATCHED,AMOUNT_MATCHED,MATCHED,N,0.00,0.00,0.00,PRD-0024,PRD-0024,NEXUS Floor Polish 100 MG,NEXUS Floor Polish 100 MG,511.80,511.80,6.76,6.76,75.71,75.71,0.00,0.00,0.00,0.00,0.00,0.00,0.00
TXN-A-000181-L361,TXN-A-000181,TXN-B-000181-L362,TXN-B-000181,EXACT_PRIMARY_ID,100.00,IDENTITY_MATCHED,QUANTITY_MATCHED,PRICE_MATCHED,AMOUNT_MATCHED,MATCHED,N,0.00,0.00,0.00,PRD-0052,PRD-0052,ZENITH Power Adapter 20 W,ZENITH Power Adapter 20 W,185.03,185.03,4.08,4.08,45.35,45.35,0.00,0.00,0.00,0.00,0.00,0.00,0.00
TXN-A-000182-L363,TXN-A-000182,TXN-B-000182-L364,TXN-B-000182,EXACT_PRIMARY_ID,100.00,IDENTITY_MATCHED,QUANTITY_MATCHED,PRICE_MATCHED,AMOUNT_MATCHED,MATCHED,N,0.00,0.00,0.00,PRD-0055,PRD-0055,ZENITH Phone Case 250 MG,ZENITH Phone Case 250 MG,109.98,109.98,2.09,2.09,52.62,52.62,0.00,0.00,0.00,0.00,0.00,0.00,0.00
TXN-A-000183-L365,TXN-A-000183,TXN-B-000183-L366,TXN-B-000183,EXACT_PRIMARY_ID,100.00,IDENTITY_MATCHED,QUANTITY_MATCHED,PRICE_MATCHED,AMOUNT_MATCHED,MATCHED,N,0.00,0.00,0.00,PRD-0101,PRD-0101,AURORA Mixing Bowl Set 100 MG,AURORA Mixing Bowl Set 100 MG,138.57,138.57,1.22,1.22,113.58,113.58,0.00,0.00,0.00,0.00,0.00,0.00,0.00
TXN-A-000184-L367,TXN-A-000184,TXN-B-000184-L368,TXN-B-000184,EXACT_PRIMARY_ID,100.00,IDENTITY_MATCHED,QUANTITY_MATCHED,PRICE_MATCHED,AMOUNT_MATCHED,MATCHED,N,0.00,0.00,0.00,PRD-0059,PRD-0059,AURORA Screen Protector 45 CM,AURORA Screen Protector 45 CM,490.07,490.07,7.93,7.93,61.80,61.80,0.00,0.00,0.00,0.00,0.00,0.00,0.00
TXN-A-000185-L369,TXN-A-000185,TXN-B-000185-L370,TXN-B-000185,EXACT_PRIMARY_ID,100.00,IDENTITY_MATCHED,QUANTITY_MATCHED,PRICE_MATCHED,AMOUNT_MATCHED,MATCHED,N,0.00,0.00,0.00,PRD-0092,PRD-0092,AURORA Hair Gel 100 MG,AURORA Hair Gel 100 MG,224.40,224.40,3.47,3.47,64.67,64.67,0.00,0.00,0.00,0.00,0.00,0.00,0.00
TXN-A-000186-L371,TXN-A-000186,TXN-B-000186-L372,TXN-B-000186,EXACT_PRIMARY_ID,100.00,IDENTITY_MATCHED,QUANTITY_MATCHED,PRICE_MATCHED,AMOUNT_MATCHED,MATCHED,N,0.00,0.00,0.00,PRD-0108,PRD-0108,NEXUS Spatula Set 500 MG,NEXUS Spatula Set 500 MG,169.94,169.94,1.64,1.64,103.62,103.62,0.00,0.00,0.00,0.00,0.00,0.00,0.00
TXN-A-000187-L373,TXN-A-000187,TXN-B-000187-L374,TXN-B-000187,EXACT_PRIMARY_ID,100.00,IDENTITY_MATCHED,QUANTITY_MATCHED,PRICE_MATCHED,AMOUNT_MATCHED,MATCHED,N,0.00,0.00,0.00,PRD-0032,PRD-0032,AURORA Binder Clip Box 3 V,AURORA Binder Clip Box 3 V,99.50,99.50,1.26,1.26,78.97,78.97,0.00,0.00,0.00,0.00,0.00,0.00,0.00
TXN-A-000188-L375,TXN-A-000188,TXN-B-000188-L376,TXN-B-000188,EXACT_PRIMARY_ID,100.00,IDENTITY_MATCHED,QUANTITY_MATCHED,PRICE_MATCHED,AMOUNT_MATCHED,MATCHED,N,0.00,0.00,0.00,PRD-0034,PRD-0034,ZENITH Stapler 100 MG,ZENITH Stapler 100 MG,279.79,279.79,3.50,3.50,79.94,79.94,0.00,0.00,0.00,0.00,0.00,0.00,0.00
TXN-A-000189-L377,TXN-A-000189,TXN-B-000189-L378,TXN-B-000189,EXACT_PRIMARY_ID,100.00,IDENTITY_MATCHED,QUANTITY_MATCHED,PRICE_MATCHED,AMOUNT_MATCHED,MATCHED,N,0.00,0.00,0.00,PRD-0127,PRD-0127,ZENITH Colored Pencil Set 50 G,ZENITH Colored Pencil Set 50 G,458.88,458.88,7.92,7.92,57.94,57.94,0.00,0.00,0.00,0.00,0.00,0.00,0.00
TXN-A-000190-L379,TXN-A-000190,TXN-B-000190-L380,TXN-B-000190,EXACT_PRIMARY_ID,100.00,IDENTITY_MATCHED,QUANTITY_MATCHED,PRICE_MATCHED,AMOUNT_MATCHED,MATCHED,N,0.00,0.00,0.00,PRD-0027,PRD-0027,NEXUS Ballpoint Pen 500 ML,NEXUS Ballpoint Pen 500 ML,393.27,393.27,7.94,7.94,49.53,49.53,0.00,0.00,0.00,0.00,0.00,0.00,0.00
TXN-A-000191-L381,TXN-A-000191,TXN-B-000191-L382,TXN-B-000191,EXACT_PRIMARY_ID,100.00,IDENTITY_MATCHED,QUANTITY_MATCHED,PRICE_MATCHED,AMOUNT_MATCHED,MATCHED,N,0.00,0.00,0.00,PRD-0044,PRD-0044,AURORA Whiteboard Marker 12 IN,AURORA Whiteboard Marker 12 IN,289.64,289.64,7.44,7.44,38.93,38.93,0.00,0.00,0.00,0.00,0.00,0.00,0.00
TXN-A-000192-L383,TXN-A-000192,TXN-B-000192-L384,TXN-B-000192,EXACT_PRIMARY_ID,100.00,IDENTITY_MATCHED,QUANTITY_MATCHED,PRICE_MATCHED,AMOUNT_MATCHED,MATCHED,N,0.00,0.00,0.00,PRD-0091,PRD-0091,ZENITH Hair Gel 1.5 L,ZENITH Hair Gel 1.5 L,859.85,859.85,9.80,9.80,87.74,87.74,0.00,0.00,0.00,0.00,0.00,0.00,0.00
TXN-A-000193-L385,TXN-A-000193,TXN-B-000193-L386,TXN-B-000193,EXACT_PRIMARY_ID,100.00,IDENTITY_MATCHED,QUANTITY_MATCHED,PRICE_MATCHED,AMOUNT_MATCHED,MATCHED,N,0.00,0.00,0.00,PRD-0061,PRD-0061,ZENITH Battery Pack 200 G,ZENITH Battery Pack 200 G,478.75,478.75,7.47,7.47,64.09,64.09,0.00,0.00,0.00,0.00,0.00,0.00,0.00
TXN-A-000194-L387,TXN-A-000194,TXN-B-000194-L388,TXN-B-000194,EXACT_PRIMARY_ID,100.00,IDENTITY_MATCHED,QUANTITY_MATCHED,PRICE_MATCHED,AMOUNT_MATCHED,MATCHED,N,0.00,0.00,0.00,PRD-0069,PRD-0069,NEXUS HDMI Cable 1.5 L,NEXUS HDMI Cable 1.5 L,97.63,97.63,2.15,2.15,45.41,45.41,0.00,0.00,0.00,0.00,0.00,0.00,0.00
TXN-A-000195-L389,TXN-A-000195,TXN-B-000195-L390,TXN-B-000195,EXACT_PRIMARY_ID,100.00,IDENTITY_MATCHED,QUANTITY_MATCHED,PRICE_MATCHED,AMOUNT_MATCHED,MATCHED,N,0.00,0.00,0.00,PRD-0040,PRD-0040,ZENITH File Folder Pack 750 ML,ZENITH File Folder Pack 750 ML,344.91,344.91,3.07,3.07,112.35,112.35,0.00,0.00,0.00,0.00,0.00,0.00,0.00
TXN-A-000196-L391,TXN-A-000196,TXN-B-000196-L392,TXN-B-000196,EXACT_PRIMARY_ID,100.00,IDENTITY_MATCHED,QUANTITY_MATCHED,PRICE_MATCHED,AMOUNT_MATCHED,MATCHED,N,0.00,0.00,0.00,PRD-0053,PRD-0053,AURORA Power Adapter 1 L,AURORA Power Adapter 1 L,212.43,212.43,4.85,4.85,43.80,43.80,0.00,0.00,0.00,0.00,0.00,0.00,0.00
TXN-A-000197-L393,TXN-A-000197,TXN-B-000197-L394,TXN-B-000197,EXACT_PRIMARY_ID,100.00,IDENTITY_MATCHED,QUANTITY_MATCHED,PRICE_MATCHED,AMOUNT_MATCHED,MATCHED,N,0.00,0.00,0.00,PRD-0107,PRD-0107,AURORA Spatula Set 9 V,AURORA Spatula Set 9 V,46.36,46.36,7.98,7.98,5.81,5.81,0.00,0.00,0.00,0.00,0.00,0.00,0.00
TXN-A-000198-L395,TXN-A-000198,TXN-B-000198-L396,TXN-B-000198,EXACT_PRIMARY_ID,100.00,IDENTITY_MATCHED,QUANTITY_MATCHED,PRICE_MATCHED,AMOUNT_MATCHED,MATCHED,N,0.00,0.00,0.00,PRD-0050,PRD-0050,AURORA USB Cable 10000 MAH,AURORA USB Cable 10000 MAH,14.15,14.15,4.58,4.58,3.09,3.09,0.00,0.00,0.00,0.00,0.00,0.00,0.00
TXN-A-000199-L397,TXN-A-000199,TXN-B-000199-L398,TXN-B-000199,EXACT_PRIMARY_ID,100.00,IDENTITY_MATCHED,QUANTITY_MATCHED,PRICE_MATCHED,AMOUNT_MATCHED,MATCHED,N,0.00,0.00,0.00,PRD-0093,PRD-0093,NEXUS Hair Gel 10 W,NEXUS Hair Gel 10 W,53.41,53.41,1.96,1.96,27.25,27.25,0.00,0.00,0.00,0.00,0.00,0.00,0.00
TXN-A-000200-L399,TXN-A-000200,TXN-B-000200-L400,TXN-B-000200,EXACT_PRIMARY_ID,100.00,IDENTITY_MATCHED,QUANTITY_MATCHED,PRICE_MATCHED,AMOUNT_MATCHED,MATCHED,N,0.00,0.00,0.00,PRD-0020,PRD-0020,AURORA Air Freshener 200 G,AURORA Air Freshener 200 G,925.47,925.47,8.88,8.88,104.22,104.22,0.00,0.00,0.00,0.00,0.00,0.00,0.00
TXN-A-000201-L401,TXN-A-000201,TXN-B-000201-L402,TXN-B-000201,EXACT_PRIMARY_ID,100.00,IDENTITY_MATCHED,QUANTITY_MATCHED,PRICE_MATCHED,AMOUNT_MATCHED,MATCHED,N,0.00,0.00,0.00,PRD-0042,PRD-0042,NEXUS File Folder Pack 500 G,NEXUS File Folder Pack 500 G,434.54,434.54,6.38,6.38,68.11,68.11,0.00,0.00,0.00,0.00,0.00,0.00,0.00
TXN-A-000202-L403,TXN-A-000202,TXN-B-000202-L404,TXN-B-000202,EXACT_PRIMARY_ID,100.00,IDENTITY_MATCHED,QUANTITY_MATCHED,PRICE_MATCHED,AMOUNT_MATCHED,MATCHED,N,0.00,0.00,0.00,PRD-0015,PRD-0015,NEXUS Fabric Softener 200 G,NEXUS Fabric Softener 200 G,107.55,107.55,2.27,2.27,47.38,47.38,0.00,0.00,0.00,0.00,0.00,0.00,0.00
TXN-A-000203-L405,TXN-A-000203,TXN-B-000203-L406,TXN-B-000203,EXACT_PRIMARY_ID,100.00,IDENTITY_MATCHED,QUANTITY_MATCHED,PRICE_MATCHED,AMOUNT_MATCHED,MATCHED,N,0.00,0.00,0.00,PRD-0090,PRD-0090,NEXUS Face Cream 100 MG,NEXUS Face Cream 100 MG,25.40,25.40,1.27,1.27,20.00,20.00,0.00,0.00,0.00,0.00,0.00,0.00,0.00
TXN-A-000204-L407,TXN-A-000204,TXN-B-000204-L408,TXN-B-000204,EXACT_PRIMARY_ID,100.00,IDENTITY_MATCHED,QUANTITY_MATCHED,PRICE_MATCHED,AMOUNT_MATCHED,MATCHED,N,0.00,0.00,0.00,PRD-0067,PRD-0067,ZENITH HDMI Cable 1 KG,ZENITH HDMI Cable 1 KG,252.25,252.25,4.39,4.39,57.46,57.46,0.00,0.00,0.00,0.00,0.00,0.00,0.00
TXN-A-000205-L409,TXN-A-000205,TXN-B-000205-L410,TXN-B-000205,EXACT_PRIMARY_ID,100.00,IDENTITY_MATCHED,QUANTITY_MATCHED,PRICE_MATCHED,AMOUNT_MATCHED,MATCHED,N,0.00,0.00,0.00,PRD-0015,PRD-0015,NEXUS Fabric Softener 200 G,NEXUS Fabric Softener 200 G,358.67,358.67,7.57,7.57,47.38,47.38,0.00,0.00,0.00,0.00,0.00,0.00,0.00
TXN-A-000206-L411,TXN-A-000206,TXN-B-000206-L412,TXN-B-000206,EXACT_PRIMARY_ID,100.00,IDENTITY_MATCHED,QUANTITY_MATCHED,PRICE_MATCHED,AMOUNT_MATCHED,MATCHED,N,0.00,0.00,0.00,PRD-0141,PRD-0141,NEXUS Eraser Pack 3 V,NEXUS Eraser Pack 3 V,52.85,52.85,1.52,1.52,34.77,34.77,0.00,0.00,0.00,0.00,0.00,0.00,0.00
TXN-A-000207-L413,TXN-A-000207,TXN-B-000207-L414,TXN-B-000207,EXACT_PRIMARY_ID,100.00,IDENTITY_MATCHED,QUANTITY_MATCHED,PRICE_MATCHED,AMOUNT_MATCHED,MATCHED,N,0.00,0.00,0.00,PRD-0051,PRD-0051,NEXUS USB Cable 500 MG,NEXUS USB Cable 500 MG,820.06,820.06,8.70,8.70,94.26,94.26,0.00,0.00,0.00,0.00,0.00,0.00,0.00
TXN-A-000208-L415,TXN-A-000208,TXN-B-000208-L416,TXN-B-000208,EXACT_PRIMARY_ID,100.00,IDENTITY_MATCHED,QUANTITY_MATCHED,PRICE_MATCHED,AMOUNT_MATCHED,MATCHED,N,0.00,0.00,0.00,PRD-0012,PRD-0012,NEXUS Laundry Detergent 3 V,NEXUS Laundry Detergent 3 V,133.84,133.84,6.01,6.01,22.27,22.27,0.00,0.00,0.00,0.00,0.00,0.00,0.00
TXN-A-000209-L417,TXN-A-000209,TXN-B-000209-L418,TXN-B-000209,EXACT_PRIMARY_ID,100.00,IDENTITY_MATCHED,QUANTITY_MATCHED,PRICE_MATCHED,AMOUNT_MATCHED,MATCHED,N,0.00,0.00,0.00,PRD-0014,PRD-0014,AURORA Fabric Softener 250 MG,AURORA Fabric Softener 250 MG,563.31,563.31,5.03,5.03,111.99,111.99,0.00,0.00,0.00,0.00,0.00,0.00,0.00
TXN-A-000210-L419,TXN-A-000210,TXN-B-000210-L420,TXN-B-000210,EXACT_PRIMARY_ID,100.00,IDENTITY_MATCHED,QUANTITY_MATCHED,PRICE_MATCHED,AMOUNT_MATCHED,MATCHED,N,0.00,0.00,0.00,PRD-0142,PRD-0142,ZENITH Marker Set 750 ML,ZENITH Marker Set 750 ML,172.90,172.90,5.12,5.12,33.77,33.77,0.00,0.00,0.00,0.00,0.00,0.00,0.00
TXN-A-000211-L421,TXN-A-000211,TXN-B-000211-L422,TXN-B-000211,EXACT_PRIMARY_ID,100.00,IDENTITY_MATCHED,QUANTITY_MATCHED,PRICE_MATCHED,AMOUNT_MATCHED,MATCHED,N,0.00,0.00,0.00,PRD-0148,PRD-0148,ZENITH Wrench Set 30 CM,ZENITH Wrench Set 30 CM,942.78,942.78,8.06,8.06,116.97,116.97,0.00,0.00,0.00,0.00,0.00,0.00,0.00
TXN-A-000212-L423,TXN-A-000212,TXN-B-000212-L424,TXN-B-000212,EXACT_PRIMARY_ID,100.00,IDENTITY_MATCHED,QUANTITY_MATCHED,PRICE_MATCHED,AMOUNT_MATCHED,MATCHED,N,0.00,0.00,0.00,PRD-0133,PRD-0133,ZENITH Glue Stick 250 MG,ZENITH Glue Stick 250 MG,264.69,264.69,8.30,8.30,31.89,31.89,0.00,0.00,0.00,0.00,0.00,0.00,0.00
TXN-A-000213-L425,TXN-A-000213,TXN-B-000213-L426,TXN-B-000213,EXACT_PRIMARY_ID,100.00,IDENTITY_MATCHED,QUANTITY_MATCHED,PRICE_MATCHED,AMOUNT_MATCHED,MATCHED,N,0.00,0.00,0.00,PRD-0112,PRD-0112,ZENITH Kitchen Towel 30 CM,ZENITH Kitchen Towel 30 CM,787.23,787.23,7.83,7.83,100.54,100.54,0.00,0.00,0.00,0.00,0.00,0.00,0.00
TXN-A-000214-L427,TXN-A-000214,TXN-B-000214-L428,TXN-B-000214,EXACT_PRIMARY_ID,100.00,IDENTITY_MATCHED,QUANTITY_MATCHED,PRICE_MATCHED,AMOUNT_MATCHED,MATCHED,N,0.00,0.00,0.00,PRD-0094,PRD-0094,ZENITH Lotion 10000 MAH,ZENITH Lotion 10000 MAH,25.60,25.60,2.57,2.57,9.96,9.96,0.00,0.00,0.00,0.00,0.00,0.00,0.00
TXN-A-000215-L429,TXN-A-000215,TXN-B-000215-L430,TXN-B-000215,EXACT_PRIMARY_ID,100.00,IDENTITY_MATCHED,QUANTITY_MATCHED,PRICE_MATCHED,AMOUNT_MATCHED,MATCHED,N,0.00,0.00,0.00,PRD-0087,PRD-0087,NEXUS Deodorant 9 V,NEXUS Deodorant 9 V,587.87,587.87,5.04,5.04,116.64,116.64,0.00,0.00,0.00,0.00,0.00,0.00,0.00
TXN-A-000216-L431,TXN-A-000216,TXN-B-000216-L432,TXN-B-000216,EXACT_PRIMARY_ID,100.00,IDENTITY_MATCHED,QUANTITY_MATCHED,PRICE_MATCHED,AMOUNT_MATCHED,MATCHED,N,0.00,0.00,0.00,PRD-0060,PRD-0060,NEXUS Screen Protector 10 IN,NEXUS Screen Protector 10 IN,435.13,435.13,5.10,5.10,85.32,85.32,0.00,0.00,0.00,0.00,0.00,0.00,0.00
TXN-A-000217-L433,TXN-A-000217,TXN-B-000217-L434,TXN-B-000217,EXACT_PRIMARY_ID,100.00,IDENTITY_MATCHED,QUANTITY_MATCHED,PRICE_MATCHED,AMOUNT_MATCHED,MATCHED,N,0.00,0.00,0.00,PRD-0056,PRD-0056,AURORA Phone Case 20 W,AURORA Phone Case 20 W,52.54,52.54,3.15,3.15,16.68,16.68,0.00,0.00,0.00,0.00,0.00,0.00,0.00
TXN-A-000218-L435,TXN-A-000218,TXN-B-000218-L436,TXN-B-000218,EXACT_PRIMARY_ID,100.00,IDENTITY_MATCHED,QUANTITY_MATCHED,PRICE_MATCHED,AMOUNT_MATCHED,MATCHED,N,0.00,0.00,0.00,PRD-0125,PRD-0125,AURORA Sketch Pad 1.5 V,AURORA Sketch Pad 1.5 V,843.24,843.24,8.19,8.19,102.96,102.96,0.00,0.00,0.00,0.00,0.00,0.00,0.00
TXN-A-000219-L437,TXN-A-000219,TXN-B-000219-L438,TXN-B-000219,EXACT_PRIMARY_ID,100.00,IDENTITY_MATCHED,QUANTITY_MATCHED,PRICE_MATCHED,AMOUNT_MATCHED,MATCHED,N,0.00,0.00,0.00,PRD-0028,PRD-0028,ZENITH Highlighter Set 500 ML,ZENITH Highlighter Set 500 ML,947.69,947.69,8.36,8.36,113.36,113.36,0.00,0.00,0.00,0.00,0.00,0.00,0.00
TXN-A-000220-L439,TXN-A-000220,TXN-B-000220-L440,TXN-B-000220,EXACT_PRIMARY_ID,100.00,IDENTITY_MATCHED,QUANTITY_MATCHED,PRICE_MATCHED,AMOUNT_MATCHED,MATCHED,N,0.00,0.00,0.00,PRD-0102,PRD-0102,NEXUS Mixing Bowl Set 15 W,NEXUS Mixing Bowl Set 15 W,315.27,315.27,5.38,5.38,58.60,58.60,0.00,0.00,0.00,0.00,0.00,0.00,0.00
TXN-A-000221-L441,TXN-A-000221,TXN-B-000221-L442,TXN-B-000221,EXACT_PRIMARY_ID,100.00,IDENTITY_MATCHED,QUANTITY_MATCHED,PRICE_MATCHED,AMOUNT_MATCHED,MATCHED,N,0.00,0.00,0.00,PRD-0078,PRD-0078,NEXUS Shampoo 500 ML,NEXUS Shampoo 500 ML,122.02,122.02,1.03,1.03,118.47,118.47,0.00,0.00,0.00,0.00,0.00,0.00,0.00
TXN-A-000222-L443,TXN-A-000222,TXN-B-000222-L444,TXN-B-000222,EXACT_PRIMARY_ID,100.00,IDENTITY_MATCHED,QUANTITY_MATCHED,PRICE_MATCHED,AMOUNT_MATCHED,MATCHED,N,0.00,0.00,0.00,PRD-0086,PRD-0086,AURORA Deodorant 500 G,AURORA Deodorant 500 G,263.12,263.12,5.03,5.03,52.31,52.31,0.00,0.00,0.00,0.00,0.00,0.00,0.00
TXN-A-000223-L445,TXN-A-000223,TXN-B-000223-L446,TXN-B-000223,EXACT_PRIMARY_ID,100.00,IDENTITY_MATCHED,QUANTITY_MATCHED,PRICE_MATCHED,AMOUNT_MATCHED,MATCHED,N,0.00,0.00,0.00,PRD-0104,PRD-0104,AURORA Measuring Cup 10000 MAH,AURORA Measuring Cup 10000 MAH,641.78,641.78,9.38,9.38,68.42,68.42,0.00,0.00,0.00,0.00,0.00,0.00,0.00
TXN-A-000224-L447,TXN-A-000224,TXN-B-000224-L448,TXN-B-000224,EXACT_PRIMARY_ID,100.00,IDENTITY_MATCHED,QUANTITY_MATCHED,PRICE_MATCHED,AMOUNT_MATCHED,MATCHED,N,0.00,0.00,0.00,PRD-0138,PRD-0138,NEXUS Scissors 500 MG,NEXUS Scissors 500 MG,411.41,411.41,4.27,4.27,96.35,96.35,0.00,0.00,0.00,0.00,0.00,0.00,0.00
TXN-A-000225-L449,TXN-A-000225,TXN-B-000225-L450,TXN-B-000225,EXACT_PRIMARY_ID,100.00,IDENTITY_MATCHED,QUANTITY_MATCHED,PRICE_MATCHED,AMOUNT_MATCHED,MATCHED,N,0.00,0.00,0.00,PRD-0010,PRD-0010,ZENITH Laundry Detergent 1.5 V,ZENITH Laundry Detergent 1.5 V,215.05,215.05,8.50,8.50,25.30,25.30,0.00,0.00,0.00,0.00,0.00,0.00,0.00
TXN-A-000226-L451,TXN-A-000226,TXN-B-000226-L452,TXN-B-000226,EXACT_PRIMARY_ID,100.00,IDENTITY_MATCHED,QUANTITY_MATCHED,PRICE_MATCHED,AMOUNT_MATCHED,MATCHED,N,0.00,0.00,0.00,PRD-0072,PRD-0072,NEXUS Mouse Pad 100 G,NEXUS Mouse Pad 100 G,142.94,142.94,3.25,3.25,43.98,43.98,0.00,0.00,0.00,0.00,0.00,0.00,0.00
TXN-A-000227-L453,TXN-A-000227,TXN-B-000227-L454,TXN-B-000227,EXACT_PRIMARY_ID,100.00,IDENTITY_MATCHED,QUANTITY_MATCHED,PRICE_MATCHED,AMOUNT_MATCHED,MATCHED,N,0.00,0.00,0.00,PRD-0005,PRD-0005,AURORA Glass Spray 500 G,AURORA Glass Spray 500 G,598.31,598.31,5.38,5.38,111.21,111.21,0.00,0.00,0.00,0.00,0.00,0.00,0.00
TXN-A-000228-L455,TXN-A-000228,TXN-B-000228-L456,TXN-B-000228,EXACT_PRIMARY_ID,100.00,IDENTITY_MATCHED,QUANTITY_MATCHED,PRICE_MATCHED,AMOUNT_MATCHED,MATCHED,N,0.00,0.00,0.00,PRD-0005,PRD-0005,AURORA Glass Spray 500 G,AURORA Glass Spray 500 G,828.51,828.51,7.45,7.45,111.21,111.21,0.00,0.00,0.00,0.00,0.00,0.00,0.00
TXN-A-000229-L457,TXN-A-000229,TXN-B-000229-L458,TXN-B-000229,EXACT_PRIMARY_ID,100.00,IDENTITY_MATCHED,QUANTITY_MATCHED,PRICE_MATCHED,AMOUNT_MATCHED,MATCHED,N,0.00,0.00,0.00,PRD-0096,PRD-0096,NEXUS Lotion 1 KG,NEXUS Lotion 1 KG,175.07,175.07,6.82,6.82,25.67,25.67,0.00,0.00,0.00,0.00,0.00,0.00,0.00
TXN-A-000230-L459,TXN-A-000230,TXN-B-000230-L460,TXN-B-000230,EXACT_PRIMARY_ID,100.00,IDENTITY_MATCHED,QUANTITY_MATCHED,PRICE_MATCHED,AMOUNT_MATCHED,MATCHED,N,0.00,0.00,0.00,PRD-0103,PRD-0103,ZENITH Measuring Cup 10000 MAH,ZENITH Measuring Cup 10000 MAH,10.44,10.44,1.39,1.39,7.51,7.51,0.00,0.00,0.00,0.00,0.00,0.00,0.00
TXN-A-000231-L461,TXN-A-000231,TXN-B-000231-L462,TXN-B-000231,EXACT_PRIMARY_ID,100.00,IDENTITY_MATCHED,QUANTITY_MATCHED,PRICE_MATCHED,AMOUNT_MATCHED,MATCHED,N,0.00,0.00,0.00,PRD-0111,PRD-0111,NEXUS Storage Container 500 G,NEXUS Storage Container 500 G,180.97,180.97,2.96,2.96,61.14,61.14,0.00,0.00,0.00,0.00,0.00,0.00,0.00
TXN-A-000232-L463,TXN-A-000232,TXN-B-000232-L464,TXN-B-000232,EXACT_PRIMARY_ID,100.00,IDENTITY_MATCHED,QUANTITY_MATCHED,PRICE_MATCHED,AMOUNT_MATCHED,MATCHED,N,0.00,0.00,0.00,PRD-0143,PRD-0143,AURORA Marker Set 10 IN,AURORA Marker Set 10 IN,113.55,113.55,8.43,8.43,13.47,13.47,0.00,0.00,0.00,0.00,0.00,0.00,0.00
TXN-A-000233-L465,TXN-A-000233,TXN-B-000233-L466,TXN-B-000233,EXACT_PRIMARY_ID,100.00,IDENTITY_MATCHED,QUANTITY_MATCHED,PRICE_MATCHED,AMOUNT_MATCHED,MATCHED,N,0.00,0.00,0.00,PRD-0056,PRD-0056,AURORA Phone Case 20 W,AURORA Phone Case 20 W,55.54,55.54,3.33,3.33,16.68,16.68,0.00,0.00,0.00,0.00,0.00,0.00,0.00
TXN-A-000234-L467,TXN-A-000234,TXN-B-000234-L468,TXN-B-000234,EXACT_PRIMARY_ID,100.00,IDENTITY_MATCHED,QUANTITY_MATCHED,PRICE_MATCHED,AMOUNT_MATCHED,MATCHED,N,0.00,0.00,0.00,PRD-0043,PRD-0043,ZENITH Whiteboard Marker 20 W,ZENITH Whiteboard Marker 20 W,385.94,385.94,6.82,6.82,56.59,56.59,0.00,0.00,0.00,0.00,0.00,0.00,0.00
TXN-A-000235-L469,TXN-A-000235,TXN-B-000235-L470,TXN-B-000235,EXACT_PRIMARY_ID,100.00,IDENTITY_MATCHED,QUANTITY_MATCHED,PRICE_MATCHED,AMOUNT_MATCHED,MATCHED,N,0.00,0.00,0.00,PRD-0083,PRD-0083,AURORA Toothpaste 3 V,AURORA Toothpaste 3 V,249.84,249.84,5.30,5.30,47.14,47.14,0.00,0.00,0.00,0.00,0.00,0.00,0.00
TXN-A-000236-L471,TXN-A-000236,TXN-B-000236-L472,TXN-B-000236,EXACT_PRIMARY_ID,100.00,IDENTITY_MATCHED,QUANTITY_MATCHED,PRICE_MATCHED,AMOUNT_MATCHED,MATCHED,N,0.00,0.00,0.00,PRD-0142,PRD-0142,ZENITH Marker Set 750 ML,ZENITH Marker Set 750 ML,203.30,203.30,6.02,6.02,33.77,33.77,0.00,0.00,0.00,0.00,0.00,0.00,0.00
TXN-A-000237-L473,TXN-A-000237,TXN-B-000237-L474,TXN-B-000237,EXACT_PRIMARY_ID,100.00,IDENTITY_MATCHED,QUANTITY_MATCHED,PRICE_MATCHED,AMOUNT_MATCHED,MATCHED,N,0.00,0.00,0.00,PRD-0124,PRD-0124,ZENITH Sketch Pad 500 MG,ZENITH Sketch Pad 500 MG,82.17,82.17,1.73,1.73,47.50,47.50,0.00,0.00,0.00,0.00,0.00,0.00,0.00
TXN-A-000238-L475,TXN-A-000238,TXN-B-000238-L476,TXN-B-000238,EXACT_PRIMARY_ID,100.00,IDENTITY_MATCHED,QUANTITY_MATCHED,PRICE_MATCHED,AMOUNT_MATCHED,MATCHED,N,0.00,0.00,0.00,PRD-0113,PRD-0113,AURORA Kitchen Towel 20 W,AURORA Kitchen Towel 20 W,401.76,401.76,5.63,5.63,71.36,71.36,0.00,0.00,0.00,0.00,0.00,0.00,0.00
TXN-A-000239-L477,TXN-A-000239,TXN-B-000239-L478,TXN-B-000239,EXACT_PRIMARY_ID,100.00,IDENTITY_MATCHED,QUANTITY_MATCHED,PRICE_MATCHED,AMOUNT_MATCHED,MATCHED,N,0.00,0.00,0.00,PRD-0137,PRD-0137,AURORA Scissors 100 MG,AURORA Scissors 100 MG,422.19,422.19,4.49,4.49,94.03,94.03,0.00,0.00,0.00,0.00,0.00,0.00,0.00
TXN-A-000240-L479,TXN-A-000240,TXN-B-000240-L480,TXN-B-000240,EXACT_PRIMARY_ID,100.00,IDENTITY_MATCHED,QUANTITY_MATCHED,PRICE_MATCHED,AMOUNT_MATCHED,MATCHED,N,0.00,0.00,0.00,PRD-0128,PRD-0128,AURORA Colored Pencil Set 5 W,AURORA Colored Pencil Set 5 W,96.58,96.58,3.91,3.91,24.70,24.70,0.00,0.00,0.00,0.00,0.00,0.00,0.00
TXN-A-000241-L481,TXN-A-000241,TXN-B-000241-L482,TXN-B-000241,EXACT_PRIMARY_ID,100.00,IDENTITY_MATCHED,QUANTITY_MATCHED,PRICE_MATCHED,AMOUNT_MATCHED,MATCHED,N,0.00,0.00,0.00,PRD-0139,PRD-0139,ZENITH Eraser Pack 500 G,ZENITH Eraser Pack 500 G,216.06,216.06,4.76,4.76,45.39,45.39,0.00,0.00,0.00,0.00,0.00,0.00,0.00
TXN-A-000242-L483,TXN-A-000242,TXN-B-000242-L484,TXN-B-000242,EXACT_PRIMARY_ID,100.00,IDENTITY_MATCHED,QUANTITY_MATCHED,PRICE_MATCHED,AMOUNT_MATCHED,MATCHED,N,0.00,0.00,0.00,PRD-0066,PRD-0066,NEXUS Charging Dock 5000 MAH,NEXUS Charging Dock 5000 MAH,261.60,261.60,4.74,4.74,55.19,55.19,0.00,0.00,0.00,0.00,0.00,0.00,0.00
TXN-A-000243-L485,TXN-A-000243,TXN-B-000243-L486,TXN-B-000243,EXACT_PRIMARY_ID,100.00,IDENTITY_MATCHED,QUANTITY_MATCHED,PRICE_MATCHED,AMOUNT_MATCHED,MATCHED,N,0.00,0.00,0.00,PRD-0027,PRD-0027,NEXUS Ballpoint Pen 500 ML,NEXUS Ballpoint Pen 500 ML,493.81,493.81,9.97,9.97,49.53,49.53,0.00,0.00,0.00,0.00,0.00,0.00,0.00
TXN-A-000244-L487,TXN-A-000244,TXN-B-000244-L488,TXN-B-000244,EXACT_PRIMARY_ID,100.00,IDENTITY_MATCHED,QUANTITY_MATCHED,PRICE_MATCHED,AMOUNT_MATCHED,MATCHED,N,0.00,0.00,0.00,PRD-0061,PRD-0061,ZENITH Battery Pack 200 G,ZENITH Battery Pack 200 G,375.57,375.57,5.86,5.86,64.09,64.09,0.00,0.00,0.00,0.00,0.00,0.00,0.00
TXN-A-000245-L489,TXN-A-000245,TXN-B-000245-L490,TXN-B-000245,EXACT_PRIMARY_ID,100.00,IDENTITY_MATCHED,QUANTITY_MATCHED,PRICE_MATCHED,AMOUNT_MATCHED,MATCHED,N,0.00,0.00,0.00,PRD-0097,PRD-0097,ZENITH Cutting Board 5 W,ZENITH Cutting Board 5 W,35.50,35.50,2.22,2.22,15.99,15.99,0.00,0.00,0.00,0.00,0.00,0.00,0.00
TXN-A-000246-L491,TXN-A-000246,TXN-B-000246-L492,TXN-B-000246,EXACT_PRIMARY_ID,100.00,IDENTITY_MATCHED,QUANTITY_MATCHED,PRICE_MATCHED,AMOUNT_MATCHED,MATCHED,N,0.00,0.00,0.00,PRD-0106,PRD-0106,ZENITH Spatula Set 1 KG,ZENITH Spatula Set 1 KG,123.71,123.71,5.22,5.22,23.70,23.70,0.00,0.00,0.00,0.00,0.00,0.00,0.00
TXN-A-000247-L493,TXN-A-000247,TXN-B-000247-L494,TXN-B-000247,EXACT_PRIMARY_ID,100.00,IDENTITY_MATCHED,QUANTITY_MATCHED,PRICE_MATCHED,AMOUNT_MATCHED,MATCHED,N,0.00,0.00,0.00,PRD-0038,PRD-0038,AURORA Desk Organizer 2000 MAH,AURORA Desk Organizer 2000 MAH,93.97,93.97,3.35,3.35,28.05,28.05,0.00,0.00,0.00,0.00,0.00,0.00,0.00
TXN-A-000248-L495,TXN-A-000248,TXN-B-000248-L496,TXN-B-000248,EXACT_PRIMARY_ID,100.00,IDENTITY_MATCHED,QUANTITY_MATCHED,PRICE_MATCHED,AMOUNT_MATCHED,MATCHED,N,0.00,0.00,0.00,PRD-0074,PRD-0074,AURORA Hand Soap 1.5 V,AURORA Hand Soap 1.5 V,196.12,196.12,2.71,2.71,72.37,72.37,0.00,0.00,0.00,0.00,0.00,0.00,0.00
TXN-A-000249-L497,TXN-A-000249,TXN-B-000249-L498,TXN-B-000249,EXACT_PRIMARY_ID,100.00,IDENTITY_MATCHED,QUANTITY_MATCHED,PRICE_MATCHED,AMOUNT_MATCHED,MATCHED,N,0.00,0.00,0.00,PRD-0035,PRD-0035,AURORA Stapler 10 W,AURORA Stapler 10 W,139.07,139.07,8.02,8.02,17.34,17.34,0.00,0.00,0.00,0.00,0.00,0.00,0.00
TXN-A-000250-L499,TXN-A-000250,TXN-B-000250-L500,TXN-B-000250,EXACT_PRIMARY_ID,100.00,IDENTITY_MATCHED,QUANTITY_MATCHED,PRICE_MATCHED,AMOUNT_MATCHED,MATCHED,N,0.00,0.00,0.00,PRD-0065,PRD-0065,AURORA Charging Dock 3 V,AURORA Charging Dock 3 V,32.22,32.22,1.89,1.89,17.05,17.05,0.00,0.00,0.00,0.00,0.00,0.00,0.00
TXN-A-000251-L501,TXN-A-000251,TXN-B-000251-L502,TXN-B-000251,EXACT_PRIMARY_ID,100.00,IDENTITY_MATCHED,QUANTITY_MATCHED,PRICE_MATCHED,AMOUNT_MATCHED,MATCHED,N,0.00,0.00,0.00,PRD-0112,PRD-0112,ZENITH Kitchen Towel 30 CM,ZENITH Kitchen Towel 30 CM,562.02,562.02,5.59,5.59,100.54,100.54,0.00,0.00,0.00,0.00,0.00,0.00,0.00
TXN-A-000252-L503,TXN-A-000252,TXN-B-000252-L504,TXN-B-000252,EXACT_PRIMARY_ID,100.00,IDENTITY_MATCHED,QUANTITY_MATCHED,PRICE_MATCHED,AMOUNT_MATCHED,MATCHED,N,0.00,0.00,0.00,PRD-0017,PRD-0017,AURORA Surface Wipes 9 V,AURORA Surface Wipes 9 V,226.04,226.04,2.80,2.80,80.73,80.73,0.00,0.00,0.00,0.00,0.00,0.00,0.00
TXN-A-000253-L505,TXN-A-000253,TXN-B-000253-L506,TXN-B-000253,EXACT_PRIMARY_ID,100.00,IDENTITY_MATCHED,QUANTITY_MATCHED,PRICE_MATCHED,AMOUNT_MATCHED,MATCHED,N,0.00,0.00,0.00,PRD-0143,PRD-0143,AURORA Marker Set 10 IN,AURORA Marker Set 10 IN,39.47,39.47,2.93,2.93,13.47,13.47,0.00,0.00,0.00,0.00,0.00,0.00,0.00
TXN-A-000254-L507,TXN-A-000254,TXN-B-000254-L508,TXN-B-000254,EXACT_PRIMARY_ID,100.00,IDENTITY_MATCHED,QUANTITY_MATCHED,PRICE_MATCHED,AMOUNT_MATCHED,MATCHED,N,0.00,0.00,0.00,PRD-0059,PRD-0059,AURORA Screen Protector 45 CM,AURORA Screen Protector 45 CM,406.03,406.03,6.57,6.57,61.80,61.80,0.00,0.00,0.00,0.00,0.00,0.00,0.00
TXN-A-000255-L509,TXN-A-000255,TXN-B-000255-L510,TXN-B-000255,EXACT_PRIMARY_ID,100.00,IDENTITY_MATCHED,QUANTITY_MATCHED,PRICE_MATCHED,AMOUNT_MATCHED,MATCHED,N,0.00,0.00,0.00,PRD-0019,PRD-0019,ZENITH Air Freshener 45 CM,ZENITH Air Freshener 45 CM,63.55,63.55,1.64,1.64,38.75,38.75,0.00,0.00,0.00,0.00,0.00,0.00,0.00
TXN-A-000256-L511,TXN-A-000256,TXN-B-000256-L512,TXN-B-000256,EXACT_PRIMARY_ID,100.00,IDENTITY_MATCHED,QUANTITY_MATCHED,PRICE_MATCHED,AMOUNT_MATCHED,MATCHED,N,0.00,0.00,0.00,PRD-0081,PRD-0081,NEXUS Body Wash 500 G,NEXUS Body Wash 500 G,411.01,411.01,7.29,7.29,56.38,56.38,0.00,0.00,0.00,0.00,0.00,0.00,0.00
TXN-A-000257-L513,TXN-A-000257,TXN-B-000257-L514,TXN-B-000257,EXACT_PRIMARY_ID,100.00,IDENTITY_MATCHED,QUANTITY_MATCHED,PRICE_MATCHED,AMOUNT_MATCHED,MATCHED,N,0.00,0.00,0.00,PRD-0094,PRD-0094,ZENITH Lotion 10000 MAH,ZENITH Lotion 10000 MAH,85.36,85.36,8.57,8.57,9.96,9.96,0.00,0.00,0.00,0.00,0.00,0.00,0.00
TXN-A-000258-L515,TXN-A-000258,TXN-B-000258-L516,TXN-B-000258,EXACT_PRIMARY_ID,100.00,IDENTITY_MATCHED,QUANTITY_MATCHED,PRICE_MATCHED,AMOUNT_MATCHED,MATCHED,N,0.00,0.00,0.00,PRD-0028,PRD-0028,ZENITH Highlighter Set 500 ML,ZENITH Highlighter Set 500 ML,378.62,378.62,3.34,3.34,113.36,113.36,0.00,0.00,0.00,0.00,0.00,0.00,0.00
TXN-A-000259-L517,TXN-A-000259,TXN-B-000259-L518,TXN-B-000259,EXACT_PRIMARY_ID,100.00,IDENTITY_MATCHED,QUANTITY_MATCHED,PRICE_MATCHED,AMOUNT_MATCHED,MATCHED,N,0.00,0.00,0.00,PRD-0074,PRD-0074,AURORA Hand Soap 1.5 V,AURORA Hand Soap 1.5 V,406.00,406.00,5.61,5.61,72.37,72.37,0.00,0.00,0.00,0.00,0.00,0.00,0.00
TXN-A-000260-L519,TXN-A-000260,TXN-B-000260-L520,TXN-B-000260,EXACT_PRIMARY_ID,100.00,IDENTITY_MATCHED,QUANTITY_MATCHED,PRICE_MATCHED,AMOUNT_MATCHED,MATCHED,N,0.00,0.00,0.00,PRD-0020,PRD-0020,AURORA Air Freshener 200 G,AURORA Air Freshener 200 G,509.64,509.64,4.89,4.89,104.22,104.22,0.00,0.00,0.00,0.00,0.00,0.00,0.00
TXN-A-000261-L521,TXN-A-000261,TXN-B-000261-L522,TXN-B-000261,EXACT_PRIMARY_ID,100.00,IDENTITY_MATCHED,QUANTITY_MATCHED,PRICE_MATCHED,AMOUNT_MATCHED,MATCHED,N,0.00,0.00,0.00,PRD-0046,PRD-0046,ZENITH Tape Dispenser 250 ML,ZENITH Tape Dispenser 250 ML,92.79,92.79,3.34,3.34,27.78,27.78,0.00,0.00,0.00,0.00,0.00,0.00,0.00
TXN-A-000262-L523,TXN-A-000262,TXN-B-000262-L524,TXN-B-000262,EXACT_PRIMARY_ID,100.00,IDENTITY_MATCHED,QUANTITY_MATCHED,PRICE_MATCHED,AMOUNT_MATCHED,MATCHED,N,0.00,0.00,0.00,PRD-0132,PRD-0132,NEXUS Ruler Set 60 CM,NEXUS Ruler Set 60 CM,183.46,183.46,8.85,8.85,20.73,20.73,0.00,0.00,0.00,0.00,0.00,0.00,0.00
TXN-A-000263-L525,TXN-A-000263,TXN-B-000263-L526,TXN-B-000263,EXACT_PRIMARY_ID,100.00,IDENTITY_MATCHED,QUANTITY_MATCHED,PRICE_MATCHED,AMOUNT_MATCHED,MATCHED,N,0.00,0.00,0.00,PRD-0093,PRD-0093,NEXUS Hair Gel 10 W,NEXUS Hair Gel 10 W,206.83,206.83,7.59,7.59,27.25,27.25,0.00,0.00,0.00,0.00,0.00,0.00,0.00
TXN-A-000264-L527,TXN-A-000264,TXN-B-000264-L528,TXN-B-000264,EXACT_PRIMARY_ID,100.00,IDENTITY_MATCHED,QUANTITY_MATCHED,PRICE_MATCHED,AMOUNT_MATCHED,MATCHED,N,0.00,0.00,0.00,PRD-0112,PRD-0112,ZENITH Kitchen Towel 30 CM,ZENITH Kitchen Towel 30 CM,132.71,132.71,1.32,1.32,100.54,100.54,0.00,0.00,0.00,0.00,0.00,0.00,0.00
TXN-A-000265-L529,TXN-A-000265,TXN-B-000265-L530,TXN-B-000265,EXACT_PRIMARY_ID,100.00,IDENTITY_MATCHED,QUANTITY_MATCHED,PRICE_MATCHED,AMOUNT_MATCHED,MATCHED,N,0.00,0.00,0.00,PRD-0022,PRD-0022,ZENITH Floor Polish 2000 MAH,ZENITH Floor Polish 2000 MAH,30.07,30.07,5.08,5.08,5.92,5.92,0.00,0.00,0.00,0.00,0.00,0.00,0.00
TXN-A-000266-L531,TXN-A-000266,TXN-B-000266-L532,TXN-B-000266,EXACT_PRIMARY_ID,100.00,IDENTITY_MATCHED,QUANTITY_MATCHED,PRICE_MATCHED,AMOUNT_MATCHED,MATCHED,N,0.00,0.00,0.00,PRD-0035,PRD-0035,AURORA Stapler 10 W,AURORA Stapler 10 W,65.37,65.37,3.77,3.77,17.34,17.34,0.00,0.00,0.00,0.00,0.00,0.00,0.00
TXN-A-000267-L533,TXN-A-000267,TXN-B-000267-L534,TXN-B-000267,EXACT_PRIMARY_ID,100.00,IDENTITY_MATCHED,QUANTITY_MATCHED,PRICE_MATCHED,AMOUNT_MATCHED,MATCHED,N,0.00,0.00,0.00,PRD-0057,PRD-0057,NEXUS Phone Case 1 L,NEXUS Phone Case 1 L,175.78,175.78,5.54,5.54,31.73,31.73,0.00,0.00,0.00,0.00,0.00,0.00,0.00
TXN-A-000268-L535,TXN-A-000268,TXN-B-000268-L536,TXN-B-000268,EXACT_PRIMARY_ID,100.00,IDENTITY_MATCHED,QUANTITY_MATCHED,PRICE_MATCHED,AMOUNT_MATCHED,MATCHED,N,0.00,0.00,0.00,PRD-0019,PRD-0019,ZENITH Air Freshener 45 CM,ZENITH Air Freshener 45 CM,301.48,301.48,7.78,7.78,38.75,38.75,0.00,0.00,0.00,0.00,0.00,0.00,0.00
TXN-A-000269-L537,TXN-A-000269,TXN-B-000269-L538,TXN-B-000269,EXACT_PRIMARY_ID,100.00,IDENTITY_MATCHED,QUANTITY_MATCHED,PRICE_MATCHED,AMOUNT_MATCHED,MATCHED,N,0.00,0.00,0.00,PRD-0103,PRD-0103,ZENITH Measuring Cup 10000 MAH,ZENITH Measuring Cup 10000 MAH,61.43,61.43,8.18,8.18,7.51,7.51,0.00,0.00,0.00,0.00,0.00,0.00,0.00
TXN-A-000270-L539,TXN-A-000270,TXN-B-000270-L540,TXN-B-000270,EXACT_PRIMARY_ID,100.00,IDENTITY_MATCHED,QUANTITY_MATCHED,PRICE_MATCHED,AMOUNT_MATCHED,MATCHED,N,0.00,0.00,0.00,PRD-0092,PRD-0092,AURORA Hair Gel 100 MG,AURORA Hair Gel 100 MG,181.08,181.08,2.80,2.80,64.67,64.67,0.00,0.00,0.00,0.00,0.00,0.00,0.00
TXN-A-000271-L541,TXN-A-000271,TXN-B-000271-L542,TXN-B-000271,EXACT_PRIMARY_ID,100.00,IDENTITY_MATCHED,QUANTITY_MATCHED,PRICE_MATCHED,AMOUNT_MATCHED,MATCHED,N,0.00,0.00,0.00,PRD-0141,PRD-0141,NEXUS Eraser Pack 3 V,NEXUS Eraser Pack 3 V,343.18,343.18,9.87,9.87,34.77,34.77,0.00,0.00,0.00,0.00,0.00,0.00,0.00
TXN-A-000272-L543,TXN-A-000272,TXN-B-000272-L544,TXN-B-000272,EXACT_PRIMARY_ID,100.00,IDENTITY_MATCHED,QUANTITY_MATCHED,PRICE_MATCHED,AMOUNT_MATCHED,MATCHED,N,0.00,0.00,0.00,PRD-0013,PRD-0013,ZENITH Fabric Softener 1 L,ZENITH Fabric Softener 1 L,32.81,32.81,3.40,3.40,9.65,9.65,0.00,0.00,0.00,0.00,0.00,0.00,0.00
TXN-A-000273-L545,TXN-A-000273,TXN-B-000273-L546,TXN-B-000273,EXACT_PRIMARY_ID,100.00,IDENTITY_MATCHED,QUANTITY_MATCHED,PRICE_MATCHED,AMOUNT_MATCHED,MATCHED,N,0.00,0.00,0.00,PRD-0110,PRD-0110,AURORA Storage Container 5 W,AURORA Storage Container 5 W,169.56,169.56,3.80,3.80,44.62,44.62,0.00,0.00,0.00,0.00,0.00,0.00,0.00
TXN-A-000274-L547,TXN-A-000274,TXN-B-000274-L548,TXN-B-000274,EXACT_PRIMARY_ID,100.00,IDENTITY_MATCHED,QUANTITY_MATCHED,PRICE_MATCHED,AMOUNT_MATCHED,MATCHED,N,0.00,0.00,0.00,PRD-0108,PRD-0108,NEXUS Spatula Set 500 MG,NEXUS Spatula Set 500 MG,940.87,940.87,9.08,9.08,103.62,103.62,0.00,0.00,0.00,0.00,0.00,0.00,0.00
TXN-A-000275-L549,TXN-A-000275,TXN-B-000275-L550,TXN-B-000275,EXACT_PRIMARY_ID,100.00,IDENTITY_MATCHED,QUANTITY_MATCHED,PRICE_MATCHED,AMOUNT_MATCHED,MATCHED,N,0.00,0.00,0.00,PRD-0034,PRD-0034,ZENITH Stapler 100 MG,ZENITH Stapler 100 MG,697.88,697.88,8.73,8.73,79.94,79.94,0.00,0.00,0.00,0.00,0.00,0.00,0.00
TXN-A-000276-L551,TXN-A-000276,TXN-B-000276-L552,TXN-B-000276,EXACT_PRIMARY_ID,100.00,IDENTITY_MATCHED,QUANTITY_MATCHED,PRICE_MATCHED,AMOUNT_MATCHED,MATCHED,N,0.00,0.00,0.00,PRD-0081,PRD-0081,NEXUS Body Wash 500 G,NEXUS Body Wash 500 G,407.63,407.63,7.23,7.23,56.38,56.38,0.00,0.00,0.00,0.00,0.00,0.00,0.00
TXN-A-000277-L553,TXN-A-000277,TXN-B-000277-L554,TXN-B-000277,EXACT_PRIMARY_ID,100.00,IDENTITY_MATCHED,QUANTITY_MATCHED,PRICE_MATCHED,AMOUNT_MATCHED,MATCHED,N,0.00,0.00,0.00,PRD-0081,PRD-0081,NEXUS Body Wash 500 G,NEXUS Body Wash 500 G,147.15,147.15,2.61,2.61,56.38,56.38,0.00,0.00,0.00,0.00,0.00,0.00,0.00
TXN-A-000278-L555,TXN-A-000278,TXN-B-000278-L556,TXN-B-000278,EXACT_PRIMARY_ID,100.00,IDENTITY_MATCHED,QUANTITY_MATCHED,PRICE_MATCHED,AMOUNT_MATCHED,MATCHED,N,0.00,0.00,0.00,PRD-0139,PRD-0139,ZENITH Eraser Pack 500 G,ZENITH Eraser Pack 500 G,181.11,181.11,3.99,3.99,45.39,45.39,0.00,0.00,0.00,0.00,0.00,0.00,0.00
TXN-A-000279-L557,TXN-A-000279,TXN-B-000279-L558,TXN-B-000279,EXACT_PRIMARY_ID,100.00,IDENTITY_MATCHED,QUANTITY_MATCHED,PRICE_MATCHED,AMOUNT_MATCHED,MATCHED,N,0.00,0.00,0.00,PRD-0029,PRD-0029,AURORA Highlighter Set 9 V,AURORA Highlighter Set 9 V,176.97,176.97,6.77,6.77,26.14,26.14,0.00,0.00,0.00,0.00,0.00,0.00,0.00
TXN-A-000280-L559,TXN-A-000280,TXN-B-000280-L560,TXN-B-000280,EXACT_PRIMARY_ID,100.00,IDENTITY_MATCHED,QUANTITY_MATCHED,PRICE_MATCHED,AMOUNT_MATCHED,MATCHED,N,0.00,0.00,0.00,PRD-0017,PRD-0017,AURORA Surface Wipes 9 V,AURORA Surface Wipes 9 V,256.72,256.72,3.18,3.18,80.73,80.73,0.00,0.00,0.00,0.00,0.00,0.00,0.00
TXN-A-000281-L561,TXN-A-000281,TXN-B-000281-L562,TXN-B-000281,EXACT_PRIMARY_ID,100.00,IDENTITY_MATCHED,QUANTITY_MATCHED,PRICE_MATCHED,AMOUNT_MATCHED,MATCHED,N,0.00,0.00,0.00,PRD-0072,PRD-0072,NEXUS Mouse Pad 100 G,NEXUS Mouse Pad 100 G,59.81,59.81,1.36,1.36,43.98,43.98,0.00,0.00,0.00,0.00,0.00,0.00,0.00
TXN-A-000282-L563,TXN-A-000282,TXN-B-000282-L564,TXN-B-000282,EXACT_PRIMARY_ID,100.00,IDENTITY_MATCHED,QUANTITY_MATCHED,PRICE_MATCHED,AMOUNT_MATCHED,MATCHED,N,0.00,0.00,0.00,PRD-0061,PRD-0061,ZENITH Battery Pack 200 G,ZENITH Battery Pack 200 G,321.09,321.09,5.01,5.01,64.09,64.09,0.00,0.00,0.00,0.00,0.00,0.00,0.00
TXN-A-000283-L565,TXN-A-000283,TXN-B-000283-L566,TXN-B-000283,EXACT_PRIMARY_ID,100.00,IDENTITY_MATCHED,QUANTITY_MATCHED,PRICE_MATCHED,AMOUNT_MATCHED,MATCHED,N,0.00,0.00,0.00,PRD-0058,PRD-0058,ZENITH Screen Protector 3 V,ZENITH Screen Protector 3 V,453.87,453.87,6.22,6.22,72.97,72.97,0.00,0.00,0.00,0.00,0.00,0.00,0.00
TXN-A-000284-L567,TXN-A-000284,TXN-B-000284-L568,TXN-B-000284,EXACT_PRIMARY_ID,100.00,IDENTITY_MATCHED,QUANTITY_MATCHED,PRICE_MATCHED,AMOUNT_MATCHED,MATCHED,N,0.00,0.00,0.00,PRD-0121,PRD-0121,ZENITH Notebook 1 L,ZENITH Notebook 1 L,177.14,177.14,8.27,8.27,21.42,21.42,0.00,0.00,0.00,0.00,0.00,0.00,0.00
TXN-A-000285-L569,TXN-A-000285,TXN-B-000285-L570,TXN-B-000285,EXACT_PRIMARY_ID,100.00,IDENTITY_MATCHED,QUANTITY_MATCHED,PRICE_MATCHED,AMOUNT_MATCHED,MATCHED,N,0.00,0.00,0.00,PRD-0126,PRD-0126,NEXUS Sketch Pad 250 ML,NEXUS Sketch Pad 250 ML,427.27,427.27,5.21,5.21,82.01,82.01,0.00,0.00,0.00,0.00,0.00,0.00,0.00
TXN-A-000286-L571,TXN-A-000286,TXN-B-000286-L572,TXN-B-000286,EXACT_PRIMARY_ID,100.00,IDENTITY_MATCHED,QUANTITY_MATCHED,PRICE_MATCHED,AMOUNT_MATCHED,MATCHED,N,0.00,0.00,0.00,PRD-0096,PRD-0096,NEXUS Lotion 1 KG,NEXUS Lotion 1 KG,28.75,28.75,1.12,1.12,25.67,25.67,0.00,0.00,0.00,0.00,0.00,0.00,0.00
TXN-A-000287-L573,TXN-A-000287,TXN-B-000287-L574,TXN-B-000287,EXACT_PRIMARY_ID,100.00,IDENTITY_MATCHED,QUANTITY_MATCHED,PRICE_MATCHED,AMOUNT_MATCHED,MATCHED,N,0.00,0.00,0.00,PRD-0116,PRD-0116,AURORA Can Opener 500 MG,AURORA Can Opener 500 MG,623.77,623.77,7.74,7.74,80.59,80.59,0.00,0.00,0.00,0.00,0.00,0.00,0.00
TXN-A-000288-L575,TXN-A-000288,TXN-B-000288-L576,TXN-B-000288,EXACT_PRIMARY_ID,100.00,IDENTITY_MATCHED,QUANTITY_MATCHED,PRICE_MATCHED,AMOUNT_MATCHED,MATCHED,N,0.00,0.00,0.00,PRD-0129,PRD-0129,NEXUS Colored Pencil Set 750 ML,NEXUS Colored Pencil Set 750 ML,535.01,535.01,5.64,5.64,94.86,94.86,0.00,0.00,0.00,0.00,0.00,0.00,0.00
TXN-A-000289-L577,TXN-A-000289,TXN-B-000289-L578,TXN-B-000289,EXACT_PRIMARY_ID,100.00,IDENTITY_MATCHED,QUANTITY_MATCHED,PRICE_MATCHED,AMOUNT_MATCHED,MATCHED,N,0.00,0.00,0.00,PRD-0073,PRD-0073,ZENITH Hand Soap 250 MG,ZENITH Hand Soap 250 MG,161.36,161.36,7.14,7.14,22.60,22.60,0.00,0.00,0.00,0.00,0.00,0.00,0.00
TXN-A-000290-L579,TXN-A-000290,TXN-B-000290-L580,TXN-B-000290,EXACT_PRIMARY_ID,100.00,IDENTITY_MATCHED,QUANTITY_MATCHED,PRICE_MATCHED,AMOUNT_MATCHED,MATCHED,N,0.00,0.00,0.00,PRD-0012,PRD-0012,NEXUS Laundry Detergent 3 V,NEXUS Laundry Detergent 3 V,52.78,52.78,2.37,2.37,22.27,22.27,0.00,0.00,0.00,0.00,0.00,0.00,0.00
TXN-A-000291-L581,TXN-A-000291,TXN-B-000291-L582,TXN-B-000291,EXACT_PRIMARY_ID,100.00,IDENTITY_MATCHED,QUANTITY_MATCHED,PRICE_MATCHED,AMOUNT_MATCHED,MATCHED,N,0.00,0.00,0.00,PRD-0024,PRD-0024,NEXUS Floor Polish 100 MG,NEXUS Floor Polish 100 MG,433.82,433.82,5.73,5.73,75.71,75.71,0.00,0.00,0.00,0.00,0.00,0.00,0.00
TXN-A-000292-L583,TXN-A-000292,TXN-B-000292-L584,TXN-B-000292,EXACT_PRIMARY_ID,100.00,IDENTITY_MATCHED,QUANTITY_MATCHED,PRICE_MATCHED,AMOUNT_MATCHED,MATCHED,N,0.00,0.00,0.00,PRD-0086,PRD-0086,AURORA Deodorant 500 G,AURORA Deodorant 500 G,516.82,516.82,9.88,9.88,52.31,52.31,0.00,0.00,0.00,0.00,0.00,0.00,0.00
TXN-A-000293-L585,TXN-A-000293,TXN-B-000293-L586,TXN-B-000293,EXACT_PRIMARY_ID,100.00,IDENTITY_MATCHED,QUANTITY_MATCHED,PRICE_MATCHED,AMOUNT_MATCHED,MATCHED,N,0.00,0.00,0.00,PRD-0006,PRD-0006,NEXUS Glass Spray 9 V,NEXUS Glass Spray 9 V,835.85,835.85,9.94,9.94,84.09,84.09,0.00,0.00,0.00,0.00,0.00,0.00,0.00
TXN-A-000294-L587,TXN-A-000294,TXN-B-000294-L588,TXN-B-000294,EXACT_PRIMARY_ID,100.00,IDENTITY_MATCHED,QUANTITY_MATCHED,PRICE_MATCHED,AMOUNT_MATCHED,MATCHED,N,0.00,0.00,0.00,PRD-0069,PRD-0069,NEXUS HDMI Cable 1.5 L,NEXUS HDMI Cable 1.5 L,409.60,409.60,9.02,9.02,45.41,45.41,0.00,0.00,0.00,0.00,0.00,0.00,0.00
TXN-A-000295-L589,TXN-A-000295,TXN-B-000295-L590,TXN-B-000295,EXACT_PRIMARY_ID,100.00,IDENTITY_MATCHED,QUANTITY_MATCHED,PRICE_MATCHED,AMOUNT_MATCHED,MATCHED,N,0.00,0.00,0.00,PRD-0116,PRD-0116,AURORA Can Opener 500 MG,AURORA Can Opener 500 MG,796.23,796.23,9.88,9.88,80.59,80.59,0.00,0.00,0.00,0.00,0.00,0.00,0.00
TXN-A-000296-L591,TXN-A-000296,TXN-B-000296-L592,TXN-B-000296,EXACT_PRIMARY_ID,100.00,IDENTITY_MATCHED,QUANTITY_MATCHED,PRICE_MATCHED,AMOUNT_MATCHED,MATCHED,N,0.00,0.00,0.00,PRD-0116,PRD-0116,AURORA Can Opener 500 MG,AURORA Can Opener 500 MG,643.11,643.11,7.98,7.98,80.59,80.59,0.00,0.00,0.00,0.00,0.00,0.00,0.00
TXN-A-000297-L593,TXN-A-000297,TXN-B-000297-L594,TXN-B-000297,EXACT_PRIMARY_ID,100.00,IDENTITY_MATCHED,QUANTITY_MATCHED,PRICE_MATCHED,AMOUNT_MATCHED,MATCHED,N,0.00,0.00,0.00,PRD-0095,PRD-0095,AURORA Lotion 1 KG,AURORA Lotion 1 KG,148.91,148.91,1.27,1.27,117.25,117.25,0.00,0.00,0.00,0.00,0.00,0.00,0.00
TXN-A-000298-L595,TXN-A-000298,TXN-B-000298-L596,TXN-B-000298,EXACT_PRIMARY_ID,100.00,IDENTITY_MATCHED,QUANTITY_MATCHED,PRICE_MATCHED,AMOUNT_MATCHED,MATCHED,N,0.00,0.00,0.00,PRD-0146,PRD-0146,AURORA Screwdriver Set 500 ML,AURORA Screwdriver Set 500 ML,854.24,854.24,9.34,9.34,91.46,91.46,0.00,0.00,0.00,0.00,0.00,0.00,0.00
TXN-A-000299-L597,TXN-A-000299,TXN-B-000299-L598,TXN-B-000299,EXACT_PRIMARY_ID,100.00,IDENTITY_MATCHED,QUANTITY_MATCHED,PRICE_MATCHED,AMOUNT_MATCHED,MATCHED,N,0.00,0.00,0.00,PRD-0146,PRD-0146,AURORA Screwdriver Set 500 ML,AURORA Screwdriver Set 500 ML,302.73,302.73,3.31,3.31,91.46,91.46,0.00,0.00,0.00,0.00,0.00,0.00,0.00
TXN-A-000300-L599,TXN-A-000300,TXN-B-000300-L600,TXN-B-000300,EXACT_PRIMARY_ID,100.00,IDENTITY_MATCHED,QUANTITY_MATCHED,PRICE_MATCHED,AMOUNT_MATCHED,MATCHED,N,0.00,0.00,0.00,PRD-0142,PRD-0142,ZENITH Marker Set 750 ML,ZENITH Marker Set 750 ML,284.68,284.68,8.43,8.43,33.77,33.77,0.00,0.00,0.00,0.00,0.00,0.00,0.00
TXN-A-000301-L601,TXN-A-000301,TXN-B-000301-L602,TXN-B-000301,EXACT_PRIMARY_ID,100.00,IDENTITY_MATCHED,QUANTITY_MATCHED,PRICE_MATCHED,AMOUNT_MATCHED,MATCHED,N,0.00,0.00,0.00,PRD-0089,PRD-0089,AURORA Face Cream 500 ML,AURORA Face Cream 500 ML,156.69,156.69,3.13,3.13,50.06,50.06,0.00,0.00,0.00,0.00,0.00,0.00,0.00
TXN-A-000302-L603,TXN-A-000302,TXN-B-000302-L604,TXN-B-000302,EXACT_PRIMARY_ID,100.00,IDENTITY_MATCHED,QUANTITY_MATCHED,PRICE_MATCHED,AMOUNT_MATCHED,MATCHED,N,0.00,0.00,0.00,PRD-0099,PRD-0099,NEXUS Cutting Board 500 ML,NEXUS Cutting Board 500 ML,696.28,696.28,6.17,6.17,112.85,112.85,0.00,0.00,0.00,0.00,0.00,0.00,0.00
TXN-A-000303-L605,TXN-A-000303,TXN-B-000303-L606,TXN-B-000303,EXACT_PRIMARY_ID,100.00,IDENTITY_MATCHED,QUANTITY_MATCHED,PRICE_MATCHED,AMOUNT_MATCHED,MATCHED,N,0.00,0.00,0.00,PRD-0126,PRD-0126,NEXUS Sketch Pad 250 ML,NEXUS Sketch Pad 250 ML,750.39,750.39,9.15,9.15,82.01,82.01,0.00,0.00,0.00,0.00,0.00,0.00,0.00
TXN-A-000304-L607,TXN-A-000304,TXN-B-000304-L608,TXN-B-000304,EXACT_PRIMARY_ID,100.00,IDENTITY_MATCHED,QUANTITY_MATCHED,PRICE_MATCHED,AMOUNT_MATCHED,MATCHED,N,0.00,0.00,0.00,PRD-0021,PRD-0021,NEXUS Air Freshener 30 CM,NEXUS Air Freshener 30 CM,20.29,20.29,1.46,1.46,13.90,13.90,0.00,0.00,0.00,0.00,0.00,0.00,0.00
TXN-A-000305-L609,TXN-A-000305,TXN-B-000305-L610,TXN-B-000305,EXACT_PRIMARY_ID,100.00,IDENTITY_MATCHED,QUANTITY_MATCHED,PRICE_MATCHED,AMOUNT_MATCHED,MATCHED,N,0.00,0.00,0.00,PRD-0076,PRD-0076,ZENITH Shampoo 200 G,ZENITH Shampoo 200 G,65.59,65.59,5.35,5.35,12.26,12.26,0.00,0.00,0.00,0.00,0.00,0.00,0.00
TXN-A-000306-L611,TXN-A-000306,TXN-B-000306-L612,TXN-B-000306,EXACT_PRIMARY_ID,100.00,IDENTITY_MATCHED,QUANTITY_MATCHED,PRICE_MATCHED,AMOUNT_MATCHED,MATCHED,N,0.00,0.00,0.00,PRD-0057,PRD-0057,NEXUS Phone Case 1 L,NEXUS Phone Case 1 L,208.47,208.47,6.57,6.57,31.73,31.73,0.00,0.00,0.00,0.00,0.00,0.00,0.00
TXN-A-000307-L613,TXN-A-000307,TXN-B-000307-L614,TXN-B-000307,EXACT_PRIMARY_ID,100.00,IDENTITY_MATCHED,QUANTITY_MATCHED,PRICE_MATCHED,AMOUNT_MATCHED,MATCHED,N,0.00,0.00,0.00,PRD-0081,PRD-0081,NEXUS Body Wash 500 G,NEXUS Body Wash 500 G,454.99,454.99,8.07,8.07,56.38,56.38,0.00,0.00,0.00,0.00,0.00,0.00,0.00
TXN-A-000308-L615,TXN-A-000308,TXN-B-000308-L616,TXN-B-000308,EXACT_PRIMARY_ID,100.00,IDENTITY_MATCHED,QUANTITY_MATCHED,PRICE_MATCHED,AMOUNT_MATCHED,MATCHED,N,0.00,0.00,0.00,PRD-0116,PRD-0116,AURORA Can Opener 500 MG,AURORA Can Opener 500 MG,782.53,782.53,9.71,9.71,80.59,80.59,0.00,0.00,0.00,0.00,0.00,0.00,0.00
TXN-A-000309-L617,TXN-A-000309,TXN-B-000309-L618,TXN-B-000309,EXACT_PRIMARY_ID,100.00,IDENTITY_MATCHED,QUANTITY_MATCHED,PRICE_MATCHED,AMOUNT_MATCHED,MATCHED,N,0.00,0.00,0.00,PRD-0047,PRD-0047,AURORA Tape Dispenser 45 CM,AURORA Tape Dispenser 45 CM,15.04,15.04,7.23,7.23,2.08,2.08,0.00,0.00,0.00,0.00,0.00,0.00,0.00
TXN-A-000310-L619,TXN-A-000310,TXN-B-000310-L620,TXN-B-000310,EXACT_PRIMARY_ID,100.00,IDENTITY_MATCHED,QUANTITY_MATCHED,PRICE_MATCHED,AMOUNT_MATCHED,MATCHED,N,0.00,0.00,0.00,PRD-0145,PRD-0145,ZENITH Screwdriver Set 10 W,ZENITH Screwdriver Set 10 W,247.22,247.22,7.74,7.74,31.94,31.94,0.00,0.00,0.00,0.00,0.00,0.00,0.00
TXN-A-000311-L621,TXN-A-000311,TXN-B-000311-L622,TXN-B-000311,EXACT_PRIMARY_ID,100.00,IDENTITY_MATCHED,QUANTITY_MATCHED,PRICE_MATCHED,AMOUNT_MATCHED,MATCHED,N,0.00,0.00,0.00,PRD-0074,PRD-0074,AURORA Hand Soap 1.5 V,AURORA Hand Soap 1.5 V,162.11,162.11,2.24,2.24,72.37,72.37,0.00,0.00,0.00,0.00,0.00,0.00,0.00
TXN-A-000312-L623,TXN-A-000312,TXN-B-000312-L624,TXN-B-000312,EXACT_PRIMARY_ID,100.00,IDENTITY_MATCHED,QUANTITY_MATCHED,PRICE_MATCHED,AMOUNT_MATCHED,MATCHED,N,0.00,0.00,0.00,PRD-0046,PRD-0046,ZENITH Tape Dispenser 250 ML,ZENITH Tape Dispenser 250 ML,123.07,123.07,4.43,4.43,27.78,27.78,0.00,0.00,0.00,0.00,0.00,0.00,0.00
TXN-A-000313-L625,TXN-A-000313,TXN-B-000313-L626,TXN-B-000313,EXACT_PRIMARY_ID,100.00,IDENTITY_MATCHED,QUANTITY_MATCHED,PRICE_MATCHED,AMOUNT_MATCHED,MATCHED,N,0.00,0.00,0.00,PRD-0056,PRD-0056,AURORA Phone Case 20 W,AURORA Phone Case 20 W,140.28,140.28,8.41,8.41,16.68,16.68,0.00,0.00,0.00,0.00,0.00,0.00,0.00
TXN-A-000314-L627,TXN-A-000314,TXN-B-000314-L628,TXN-B-000314,EXACT_PRIMARY_ID,100.00,IDENTITY_MATCHED,QUANTITY_MATCHED,PRICE_MATCHED,AMOUNT_MATCHED,MATCHED,N,0.00,0.00,0.00,PRD-0115,PRD-0115,ZENITH Can Opener 2000 MAH,ZENITH Can Opener 2000 MAH,221.57,221.57,3.44,3.44,64.41,64.41,0.00,0.00,0.00,0.00,0.00,0.00,0.00
TXN-A-000315-L629,TXN-A-000315,TXN-B-000315-L630,TXN-B-000315,EXACT_PRIMARY_ID,100.00,IDENTITY_MATCHED,QUANTITY_MATCHED,PRICE_MATCHED,AMOUNT_MATCHED,MATCHED,N,0.00,0.00,0.00,PRD-0138,PRD-0138,NEXUS Scissors 500 MG,NEXUS Scissors 500 MG,748.64,748.64,7.77,7.77,96.35,96.35,0.00,0.00,0.00,0.00,0.00,0.00,0.00
TXN-A-000316-L631,TXN-A-000316,TXN-B-000316-L632,TXN-B-000316,EXACT_PRIMARY_ID,100.00,IDENTITY_MATCHED,QUANTITY_MATCHED,PRICE_MATCHED,AMOUNT_MATCHED,MATCHED,N,0.00,0.00,0.00,PRD-0076,PRD-0076,ZENITH Shampoo 200 G,ZENITH Shampoo 200 G,76.26,76.26,6.22,6.22,12.26,12.26,0.00,0.00,0.00,0.00,0.00,0.00,0.00
TXN-A-000317-L633,TXN-A-000317,TXN-B-000317-L634,TXN-B-000317,EXACT_PRIMARY_ID,100.00,IDENTITY_MATCHED,QUANTITY_MATCHED,PRICE_MATCHED,AMOUNT_MATCHED,MATCHED,N,0.00,0.00,0.00,PRD-0037,PRD-0037,ZENITH Desk Organizer 5 W,ZENITH Desk Organizer 5 W,34.36,34.36,2.98,2.98,11.53,11.53,0.00,0.00,0.00,0.00,0.00,0.00,0.00
TXN-A-000318-L635,TXN-A-000318,TXN-B-000318-L636,TXN-B-000318,EXACT_PRIMARY_ID,100.00,IDENTITY_MATCHED,QUANTITY_MATCHED,PRICE_MATCHED,AMOUNT_MATCHED,MATCHED,N,0.00,0.00,0.00,PRD-0004,PRD-0004,ZENITH Glass Spray 750 ML,ZENITH Glass Spray 750 ML,422.56,422.56,4.21,4.21,100.37,100.37,0.00,0.00,0.00,0.00,0.00,0.00,0.00
TXN-A-000319-L637,TXN-A-000319,TXN-B-000319-L638,TXN-B-000319,EXACT_PRIMARY_ID,100.00,IDENTITY_MATCHED,QUANTITY_MATCHED,PRICE_MATCHED,AMOUNT_MATCHED,MATCHED,N,0.00,0.00,0.00,PRD-0110,PRD-0110,AURORA Storage Container 5 W,AURORA Storage Container 5 W,310.11,310.11,6.95,6.95,44.62,44.62,0.00,0.00,0.00,0.00,0.00,0.00,0.00
TXN-A-000320-L639,TXN-A-000320,TXN-B-000320-L640,TXN-B-000320,EXACT_PRIMARY_ID,100.00,IDENTITY_MATCHED,QUANTITY_MATCHED,PRICE_MATCHED,AMOUNT_MATCHED,MATCHED,N,0.00,0.00,0.00,PRD-0072,PRD-0072,NEXUS Mouse Pad 100 G,NEXUS Mouse Pad 100 G,64.65,64.65,1.47,1.47,43.98,43.98,0.00,0.00,0.00,0.00,0.00,0.00,0.00
TXN-A-000321-L641,TXN-A-000321,TXN-B-000321-L642,TXN-B-000321,EXACT_PRIMARY_ID,100.00,IDENTITY_MATCHED,QUANTITY_MATCHED,PRICE_MATCHED,AMOUNT_MATCHED,MATCHED,N,0.00,0.00,0.00,PRD-0128,PRD-0128,AURORA Colored Pencil Set 5 W,AURORA Colored Pencil Set 5 W,124.73,124.73,5.05,5.05,24.70,24.70,0.00,0.00,0.00,0.00,0.00,0.00,0.00
TXN-A-000322-L643,TXN-A-000322,TXN-B-000322-L644,TXN-B-000322,EXACT_PRIMARY_ID,100.00,IDENTITY_MATCHED,QUANTITY_MATCHED,PRICE_MATCHED,AMOUNT_MATCHED,MATCHED,N,0.00,0.00,0.00,PRD-0144,PRD-0144,NEXUS Marker Set 250 ML,NEXUS Marker Set 250 ML,282.35,282.35,7.05,7.05,40.05,40.05,0.00,0.00,0.00,0.00,0.00,0.00,0.00
TXN-A-000323-L645,TXN-A-000323,TXN-B-000323-L646,TXN-B-000323,EXACT_PRIMARY_ID,100.00,IDENTITY_MATCHED,QUANTITY_MATCHED,PRICE_MATCHED,AMOUNT_MATCHED,MATCHED,N,0.00,0.00,0.00,PRD-0032,PRD-0032,AURORA Binder Clip Box 3 V,AURORA Binder Clip Box 3 V,374.32,374.32,4.74,4.74,78.97,78.97,0.00,0.00,0.00,0.00,0.00,0.00,0.00
TXN-A-000324-L647,TXN-A-000324,TXN-B-000324-L648,TXN-B-000324,EXACT_PRIMARY_ID,100.00,IDENTITY_MATCHED,QUANTITY_MATCHED,PRICE_MATCHED,AMOUNT_MATCHED,MATCHED,N,0.00,0.00,0.00,PRD-0005,PRD-0005,AURORA Glass Spray 500 G,AURORA Glass Spray 500 G,356.98,356.98,3.21,3.21,111.21,111.21,0.00,0.00,0.00,0.00,0.00,0.00,0.00
TXN-A-000325-L649,TXN-A-000325,TXN-B-000325-L650,TXN-B-000325,EXACT_PRIMARY_ID,100.00,IDENTITY_MATCHED,QUANTITY_MATCHED,PRICE_MATCHED,AMOUNT_MATCHED,MATCHED,N,0.00,0.00,0.00,PRD-0108,PRD-0108,NEXUS Spatula Set 500 MG,NEXUS Spatula Set 500 MG,512.92,512.92,4.95,4.95,103.62,103.62,0.00,0.00,0.00,0.00,0.00,0.00,0.00
TXN-A-000326-L651,TXN-A-000326,TXN-B-000326-L652,TXN-B-000326,EXACT_PRIMARY_ID,100.00,IDENTITY_MATCHED,QUANTITY_MATCHED,PRICE_MATCHED,AMOUNT_MATCHED,MATCHED,N,0.00,0.00,0.00,PRD-0041,PRD-0041,AURORA File Folder Pack 9 V,AURORA File Folder Pack 9 V,407.75,407.75,6.89,6.89,59.18,59.18,0.00,0.00,0.00,0.00,0.00,0.00,0.00
TXN-A-000327-L653,TXN-A-000327,TXN-B-000327-L654,TXN-B-000327,EXACT_PRIMARY_ID,100.00,IDENTITY_MATCHED,QUANTITY_MATCHED,PRICE_MATCHED,AMOUNT_MATCHED,MATCHED,N,0.00,0.00,0.00,PRD-0086,PRD-0086,AURORA Deodorant 500 G,AURORA Deodorant 500 G,517.35,517.35,9.89,9.89,52.31,52.31,0.00,0.00,0.00,0.00,0.00,0.00,0.00
TXN-A-000328-L655,TXN-A-000328,TXN-B-000328-L656,TXN-B-000328,EXACT_PRIMARY_ID,100.00,IDENTITY_MATCHED,QUANTITY_MATCHED,PRICE_MATCHED,AMOUNT_MATCHED,MATCHED,N,0.00,0.00,0.00,PRD-0019,PRD-0019,ZENITH Air Freshener 45 CM,ZENITH Air Freshener 45 CM,253.81,253.81,6.55,6.55,38.75,38.75,0.00,0.00,0.00,0.00,0.00,0.00,0.00
TXN-A-000329-L657,TXN-A-000329,TXN-B-000329-L658,TXN-B-000329,EXACT_PRIMARY_ID,100.00,IDENTITY_MATCHED,QUANTITY_MATCHED,PRICE_MATCHED,AMOUNT_MATCHED,MATCHED,N,0.00,0.00,0.00,PRD-0053,PRD-0053,AURORA Power Adapter 1 L,AURORA Power Adapter 1 L,195.35,195.35,4.46,4.46,43.80,43.80,0.00,0.00,0.00,0.00,0.00,0.00,0.00
TXN-A-000330-L659,TXN-A-000330,TXN-B-000330-L660,TXN-B-000330,EXACT_PRIMARY_ID,100.00,IDENTITY_MATCHED,QUANTITY_MATCHED,PRICE_MATCHED,AMOUNT_MATCHED,MATCHED,N,0.00,0.00,0.00,PRD-0147,PRD-0147,NEXUS Screwdriver Set 100 MG,NEXUS Screwdriver Set 100 MG,139.36,139.36,2.31,2.31,60.33,60.33,0.00,0.00,0.00,0.00,0.00,0.00,0.00
TXN-A-000331-L661,TXN-A-000331,TXN-B-000331-L662,TXN-B-000331,EXACT_PRIMARY_ID,100.00,IDENTITY_MATCHED,QUANTITY_MATCHED,PRICE_MATCHED,AMOUNT_MATCHED,MATCHED,N,0.00,0.00,0.00,PRD-0102,PRD-0102,NEXUS Mixing Bowl Set 15 W,NEXUS Mixing Bowl Set 15 W,224.44,224.44,3.83,3.83,58.60,58.60,0.00,0.00,0.00,0.00,0.00,0.00,0.00
TXN-A-000332-L663,TXN-A-000332,TXN-B-000332-L664,TXN-B-000332,EXACT_PRIMARY_ID,100.00,IDENTITY_MATCHED,QUANTITY_MATCHED,PRICE_MATCHED,AMOUNT_MATCHED,MATCHED,N,0.00,0.00,0.00,PRD-0083,PRD-0083,AURORA Toothpaste 3 V,AURORA Toothpaste 3 V,392.68,392.68,8.33,8.33,47.14,47.14,0.00,0.00,0.00,0.00,0.00,0.00,0.00
TXN-A-000333-L665,TXN-A-000333,TXN-B-000333-L666,TXN-B-000333,EXACT_PRIMARY_ID,100.00,IDENTITY_MATCHED,QUANTITY_MATCHED,PRICE_MATCHED,AMOUNT_MATCHED,MATCHED,N,0.00,0.00,0.00,PRD-0012,PRD-0012,NEXUS Laundry Detergent 3 V,NEXUS Laundry Detergent 3 V,208.67,208.67,9.37,9.37,22.27,22.27,0.00,0.00,0.00,0.00,0.00,0.00,0.00
TXN-A-000334-L667,TXN-A-000334,TXN-B-000334-L668,TXN-B-000334,EXACT_PRIMARY_ID,100.00,IDENTITY_MATCHED,QUANTITY_MATCHED,PRICE_MATCHED,AMOUNT_MATCHED,MATCHED,N,0.00,0.00,0.00,PRD-0033,PRD-0033,NEXUS Binder Clip Box 45 CM,NEXUS Binder Clip Box 45 CM,127.37,127.37,5.80,5.80,21.96,21.96,0.00,0.00,0.00,0.00,0.00,0.00,0.00
TXN-A-000335-L669,TXN-A-000335,TXN-B-000335-L670,TXN-B-000335,EXACT_PRIMARY_ID,100.00,IDENTITY_MATCHED,QUANTITY_MATCHED,PRICE_MATCHED,AMOUNT_MATCHED,MATCHED,N,0.00,0.00,0.00,PRD-0043,PRD-0043,ZENITH Whiteboard Marker 20 W,ZENITH Whiteboard Marker 20 W,468.57,468.57,8.28,8.28,56.59,56.59,0.00,0.00,0.00,0.00,0.00,0.00,0.00
TXN-A-000336-L671,TXN-A-000336,TXN-B-000336-L672,TXN-B-000336,EXACT_PRIMARY_ID,100.00,IDENTITY_MATCHED,QUANTITY_MATCHED,PRICE_MATCHED,AMOUNT_MATCHED,MATCHED,N,0.00,0.00,0.00,PRD-0084,PRD-0084,NEXUS Toothpaste 15 W,NEXUS Toothpaste 15 W,116.04,116.04,3.51,3.51,33.06,33.06,0.00,0.00,0.00,0.00,0.00,0.00,0.00
TXN-A-000337-L673,TXN-A-000337,TXN-B-000337-L674,TXN-B-000337,EXACT_PRIMARY_ID,100.00,IDENTITY_MATCHED,QUANTITY_MATCHED,PRICE_MATCHED,AMOUNT_MATCHED,MATCHED,N,0.00,0.00,0.00,PRD-0115,PRD-0115,ZENITH Can Opener 2000 MAH,ZENITH Can Opener 2000 MAH,167.47,167.47,2.60,2.60,64.41,64.41,0.00,0.00,0.00,0.00,0.00,0.00,0.00
TXN-A-000338-L675,TXN-A-000338,TXN-B-000338-L676,TXN-B-000338,EXACT_PRIMARY_ID,100.00,IDENTITY_MATCHED,QUANTITY_MATCHED,PRICE_MATCHED,AMOUNT_MATCHED,MATCHED,N,0.00,0.00,0.00,PRD-0113,PRD-0113,AURORA Kitchen Towel 20 W,AURORA Kitchen Towel 20 W,659.37,659.37,9.24,9.24,71.36,71.36,0.00,0.00,0.00,0.00,0.00,0.00,0.00
TXN-A-000339-L677,TXN-A-000339,TXN-B-000339-L678,TXN-B-000339,EXACT_PRIMARY_ID,100.00,IDENTITY_MATCHED,QUANTITY_MATCHED,PRICE_MATCHED,AMOUNT_MATCHED,MATCHED,N,0.00,0.00,0.00,PRD-0147,PRD-0147,NEXUS Screwdriver Set 100 MG,NEXUS Screwdriver Set 100 MG,556.85,556.85,9.23,9.23,60.33,60.33,0.00,0.00,0.00,0.00,0.00,0.00,0.00
TXN-A-000340-L679,TXN-A-000340,TXN-B-000340-L680,TXN-B-000340,EXACT_PRIMARY_ID,100.00,IDENTITY_MATCHED,QUANTITY_MATCHED,PRICE_MATCHED,AMOUNT_MATCHED,MATCHED,N,0.00,0.00,0.00,PRD-0089,PRD-0089,AURORA Face Cream 500 ML,AURORA Face Cream 500 ML,172.21,172.21,3.44,3.44,50.06,50.06,0.00,0.00,0.00,0.00,0.00,0.00,0.00
TXN-A-000341-L681,TXN-A-000341,TXN-B-000341-L682,TXN-B-000341,EXACT_PRIMARY_ID,100.00,IDENTITY_MATCHED,QUANTITY_MATCHED,PRICE_MATCHED,AMOUNT_MATCHED,MATCHED,N,0.00,0.00,0.00,PRD-0145,PRD-0145,ZENITH Screwdriver Set 10 W,ZENITH Screwdriver Set 10 W,267.34,267.34,8.37,8.37,31.94,31.94,0.00,0.00,0.00,0.00,0.00,0.00,0.00
TXN-A-000342-L683,TXN-A-000342,TXN-B-000342-L684,TXN-B-000342,EXACT_PRIMARY_ID,100.00,IDENTITY_MATCHED,QUANTITY_MATCHED,PRICE_MATCHED,AMOUNT_MATCHED,MATCHED,N,0.00,0.00,0.00,PRD-0084,PRD-0084,NEXUS Toothpaste 15 W,NEXUS Toothpaste 15 W,229.11,229.11,6.93,6.93,33.06,33.06,0.00,0.00,0.00,0.00,0.00,0.00,0.00
TXN-A-000343-L685,TXN-A-000343,TXN-B-000343-L686,TXN-B-000343,EXACT_PRIMARY_ID,100.00,IDENTITY_MATCHED,QUANTITY_MATCHED,PRICE_MATCHED,AMOUNT_MATCHED,MATCHED,N,0.00,0.00,0.00,PRD-0126,PRD-0126,NEXUS Sketch Pad 250 ML,NEXUS Sketch Pad 250 ML,215.69,215.69,2.63,2.63,82.01,82.01,0.00,0.00,0.00,0.00,0.00,0.00,0.00
TXN-A-000344-L687,TXN-A-000344,TXN-B-000344-L688,TXN-B-000344,EXACT_PRIMARY_ID,100.00,IDENTITY_MATCHED,QUANTITY_MATCHED,PRICE_MATCHED,AMOUNT_MATCHED,MATCHED,N,0.00,0.00,0.00,PRD-0028,PRD-0028,ZENITH Highlighter Set 500 ML,ZENITH Highlighter Set 500 ML,864.94,864.94,7.63,7.63,113.36,113.36,0.00,0.00,0.00,0.00,0.00,0.00,0.00
TXN-A-000345-L689,TXN-A-000345,TXN-B-000345-L690,TXN-B-000345,EXACT_PRIMARY_ID,100.00,IDENTITY_MATCHED,QUANTITY_MATCHED,PRICE_MATCHED,AMOUNT_MATCHED,MATCHED,N,0.00,0.00,0.00,PRD-0005,PRD-0005,AURORA Glass Spray 500 G,AURORA Glass Spray 500 G,530.47,530.47,4.77,4.77,111.21,111.21,0.00,0.00,0.00,0.00,0.00,0.00,0.00
TXN-A-000346-L691,TXN-A-000346,TXN-B-000346-L692,TXN-B-000346,EXACT_PRIMARY_ID,100.00,IDENTITY_MATCHED,QUANTITY_MATCHED,PRICE_MATCHED,AMOUNT_MATCHED,MATCHED,N,0.00,0.00,0.00,PRD-0109,PRD-0109,ZENITH Storage Container 20 W,ZENITH Storage Container 20 W,325.32,325.32,3.65,3.65,89.13,89.13,0.00,0.00,0.00,0.00,0.00,0.00,0.00
TXN-A-000347-L693,TXN-A-000347,TXN-B-000347-L694,TXN-B-000347,EXACT_PRIMARY_ID,100.00,IDENTITY_MATCHED,QUANTITY_MATCHED,PRICE_MATCHED,AMOUNT_MATCHED,MATCHED,N,0.00,0.00,0.00,PRD-0003,PRD-0003,NEXUS All Purpose Cleaner 250 ML,NEXUS All Purpose Cleaner 250 ML,1066.46,1066.46,9.14,9.14,116.68,116.68,0.00,0.00,0.00,0.00,0.00,0.00,0.00
TXN-A-000348-L695,TXN-A-000348,TXN-B-000348-L696,TXN-B-000348,EXACT_PRIMARY_ID,100.00,IDENTITY_MATCHED,QUANTITY_MATCHED,PRICE_MATCHED,AMOUNT_MATCHED,MATCHED,N,0.00,0.00,0.00,PRD-0029,PRD-0029,AURORA Highlighter Set 9 V,AURORA Highlighter Set 9 V,190.30,190.30,7.28,7.28,26.14,26.14,0.00,0.00,0.00,0.00,0.00,0.00,0.00
TXN-A-000349-L697,TXN-A-000349,TXN-B-000349-L698,TXN-B-000349,EXACT_PRIMARY_ID,100.00,IDENTITY_MATCHED,QUANTITY_MATCHED,PRICE_MATCHED,AMOUNT_MATCHED,MATCHED,N,0.00,0.00,0.00,PRD-0019,PRD-0019,ZENITH Air Freshener 45 CM,ZENITH Air Freshener 45 CM,115.09,115.09,2.97,2.97,38.75,38.75,0.00,0.00,0.00,0.00,0.00,0.00,0.00
TXN-A-000350-L699,TXN-A-000350,TXN-B-000350-L700,TXN-B-000350,EXACT_PRIMARY_ID,100.00,IDENTITY_MATCHED,QUANTITY_MATCHED,PRICE_MATCHED,AMOUNT_MATCHED,MATCHED,N,0.00,0.00,0.00,PRD-0022,PRD-0022,ZENITH Floor Polish 2000 MAH,ZENITH Floor Polish 2000 MAH,53.93,53.93,9.11,9.11,5.92,5.92,0.00,0.00,0.00,0.00,0.00,0.00,0.00
TXN-A-000351-L701,TXN-A-000351,TXN-B-000351-L702,TXN-B-000351,EXACT_PRIMARY_ID,100.00,IDENTITY_MATCHED,QUANTITY_MATCHED,PRICE_MATCHED,AMOUNT_MATCHED,MATCHED,N,0.00,0.00,0.00,PRD-0147,PRD-0147,NEXUS Screwdriver Set 100 MG,NEXUS Screwdriver Set 100 MG,514.61,514.61,8.53,8.53,60.33,60.33,0.00,0.00,0.00,0.00,0.00,0.00,0.00
TXN-A-000352-L703,TXN-A-000352,TXN-B-000352-L704,TXN-B-000352,EXACT_PRIMARY_ID,100.00,IDENTITY_MATCHED,QUANTITY_MATCHED,PRICE_MATCHED,AMOUNT_MATCHED,MATCHED,N,0.00,0.00,0.00,PRD-0137,PRD-0137,AURORA Scissors 100 MG,AURORA Scissors 100 MG,676.08,676.08,7.19,7.19,94.03,94.03,0.00,0.00,0.00,0.00,0.00,0.00,0.00
TXN-A-000353-L705,TXN-A-000353,TXN-B-000353-L706,TXN-B-000353,EXACT_PRIMARY_ID,100.00,IDENTITY_MATCHED,QUANTITY_MATCHED,PRICE_MATCHED,AMOUNT_MATCHED,MATCHED,N,0.00,0.00,0.00,PRD-0098,PRD-0098,AURORA Cutting Board 10 IN,AURORA Cutting Board 10 IN,124.93,124.93,7.31,7.31,17.09,17.09,0.00,0.00,0.00,0.00,0.00,0.00,0.00
TXN-A-000354-L707,TXN-A-000354,TXN-B-000354-L708,TXN-B-000354,EXACT_PRIMARY_ID,100.00,IDENTITY_MATCHED,QUANTITY_MATCHED,PRICE_MATCHED,AMOUNT_MATCHED,MATCHED,N,0.00,0.00,0.00,PRD-0090,PRD-0090,NEXUS Face Cream 100 MG,NEXUS Face Cream 100 MG,48.80,48.80,2.44,2.44,20.00,20.00,0.00,0.00,0.00,0.00,0.00,0.00,0.00
TXN-A-000355-L709,TXN-A-000355,TXN-B-000355-L710,TXN-B-000355,EXACT_PRIMARY_ID,100.00,IDENTITY_MATCHED,QUANTITY_MATCHED,PRICE_MATCHED,AMOUNT_MATCHED,MATCHED,N,0.00,0.00,0.00,PRD-0110,PRD-0110,AURORA Storage Container 5 W,AURORA Storage Container 5 W,410.06,410.06,9.19,9.19,44.62,44.62,0.00,0.00,0.00,0.00,0.00,0.00,0.00
TXN-A-000356-L711,TXN-A-000356,TXN-B-000356-L712,TXN-B-000356,EXACT_PRIMARY_ID,100.00,IDENTITY_MATCHED,QUANTITY_MATCHED,PRICE_MATCHED,AMOUNT_MATCHED,MATCHED,N,0.00,0.00,0.00,PRD-0063,PRD-0063,NEXUS Battery Pack 10 W,NEXUS Battery Pack 10 W,579.79,579.79,6.02,6.02,96.31,96.31,0.00,0.00,0.00,0.00,0.00,0.00,0.00
TXN-A-000357-L713,TXN-A-000357,TXN-B-000357-L714,TXN-B-000357,EXACT_PRIMARY_ID,100.00,IDENTITY_MATCHED,QUANTITY_MATCHED,PRICE_MATCHED,AMOUNT_MATCHED,MATCHED,N,0.00,0.00,0.00,PRD-0104,PRD-0104,AURORA Measuring Cup 10000 MAH,AURORA Measuring Cup 10000 MAH,235.36,235.36,3.44,3.44,68.42,68.42,0.00,0.00,0.00,0.00,0.00,0.00,0.00
TXN-A-000358-L715,TXN-A-000358,TXN-B-000358-L716,TXN-B-000358,EXACT_PRIMARY_ID,100.00,IDENTITY_MATCHED,QUANTITY_MATCHED,PRICE_MATCHED,AMOUNT_MATCHED,MATCHED,N,0.00,0.00,0.00,PRD-0083,PRD-0083,AURORA Toothpaste 3 V,AURORA Toothpaste 3 V,175.83,175.83,3.73,3.73,47.14,47.14,0.00,0.00,0.00,0.00,0.00,0.00,0.00
TXN-A-000359-L717,TXN-A-000359,TXN-B-000359-L718,TXN-B-000359,EXACT_PRIMARY_ID,100.00,IDENTITY_MATCHED,QUANTITY_MATCHED,PRICE_MATCHED,AMOUNT_MATCHED,MATCHED,N,0.00,0.00,0.00,PRD-0030,PRD-0030,NEXUS Highlighter Set 12 IN,NEXUS Highlighter Set 12 IN,182.86,182.86,2.63,2.63,69.53,69.53,0.00,0.00,0.00,0.00,0.00,0.00,0.00
TXN-A-000360-L719,TXN-A-000360,TXN-B-000360-L720,TXN-B-000360,EXACT_PRIMARY_ID,100.00,IDENTITY_MATCHED,QUANTITY_MATCHED,PRICE_MATCHED,AMOUNT_MATCHED,MATCHED,N,0.00,0.00,0.00,PRD-0075,PRD-0075,NEXUS Hand Soap 10000 MAH,NEXUS Hand Soap 10000 MAH,487.54,487.54,7.02,7.02,69.45,69.45,0.00,0.00,0.00,0.00,0.00,0.00,0.00
TXN-A-000361-L721,TXN-A-000361,TXN-B-000361-L722,TXN-B-000361,EXACT_PRIMARY_ID,100.00,IDENTITY_MATCHED,QUANTITY_MATCHED,PRICE_MATCHED,AMOUNT_MATCHED,MATCHED,N,0.00,0.00,0.00,PRD-0111,PRD-0111,NEXUS Storage Container 500 G,NEXUS Storage Container 500 G,514.80,514.80,8.42,8.42,61.14,61.14,0.00,0.00,0.00,0.00,0.00,0.00,0.00
TXN-A-000362-L723,TXN-A-000362,TXN-B-000362-L724,TXN-B-000362,EXACT_PRIMARY_ID,100.00,IDENTITY_MATCHED,QUANTITY_MATCHED,PRICE_MATCHED,AMOUNT_MATCHED,MATCHED,N,0.00,0.00,0.00,PRD-0114,PRD-0114,NEXUS Kitchen Towel 10 W,NEXUS Kitchen Towel 10 W,95.77,95.77,3.84,3.84,24.94,24.94,0.00,0.00,0.00,0.00,0.00,0.00,0.00
TXN-A-000363-L725,TXN-A-000363,TXN-B-000363-L726,TXN-B-000363,EXACT_PRIMARY_ID,100.00,IDENTITY_MATCHED,QUANTITY_MATCHED,PRICE_MATCHED,AMOUNT_MATCHED,MATCHED,N,0.00,0.00,0.00,PRD-0016,PRD-0016,ZENITH Surface Wipes 60 CM,ZENITH Surface Wipes 60 CM,434.89,434.89,7.48,7.48,58.14,58.14,0.00,0.00,0.00,0.00,0.00,0.00,0.00
TXN-A-000364-L727,TXN-A-000364,TXN-B-000364-L728,TXN-B-000364,EXACT_PRIMARY_ID,100.00,IDENTITY_MATCHED,QUANTITY_MATCHED,PRICE_MATCHED,AMOUNT_MATCHED,MATCHED,N,0.00,0.00,0.00,PRD-0100,PRD-0100,ZENITH Mixing Bowl Set 250 ML,ZENITH Mixing Bowl Set 250 ML,431.31,431.31,6.83,6.83,63.15,63.15,0.00,0.00,0.00,0.00,0.00,0.00,0.00
TXN-A-000365-L729,TXN-A-000365,TXN-B-000365-L730,TXN-B-000365,EXACT_PRIMARY_ID,100.00,IDENTITY_MATCHED,QUANTITY_MATCHED,PRICE_MATCHED,AMOUNT_MATCHED,MATCHED,N,0.00,0.00,0.00,PRD-0133,PRD-0133,ZENITH Glue Stick 250 MG,ZENITH Glue Stick 250 MG,316.99,316.99,9.94,9.94,31.89,31.89,0.00,0.00,0.00,0.00,0.00,0.00,0.00
TXN-A-000366-L731,TXN-A-000366,TXN-B-000366-L732,TXN-B-000366,EXACT_PRIMARY_ID,100.00,IDENTITY_MATCHED,QUANTITY_MATCHED,PRICE_MATCHED,AMOUNT_MATCHED,MATCHED,N,0.00,0.00,0.00,PRD-0131,PRD-0131,AURORA Ruler Set 60 CM,AURORA Ruler Set 60 CM,88.52,88.52,5.87,5.87,15.08,15.08,0.00,0.00,0.00,0.00,0.00,0.00,0.00
TXN-A-000367-L733,TXN-A-000367,TXN-B-000367-L734,TXN-B-000367,EXACT_PRIMARY_ID,100.00,IDENTITY_MATCHED,QUANTITY_MATCHED,PRICE_MATCHED,AMOUNT_MATCHED,MATCHED,N,0.00,0.00,0.00,PRD-0122,PRD-0122,AURORA Notebook 5000 MAH,AURORA Notebook 5000 MAH,168.11,168.11,5.27,5.27,31.90,31.90,0.00,0.00,0.00,0.00,0.00,0.00,0.00
TXN-A-000368-L735,TXN-A-000368,TXN-B-000368-L736,TXN-B-000368,EXACT_PRIMARY_ID,100.00,IDENTITY_MATCHED,QUANTITY_MATCHED,PRICE_MATCHED,AMOUNT_MATCHED,MATCHED,N,0.00,0.00,0.00,PRD-0101,PRD-0101,AURORA Mixing Bowl Set 100 MG,AURORA Mixing Bowl Set 100 MG,227.16,227.16,2.00,2.00,113.58,113.58,0.00,0.00,0.00,0.00,0.00,0.00,0.00
TXN-A-000369-L737,TXN-A-000369,TXN-B-000369-L738,TXN-B-000369,EXACT_PRIMARY_ID,100.00,IDENTITY_MATCHED,QUANTITY_MATCHED,PRICE_MATCHED,AMOUNT_MATCHED,MATCHED,N,0.00,0.00,0.00,PRD-0062,PRD-0062,AURORA Battery Pack 2000 MAH,AURORA Battery Pack 2000 MAH,158.31,158.31,2.26,2.26,70.05,70.05,0.00,0.00,0.00,0.00,0.00,0.00,0.00
TXN-A-000370-L739,TXN-A-000370,TXN-B-000370-L740,TXN-B-000370,EXACT_PRIMARY_ID,100.00,IDENTITY_MATCHED,QUANTITY_MATCHED,PRICE_MATCHED,AMOUNT_MATCHED,MATCHED,N,0.00,0.00,0.00,PRD-0114,PRD-0114,NEXUS Kitchen Towel 10 W,NEXUS Kitchen Towel 10 W,178.32,178.32,7.15,7.15,24.94,24.94,0.00,0.00,0.00,0.00,0.00,0.00,0.00
TXN-A-000371-L741,TXN-A-000371,TXN-B-000371-L742,TXN-B-000371,EXACT_PRIMARY_ID,100.00,IDENTITY_MATCHED,QUANTITY_MATCHED,PRICE_MATCHED,AMOUNT_MATCHED,MATCHED,N,0.00,0.00,0.00,PRD-0077,PRD-0077,AURORA Shampoo 1 KG,AURORA Shampoo 1 KG,109.80,109.80,1.03,1.03,106.60,106.60,0.00,0.00,0.00,0.00,0.00,0.00,0.00
TXN-A-000372-L743,TXN-A-000372,TXN-B-000372-L744,TXN-B-000372,EXACT_PRIMARY_ID,100.00,IDENTITY_MATCHED,QUANTITY_MATCHED,PRICE_MATCHED,AMOUNT_MATCHED,MATCHED,N,0.00,0.00,0.00,PRD-0134,PRD-0134,AURORA Glue Stick 9 V,AURORA Glue Stick 9 V,735.53,735.53,9.47,9.47,77.67,77.67,0.00,0.00,0.00,0.00,0.00,0.00,0.00
TXN-A-000373-L745,TXN-A-000373,TXN-B-000373-L746,TXN-B-000373,EXACT_PRIMARY_ID,100.00,IDENTITY_MATCHED,QUANTITY_MATCHED,PRICE_MATCHED,AMOUNT_MATCHED,MATCHED,N,0.00,0.00,0.00,PRD-0029,PRD-0029,AURORA Highlighter Set 9 V,AURORA Highlighter Set 9 V,177.75,177.75,6.80,6.80,26.14,26.14,0.00,0.00,0.00,0.00,0.00,0.00,0.00
TXN-A-000374-L747,TXN-A-000374,TXN-B-000374-L748,TXN-B-000374,EXACT_PRIMARY_ID,100.00,IDENTITY_MATCHED,QUANTITY_MATCHED,PRICE_MATCHED,AMOUNT_MATCHED,MATCHED,N,0.00,0.00,0.00,PRD-0073,PRD-0073,ZENITH Hand Soap 250 MG,ZENITH Hand Soap 250 MG,198.43,198.43,8.78,8.78,22.60,22.60,0.00,0.00,0.00,0.00,0.00,0.00,0.00
TXN-A-000375-L749,TXN-A-000375,TXN-B-000375-L750,TXN-B-000375,EXACT_PRIMARY_ID,100.00,IDENTITY_MATCHED,QUANTITY_MATCHED,PRICE_MATCHED,AMOUNT_MATCHED,MATCHED,N,0.00,0.00,0.00,PRD-0105,PRD-0105,NEXUS Measuring Cup 100 G,NEXUS Measuring Cup 100 G,593.23,593.23,5.43,5.43,109.25,109.25,0.00,0.00,0.00,0.00,0.00,0.00,0.00
TXN-A-000376-L751,TXN-A-000376,TXN-B-000376-L752,TXN-B-000376,EXACT_PRIMARY_ID,100.00,IDENTITY_MATCHED,QUANTITY_MATCHED,PRICE_MATCHED,AMOUNT_MATCHED,MATCHED,N,0.00,0.00,0.00,PRD-0096,PRD-0096,NEXUS Lotion 1 KG,NEXUS Lotion 1 KG,136.56,136.56,5.32,5.32,25.67,25.67,0.00,0.00,0.00,0.00,0.00,0.00,0.00
TXN-A-000377-L753,TXN-A-000377,TXN-B-000377-L754,TXN-B-000377,EXACT_PRIMARY_ID,100.00,IDENTITY_MATCHED,QUANTITY_MATCHED,PRICE_MATCHED,AMOUNT_MATCHED,MATCHED,N,0.00,0.00,0.00,PRD-0135,PRD-0135,NEXUS Glue Stick 5000 MAH,NEXUS Glue Stick 5000 MAH,99.60,99.60,3.57,3.57,27.90,27.90,0.00,0.00,0.00,0.00,0.00,0.00,0.00
TXN-A-000378-L755,TXN-A-000378,TXN-B-000378-L756,TXN-B-000378,EXACT_PRIMARY_ID,100.00,IDENTITY_MATCHED,QUANTITY_MATCHED,PRICE_MATCHED,AMOUNT_MATCHED,MATCHED,N,0.00,0.00,0.00,PRD-0097,PRD-0097,ZENITH Cutting Board 5 W,ZENITH Cutting Board 5 W,137.03,137.03,8.57,8.57,15.99,15.99,0.00,0.00,0.00,0.00,0.00,0.00,0.00
TXN-A-000379-L757,TXN-A-000379,TXN-B-000379-L758,TXN-B-000379,EXACT_PRIMARY_ID,100.00,IDENTITY_MATCHED,QUANTITY_MATCHED,PRICE_MATCHED,AMOUNT_MATCHED,MATCHED,N,0.00,0.00,0.00,PRD-0112,PRD-0112,ZENITH Kitchen Towel 30 CM,ZENITH Kitchen Towel 30 CM,271.46,271.46,2.70,2.70,100.54,100.54,0.00,0.00,0.00,0.00,0.00,0.00,0.00
TXN-A-000380-L759,TXN-A-000380,TXN-B-000380-L760,TXN-B-000380,EXACT_PRIMARY_ID,100.00,IDENTITY_MATCHED,QUANTITY_MATCHED,PRICE_MATCHED,AMOUNT_MATCHED,MATCHED,N,0.00,0.00,0.00,PRD-0027,PRD-0027,NEXUS Ballpoint Pen 500 ML,NEXUS Ballpoint Pen 500 ML,493.81,493.81,9.97,9.97,49.53,49.53,0.00,0.00,0.00,0.00,0.00,0.00,0.00
TXN-A-000381-L761,TXN-A-000381,TXN-B-000381-L762,TXN-B-000381,EXACT_PRIMARY_ID,100.00,IDENTITY_MATCHED,QUANTITY_MATCHED,PRICE_MATCHED,AMOUNT_MATCHED,MATCHED,N,0.00,0.00,0.00,PRD-0146,PRD-0146,AURORA Screwdriver Set 500 ML,AURORA Screwdriver Set 500 ML,221.33,221.33,2.42,2.42,91.46,91.46,0.00,0.00,0.00,0.00,0.00,0.00,0.00
TXN-A-000382-L763,TXN-A-000382,TXN-B-000382-L764,TXN-B-000382,EXACT_PRIMARY_ID,100.00,IDENTITY_MATCHED,QUANTITY_MATCHED,PRICE_MATCHED,AMOUNT_MATCHED,MATCHED,N,0.00,0.00,0.00,PRD-0104,PRD-0104,AURORA Measuring Cup 10000 MAH,AURORA Measuring Cup 10000 MAH,346.21,346.21,5.06,5.06,68.42,68.42,0.00,0.00,0.00,0.00,0.00,0.00,0.00
TXN-A-000383-L765,TXN-A-000383,TXN-B-000383-L766,TXN-B-000383,EXACT_PRIMARY_ID,100.00,IDENTITY_MATCHED,QUANTITY_MATCHED,PRICE_MATCHED,AMOUNT_MATCHED,MATCHED,N,0.00,0.00,0.00,PRD-0077,PRD-0077,AURORA Shampoo 1 KG,AURORA Shampoo 1 KG,492.49,492.49,4.62,4.62,106.60,106.60,0.00,0.00,0.00,0.00,0.00,0.00,0.00
TXN-A-000384-L767,TXN-A-000384,TXN-B-000384-L768,TXN-B-000384,EXACT_PRIMARY_ID,100.00,IDENTITY_MATCHED,QUANTITY_MATCHED,PRICE_MATCHED,AMOUNT_MATCHED,MATCHED,N,0.00,0.00,0.00,PRD-0065,PRD-0065,AURORA Charging Dock 3 V,AURORA Charging Dock 3 V,86.61,86.61,5.08,5.08,17.05,17.05,0.00,0.00,0.00,0.00,0.00,0.00,0.00
TXN-A-000385-L769,TXN-A-000385,TXN-B-000385-L770,TXN-B-000385,EXACT_PRIMARY_ID,100.00,IDENTITY_MATCHED,QUANTITY_MATCHED,PRICE_MATCHED,AMOUNT_MATCHED,MATCHED,N,0.00,0.00,0.00,PRD-0089,PRD-0089,AURORA Face Cream 500 ML,AURORA Face Cream 500 ML,357.43,357.43,7.14,7.14,50.06,50.06,0.00,0.00,0.00,0.00,0.00,0.00,0.00
TXN-A-000386-L771,TXN-A-000386,TXN-B-000386-L772,TXN-B-000386,EXACT_PRIMARY_ID,100.00,IDENTITY_MATCHED,QUANTITY_MATCHED,PRICE_MATCHED,AMOUNT_MATCHED,MATCHED,N,0.00,0.00,0.00,PRD-0136,PRD-0136,ZENITH Scissors 3 V,ZENITH Scissors 3 V,146.00,146.00,2.05,2.05,71.22,71.22,0.00,0.00,0.00,0.00,0.00,0.00,0.00
TXN-A-000387-L773,TXN-A-000387,TXN-B-000387-L774,TXN-B-000387,EXACT_PRIMARY_ID,100.00,IDENTITY_MATCHED,QUANTITY_MATCHED,PRICE_MATCHED,AMOUNT_MATCHED,MATCHED,N,0.00,0.00,0.00,PRD-0001,PRD-0001,ZENITH All Purpose Cleaner 10 IN,ZENITH All Purpose Cleaner 10 IN,66.76,66.76,1.93,1.93,34.59,34.59,0.00,0.00,0.00,0.00,0.00,0.00,0.00
TXN-A-000388-L775,TXN-A-000388,TXN-B-000388-L776,TXN-B-000388,EXACT_PRIMARY_ID,100.00,IDENTITY_MATCHED,QUANTITY_MATCHED,PRICE_MATCHED,AMOUNT_MATCHED,MATCHED,N,0.00,0.00,0.00,PRD-0019,PRD-0019,ZENITH Air Freshener 45 CM,ZENITH Air Freshener 45 CM,167.40,167.40,4.32,4.32,38.75,38.75,0.00,0.00,0.00,0.00,0.00,0.00,0.00
TXN-A-000389-L777,TXN-A-000389,TXN-B-000389-L778,TXN-B-000389,EXACT_PRIMARY_ID,100.00,IDENTITY_MATCHED,QUANTITY_MATCHED,PRICE_MATCHED,AMOUNT_MATCHED,MATCHED,N,0.00,0.00,0.00,PRD-0012,PRD-0012,NEXUS Laundry Detergent 3 V,NEXUS Laundry Detergent 3 V,207.78,207.78,9.33,9.33,22.27,22.27,0.00,0.00,0.00,0.00,0.00,0.00,0.00
TXN-A-000390-L779,TXN-A-000390,TXN-B-000390-L780,TXN-B-000390,EXACT_PRIMARY_ID,100.00,IDENTITY_MATCHED,QUANTITY_MATCHED,PRICE_MATCHED,AMOUNT_MATCHED,MATCHED,N,0.00,0.00,0.00,PRD-0035,PRD-0035,AURORA Stapler 10 W,AURORA Stapler 10 W,122.25,122.25,7.05,7.05,17.34,17.34,0.00,0.00,0.00,0.00,0.00,0.00,0.00
TXN-A-000391-L781,TXN-A-000391,TXN-B-000391-L782,TXN-B-000391,EXACT_PRIMARY_ID,100.00,IDENTITY_MATCHED,QUANTITY_MATCHED,PRICE_MATCHED,AMOUNT_MATCHED,MATCHED,N,0.00,0.00,0.00,PRD-0124,PRD-0124,ZENITH Sketch Pad 500 MG,ZENITH Sketch Pad 500 MG,251.28,251.28,5.29,5.29,47.50,47.50,0.00,0.00,0.00,0.00,0.00,0.00,0.00
TXN-A-000392-L783,TXN-A-000392,TXN-B-000392-L784,TXN-B-000392,EXACT_PRIMARY_ID,100.00,IDENTITY_MATCHED,QUANTITY_MATCHED,PRICE_MATCHED,AMOUNT_MATCHED,MATCHED,N,0.00,0.00,0.00,PRD-0112,PRD-0112,ZENITH Kitchen Towel 30 CM,ZENITH Kitchen Towel 30 CM,655.52,655.52,6.52,6.52,100.54,100.54,0.00,0.00,0.00,0.00,0.00,0.00,0.00
TXN-A-000393-L785,TXN-A-000393,TXN-B-000393-L786,TXN-B-000393,EXACT_PRIMARY_ID,100.00,IDENTITY_MATCHED,QUANTITY_MATCHED,PRICE_MATCHED,AMOUNT_MATCHED,MATCHED,N,0.00,0.00,0.00,PRD-0041,PRD-0041,AURORA File Folder Pack 9 V,AURORA File Folder Pack 9 V,400.65,400.65,6.77,6.77,59.18,59.18,0.00,0.00,0.00,0.00,0.00,0.00,0.00
TXN-A-000394-L787,TXN-A-000394,TXN-B-000394-L788,TXN-B-000394,EXACT_PRIMARY_ID,100.00,IDENTITY_MATCHED,QUANTITY_MATCHED,PRICE_MATCHED,AMOUNT_MATCHED,MATCHED,N,0.00,0.00,0.00,PRD-0110,PRD-0110,AURORA Storage Container 5 W,AURORA Storage Container 5 W,211.05,211.05,4.73,4.73,44.62,44.62,0.00,0.00,0.00,0.00,0.00,0.00,0.00
TXN-A-000395-L789,TXN-A-000395,TXN-B-000395-L790,TXN-B-000395,EXACT_PRIMARY_ID,100.00,IDENTITY_MATCHED,QUANTITY_MATCHED,PRICE_MATCHED,AMOUNT_MATCHED,MATCHED,N,0.00,0.00,0.00,PRD-0137,PRD-0137,AURORA Scissors 100 MG,AURORA Scissors 100 MG,263.28,263.28,2.80,2.80,94.03,94.03,0.00,0.00,0.00,0.00,0.00,0.00,0.00
TXN-A-000396-L791,TXN-A-000396,TXN-B-000396-L792,TXN-B-000396,EXACT_PRIMARY_ID,100.00,IDENTITY_MATCHED,QUANTITY_MATCHED,PRICE_MATCHED,AMOUNT_MATCHED,MATCHED,N,0.00,0.00,0.00,PRD-0011,PRD-0011,AURORA Laundry Detergent 2000 MAH,AURORA Laundry Detergent 2000 MAH,468.30,468.30,4.78,4.78,97.97,97.97,0.00,0.00,0.00,0.00,0.00,0.00,0.00
TXN-A-000397-L793,TXN-A-000397,TXN-B-000397-L794,TXN-B-000397,EXACT_PRIMARY_ID,100.00,IDENTITY_MATCHED,QUANTITY_MATCHED,PRICE_MATCHED,AMOUNT_MATCHED,MATCHED,N,0.00,0.00,0.00,PRD-0107,PRD-0107,AURORA Spatula Set 9 V,AURORA Spatula Set 9 V,7.84,7.84,1.35,1.35,5.81,5.81,0.00,0.00,0.00,0.00,0.00,0.00,0.00
TXN-A-000398-L795,TXN-A-000398,TXN-B-000398-L796,TXN-B-000398,EXACT_PRIMARY_ID,100.00,IDENTITY_MATCHED,QUANTITY_MATCHED,PRICE_MATCHED,AMOUNT_MATCHED,MATCHED,N,0.00,0.00,0.00,PRD-0133,PRD-0133,ZENITH Glue Stick 250 MG,ZENITH Glue Stick 250 MG,196.76,196.76,6.17,6.17,31.89,31.89,0.00,0.00,0.00,0.00,0.00,0.00,0.00
TXN-A-000399-L797,TXN-A-000399,TXN-B-000399-L798,TXN-B-000399,EXACT_PRIMARY_ID,100.00,IDENTITY_MATCHED,QUANTITY_MATCHED,PRICE_MATCHED,AMOUNT_MATCHED,MATCHED,N,0.00,0.00,0.00,PRD-0002,PRD-0002,AURORA All Purpose Cleaner 30 CM,AURORA All Purpose Cleaner 30 CM,402.48,402.48,9.00,9.00,44.72,44.72,0.00,0.00,0.00,0.00,0.00,0.00,0.00
TXN-A-000400-L799,TXN-A-000400,TXN-B-000400-L800,TXN-B-000400,EXACT_PRIMARY_ID,100.00,IDENTITY_MATCHED,QUANTITY_MATCHED,PRICE_MATCHED,AMOUNT_MATCHED,MATCHED,N,0.00,0.00,0.00,PRD-0015,PRD-0015,NEXUS Fabric Softener 200 G,NEXUS Fabric Softener 200 G,255.85,255.85,5.40,5.40,47.38,47.38,0.00,0.00,0.00,0.00,0.00,0.00,0.00
TXN-A-000401-L801,TXN-A-000401,TXN-B-000401-L802,TXN-B-000401,EXACT_PRIMARY_ID,100.00,IDENTITY_MATCHED,QUANTITY_MATCHED,PRICE_MATCHED,AMOUNT_MATCHED,MATCHED,N,0.00,0.00,0.00,PRD-0044,PRD-0044,AURORA Whiteboard Marker 12 IN,AURORA Whiteboard Marker 12 IN,357.38,357.38,9.18,9.18,38.93,38.93,0.00,0.00,0.00,0.00,0.00,0.00,0.00
TXN-A-000402-L803,TXN-A-000402,TXN-B-000402-L804,TXN-B-000402,EXACT_PRIMARY_ID,100.00,IDENTITY_MATCHED,QUANTITY_MATCHED,PRICE_MATCHED,AMOUNT_MATCHED,MATCHED,N,0.00,0.00,0.00,PRD-0055,PRD-0055,ZENITH Phone Case 250 MG,ZENITH Phone Case 250 MG,310.98,310.98,5.91,5.91,52.62,52.62,0.00,0.00,0.00,0.00,0.00,0.00,0.00
TXN-A-000403-L805,TXN-A-000403,TXN-B-000403-L806,TXN-B-000403,EXACT_PRIMARY_ID,100.00,IDENTITY_MATCHED,QUANTITY_MATCHED,PRICE_MATCHED,AMOUNT_MATCHED,MATCHED,N,0.00,0.00,0.00,PRD-0091,PRD-0091,ZENITH Hair Gel 1.5 L,ZENITH Hair Gel 1.5 L,194.78,194.78,2.22,2.22,87.74,87.74,0.00,0.00,0.00,0.00,0.00,0.00,0.00
TXN-A-000404-L807,TXN-A-000404,TXN-B-000404-L808,TXN-B-000404,EXACT_PRIMARY_ID,100.00,IDENTITY_MATCHED,QUANTITY_MATCHED,PRICE_MATCHED,AMOUNT_MATCHED,MATCHED,N,0.00,0.00,0.00,PRD-0102,PRD-0102,NEXUS Mixing Bowl Set 15 W,NEXUS Mixing Bowl Set 15 W,295.34,295.34,5.04,5.04,58.60,58.60,0.00,0.00,0.00,0.00,0.00,0.00,0.00
TXN-A-000405-L809,TXN-A-000405,TXN-B-000405-L810,TXN-B-000405,EXACT_PRIMARY_ID,100.00,IDENTITY_MATCHED,QUANTITY_MATCHED,PRICE_MATCHED,AMOUNT_MATCHED,MATCHED,N,0.00,0.00,0.00,PRD-0045,PRD-0045,NEXUS Whiteboard Marker 45 CM,NEXUS Whiteboard Marker 45 CM,228.72,228.72,7.74,7.74,29.55,29.55,0.00,0.00,0.00,0.00,0.00,0.00,0.00
TXN-A-000406-L811,TXN-A-000406,TXN-B-000406-L812,TXN-B-000406,EXACT_PRIMARY_ID,100.00,IDENTITY_MATCHED,QUANTITY_MATCHED,PRICE_MATCHED,AMOUNT_MATCHED,MATCHED,N,0.00,0.00,0.00,PRD-0034,PRD-0034,ZENITH Stapler 100 MG,ZENITH Stapler 100 MG,355.73,355.73,4.45,4.45,79.94,79.94,0.00,0.00,0.00,0.00,0.00,0.00,0.00
TXN-A-000407-L813,TXN-A-000407,TXN-B-000407-L814,TXN-B-000407,EXACT_PRIMARY_ID,100.00,IDENTITY_MATCHED,QUANTITY_MATCHED,PRICE_MATCHED,AMOUNT_MATCHED,MATCHED,N,0.00,0.00,0.00,PRD-0141,PRD-0141,NEXUS Eraser Pack 3 V,NEXUS Eraser Pack 3 V,198.19,198.19,5.70,5.70,34.77,34.77,0.00,0.00,0.00,0.00,0.00,0.00,0.00
TXN-A-000408-L815,TXN-A-000408,TXN-B-000408-L816,TXN-B-000408,EXACT_PRIMARY_ID,100.00,IDENTITY_MATCHED,QUANTITY_MATCHED,PRICE_MATCHED,AMOUNT_MATCHED,MATCHED,N,0.00,0.00,0.00,PRD-0047,PRD-0047,AURORA Tape Dispenser 45 CM,AURORA Tape Dispenser 45 CM,14.31,14.31,6.88,6.88,2.08,2.08,0.00,0.00,0.00,0.00,0.00,0.00,0.00
TXN-A-000409-L817,TXN-A-000409,TXN-B-000409-L818,TXN-B-000409,EXACT_PRIMARY_ID,100.00,IDENTITY_MATCHED,QUANTITY_MATCHED,PRICE_MATCHED,AMOUNT_MATCHED,MATCHED,N,0.00,0.00,0.00,PRD-0116,PRD-0116,AURORA Can Opener 500 MG,AURORA Can Opener 500 MG,547.21,547.21,6.79,6.79,80.59,80.59,0.00,0.00,0.00,0.00,0.00,0.00,0.00
TXN-A-000410-L819,TXN-A-000410,TXN-B-000410-L820,TXN-B-000410,EXACT_PRIMARY_ID,100.00,IDENTITY_MATCHED,QUANTITY_MATCHED,PRICE_MATCHED,AMOUNT_MATCHED,MATCHED,N,0.00,0.00,0.00,PRD-0068,PRD-0068,AURORA HDMI Cable 10000 MAH,AURORA HDMI Cable 10000 MAH,189.10,189.10,4.87,4.87,38.83,38.83,0.00,0.00,0.00,0.00,0.00,0.00,0.00
TXN-A-000411-L821,TXN-A-000411,TXN-B-000411-L822,TXN-B-000411,EXACT_PRIMARY_ID,100.00,IDENTITY_MATCHED,QUANTITY_MATCHED,PRICE_MATCHED,AMOUNT_MATCHED,MATCHED,N,0.00,0.00,0.00,PRD-0115,PRD-0115,ZENITH Can Opener 2000 MAH,ZENITH Can Opener 2000 MAH,446.36,446.36,6.93,6.93,64.41,64.41,0.00,0.00,0.00,0.00,0.00,0.00,0.00
TXN-A-000412-L823,TXN-A-000412,TXN-B-000412-L824,TXN-B-000412,EXACT_PRIMARY_ID,100.00,IDENTITY_MATCHED,QUANTITY_MATCHED,PRICE_MATCHED,AMOUNT_MATCHED,MATCHED,N,0.00,0.00,0.00,PRD-0043,PRD-0043,ZENITH Whiteboard Marker 20 W,ZENITH Whiteboard Marker 20 W,463.47,463.47,8.19,8.19,56.59,56.59,0.00,0.00,0.00,0.00,0.00,0.00,0.00
TXN-A-000413-L825,TXN-A-000413,TXN-B-000413-L826,TXN-B-000413,EXACT_PRIMARY_ID,100.00,IDENTITY_MATCHED,QUANTITY_MATCHED,PRICE_MATCHED,AMOUNT_MATCHED,MATCHED,N,0.00,0.00,0.00,PRD-0059,PRD-0059,AURORA Screen Protector 45 CM,AURORA Screen Protector 45 CM,90.85,90.85,1.47,1.47,61.80,61.80,0.00,0.00,0.00,0.00,0.00,0.00,0.00
TXN-A-000414-L827,TXN-A-000414,TXN-B-000414-L828,TXN-B-000414,EXACT_PRIMARY_ID,100.00,IDENTITY_MATCHED,QUANTITY_MATCHED,PRICE_MATCHED,AMOUNT_MATCHED,MATCHED,N,0.00,0.00,0.00,PRD-0067,PRD-0067,ZENITH HDMI Cable 1 KG,ZENITH HDMI Cable 1 KG,335.57,335.57,5.84,5.84,57.46,57.46,0.00,0.00,0.00,0.00,0.00,0.00,0.00
TXN-A-000415-L829,TXN-A-000415,TXN-B-000415-L830,TXN-B-000415,EXACT_PRIMARY_ID,100.00,IDENTITY_MATCHED,QUANTITY_MATCHED,PRICE_MATCHED,AMOUNT_MATCHED,MATCHED,N,0.00,0.00,0.00,PRD-0097,PRD-0097,ZENITH Cutting Board 5 W,ZENITH Cutting Board 5 W,131.12,131.12,8.20,8.20,15.99,15.99,0.00,0.00,0.00,0.00,0.00,0.00,0.00
TXN-A-000416-L831,TXN-A-000416,TXN-B-000416-L832,TXN-B-000416,EXACT_PRIMARY_ID,100.00,IDENTITY_MATCHED,QUANTITY_MATCHED,PRICE_MATCHED,AMOUNT_MATCHED,MATCHED,N,0.00,0.00,0.00,PRD-0114,PRD-0114,NEXUS Kitchen Towel 10 W,NEXUS Kitchen Towel 10 W,144.40,144.40,5.79,5.79,24.94,24.94,0.00,0.00,0.00,0.00,0.00,0.00,0.00
TXN-A-000417-L833,TXN-A-000417,TXN-B-000417-L834,TXN-B-000417,EXACT_PRIMARY_ID,100.00,IDENTITY_MATCHED,QUANTITY_MATCHED,PRICE_MATCHED,AMOUNT_MATCHED,MATCHED,N,0.00,0.00,0.00,PRD-0111,PRD-0111,NEXUS Storage Container 500 G,NEXUS Storage Container 500 G,419.42,419.42,6.86,6.86,61.14,61.14,0.00,0.00,0.00,0.00,0.00,0.00,0.00
TXN-A-000418-L835,TXN-A-000418,TXN-B-000418-L836,TXN-B-000418,EXACT_PRIMARY_ID,100.00,IDENTITY_MATCHED,QUANTITY_MATCHED,PRICE_MATCHED,AMOUNT_MATCHED,MATCHED,N,0.00,0.00,0.00,PRD-0095,PRD-0095,AURORA Lotion 1 KG,AURORA Lotion 1 KG,608.53,608.53,5.19,5.19,117.25,117.25,0.00,0.00,0.00,0.00,0.00,0.00,0.00
TXN-A-000419-L837,TXN-A-000419,TXN-B-000419-L838,TXN-B-000419,EXACT_PRIMARY_ID,100.00,IDENTITY_MATCHED,QUANTITY_MATCHED,PRICE_MATCHED,AMOUNT_MATCHED,MATCHED,N,0.00,0.00,0.00,PRD-0004,PRD-0004,ZENITH Glass Spray 750 ML,ZENITH Glass Spray 750 ML,214.79,214.79,2.14,2.14,100.37,100.37,0.00,0.00,0.00,0.00,0.00,0.00,0.00
TXN-A-000420-L839,TXN-A-000420,TXN-B-000420-L840,TXN-B-000420,EXACT_PRIMARY_ID,100.00,IDENTITY_MATCHED,QUANTITY_MATCHED,PRICE_MATCHED,AMOUNT_MATCHED,MATCHED,N,0.00,0.00,0.00,PRD-0069,PRD-0069,NEXUS HDMI Cable 1.5 L,NEXUS HDMI Cable 1.5 L,311.97,311.97,6.87,6.87,45.41,45.41,0.00,0.00,0.00,0.00,0.00,0.00,0.00
TXN-A-000421-L841,TXN-A-000421,TXN-B-000421-L842,TXN-B-000421,EXACT_PRIMARY_ID,100.00,IDENTITY_MATCHED,QUANTITY_MATCHED,PRICE_MATCHED,AMOUNT_MATCHED,MATCHED,N,0.00,0.00,0.00,PRD-0047,PRD-0047,AURORA Tape Dispenser 45 CM,AURORA Tape Dispenser 45 CM,11.13,11.13,5.35,5.35,2.08,2.08,0.00,0.00,0.00,0.00,0.00,0.00,0.00
TXN-A-000422-L843,TXN-A-000422,TXN-B-000422-L844,TXN-B-000422,EXACT_PRIMARY_ID,100.00,IDENTITY_MATCHED,QUANTITY_MATCHED,PRICE_MATCHED,AMOUNT_MATCHED,MATCHED,N,0.00,0.00,0.00,PRD-0127,PRD-0127,ZENITH Colored Pencil Set 50 G,ZENITH Colored Pencil Set 50 G,333.73,333.73,5.76,5.76,57.94,57.94,0.00,0.00,0.00,0.00,0.00,0.00,0.00
TXN-A-000423-L845,TXN-A-000423,TXN-B-000423-L846,TXN-B-000423,EXACT_PRIMARY_ID,100.00,IDENTITY_MATCHED,QUANTITY_MATCHED,PRICE_MATCHED,AMOUNT_MATCHED,MATCHED,N,0.00,0.00,0.00,PRD-0136,PRD-0136,ZENITH Scissors 3 V,ZENITH Scissors 3 V,630.30,630.30,8.85,8.85,71.22,71.22,0.00,0.00,0.00,0.00,0.00,0.00,0.00
TXN-A-000424-L847,TXN-A-000424,TXN-B-000424-L848,TXN-B-000424,EXACT_PRIMARY_ID,100.00,IDENTITY_MATCHED,QUANTITY_MATCHED,PRICE_MATCHED,AMOUNT_MATCHED,MATCHED,N,0.00,0.00,0.00,PRD-0107,PRD-0107,AURORA Spatula Set 9 V,AURORA Spatula Set 9 V,19.23,19.23,3.31,3.31,5.81,5.81,0.00,0.00,0.00,0.00,0.00,0.00,0.00
TXN-A-000425-L849,TXN-A-000425,TXN-B-000425-L850,TXN-B-000425,EXACT_PRIMARY_ID,100.00,IDENTITY_MATCHED,QUANTITY_MATCHED,PRICE_MATCHED,AMOUNT_MATCHED,MATCHED,N,0.00,0.00,0.00,PRD-0087,PRD-0087,NEXUS Deodorant 9 V,NEXUS Deodorant 9 V,646.19,646.19,5.54,5.54,116.64,116.64,0.00,0.00,0.00,0.00,0.00,0.00,0.00
TXN-A-000426-L851,TXN-A-000426,TXN-B-000426-L852,TXN-B-000426,EXACT_PRIMARY_ID,100.00,IDENTITY_MATCHED,QUANTITY_MATCHED,PRICE_MATCHED,AMOUNT_MATCHED,MATCHED,N,0.00,0.00,0.00,PRD-0018,PRD-0018,NEXUS Surface Wipes 500 MG,NEXUS Surface Wipes 500 MG,255.12,255.12,6.49,6.49,39.31,39.31,0.00,0.00,0.00,0.00,0.00,0.00,0.00
TXN-A-000427-L853,TXN-A-000427,TXN-B-000427-L854,TXN-B-000427,EXACT_PRIMARY_ID,100.00,IDENTITY_MATCHED,QUANTITY_MATCHED,PRICE_MATCHED,AMOUNT_MATCHED,MATCHED,N,0.00,0.00,0.00,PRD-0073,PRD-0073,ZENITH Hand Soap 250 MG,ZENITH Hand Soap 250 MG,166.79,166.79,7.38,7.38,22.60,22.60,0.00,0.00,0.00,0.00,0.00,0.00,0.00
TXN-A-000428-L855,TXN-A-000428,TXN-B-000428-L856,TXN-B-000428,EXACT_PRIMARY_ID,100.00,IDENTITY_MATCHED,QUANTITY_MATCHED,PRICE_MATCHED,AMOUNT_MATCHED,MATCHED,N,0.00,0.00,0.00,PRD-0101,PRD-0101,AURORA Mixing Bowl Set 100 MG,AURORA Mixing Bowl Set 100 MG,895.01,895.01,7.88,7.88,113.58,113.58,0.00,0.00,0.00,0.00,0.00,0.00,0.00
TXN-A-000429-L857,TXN-A-000429,TXN-B-000429-L858,TXN-B-000429,EXACT_PRIMARY_ID,100.00,IDENTITY_MATCHED,QUANTITY_MATCHED,PRICE_MATCHED,AMOUNT_MATCHED,MATCHED,N,0.00,0.00,0.00,PRD-0101,PRD-0101,AURORA Mixing Bowl Set 100 MG,AURORA Mixing Bowl Set 100 MG,152.20,152.20,1.34,1.34,113.58,113.58,0.00,0.00,0.00,0.00,0.00,0.00,0.00
TXN-A-000430-L859,TXN-A-000430,TXN-B-000430-L860,TXN-B-000430,EXACT_PRIMARY_ID,100.00,IDENTITY_MATCHED,QUANTITY_MATCHED,PRICE_MATCHED,AMOUNT_MATCHED,MATCHED,N,0.00,0.00,0.00,PRD-0129,PRD-0129,NEXUS Colored Pencil Set 750 ML,NEXUS Colored Pencil Set 750 ML,562.52,562.52,5.93,5.93,94.86,94.86,0.00,0.00,0.00,0.00,0.00,0.00,0.00
TXN-A-000431-L861,TXN-A-000431,TXN-B-000431-L862,TXN-B-000431,EXACT_PRIMARY_ID,100.00,IDENTITY_MATCHED,QUANTITY_MATCHED,PRICE_MATCHED,AMOUNT_MATCHED,MATCHED,N,0.00,0.00,0.00,PRD-0057,PRD-0057,NEXUS Phone Case 1 L,NEXUS Phone Case 1 L,117.40,117.40,3.70,3.70,31.73,31.73,0.00,0.00,0.00,0.00,0.00,0.00,0.00
TXN-A-000432-L863,TXN-A-000432,TXN-B-000432-L864,TXN-B-000432,EXACT_PRIMARY_ID,100.00,IDENTITY_MATCHED,QUANTITY_MATCHED,PRICE_MATCHED,AMOUNT_MATCHED,MATCHED,N,0.00,0.00,0.00,PRD-0008,PRD-0008,AURORA Dish Liquid 10000 MAH,AURORA Dish Liquid 10000 MAH,624.18,624.18,5.58,5.58,111.86,111.86,0.00,0.00,0.00,0.00,0.00,0.00,0.00
TXN-A-000433-L865,TXN-A-000433,TXN-B-000433-L866,TXN-B-000433,EXACT_PRIMARY_ID,100.00,IDENTITY_MATCHED,QUANTITY_MATCHED,PRICE_MATCHED,AMOUNT_MATCHED,MATCHED,N,0.00,0.00,0.00,PRD-0060,PRD-0060,NEXUS Screen Protector 10 IN,NEXUS Screen Protector 10 IN,320.80,320.80,3.76,3.76,85.32,85.32,0.00,0.00,0.00,0.00,0.00,0.00,0.00
TXN-A-000434-L867,TXN-A-000434,TXN-B-000434-L868,TXN-B-000434,EXACT_PRIMARY_ID,100.00,IDENTITY_MATCHED,QUANTITY_MATCHED,PRICE_MATCHED,AMOUNT_MATCHED,MATCHED,N,0.00,0.00,0.00,PRD-0083,PRD-0083,AURORA Toothpaste 3 V,AURORA Toothpaste 3 V,294.15,294.15,6.24,6.24,47.14,47.14,0.00,0.00,0.00,0.00,0.00,0.00,0.00
TXN-A-000435-L869,TXN-A-000435,TXN-B-000435-L870,TXN-B-000435,EXACT_PRIMARY_ID,100.00,IDENTITY_MATCHED,QUANTITY_MATCHED,PRICE_MATCHED,AMOUNT_MATCHED,MATCHED,N,0.00,0.00,0.00,PRD-0050,PRD-0050,AURORA USB Cable 10000 MAH,AURORA USB Cable 10000 MAH,9.98,9.98,3.23,3.23,3.09,3.09,0.00,0.00,0.00,0.00,0.00,0.00,0.00
TXN-A-000436-L871,TXN-A-000436,TXN-B-000436-L872,TXN-B-000436,EXACT_PRIMARY_ID,100.00,IDENTITY_MATCHED,QUANTITY_MATCHED,PRICE_MATCHED,AMOUNT_MATCHED,MATCHED,N,0.00,0.00,0.00,PRD-0053,PRD-0053,AURORA Power Adapter 1 L,AURORA Power Adapter 1 L,371.86,371.86,8.49,8.49,43.80,43.80,0.00,0.00,0.00,0.00,0.00,0.00,0.00
TXN-A-000437-L873,TXN-A-000437,TXN-B-000437-L874,TXN-B-000437,EXACT_PRIMARY_ID,100.00,IDENTITY_MATCHED,QUANTITY_MATCHED,PRICE_MATCHED,AMOUNT_MATCHED,MATCHED,N,0.00,0.00,0.00,PRD-0093,PRD-0093,NEXUS Hair Gel 10 W,NEXUS Hair Gel 10 W,43.05,43.05,1.58,1.58,27.25,27.25,0.00,0.00,0.00,0.00,0.00,0.00,0.00
TXN-A-000438-L875,TXN-A-000438,TXN-B-000438-L876,TXN-B-000438,EXACT_PRIMARY_ID,100.00,IDENTITY_MATCHED,QUANTITY_MATCHED,PRICE_MATCHED,AMOUNT_MATCHED,MATCHED,N,0.00,0.00,0.00,PRD-0054,PRD-0054,NEXUS Power Adapter 500 ML,NEXUS Power Adapter 500 ML,61.09,61.09,3.70,3.70,16.51,16.51,0.00,0.00,0.00,0.00,0.00,0.00,0.00
TXN-A-000439-L877,TXN-A-000439,TXN-B-000439-L878,TXN-B-000439,EXACT_PRIMARY_ID,100.00,IDENTITY_MATCHED,QUANTITY_MATCHED,PRICE_MATCHED,AMOUNT_MATCHED,MATCHED,N,0.00,0.00,0.00,PRD-0123,PRD-0123,NEXUS Notebook 3 V,NEXUS Notebook 3 V,18.92,18.92,1.23,1.23,15.38,15.38,0.00,0.00,0.00,0.00,0.00,0.00,0.00
TXN-A-000440-L879,TXN-A-000440,TXN-B-000440-L880,TXN-B-000440,EXACT_PRIMARY_ID,100.00,IDENTITY_MATCHED,QUANTITY_MATCHED,PRICE_MATCHED,AMOUNT_MATCHED,MATCHED,N,0.00,0.00,0.00,PRD-0082,PRD-0082,ZENITH Toothpaste 500 MG,ZENITH Toothpaste 500 MG,203.19,203.19,2.20,2.20,92.36,92.36,0.00,0.00,0.00,0.00,0.00,0.00,0.00
TXN-A-000441-L881,TXN-A-000441,TXN-B-000441-L882,TXN-B-000441,EXACT_PRIMARY_ID,100.00,IDENTITY_MATCHED,QUANTITY_MATCHED,PRICE_MATCHED,AMOUNT_MATCHED,MATCHED,N,0.00,0.00,0.00,PRD-0032,PRD-0032,AURORA Binder Clip Box 3 V,AURORA Binder Clip Box 3 V,380.64,380.64,4.82,4.82,78.97,78.97,0.00,0.00,0.00,0.00,0.00,0.00,0.00
TXN-A-000442-L883,TXN-A-000442,TXN-B-000442-L884,TXN-B-000442,EXACT_PRIMARY_ID,100.00,IDENTITY_MATCHED,QUANTITY_MATCHED,PRICE_MATCHED,AMOUNT_MATCHED,MATCHED,N,0.00,0.00,0.00,PRD-0134,PRD-0134,AURORA Glue Stick 9 V,AURORA Glue Stick 9 V,615.92,615.92,7.93,7.93,77.67,77.67,0.00,0.00,0.00,0.00,0.00,0.00,0.00
TXN-A-000443-L885,TXN-A-000443,TXN-B-000443-L886,TXN-B-000443,EXACT_PRIMARY_ID,100.00,IDENTITY_MATCHED,QUANTITY_MATCHED,PRICE_MATCHED,AMOUNT_MATCHED,MATCHED,N,0.00,0.00,0.00,PRD-0129,PRD-0129,NEXUS Colored Pencil Set 750 ML,NEXUS Colored Pencil Set 750 ML,894.53,894.53,9.43,9.43,94.86,94.86,0.00,0.00,0.00,0.00,0.00,0.00,0.00
TXN-A-000444-L887,TXN-A-000444,TXN-B-000444-L888,TXN-B-000444,EXACT_PRIMARY_ID,100.00,IDENTITY_MATCHED,QUANTITY_MATCHED,PRICE_MATCHED,AMOUNT_MATCHED,MATCHED,N,0.00,0.00,0.00,PRD-0068,PRD-0068,AURORA HDMI Cable 10000 MAH,AURORA HDMI Cable 10000 MAH,110.67,110.67,2.85,2.85,38.83,38.83,0.00,0.00,0.00,0.00,0.00,0.00,0.00
TXN-A-000445-L889,TXN-A-000445,TXN-B-000445-L890,TXN-B-000445,EXACT_PRIMARY_ID,100.00,IDENTITY_MATCHED,QUANTITY_MATCHED,PRICE_MATCHED,AMOUNT_MATCHED,MATCHED,N,0.00,0.00,0.00,PRD-0070,PRD-0070,ZENITH Mouse Pad 200 G,ZENITH Mouse Pad 200 G,847.74,847.74,7.45,7.45,113.79,113.79,0.00,0.00,0.00,0.00,0.00,0.00,0.00
TXN-A-000446-L891,TXN-A-000446,TXN-B-000446-L892,TXN-B-000446,EXACT_PRIMARY_ID,100.00,IDENTITY_MATCHED,QUANTITY_MATCHED,PRICE_MATCHED,AMOUNT_MATCHED,MATCHED,N,0.00,0.00,0.00,PRD-0069,PRD-0069,NEXUS HDMI Cable 1.5 L,NEXUS HDMI Cable 1.5 L,232.95,232.95,5.13,5.13,45.41,45.41,0.00,0.00,0.00,0.00,0.00,0.00,0.00
TXN-A-000447-L893,TXN-A-000447,TXN-B-000447-L894,TXN-B-000447,EXACT_PRIMARY_ID,100.00,IDENTITY_MATCHED,QUANTITY_MATCHED,PRICE_MATCHED,AMOUNT_MATCHED,MATCHED,N,0.00,0.00,0.00,PRD-0143,PRD-0143,AURORA Marker Set 10 IN,AURORA Marker Set 10 IN,108.84,108.84,8.08,8.08,13.47,13.47,0.00,0.00,0.00,0.00,0.00,0.00,0.00
TXN-A-000448-L895,TXN-A-000448,TXN-B-000448-L896,TXN-B-000448,EXACT_PRIMARY_ID,100.00,IDENTITY_MATCHED,QUANTITY_MATCHED,PRICE_MATCHED,AMOUNT_MATCHED,MATCHED,N,0.00,0.00,0.00,PRD-0034,PRD-0034,ZENITH Stapler 100 MG,ZENITH Stapler 100 MG,642.72,642.72,8.04,8.04,79.94,79.94,0.00,0.00,0.00,0.00,0.00,0.00,0.00
TXN-A-000449-L897,TXN-A-000449,TXN-B-000449-L898,TXN-B-000449,EXACT_PRIMARY_ID,100.00,IDENTITY_MATCHED,QUANTITY_MATCHED,PRICE_MATCHED,AMOUNT_MATCHED,MATCHED,N,0.00,0.00,0.00,PRD-0099,PRD-0099,NEXUS Cutting Board 500 ML,NEXUS Cutting Board 500 ML,497.67,497.67,4.41,4.41,112.85,112.85,0.00,0.00,0.00,0.00,0.00,0.00,0.00
TXN-A-000450-L899,TXN-A-000450,TXN-B-000450-L900,TXN-B-000450,EXACT_PRIMARY_ID,100.00,IDENTITY_MATCHED,QUANTITY_MATCHED,PRICE_MATCHED,AMOUNT_MATCHED,MATCHED,N,0.00,0.00,0.00,PRD-0120,PRD-0120,NEXUS Peeler 30 CM,NEXUS Peeler 30 CM,441.87,441.87,4.61,4.61,95.85,95.85,0.00,0.00,0.00,0.00,0.00,0.00,0.00
TXN-A-000451-L901,TXN-A-000451,TXN-B-000451-L902,TXN-B-000451,EXACT_PRIMARY_ID,100.00,IDENTITY_MATCHED,QUANTITY_MATCHED,PRICE_MATCHED,AMOUNT_MATCHED,MATCHED,N,0.00,0.00,0.00,PRD-0138,PRD-0138,NEXUS Scissors 500 MG,NEXUS Scissors 500 MG,789.11,789.11,8.19,8.19,96.35,96.35,0.00,0.00,0.00,0.00,0.00,0.00,0.00
TXN-A-000452-L903,TXN-A-000452,TXN-B-000452-L904,TXN-B-000452,EXACT_PRIMARY_ID,100.00,IDENTITY_MATCHED,QUANTITY_MATCHED,PRICE_MATCHED,AMOUNT_MATCHED,MATCHED,N,0.00,0.00,0.00,PRD-0005,PRD-0005,AURORA Glass Spray 500 G,AURORA Glass Spray 500 G,285.81,285.81,2.57,2.57,111.21,111.21,0.00,0.00,0.00,0.00,0.00,0.00,0.00
TXN-A-000453-L905,TXN-A-000453,TXN-B-000453-L906,TXN-B-000453,EXACT_PRIMARY_ID,100.00,IDENTITY_MATCHED,QUANTITY_MATCHED,PRICE_MATCHED,AMOUNT_MATCHED,MATCHED,N,0.00,0.00,0.00,PRD-0027,PRD-0027,NEXUS Ballpoint Pen 500 ML,NEXUS Ballpoint Pen 500 ML,207.53,207.53,4.19,4.19,49.53,49.53,0.00,0.00,0.00,0.00,0.00,0.00,0.00
TXN-A-000454-L907,TXN-A-000454,TXN-B-000454-L908,TXN-B-000454,EXACT_PRIMARY_ID,100.00,IDENTITY_MATCHED,QUANTITY_MATCHED,PRICE_MATCHED,AMOUNT_MATCHED,MATCHED,N,0.00,0.00,0.00,PRD-0120,PRD-0120,NEXUS Peeler 30 CM,NEXUS Peeler 30 CM,600.02,600.02,6.26,6.26,95.85,95.85,0.00,0.00,0.00,0.00,0.00,0.00,0.00
TXN-A-000455-L909,TXN-A-000455,TXN-B-000455-L910,TXN-B-000455,EXACT_PRIMARY_ID,100.00,IDENTITY_MATCHED,QUANTITY_MATCHED,PRICE_MATCHED,AMOUNT_MATCHED,MATCHED,N,0.00,0.00,0.00,PRD-0070,PRD-0070,ZENITH Mouse Pad 200 G,ZENITH Mouse Pad 200 G,910.32,910.32,8.00,8.00,113.79,113.79,0.00,0.00,0.00,0.00,0.00,0.00,0.00
TXN-A-000456-L911,TXN-A-000456,TXN-B-000456-L912,TXN-B-000456,EXACT_PRIMARY_ID,100.00,IDENTITY_MATCHED,QUANTITY_MATCHED,PRICE_MATCHED,AMOUNT_MATCHED,MATCHED,N,0.00,0.00,0.00,PRD-0080,PRD-0080,AURORA Body Wash 500 MG,AURORA Body Wash 500 MG,22.83,22.83,1.96,1.96,11.65,11.65,0.00,0.00,0.00,0.00,0.00,0.00,0.00
TXN-A-000457-L913,TXN-A-000457,TXN-B-000457-L914,TXN-B-000457,EXACT_PRIMARY_ID,100.00,IDENTITY_MATCHED,QUANTITY_MATCHED,PRICE_MATCHED,AMOUNT_MATCHED,MATCHED,N,0.00,0.00,0.00,PRD-0128,PRD-0128,AURORA Colored Pencil Set 5 W,AURORA Colored Pencil Set 5 W,222.30,222.30,9.00,9.00,24.70,24.70,0.00,0.00,0.00,0.00,0.00,0.00,0.00
TXN-A-000458-L915,TXN-A-000458,TXN-B-000458-L916,TXN-B-000458,EXACT_PRIMARY_ID,100.00,IDENTITY_MATCHED,QUANTITY_MATCHED,PRICE_MATCHED,AMOUNT_MATCHED,MATCHED,N,0.00,0.00,0.00,PRD-0088,PRD-0088,ZENITH Face Cream 30 CM,ZENITH Face Cream 30 CM,12.87,12.87,4.84,4.84,2.66,2.66,0.00,0.00,0.00,0.00,0.00,0.00,0.00
TXN-A-000459-L917,TXN-A-000459,TXN-B-000459-L918,TXN-B-000459,EXACT_PRIMARY_ID,100.00,IDENTITY_MATCHED,QUANTITY_MATCHED,PRICE_MATCHED,AMOUNT_MATCHED,MATCHED,N,0.00,0.00,0.00,PRD-0117,PRD-0117,NEXUS Can Opener 5 W,NEXUS Can Opener 5 W,490.33,490.33,8.11,8.11,60.46,60.46,0.00,0.00,0.00,0.00,0.00,0.00,0.00
TXN-A-000460-L919,TXN-A-000460,TXN-B-000460-L920,TXN-B-000460,EXACT_PRIMARY_ID,100.00,IDENTITY_MATCHED,QUANTITY_MATCHED,PRICE_MATCHED,AMOUNT_MATCHED,MATCHED,N,0.00,0.00,0.00,PRD-0033,PRD-0033,NEXUS Binder Clip Box 45 CM,NEXUS Binder Clip Box 45 CM,120.34,120.34,5.48,5.48,21.96,21.96,0.00,0.00,0.00,0.00,0.00,0.00,0.00
TXN-A-000461-L921,TXN-A-000461,TXN-B-000461-L922,TXN-B-000461,EXACT_PRIMARY_ID,100.00,IDENTITY_MATCHED,QUANTITY_MATCHED,PRICE_MATCHED,AMOUNT_MATCHED,MATCHED,N,0.00,0.00,0.00,PRD-0055,PRD-0055,ZENITH Phone Case 250 MG,ZENITH Phone Case 250 MG,435.17,435.17,8.27,8.27,52.62,52.62,0.00,0.00,0.00,0.00,0.00,0.00,0.00
TXN-A-000462-L923,TXN-A-000462,TXN-B-000462-L924,TXN-B-000462,EXACT_PRIMARY_ID,100.00,IDENTITY_MATCHED,QUANTITY_MATCHED,PRICE_MATCHED,AMOUNT_MATCHED,MATCHED,N,0.00,0.00,0.00,PRD-0134,PRD-0134,AURORA Glue Stick 9 V,AURORA Glue Stick 9 V,273.40,273.40,3.52,3.52,77.67,77.67,0.00,0.00,0.00,0.00,0.00,0.00,0.00
TXN-A-000463-L925,TXN-A-000463,TXN-B-000463-L926,TXN-B-000463,EXACT_PRIMARY_ID,100.00,IDENTITY_MATCHED,QUANTITY_MATCHED,PRICE_MATCHED,AMOUNT_MATCHED,MATCHED,N,0.00,0.00,0.00,PRD-0142,PRD-0142,ZENITH Marker Set 750 ML,ZENITH Marker Set 750 ML,176.62,176.62,5.23,5.23,33.77,33.77,0.00,0.00,0.00,0.00,0.00,0.00,0.00
TXN-A-000464-L927,TXN-A-000464,TXN-B-000464-L928,TXN-B-000464,EXACT_PRIMARY_ID,100.00,IDENTITY_MATCHED,QUANTITY_MATCHED,PRICE_MATCHED,AMOUNT_MATCHED,MATCHED,N,0.00,0.00,0.00,PRD-0075,PRD-0075,NEXUS Hand Soap 10000 MAH,NEXUS Hand Soap 10000 MAH,113.20,113.20,1.63,1.63,69.45,69.45,0.00,0.00,0.00,0.00,0.00,0.00,0.00
TXN-A-000465-L929,TXN-A-000465,TXN-B-000465-L930,TXN-B-000465,EXACT_PRIMARY_ID,100.00,IDENTITY_MATCHED,QUANTITY_MATCHED,PRICE_MATCHED,AMOUNT_MATCHED,MATCHED,N,0.00,0.00,0.00,PRD-0087,PRD-0087,NEXUS Deodorant 9 V,NEXUS Deodorant 9 V,745.33,745.33,6.39,6.39,116.64,116.64,0.00,0.00,0.00,0.00,0.00,0.00,0.00
TXN-A-000466-L931,TXN-A-000466,TXN-B-000466-L932,TXN-B-000466,EXACT_PRIMARY_ID,100.00,IDENTITY_MATCHED,QUANTITY_MATCHED,PRICE_MATCHED,AMOUNT_MATCHED,MATCHED,N,0.00,0.00,0.00,PRD-0021,PRD-0021,NEXUS Air Freshener 30 CM,NEXUS Air Freshener 30 CM,50.87,50.87,3.66,3.66,13.90,13.90,0.00,0.00,0.00,0.00,0.00,0.00,0.00
TXN-A-000467-L933,TXN-A-000467,TXN-B-000467-L934,TXN-B-000467,EXACT_PRIMARY_ID,100.00,IDENTITY_MATCHED,QUANTITY_MATCHED,PRICE_MATCHED,AMOUNT_MATCHED,MATCHED,N,0.00,0.00,0.00,PRD-0063,PRD-0063,NEXUS Battery Pack 10 W,NEXUS Battery Pack 10 W,827.30,827.30,8.59,8.59,96.31,96.31,0.00,0.00,0.00,0.00,0.00,0.00,0.00
TXN-A-000468-L935,TXN-A-000468,TXN-B-000468-L936,TXN-B-000468,EXACT_PRIMARY_ID,100.00,IDENTITY_MATCHED,QUANTITY_MATCHED,PRICE_MATCHED,AMOUNT_MATCHED,MATCHED,N,0.00,0.00,0.00,PRD-0076,PRD-0076,ZENITH Shampoo 200 G,ZENITH Shampoo 200 G,40.70,40.70,3.32,3.32,12.26,12.26,0.00,0.00,0.00,0.00,0.00,0.00,0.00
TXN-A-000469-L937,TXN-A-000469,TXN-B-000469-L938,TXN-B-000469,EXACT_PRIMARY_ID,100.00,IDENTITY_MATCHED,QUANTITY_MATCHED,PRICE_MATCHED,AMOUNT_MATCHED,MATCHED,N,0.00,0.00,0.00,PRD-0033,PRD-0033,NEXUS Binder Clip Box 45 CM,NEXUS Binder Clip Box 45 CM,55.34,55.34,2.52,2.52,21.96,21.96,0.00,0.00,0.00,0.00,0.00,0.00,0.00
TXN-A-000470-L939,TXN-A-000470,TXN-B-000470-L940,TXN-B-000470,EXACT_PRIMARY_ID,100.00,IDENTITY_MATCHED,QUANTITY_MATCHED,PRICE_MATCHED,AMOUNT_MATCHED,MATCHED,N,0.00,0.00,0.00,PRD-0129,PRD-0129,NEXUS Colored Pencil Set 750 ML,NEXUS Colored Pencil Set 750 ML,806.31,806.31,8.50,8.50,94.86,94.86,0.00,0.00,0.00,0.00,0.00,0.00,0.00
TXN-A-000471-L941,TXN-A-000471,TXN-B-000471-L942,TXN-B-000471,EXACT_PRIMARY_ID,100.00,IDENTITY_MATCHED,QUANTITY_MATCHED,PRICE_MATCHED,AMOUNT_MATCHED,MATCHED,N,0.00,0.00,0.00,PRD-0025,PRD-0025,ZENITH Ballpoint Pen 1 KG,ZENITH Ballpoint Pen 1 KG,66.00,66.00,1.78,1.78,37.08,37.08,0.00,0.00,0.00,0.00,0.00,0.00,0.00
TXN-A-000472-L943,TXN-A-000472,TXN-B-000472-L944,TXN-B-000472,EXACT_PRIMARY_ID,100.00,IDENTITY_MATCHED,QUANTITY_MATCHED,PRICE_MATCHED,AMOUNT_MATCHED,MATCHED,N,0.00,0.00,0.00,PRD-0060,PRD-0060,NEXUS Screen Protector 10 IN,NEXUS Screen Protector 10 IN,216.71,216.71,2.54,2.54,85.32,85.32,0.00,0.00,0.00,0.00,0.00,0.00,0.00
TXN-A-000473-L945,TXN-A-000473,TXN-B-000473-L946,TXN-B-000473,EXACT_PRIMARY_ID,100.00,IDENTITY_MATCHED,QUANTITY_MATCHED,PRICE_MATCHED,AMOUNT_MATCHED,MATCHED,N,0.00,0.00,0.00,PRD-0128,PRD-0128,AURORA Colored Pencil Set 5 W,AURORA Colored Pencil Set 5 W,161.29,161.29,6.53,6.53,24.70,24.70,0.00,0.00,0.00,0.00,0.00,0.00,0.00
TXN-A-000474-L947,TXN-A-000474,TXN-B-000474-L948,TXN-B-000474,EXACT_PRIMARY_ID,100.00,IDENTITY_MATCHED,QUANTITY_MATCHED,PRICE_MATCHED,AMOUNT_MATCHED,MATCHED,N,0.00,0.00,0.00,PRD-0083,PRD-0083,AURORA Toothpaste 3 V,AURORA Toothpaste 3 V,297.92,297.92,6.32,6.32,47.14,47.14,0.00,0.00,0.00,0.00,0.00,0.00,0.00
TXN-A-000475-L949,TXN-A-000475,TXN-B-000475-L950,TXN-B-000475,EXACT_PRIMARY_ID,100.00,IDENTITY_MATCHED,QUANTITY_MATCHED,PRICE_MATCHED,AMOUNT_MATCHED,MATCHED,N,0.00,0.00,0.00,PRD-0084,PRD-0084,NEXUS Toothpaste 15 W,NEXUS Toothpaste 15 W,227.78,227.78,6.89,6.89,33.06,33.06,0.00,0.00,0.00,0.00,0.00,0.00,0.00
TXN-A-000476-L951,TXN-A-000476,TXN-B-000476-L952,TXN-B-000476,EXACT_PRIMARY_ID,100.00,IDENTITY_MATCHED,QUANTITY_MATCHED,PRICE_MATCHED,AMOUNT_MATCHED,MATCHED,N,0.00,0.00,0.00,PRD-0010,PRD-0010,ZENITH Laundry Detergent 1.5 V,ZENITH Laundry Detergent 1.5 V,94.88,94.88,3.75,3.75,25.30,25.30,0.00,0.00,0.00,0.00,0.00,0.00,0.00
TXN-A-000477-L953,TXN-A-000477,TXN-B-000477-L954,TXN-B-000477,EXACT_PRIMARY_ID,100.00,IDENTITY_MATCHED,QUANTITY_MATCHED,PRICE_MATCHED,AMOUNT_MATCHED,MATCHED,N,0.00,0.00,0.00,PRD-0002,PRD-0002,AURORA All Purpose Cleaner 30 CM,AURORA All Purpose Cleaner 30 CM,249.54,249.54,5.58,5.58,44.72,44.72,0.00,0.00,0.00,0.00,0.00,0.00,0.00
TXN-A-000478-L955,TXN-A-000478,TXN-B-000478-L956,TXN-B-000478,EXACT_PRIMARY_ID,100.00,IDENTITY_MATCHED,QUANTITY_MATCHED,PRICE_MATCHED,AMOUNT_MATCHED,MATCHED,N,0.00,0.00,0.00,PRD-0123,PRD-0123,NEXUS Notebook 3 V,NEXUS Notebook 3 V,117.35,117.35,7.63,7.63,15.38,15.38,0.00,0.00,0.00,0.00,0.00,0.00,0.00
TXN-A-000479-L957,TXN-A-000479,TXN-B-000479-L958,TXN-B-000479,EXACT_PRIMARY_ID,100.00,IDENTITY_MATCHED,QUANTITY_MATCHED,PRICE_MATCHED,AMOUNT_MATCHED,MATCHED,N,0.00,0.00,0.00,PRD-0006,PRD-0006,NEXUS Glass Spray 9 V,NEXUS Glass Spray 9 V,650.86,650.86,7.74,7.74,84.09,84.09,0.00,0.00,0.00,0.00,0.00,0.00,0.00
TXN-A-000480-L959,TXN-A-000480,TXN-B-000480-L960,TXN-B-000480,EXACT_PRIMARY_ID,100.00,IDENTITY_MATCHED,QUANTITY_MATCHED,PRICE_MATCHED,AMOUNT_MATCHED,MATCHED,N,0.00,0.00,0.00,PRD-0107,PRD-0107,AURORA Spatula Set 9 V,AURORA Spatula Set 9 V,7.09,7.09,1.22,1.22,5.81,5.81,0.00,0.00,0.00,0.00,0.00,0.00,0.00
TXN-A-000481-L961,TXN-A-000481,TXN-B-000481-L962,TXN-B-000481,EXACT_PRIMARY_ID,100.00,IDENTITY_MATCHED,QUANTITY_MATCHED,PRICE_MATCHED,AMOUNT_MATCHED,MATCHED,N,0.00,0.00,0.00,PRD-0056,PRD-0056,AURORA Phone Case 20 W,AURORA Phone Case 20 W,57.05,57.05,3.42,3.42,16.68,16.68,0.00,0.00,0.00,0.00,0.00,0.00,0.00
TXN-A-000482-L963,TXN-A-000482,TXN-B-000482-L964,TXN-B-000482,EXACT_PRIMARY_ID,100.00,IDENTITY_MATCHED,QUANTITY_MATCHED,PRICE_MATCHED,AMOUNT_MATCHED,MATCHED,N,0.00,0.00,0.00,PRD-0025,PRD-0025,ZENITH Ballpoint Pen 1 KG,ZENITH Ballpoint Pen 1 KG,125.70,125.70,3.39,3.39,37.08,37.08,0.00,0.00,0.00,0.00,0.00,0.00,0.00
TXN-A-000483-L965,TXN-A-000483,TXN-B-000483-L966,TXN-B-000483,EXACT_PRIMARY_ID,100.00,IDENTITY_MATCHED,QUANTITY_MATCHED,PRICE_MATCHED,AMOUNT_MATCHED,MATCHED,N,0.00,0.00,0.00,PRD-0024,PRD-0024,NEXUS Floor Polish 100 MG,NEXUS Floor Polish 100 MG,664.73,664.73,8.78,8.78,75.71,75.71,0.00,0.00,0.00,0.00,0.00,0.00,0.00
TXN-A-000484-L967,TXN-A-000484,TXN-B-000484-L968,TXN-B-000484,EXACT_PRIMARY_ID,100.00,IDENTITY_MATCHED,QUANTITY_MATCHED,PRICE_MATCHED,AMOUNT_MATCHED,MATCHED,N,0.00,0.00,0.00,PRD-0104,PRD-0104,AURORA Measuring Cup 10000 MAH,AURORA Measuring Cup 10000 MAH,262.73,262.73,3.84,3.84,68.42,68.42,0.00,0.00,0.00,0.00,0.00,0.00,0.00
TXN-A-000485-L969,TXN-A-000485,TXN-B-000485-L970,TXN-B-000485,EXACT_PRIMARY_ID,100.00,IDENTITY_MATCHED,QUANTITY_MATCHED,PRICE_MATCHED,AMOUNT_MATCHED,MATCHED,N,0.00,0.00,0.00,PRD-0142,PRD-0142,ZENITH Marker Set 750 ML,ZENITH Marker Set 750 ML,157.37,157.37,4.66,4.66,33.77,33.77,0.00,0.00,0.00,0.00,0.00,0.00,0.00
TXN-A-000486-L971,TXN-A-000486,TXN-B-000486-L972,TXN-B-000486,EXACT_PRIMARY_ID,100.00,IDENTITY_MATCHED,QUANTITY_MATCHED,PRICE_MATCHED,AMOUNT_MATCHED,MATCHED,N,0.00,0.00,0.00,PRD-0110,PRD-0110,AURORA Storage Container 5 W,AURORA Storage Container 5 W,389.98,389.98,8.74,8.74,44.62,44.62,0.00,0.00,0.00,0.00,0.00,0.00,0.00
TXN-A-000487-L973,TXN-A-000487,TXN-B-000487-L974,TXN-B-000487,EXACT_PRIMARY_ID,100.00,IDENTITY_MATCHED,QUANTITY_MATCHED,PRICE_MATCHED,AMOUNT_MATCHED,MATCHED,N,0.00,0.00,0.00,PRD-0139,PRD-0139,ZENITH Eraser Pack 500 G,ZENITH Eraser Pack 500 G,74.44,74.44,1.64,1.64,45.39,45.39,0.00,0.00,0.00,0.00,0.00,0.00,0.00
TXN-A-000488-L975,TXN-A-000488,TXN-B-000488-L976,TXN-B-000488,EXACT_PRIMARY_ID,100.00,IDENTITY_MATCHED,QUANTITY_MATCHED,PRICE_MATCHED,AMOUNT_MATCHED,MATCHED,N,0.00,0.00,0.00,PRD-0032,PRD-0032,AURORA Binder Clip Box 3 V,AURORA Binder Clip Box 3 V,106.61,106.61,1.35,1.35,78.97,78.97,0.00,0.00,0.00,0.00,0.00,0.00,0.00
TXN-A-000489-L977,TXN-A-000489,TXN-B-000489-L978,TXN-B-000489,EXACT_PRIMARY_ID,100.00,IDENTITY_MATCHED,QUANTITY_MATCHED,PRICE_MATCHED,AMOUNT_MATCHED,MATCHED,N,0.00,0.00,0.00,PRD-0089,PRD-0089,AURORA Face Cream 500 ML,AURORA Face Cream 500 ML,331.40,331.40,6.62,6.62,50.06,50.06,0.00,0.00,0.00,0.00,0.00,0.00,0.00
TXN-A-000490-L979,TXN-A-000490,TXN-B-000490-L980,TXN-B-000490,EXACT_PRIMARY_ID,100.00,IDENTITY_MATCHED,QUANTITY_MATCHED,PRICE_MATCHED,AMOUNT_MATCHED,MATCHED,N,0.00,0.00,0.00,PRD-0058,PRD-0058,ZENITH Screen Protector 3 V,ZENITH Screen Protector 3 V,97.78,97.78,1.34,1.34,72.97,72.97,0.00,0.00,0.00,0.00,0.00,0.00,0.00
TXN-A-000491-L981,TXN-A-000491,TXN-B-000491-L982,TXN-B-000491,EXACT_PRIMARY_ID,100.00,IDENTITY_MATCHED,QUANTITY_MATCHED,PRICE_MATCHED,AMOUNT_MATCHED,MATCHED,N,0.00,0.00,0.00,PRD-0039,PRD-0039,NEXUS Desk Organizer 250 ML,NEXUS Desk Organizer 250 ML,547.39,547.39,6.07,6.07,90.18,90.18,0.00,0.00,0.00,0.00,0.00,0.00,0.00
TXN-A-000492-L983,TXN-A-000492,TXN-B-000492-L984,TXN-B-000492,EXACT_PRIMARY_ID,100.00,IDENTITY_MATCHED,QUANTITY_MATCHED,PRICE_MATCHED,AMOUNT_MATCHED,MATCHED,N,0.00,0.00,0.00,PRD-0031,PRD-0031,ZENITH Binder Clip Box 3 V,ZENITH Binder Clip Box 3 V,135.62,135.62,2.35,2.35,57.71,57.71,0.00,0.00,0.00,0.00,0.00,0.00,0.00
TXN-A-000493-L985,TXN-A-000493,TXN-B-000493-L986,TXN-B-000493,EXACT_PRIMARY_ID,100.00,IDENTITY_MATCHED,QUANTITY_MATCHED,PRICE_MATCHED,AMOUNT_MATCHED,MATCHED,N,0.00,0.00,0.00,PRD-0087,PRD-0087,NEXUS Deodorant 9 V,NEXUS Deodorant 9 V,589.03,589.03,5.05,5.05,116.64,116.64,0.00,0.00,0.00,0.00,0.00,0.00,0.00
TXN-A-000494-L987,TXN-A-000494,TXN-B-000494-L988,TXN-B-000494,EXACT_PRIMARY_ID,100.00,IDENTITY_MATCHED,QUANTITY_MATCHED,PRICE_MATCHED,AMOUNT_MATCHED,MATCHED,N,0.00,0.00,0.00,PRD-0032,PRD-0032,AURORA Binder Clip Box 3 V,AURORA Binder Clip Box 3 V,327.73,327.73,4.15,4.15,78.97,78.97,0.00,0.00,0.00,0.00,0.00,0.00,0.00
TXN-A-000495-L989,TXN-A-000495,TXN-B-000495-L990,TXN-B-000495,EXACT_PRIMARY_ID,100.00,IDENTITY_MATCHED,QUANTITY_MATCHED,PRICE_MATCHED,AMOUNT_MATCHED,MATCHED,N,0.00,0.00,0.00,PRD-0003,PRD-0003,NEXUS All Purpose Cleaner 250 ML,NEXUS All Purpose Cleaner 250 ML,1129.46,1129.46,9.68,9.68,116.68,116.68,0.00,0.00,0.00,0.00,0.00,0.00,0.00
TXN-A-000496-L991,TXN-A-000496,TXN-B-000496-L992,TXN-B-000496,EXACT_PRIMARY_ID,100.00,IDENTITY_MATCHED,QUANTITY_MATCHED,PRICE_MATCHED,AMOUNT_MATCHED,MATCHED,N,0.00,0.00,0.00,PRD-0044,PRD-0044,AURORA Whiteboard Marker 12 IN,AURORA Whiteboard Marker 12 IN,54.50,54.50,1.40,1.40,38.93,38.93,0.00,0.00,0.00,0.00,0.00,0.00,0.00
TXN-A-000497-L993,TXN-A-000497,TXN-B-000497-L994,TXN-B-000497,EXACT_PRIMARY_ID,100.00,IDENTITY_MATCHED,QUANTITY_MATCHED,PRICE_MATCHED,AMOUNT_MATCHED,MATCHED,N,0.00,0.00,0.00,PRD-0094,PRD-0094,ZENITH Lotion 10000 MAH,ZENITH Lotion 10000 MAH,92.33,92.33,9.27,9.27,9.96,9.96,0.00,0.00,0.00,0.00,0.00,0.00,0.00
TXN-A-000498-L995,TXN-A-000498,TXN-B-000498-L996,TXN-B-000498,EXACT_PRIMARY_ID,100.00,IDENTITY_MATCHED,QUANTITY_MATCHED,PRICE_MATCHED,AMOUNT_MATCHED,MATCHED,N,0.00,0.00,0.00,PRD-0022,PRD-0022,ZENITH Floor Polish 2000 MAH,ZENITH Floor Polish 2000 MAH,56.54,56.54,9.55,9.55,5.92,5.92,0.00,0.00,0.00,0.00,0.00,0.00,0.00
TXN-A-000499-L997,TXN-A-000499,TXN-B-000499-L998,TXN-B-000499,EXACT_PRIMARY_ID,100.00,IDENTITY_MATCHED,QUANTITY_MATCHED,PRICE_MATCHED,AMOUNT_MATCHED,MATCHED,N,0.00,0.00,0.00,PRD-0024,PRD-0024,NEXUS Floor Polish 100 MG,NEXUS Floor Polish 100 MG,160.51,160.51,2.12,2.12,75.71,75.71,0.00,0.00,0.00,0.00,0.00,0.00,0.00
TXN-A-000500-L999,TXN-A-000500,TXN-B-000500-L1000,TXN-B-000500,EXACT_PRIMARY_ID,100.00,IDENTITY_MATCHED,QUANTITY_MATCHED,PRICE_MATCHED,AMOUNT_MATCHED,MATCHED,N,0.00,0.00,0.00,PRD-0121,PRD-0121,ZENITH Notebook 1 L,ZENITH Notebook 1 L,190.00,190.00,8.87,8.87,21.42,21.42,0.00,0.00,0.00,0.00,0.00,0.00,0.00
TXN-A-000501-L1001,TXN-A-000501,TXN-B-000501-L1002,TXN-B-000501,EXACT_PRIMARY_ID,100.00,IDENTITY_MATCHED,QUANTITY_MATCHED,PRICE_MATCHED,AMOUNT_MATCHED,MATCHED,N,0.00,0.00,0.00,PRD-0025,PRD-0025,ZENITH Ballpoint Pen 1 KG,ZENITH Ballpoint Pen 1 KG,239.17,239.17,6.45,6.45,37.08,37.08,0.00,0.00,0.00,0.00,0.00,0.00,0.00
TXN-A-000502-L1003,TXN-A-000502,TXN-B-000502-L1004,TXN-B-000502,EXACT_PRIMARY_ID,100.00,IDENTITY_MATCHED,QUANTITY_MATCHED,PRICE_MATCHED,AMOUNT_MATCHED,MATCHED,N,0.00,0.00,0.00,PRD-0076,PRD-0076,ZENITH Shampoo 200 G,ZENITH Shampoo 200 G,121.25,121.25,9.89,9.89,12.26,12.26,0.00,0.00,0.00,0.00,0.00,0.00,0.00
TXN-A-000503-L1005,TXN-A-000503,TXN-B-000503-L1006,TXN-B-000503,EXACT_PRIMARY_ID,100.00,IDENTITY_MATCHED,QUANTITY_MATCHED,PRICE_MATCHED,AMOUNT_MATCHED,MATCHED,N,0.00,0.00,0.00,PRD-0015,PRD-0015,NEXUS Fabric Softener 200 G,NEXUS Fabric Softener 200 G,304.65,304.65,6.43,6.43,47.38,47.38,0.00,0.00,0.00,0.00,0.00,0.00,0.00
TXN-A-000504-L1007,TXN-A-000504,TXN-B-000504-L1008,TXN-B-000504,EXACT_PRIMARY_ID,100.00,IDENTITY_MATCHED,QUANTITY_MATCHED,PRICE_MATCHED,AMOUNT_MATCHED,MATCHED,N,0.00,0.00,0.00,PRD-0140,PRD-0140,AURORA Eraser Pack 2000 MAH,AURORA Eraser Pack 2000 MAH,677.81,677.81,6.06,6.06,111.85,111.85,0.00,0.00,0.00,0.00,0.00,0.00,0.00
TXN-A-000505-L1009,TXN-A-000505,TXN-B-000505-L1010,TXN-B-000505,EXACT_PRIMARY_ID,100.00,IDENTITY_MATCHED,QUANTITY_MATCHED,PRICE_MATCHED,AMOUNT_MATCHED,MATCHED,N,0.00,0.00,0.00,PRD-0126,PRD-0126,NEXUS Sketch Pad 250 ML,NEXUS Sketch Pad 250 ML,189.44,189.44,2.31,2.31,82.01,82.01,0.00,0.00,0.00,0.00,0.00,0.00,0.00
TXN-A-000506-L1011,TXN-A-000506,TXN-B-000506-L1012,TXN-B-000506,EXACT_PRIMARY_ID,100.00,IDENTITY_MATCHED,QUANTITY_MATCHED,PRICE_MATCHED,AMOUNT_MATCHED,MATCHED,N,0.00,0.00,0.00,PRD-0093,PRD-0093,NEXUS Hair Gel 10 W,NEXUS Hair Gel 10 W,246.34,246.34,9.04,9.04,27.25,27.25,0.00,0.00,0.00,0.00,0.00,0.00,0.00
TXN-A-000507-L1013,TXN-A-000507,TXN-B-000507-L1014,TXN-B-000507,EXACT_PRIMARY_ID,100.00,IDENTITY_MATCHED,QUANTITY_MATCHED,PRICE_MATCHED,AMOUNT_MATCHED,MATCHED,N,0.00,0.00,0.00,PRD-0038,PRD-0038,AURORA Desk Organizer 2000 MAH,AURORA Desk Organizer 2000 MAH,42.64,42.64,1.52,1.52,28.05,28.05,0.00,0.00,0.00,0.00,0.00,0.00,0.00
TXN-A-000508-L1015,TXN-A-000508,TXN-B-000508-L1016,TXN-B-000508,EXACT_PRIMARY_ID,100.00,IDENTITY_MATCHED,QUANTITY_MATCHED,PRICE_MATCHED,AMOUNT_MATCHED,MATCHED,N,0.00,0.00,0.00,PRD-0072,PRD-0072,NEXUS Mouse Pad 100 G,NEXUS Mouse Pad 100 G,261.68,261.68,5.95,5.95,43.98,43.98,0.00,0.00,0.00,0.00,0.00,0.00,0.00
TXN-A-000509-L1017,TXN-A-000509,TXN-B-000509-L1018,TXN-B-000509,EXACT_PRIMARY_ID,100.00,IDENTITY_MATCHED,QUANTITY_MATCHED,PRICE_MATCHED,AMOUNT_MATCHED,MATCHED,N,0.00,0.00,0.00,PRD-0083,PRD-0083,AURORA Toothpaste 3 V,AURORA Toothpaste 3 V,435.57,435.57,9.24,9.24,47.14,47.14,0.00,0.00,0.00,0.00,0.00,0.00,0.00
TXN-A-000510-L1019,TXN-A-000510,TXN-B-000510-L1020,TXN-B-000510,EXACT_PRIMARY_ID,100.00,IDENTITY_MATCHED,QUANTITY_MATCHED,PRICE_MATCHED,AMOUNT_MATCHED,MATCHED,N,0.00,0.00,0.00,PRD-0039,PRD-0039,NEXUS Desk Organizer 250 ML,NEXUS Desk Organizer 250 ML,467.13,467.13,5.18,5.18,90.18,90.18,0.00,0.00,0.00,0.00,0.00,0.00,0.00
TXN-A-000511-L1021,TXN-A-000511,TXN-B-000511-L1022,TXN-B-000511,EXACT_PRIMARY_ID,100.00,IDENTITY_MATCHED,QUANTITY_MATCHED,PRICE_MATCHED,AMOUNT_MATCHED,MATCHED,N,0.00,0.00,0.00,PRD-0129,PRD-0129,NEXUS Colored Pencil Set 750 ML,NEXUS Colored Pencil Set 750 ML,392.72,392.72,4.14,4.14,94.86,94.86,0.00,0.00,0.00,0.00,0.00,0.00,0.00
TXN-A-000512-L1023,TXN-A-000512,TXN-B-000512-L1024,TXN-B-000512,EXACT_PRIMARY_ID,100.00,IDENTITY_MATCHED,QUANTITY_MATCHED,PRICE_MATCHED,AMOUNT_MATCHED,MATCHED,N,0.00,0.00,0.00,PRD-0018,PRD-0018,NEXUS Surface Wipes 500 MG,NEXUS Surface Wipes 500 MG,294.43,294.43,7.49,7.49,39.31,39.31,0.00,0.00,0.00,0.00,0.00,0.00,0.00
TXN-A-000513-L1025,TXN-A-000513,TXN-B-000513-L1026,TXN-B-000513,EXACT_PRIMARY_ID,100.00,IDENTITY_MATCHED,QUANTITY_MATCHED,PRICE_MATCHED,AMOUNT_MATCHED,MATCHED,N,0.00,0.00,0.00,PRD-0110,PRD-0110,AURORA Storage Container 5 W,AURORA Storage Container 5 W,370.79,370.79,8.31,8.31,44.62,44.62,0.00,0.00,0.00,0.00,0.00,0.00,0.00
TXN-A-000514-L1027,TXN-A-000514,TXN-B-000514-L1028,TXN-B-000514,EXACT_PRIMARY_ID,100.00,IDENTITY_MATCHED,QUANTITY_MATCHED,PRICE_MATCHED,AMOUNT_MATCHED,MATCHED,N,0.00,0.00,0.00,PRD-0059,PRD-0059,AURORA Screen Protector 45 CM,AURORA Screen Protector 45 CM,90.85,90.85,1.47,1.47,61.80,61.80,0.00,0.00,0.00,0.00,0.00,0.00,0.00
TXN-A-000515-L1029,TXN-A-000515,TXN-B-000515-L1030,TXN-B-000515,EXACT_PRIMARY_ID,100.00,IDENTITY_MATCHED,QUANTITY_MATCHED,PRICE_MATCHED,AMOUNT_MATCHED,MATCHED,N,0.00,0.00,0.00,PRD-0147,PRD-0147,NEXUS Screwdriver Set 100 MG,NEXUS Screwdriver Set 100 MG,272.09,272.09,4.51,4.51,60.33,60.33,0.00,0.00,0.00,0.00,0.00,0.00,0.00
TXN-A-000516-L1031,TXN-A-000516,TXN-B-000516-L1032,TXN-B-000516,EXACT_PRIMARY_ID,100.00,IDENTITY_MATCHED,QUANTITY_MATCHED,PRICE_MATCHED,AMOUNT_MATCHED,MATCHED,N,0.00,0.00,0.00,PRD-0022,PRD-0022,ZENITH Floor Polish 2000 MAH,ZENITH Floor Polish 2000 MAH,11.37,11.37,1.92,1.92,5.92,5.92,0.00,0.00,0.00,0.00,0.00,0.00,0.00
TXN-A-000517-L1033,TXN-A-000517,TXN-B-000517-L1034,TXN-B-000517,EXACT_PRIMARY_ID,100.00,IDENTITY_MATCHED,QUANTITY_MATCHED,PRICE_MATCHED,AMOUNT_MATCHED,MATCHED,N,0.00,0.00,0.00,PRD-0056,PRD-0056,AURORA Phone Case 20 W,AURORA Phone Case 20 W,22.18,22.18,1.33,1.33,16.68,16.68,0.00,0.00,0.00,0.00,0.00,0.00,0.00
TXN-A-000518-L1035,TXN-A-000518,TXN-B-000518-L1036,TXN-B-000518,EXACT_PRIMARY_ID,100.00,IDENTITY_MATCHED,QUANTITY_MATCHED,PRICE_MATCHED,AMOUNT_MATCHED,MATCHED,N,0.00,0.00,0.00,PRD-0102,PRD-0102,NEXUS Mixing Bowl Set 15 W,NEXUS Mixing Bowl Set 15 W,176.97,176.97,3.02,3.02,58.60,58.60,0.00,0.00,0.00,0.00,0.00,0.00,0.00
TXN-A-000519-L1037,TXN-A-000519,TXN-B-000519-L1038,TXN-B-000519,EXACT_PRIMARY_ID,100.00,IDENTITY_MATCHED,QUANTITY_MATCHED,PRICE_MATCHED,AMOUNT_MATCHED,MATCHED,N,0.00,0.00,0.00,PRD-0149,PRD-0149,AURORA Wrench Set 45 CM,AURORA Wrench Set 45 CM,159.58,159.58,5.45,5.45,29.28,29.28,0.00,0.00,0.00,0.00,0.00,0.00,0.00
TXN-A-000520-L1039,TXN-A-000520,TXN-B-000520-L1040,TXN-B-000520,EXACT_PRIMARY_ID,100.00,IDENTITY_MATCHED,QUANTITY_MATCHED,PRICE_MATCHED,AMOUNT_MATCHED,MATCHED,N,0.00,0.00,0.00,PRD-0147,PRD-0147,NEXUS Screwdriver Set 100 MG,NEXUS Screwdriver Set 100 MG,330.61,330.61,5.48,5.48,60.33,60.33,0.00,0.00,0.00,0.00,0.00,0.00,0.00
TXN-A-000521-L1041,TXN-A-000521,TXN-B-000521-L1042,TXN-B-000521,EXACT_PRIMARY_ID,100.00,IDENTITY_MATCHED,QUANTITY_MATCHED,PRICE_MATCHED,AMOUNT_MATCHED,MATCHED,N,0.00,0.00,0.00,PRD-0032,PRD-0032,AURORA Binder Clip Box 3 V,AURORA Binder Clip Box 3 V,241.65,241.65,3.06,3.06,78.97,78.97,0.00,0.00,0.00,0.00,0.00,0.00,0.00
TXN-A-000522-L1043,TXN-A-000522,TXN-B-000522-L1044,TXN-B-000522,EXACT_PRIMARY_ID,100.00,IDENTITY_MATCHED,QUANTITY_MATCHED,PRICE_MATCHED,AMOUNT_MATCHED,MATCHED,N,0.00,0.00,0.00,PRD-0119,PRD-0119,AURORA Peeler 100 MG,AURORA Peeler 100 MG,53.73,53.73,4.04,4.04,13.30,13.30,0.00,0.00,0.00,0.00,0.00,0.00,0.00
TXN-A-000523-L1045,TXN-A-000523,TXN-B-000523-L1046,TXN-B-000523,EXACT_PRIMARY_ID,100.00,IDENTITY_MATCHED,QUANTITY_MATCHED,PRICE_MATCHED,AMOUNT_MATCHED,MATCHED,N,0.00,0.00,0.00,PRD-0056,PRD-0056,AURORA Phone Case 20 W,AURORA Phone Case 20 W,112.26,112.26,6.73,6.73,16.68,16.68,0.00,0.00,0.00,0.00,0.00,0.00,0.00
TXN-A-000524-L1047,TXN-A-000524,TXN-B-000524-L1048,TXN-B-000524,EXACT_PRIMARY_ID,100.00,IDENTITY_MATCHED,QUANTITY_MATCHED,PRICE_MATCHED,AMOUNT_MATCHED,MATCHED,N,0.00,0.00,0.00,PRD-0078,PRD-0078,NEXUS Shampoo 500 ML,NEXUS Shampoo 500 ML,541.41,541.41,4.57,4.57,118.47,118.47,0.00,0.00,0.00,0.00,0.00,0.00,0.00
TXN-A-000525-L1049,TXN-A-000525,TXN-B-000525-L1050,TXN-B-000525,EXACT_PRIMARY_ID,100.00,IDENTITY_MATCHED,QUANTITY_MATCHED,PRICE_MATCHED,AMOUNT_MATCHED,MATCHED,N,0.00,0.00,0.00,PRD-0115,PRD-0115,ZENITH Can Opener 2000 MAH,ZENITH Can Opener 2000 MAH,302.73,302.73,4.70,4.70,64.41,64.41,0.00,0.00,0.00,0.00,0.00,0.00,0.00
TXN-A-000526-L1051,TXN-A-000526,TXN-B-000526-L1052,TXN-B-000526,EXACT_PRIMARY_ID,100.00,IDENTITY_MATCHED,QUANTITY_MATCHED,PRICE_MATCHED,AMOUNT_MATCHED,MATCHED,N,0.00,0.00,0.00,PRD-0145,PRD-0145,ZENITH Screwdriver Set 10 W,ZENITH Screwdriver Set 10 W,178.23,178.23,5.58,5.58,31.94,31.94,0.00,0.00,0.00,0.00,0.00,0.00,0.00
TXN-A-000527-L1053,TXN-A-000527,TXN-B-000527-L1054,TXN-B-000527,EXACT_PRIMARY_ID,100.00,IDENTITY_MATCHED,QUANTITY_MATCHED,PRICE_MATCHED,AMOUNT_MATCHED,MATCHED,N,0.00,0.00,0.00,PRD-0095,PRD-0095,AURORA Lotion 1 KG,AURORA Lotion 1 KG,188.77,188.77,1.61,1.61,117.25,117.25,0.00,0.00,0.00,0.00,0.00,0.00,0.00
TXN-A-000528-L1055,TXN-A-000528,TXN-B-000528-L1056,TXN-B-000528,EXACT_PRIMARY_ID,100.00,IDENTITY_MATCHED,QUANTITY_MATCHED,PRICE_MATCHED,AMOUNT_MATCHED,MATCHED,N,0.00,0.00,0.00,PRD-0122,PRD-0122,AURORA Notebook 5000 MAH,AURORA Notebook 5000 MAH,192.36,192.36,6.03,6.03,31.90,31.90,0.00,0.00,0.00,0.00,0.00,0.00,0.00
TXN-A-000529-L1057,TXN-A-000529,TXN-B-000529-L1058,TXN-B-000529,EXACT_PRIMARY_ID,100.00,IDENTITY_MATCHED,QUANTITY_MATCHED,PRICE_MATCHED,AMOUNT_MATCHED,MATCHED,N,0.00,0.00,0.00,PRD-0070,PRD-0070,ZENITH Mouse Pad 200 G,ZENITH Mouse Pad 200 G,876.18,876.18,7.70,7.70,113.79,113.79,0.00,0.00,0.00,0.00,0.00,0.00,0.00
TXN-A-000530-L1059,TXN-A-000530,TXN-B-000530-L1060,TXN-B-000530,EXACT_PRIMARY_ID,100.00,IDENTITY_MATCHED,QUANTITY_MATCHED,PRICE_MATCHED,AMOUNT_MATCHED,MATCHED,N,0.00,0.00,0.00,PRD-0056,PRD-0056,AURORA Phone Case 20 W,AURORA Phone Case 20 W,37.36,37.36,2.24,2.24,16.68,16.68,0.00,0.00,0.00,0.00,0.00,0.00,0.00
TXN-A-000531-L1061,TXN-A-000531,TXN-B-000531-L1062,TXN-B-000531,EXACT_PRIMARY_ID,100.00,IDENTITY_MATCHED,QUANTITY_MATCHED,PRICE_MATCHED,AMOUNT_MATCHED,MATCHED,N,0.00,0.00,0.00,PRD-0103,PRD-0103,ZENITH Measuring Cup 10000 MAH,ZENITH Measuring Cup 10000 MAH,12.84,12.84,1.71,1.71,7.51,7.51,0.00,0.00,0.00,0.00,0.00,0.00,0.00
TXN-A-000532-L1063,TXN-A-000532,TXN-B-000532-L1064,TXN-B-000532,EXACT_PRIMARY_ID,100.00,IDENTITY_MATCHED,QUANTITY_MATCHED,PRICE_MATCHED,AMOUNT_MATCHED,MATCHED,N,0.00,0.00,0.00,PRD-0057,PRD-0057,NEXUS Phone Case 1 L,NEXUS Phone Case 1 L,43.15,43.15,1.36,1.36,31.73,31.73,0.00,0.00,0.00,0.00,0.00,0.00,0.00
TXN-A-000533-L1065,TXN-A-000533,TXN-B-000533-L1066,TXN-B-000533,EXACT_PRIMARY_ID,100.00,IDENTITY_MATCHED,QUANTITY_MATCHED,PRICE_MATCHED,AMOUNT_MATCHED,MATCHED,N,0.00,0.00,0.00,PRD-0118,PRD-0118,ZENITH Peeler 750 ML,ZENITH Peeler 750 ML,159.04,159.04,5.67,5.67,28.05,28.05,0.00,0.00,0.00,0.00,0.00,0.00,0.00
TXN-A-000534-L1067,TXN-A-000534,TXN-B-000534-L1068,TXN-B-000534,EXACT_PRIMARY_ID,100.00,IDENTITY_MATCHED,QUANTITY_MATCHED,PRICE_MATCHED,AMOUNT_MATCHED,MATCHED,N,0.00,0.00,0.00,PRD-0141,PRD-0141,NEXUS Eraser Pack 3 V,NEXUS Eraser Pack 3 V,340.75,340.75,9.80,9.80,34.77,34.77,0.00,0.00,0.00,0.00,0.00,0.00,0.00
TXN-A-000535-L1069,TXN-A-000535,TXN-B-000535-L1070,TXN-B-000535,EXACT_PRIMARY_ID,100.00,IDENTITY_MATCHED,QUANTITY_MATCHED,PRICE_MATCHED,AMOUNT_MATCHED,MATCHED,N,0.00,0.00,0.00,PRD-0006,PRD-0006,NEXUS Glass Spray 9 V,NEXUS Glass Spray 9 V,391.02,391.02,4.65,4.65,84.09,84.09,0.00,0.00,0.00,0.00,0.00,0.00,0.00
TXN-A-000536-L1071,TXN-A-000536,TXN-B-000536-L1072,TXN-B-000536,EXACT_PRIMARY_ID,100.00,IDENTITY_MATCHED,QUANTITY_MATCHED,PRICE_MATCHED,AMOUNT_MATCHED,MATCHED,N,0.00,0.00,0.00,PRD-0148,PRD-0148,ZENITH Wrench Set 30 CM,ZENITH Wrench Set 30 CM,382.49,382.49,3.27,3.27,116.97,116.97,0.00,0.00,0.00,0.00,0.00,0.00,0.00
TXN-A-000537-L1073,TXN-A-000537,TXN-B-000537-L1074,TXN-B-000537,EXACT_PRIMARY_ID,100.00,IDENTITY_MATCHED,QUANTITY_MATCHED,PRICE_MATCHED,AMOUNT_MATCHED,MATCHED,N,0.00,0.00,0.00,PRD-0014,PRD-0014,AURORA Fabric Softener 250 MG,AURORA Fabric Softener 250 MG,232.94,232.94,2.08,2.08,111.99,111.99,0.00,0.00,0.00,0.00,0.00,0.00,0.00
TXN-A-000538-L1075,TXN-A-000538,TXN-B-000538-L1076,TXN-B-000538,EXACT_PRIMARY_ID,100.00,IDENTITY_MATCHED,QUANTITY_MATCHED,PRICE_MATCHED,AMOUNT_MATCHED,MATCHED,N,0.00,0.00,0.00,PRD-0023,PRD-0023,AURORA Floor Polish 100 MG,AURORA Floor Polish 100 MG,107.74,107.74,2.07,2.07,52.05,52.05,0.00,0.00,0.00,0.00,0.00,0.00,0.00
TXN-A-000539-L1077,TXN-A-000539,TXN-B-000539-L1078,TXN-B-000539,EXACT_PRIMARY_ID,100.00,IDENTITY_MATCHED,QUANTITY_MATCHED,PRICE_MATCHED,AMOUNT_MATCHED,MATCHED,N,0.00,0.00,0.00,PRD-0110,PRD-0110,AURORA Storage Container 5 W,AURORA Storage Container 5 W,255.23,255.23,5.72,5.72,44.62,44.62,0.00,0.00,0.00,0.00,0.00,0.00,0.00
TXN-A-000540-L1079,TXN-A-000540,TXN-B-000540-L1080,TXN-B-000540,EXACT_PRIMARY_ID,100.00,IDENTITY_MATCHED,QUANTITY_MATCHED,PRICE_MATCHED,AMOUNT_MATCHED,MATCHED,N,0.00,0.00,0.00,PRD-0055,PRD-0055,ZENITH Phone Case 250 MG,ZENITH Phone Case 250 MG,492.52,492.52,9.36,9.36,52.62,52.62,0.00,0.00,0.00,0.00,0.00,0.00,0.00
TXN-A-000541-L1081,TXN-A-000541,TXN-B-000541-L1082,TXN-B-000541,EXACT_PRIMARY_ID,100.00,IDENTITY_MATCHED,QUANTITY_MATCHED,PRICE_MATCHED,AMOUNT_MATCHED,MATCHED,N,0.00,0.00,0.00,PRD-0138,PRD-0138,NEXUS Scissors 500 MG,NEXUS Scissors 500 MG,564.61,564.61,5.86,5.86,96.35,96.35,0.00,0.00,0.00,0.00,0.00,0.00,0.00
TXN-A-000542-L1083,TXN-A-000542,TXN-B-000542-L1084,TXN-B-000542,EXACT_PRIMARY_ID,100.00,IDENTITY_MATCHED,QUANTITY_MATCHED,PRICE_MATCHED,AMOUNT_MATCHED,MATCHED,N,0.00,0.00,0.00,PRD-0018,PRD-0018,NEXUS Surface Wipes 500 MG,NEXUS Surface Wipes 500 MG,66.43,66.43,1.69,1.69,39.31,39.31,0.00,0.00,0.00,0.00,0.00,0.00,0.00
TXN-A-000543-L1085,TXN-A-000543,TXN-B-000543-L1086,TXN-B-000543,EXACT_PRIMARY_ID,100.00,IDENTITY_MATCHED,QUANTITY_MATCHED,PRICE_MATCHED,AMOUNT_MATCHED,MATCHED,N,0.00,0.00,0.00,PRD-0132,PRD-0132,NEXUS Ruler Set 60 CM,NEXUS Ruler Set 60 CM,139.10,139.10,6.71,6.71,20.73,20.73,0.00,0.00,0.00,0.00,0.00,0.00,0.00
TXN-A-000544-L1087,TXN-A-000544,TXN-B-000544-L1088,TXN-B-000544,EXACT_PRIMARY_ID,100.00,IDENTITY_MATCHED,QUANTITY_MATCHED,PRICE_MATCHED,AMOUNT_MATCHED,MATCHED,N,0.00,0.00,0.00,PRD-0134,PRD-0134,AURORA Glue Stick 9 V,AURORA Glue Stick 9 V,266.41,266.41,3.43,3.43,77.67,77.67,0.00,0.00,0.00,0.00,0.00,0.00,0.00
TXN-A-000545-L1089,TXN-A-000545,TXN-B-000545-L1090,TXN-B-000545,EXACT_PRIMARY_ID,100.00,IDENTITY_MATCHED,QUANTITY_MATCHED,PRICE_MATCHED,AMOUNT_MATCHED,MATCHED,N,0.00,0.00,0.00,PRD-0100,PRD-0100,ZENITH Mixing Bowl Set 250 ML,ZENITH Mixing Bowl Set 250 ML,591.72,591.72,9.37,9.37,63.15,63.15,0.00,0.00,0.00,0.00,0.00,0.00,0.00
TXN-A-000546-L1091,TXN-A-000546,TXN-B-000546-L1092,TXN-B-000546,EXACT_PRIMARY_ID,100.00,IDENTITY_MATCHED,QUANTITY_MATCHED,PRICE_MATCHED,AMOUNT_MATCHED,MATCHED,N,0.00,0.00,0.00,PRD-0069,PRD-0069,NEXUS HDMI Cable 1.5 L,NEXUS HDMI Cable 1.5 L,302.88,302.88,6.67,6.67,45.41,45.41,0.00,0.00,0.00,0.00,0.00,0.00,0.00
TXN-A-000547-L1093,TXN-A-000547,TXN-B-000547-L1094,TXN-B-000547,EXACT_PRIMARY_ID,100.00,IDENTITY_MATCHED,QUANTITY_MATCHED,PRICE_MATCHED,AMOUNT_MATCHED,MATCHED,N,0.00,0.00,0.00,PRD-0029,PRD-0029,AURORA Highlighter Set 9 V,AURORA Highlighter Set 9 V,105.08,105.08,4.02,4.02,26.14,26.14,0.00,0.00,0.00,0.00,0.00,0.00,0.00
TXN-A-000548-L1095,TXN-A-000548,TXN-B-000548-L1096,TXN-B-000548,EXACT_PRIMARY_ID,100.00,IDENTITY_MATCHED,QUANTITY_MATCHED,PRICE_MATCHED,AMOUNT_MATCHED,MATCHED,N,0.00,0.00,0.00,PRD-0116,PRD-0116,AURORA Can Opener 500 MG,AURORA Can Opener 500 MG,112.02,112.02,1.39,1.39,80.59,80.59,0.00,0.00,0.00,0.00,0.00,0.00,0.00
TXN-A-000549-L1097,TXN-A-000549,TXN-B-000549-L1098,TXN-B-000549,EXACT_PRIMARY_ID,100.00,IDENTITY_MATCHED,QUANTITY_MATCHED,PRICE_MATCHED,AMOUNT_MATCHED,MATCHED,N,0.00,0.00,0.00,PRD-0127,PRD-0127,ZENITH Colored Pencil Set 50 G,ZENITH Colored Pencil Set 50 G,221.33,221.33,3.82,3.82,57.94,57.94,0.00,0.00,0.00,0.00,0.00,0.00,0.00
TXN-A-000550-L1099,TXN-A-000550,TXN-B-000550-L1100,TXN-B-000550,EXACT_PRIMARY_ID,100.00,IDENTITY_MATCHED,QUANTITY_MATCHED,PRICE_MATCHED,AMOUNT_MATCHED,MATCHED,N,0.00,0.00,0.00,PRD-0032,PRD-0032,AURORA Binder Clip Box 3 V,AURORA Binder Clip Box 3 V,190.32,190.32,2.41,2.41,78.97,78.97,0.00,0.00,0.00,0.00,0.00,0.00,0.00
TXN-A-000551-L1101,TXN-A-000551,TXN-B-000551-L1102,TXN-B-000551,EXACT_PRIMARY_ID,100.00,IDENTITY_MATCHED,QUANTITY_MATCHED,PRICE_MATCHED,AMOUNT_MATCHED,MATCHED,N,0.00,0.00,0.00,PRD-0024,PRD-0024,NEXUS Floor Polish 100 MG,NEXUS Floor Polish 100 MG,460.32,460.32,6.08,6.08,75.71,75.71,0.00,0.00,0.00,0.00,0.00,0.00,0.00
TXN-A-000552-L1103,TXN-A-000552,TXN-B-000552-L1104,TXN-B-000552,EXACT_PRIMARY_ID,100.00,IDENTITY_MATCHED,QUANTITY_MATCHED,PRICE_MATCHED,AMOUNT_MATCHED,MATCHED,N,0.00,0.00,0.00,PRD-0026,PRD-0026,AURORA Ballpoint Pen 250 ML,AURORA Ballpoint Pen 250 ML,105.83,105.83,3.93,3.93,26.93,26.93,0.00,0.00,0.00,0.00,0.00,0.00,0.00
TXN-A-000553-L1105,TXN-A-000553,TXN-B-000553-L1106,TXN-B-000553,EXACT_PRIMARY_ID,100.00,IDENTITY_MATCHED,QUANTITY_MATCHED,PRICE_MATCHED,AMOUNT_MATCHED,MATCHED,N,0.00,0.00,0.00,PRD-0032,PRD-0032,AURORA Binder Clip Box 3 V,AURORA Binder Clip Box 3 V,164.26,164.26,2.08,2.08,78.97,78.97,0.00,0.00,0.00,0.00,0.00,0.00,0.00
TXN-A-000554-L1107,TXN-A-000554,TXN-B-000554-L1108,TXN-B-000554,EXACT_PRIMARY_ID,100.00,IDENTITY_MATCHED,QUANTITY_MATCHED,PRICE_MATCHED,AMOUNT_MATCHED,MATCHED,N,0.00,0.00,0.00,PRD-0120,PRD-0120,NEXUS Peeler 30 CM,NEXUS Peeler 30 CM,919.20,919.20,9.59,9.59,95.85,95.85,0.00,0.00,0.00,0.00,0.00,0.00,0.00
TXN-A-000555-L1109,TXN-A-000555,TXN-B-000555-L1110,TXN-B-000555,EXACT_PRIMARY_ID,100.00,IDENTITY_MATCHED,QUANTITY_MATCHED,PRICE_MATCHED,AMOUNT_MATCHED,MATCHED,N,0.00,0.00,0.00,PRD-0032,PRD-0032,AURORA Binder Clip Box 3 V,AURORA Binder Clip Box 3 V,737.58,737.58,9.34,9.34,78.97,78.97,0.00,0.00,0.00,0.00,0.00,0.00,0.00
TXN-A-000556-L1111,TXN-A-000556,TXN-B-000556-L1112,TXN-B-000556,EXACT_PRIMARY_ID,100.00,IDENTITY_MATCHED,QUANTITY_MATCHED,PRICE_MATCHED,AMOUNT_MATCHED,MATCHED,N,0.00,0.00,0.00,PRD-0079,PRD-0079,ZENITH Body Wash 200 G,ZENITH Body Wash 200 G,117.39,117.39,1.58,1.58,74.30,74.30,0.00,0.00,0.00,0.00,0.00,0.00,0.00
TXN-A-000557-L1113,TXN-A-000557,TXN-B-000557-L1114,TXN-B-000557,EXACT_PRIMARY_ID,100.00,IDENTITY_MATCHED,QUANTITY_MATCHED,PRICE_MATCHED,AMOUNT_MATCHED,MATCHED,N,0.00,0.00,0.00,PRD-0042,PRD-0042,NEXUS File Folder Pack 500 G,NEXUS File Folder Pack 500 G,488.35,488.35,7.17,7.17,68.11,68.11,0.00,0.00,0.00,0.00,0.00,0.00,0.00
TXN-A-000558-L1115,TXN-A-000558,TXN-B-000558-L1116,TXN-B-000558,EXACT_PRIMARY_ID,100.00,IDENTITY_MATCHED,QUANTITY_MATCHED,PRICE_MATCHED,AMOUNT_MATCHED,MATCHED,N,0.00,0.00,0.00,PRD-0103,PRD-0103,ZENITH Measuring Cup 10000 MAH,ZENITH Measuring Cup 10000 MAH,49.64,49.64,6.61,6.61,7.51,7.51,0.00,0.00,0.00,0.00,0.00,0.00,0.00
TXN-A-000559-L1117,TXN-A-000559,TXN-B-000559-L1118,TXN-B-000559,EXACT_PRIMARY_ID,100.00,IDENTITY_MATCHED,QUANTITY_MATCHED,PRICE_MATCHED,AMOUNT_MATCHED,MATCHED,N,0.00,0.00,0.00,PRD-0009,PRD-0009,NEXUS Dish Liquid 10 W,NEXUS Dish Liquid 10 W,742.92,742.92,7.28,7.28,102.05,102.05,0.00,0.00,0.00,0.00,0.00,0.00,0.00
TXN-A-000560-L1119,TXN-A-000560,TXN-B-000560-L1120,TXN-B-000560,EXACT_PRIMARY_ID,100.00,IDENTITY_MATCHED,QUANTITY_MATCHED,PRICE_MATCHED,AMOUNT_MATCHED,MATCHED,N,0.00,0.00,0.00,PRD-0064,PRD-0064,ZENITH Charging Dock 15 W,ZENITH Charging Dock 15 W,429.69,429.69,7.14,7.14,60.18,60.18,0.00,0.00,0.00,0.00,0.00,0.00,0.00
TXN-A-000561-L1121,TXN-A-000561,TXN-B-000561-L1122,TXN-B-000561,EXACT_PRIMARY_ID,100.00,IDENTITY_MATCHED,QUANTITY_MATCHED,PRICE_MATCHED,AMOUNT_MATCHED,MATCHED,N,0.00,0.00,0.00,PRD-0092,PRD-0092,AURORA Hair Gel 100 MG,AURORA Hair Gel 100 MG,164.91,164.91,2.55,2.55,64.67,64.67,0.00,0.00,0.00,0.00,0.00,0.00,0.00
TXN-A-000562-L1123,TXN-A-000562,TXN-B-000562-L1124,TXN-B-000562,EXACT_PRIMARY_ID,100.00,IDENTITY_MATCHED,QUANTITY_MATCHED,PRICE_MATCHED,AMOUNT_MATCHED,MATCHED,N,0.00,0.00,0.00,PRD-0044,PRD-0044,AURORA Whiteboard Marker 12 IN,AURORA Whiteboard Marker 12 IN,74.75,74.75,1.92,1.92,38.93,38.93,0.00,0.00,0.00,0.00,0.00,0.00,0.00
TXN-A-000563-L1125,TXN-A-000563,TXN-B-000563-L1126,TXN-B-000563,EXACT_PRIMARY_ID,100.00,IDENTITY_MATCHED,QUANTITY_MATCHED,PRICE_MATCHED,AMOUNT_MATCHED,MATCHED,N,0.00,0.00,0.00,PRD-0005,PRD-0005,AURORA Glass Spray 500 G,AURORA Glass Spray 500 G,955.29,955.29,8.59,8.59,111.21,111.21,0.00,0.00,0.00,0.00,0.00,0.00,0.00
TXN-A-000564-L1127,TXN-A-000564,TXN-B-000564-L1128,TXN-B-000564,EXACT_PRIMARY_ID,100.00,IDENTITY_MATCHED,QUANTITY_MATCHED,PRICE_MATCHED,AMOUNT_MATCHED,MATCHED,N,0.00,0.00,0.00,PRD-0052,PRD-0052,ZENITH Power Adapter 20 W,ZENITH Power Adapter 20 W,413.14,413.14,9.11,9.11,45.35,45.35,0.00,0.00,0.00,0.00,0.00,0.00,0.00
TXN-A-000565-L1129,TXN-A-000565,TXN-B-000565-L1130,TXN-B-000565,EXACT_PRIMARY_ID,100.00,IDENTITY_MATCHED,QUANTITY_MATCHED,PRICE_MATCHED,AMOUNT_MATCHED,MATCHED,N,0.00,0.00,0.00,PRD-0074,PRD-0074,AURORA Hand Soap 1.5 V,AURORA Hand Soap 1.5 V,85.40,85.40,1.18,1.18,72.37,72.37,0.00,0.00,0.00,0.00,0.00,0.00,0.00
TXN-A-000566-L1131,TXN-A-000566,TXN-B-000566-L1132,TXN-B-000566,EXACT_PRIMARY_ID,100.00,IDENTITY_MATCHED,QUANTITY_MATCHED,PRICE_MATCHED,AMOUNT_MATCHED,MATCHED,N,0.00,0.00,0.00,PRD-0144,PRD-0144,NEXUS Marker Set 250 ML,NEXUS Marker Set 250 ML,267.93,267.93,6.69,6.69,40.05,40.05,0.00,0.00,0.00,0.00,0.00,0.00,0.00
TXN-A-000567-L1133,TXN-A-000567,TXN-B-000567-L1134,TXN-B-000567,EXACT_PRIMARY_ID,100.00,IDENTITY_MATCHED,QUANTITY_MATCHED,PRICE_MATCHED,AMOUNT_MATCHED,MATCHED,N,0.00,0.00,0.00,PRD-0036,PRD-0036,NEXUS Stapler 1.5 L,NEXUS Stapler 1.5 L,864.54,864.54,7.64,7.64,113.16,113.16,0.00,0.00,0.00,0.00,0.00,0.00,0.00
TXN-A-000568-L1135,TXN-A-000568,TXN-B-000568-L1136,TXN-B-000568,EXACT_PRIMARY_ID,100.00,IDENTITY_MATCHED,QUANTITY_MATCHED,PRICE_MATCHED,AMOUNT_MATCHED,MATCHED,N,0.00,0.00,0.00,PRD-0149,PRD-0149,AURORA Wrench Set 45 CM,AURORA Wrench Set 45 CM,155.18,155.18,5.30,5.30,29.28,29.28,0.00,0.00,0.00,0.00,0.00,0.00,0.00
TXN-A-000569-L1137,TXN-A-000569,TXN-B-000569-L1138,TXN-B-000569,EXACT_PRIMARY_ID,100.00,IDENTITY_MATCHED,QUANTITY_MATCHED,PRICE_MATCHED,AMOUNT_MATCHED,MATCHED,N,0.00,0.00,0.00,PRD-0025,PRD-0025,ZENITH Ballpoint Pen 1 KG,ZENITH Ballpoint Pen 1 KG,126.44,126.44,3.41,3.41,37.08,37.08,0.00,0.00,0.00,0.00,0.00,0.00,0.00
TXN-A-000570-L1139,TXN-A-000570,TXN-B-000570-L1140,TXN-B-000570,EXACT_PRIMARY_ID,100.00,IDENTITY_MATCHED,QUANTITY_MATCHED,PRICE_MATCHED,AMOUNT_MATCHED,MATCHED,N,0.00,0.00,0.00,PRD-0147,PRD-0147,NEXUS Screwdriver Set 100 MG,NEXUS Screwdriver Set 100 MG,115.23,115.23,1.91,1.91,60.33,60.33,0.00,0.00,0.00,0.00,0.00,0.00,0.00
TXN-A-000571-L1141,TXN-A-000571,TXN-B-000571-L1142,TXN-B-000571,EXACT_PRIMARY_ID,100.00,IDENTITY_MATCHED,QUANTITY_MATCHED,PRICE_MATCHED,AMOUNT_MATCHED,MATCHED,N,0.00,0.00,0.00,PRD-0008,PRD-0008,AURORA Dish Liquid 10000 MAH,AURORA Dish Liquid 10000 MAH,805.39,805.39,7.20,7.20,111.86,111.86,0.00,0.00,0.00,0.00,0.00,0.00,0.00
TXN-A-000572-L1143,TXN-A-000572,TXN-B-000572-L1144,TXN-B-000572,EXACT_PRIMARY_ID,100.00,IDENTITY_MATCHED,QUANTITY_MATCHED,PRICE_MATCHED,AMOUNT_MATCHED,MATCHED,N,0.00,0.00,0.00,PRD-0149,PRD-0149,AURORA Wrench Set 45 CM,AURORA Wrench Set 45 CM,114.48,114.48,3.91,3.91,29.28,29.28,0.00,0.00,0.00,0.00,0.00,0.00,0.00
TXN-A-000573-L1145,TXN-A-000573,TXN-B-000573-L1146,TXN-B-000573,EXACT_PRIMARY_ID,100.00,IDENTITY_MATCHED,QUANTITY_MATCHED,PRICE_MATCHED,AMOUNT_MATCHED,MATCHED,N,0.00,0.00,0.00,PRD-0131,PRD-0131,AURORA Ruler Set 60 CM,AURORA Ruler Set 60 CM,139.94,139.94,9.28,9.28,15.08,15.08,0.00,0.00,0.00,0.00,0.00,0.00,0.00
TXN-A-000574-L1147,TXN-A-000574,TXN-B-000574-L1148,TXN-B-000574,EXACT_PRIMARY_ID,100.00,IDENTITY_MATCHED,QUANTITY_MATCHED,PRICE_MATCHED,AMOUNT_MATCHED,MATCHED,N,0.00,0.00,0.00,PRD-0053,PRD-0053,AURORA Power Adapter 1 L,AURORA Power Adapter 1 L,288.64,288.64,6.59,6.59,43.80,43.80,0.00,0.00,0.00,0.00,0.00,0.00,0.00
TXN-A-000575-L1149,TXN-A-000575,TXN-B-000575-L1150,TXN-B-000575,EXACT_PRIMARY_ID,100.00,IDENTITY_MATCHED,QUANTITY_MATCHED,PRICE_MATCHED,AMOUNT_MATCHED,MATCHED,N,0.00,0.00,0.00,PRD-0090,PRD-0090,NEXUS Face Cream 100 MG,NEXUS Face Cream 100 MG,74.80,74.80,3.74,3.74,20.00,20.00,0.00,0.00,0.00,0.00,0.00,0.00,0.00
TXN-A-000576-L1151,TXN-A-000576,TXN-B-000576-L1152,TXN-B-000576,EXACT_PRIMARY_ID,100.00,IDENTITY_MATCHED,QUANTITY_MATCHED,PRICE_MATCHED,AMOUNT_MATCHED,MATCHED,N,0.00,0.00,0.00,PRD-0115,PRD-0115,ZENITH Can Opener 2000 MAH,ZENITH Can Opener 2000 MAH,624.13,624.13,9.69,9.69,64.41,64.41,0.00,0.00,0.00,0.00,0.00,0.00,0.00
TXN-A-000577-L1153,TXN-A-000577,TXN-B-000577-L1154,TXN-B-000577,EXACT_PRIMARY_ID,100.00,IDENTITY_MATCHED,QUANTITY_MATCHED,PRICE_MATCHED,AMOUNT_MATCHED,MATCHED,N,0.00,0.00,0.00,PRD-0113,PRD-0113,AURORA Kitchen Towel 20 W,AURORA Kitchen Towel 20 W,438.86,438.86,6.15,6.15,71.36,71.36,0.00,0.00,0.00,0.00,0.00,0.00,0.00
TXN-A-000578-L1155,TXN-A-000578,TXN-B-000578-L1156,TXN-B-000578,EXACT_PRIMARY_ID,100.00,IDENTITY_MATCHED,QUANTITY_MATCHED,PRICE_MATCHED,AMOUNT_MATCHED,MATCHED,N,0.00,0.00,0.00,PRD-0077,PRD-0077,AURORA Shampoo 1 KG,AURORA Shampoo 1 KG,830.41,830.41,7.79,7.79,106.60,106.60,0.00,0.00,0.00,0.00,0.00,0.00,0.00
TXN-A-000579-L1157,TXN-A-000579,TXN-B-000579-L1158,TXN-B-000579,EXACT_PRIMARY_ID,100.00,IDENTITY_MATCHED,QUANTITY_MATCHED,PRICE_MATCHED,AMOUNT_MATCHED,MATCHED,N,0.00,0.00,0.00,PRD-0014,PRD-0014,AURORA Fabric Softener 250 MG,AURORA Fabric Softener 250 MG,845.52,845.52,7.55,7.55,111.99,111.99,0.00,0.00,0.00,0.00,0.00,0.00,0.00
TXN-A-000580-L1159,TXN-A-000580,TXN-B-000580-L1160,TXN-B-000580,EXACT_PRIMARY_ID,100.00,IDENTITY_MATCHED,QUANTITY_MATCHED,PRICE_MATCHED,AMOUNT_MATCHED,MATCHED,N,0.00,0.00,0.00,PRD-0097,PRD-0097,ZENITH Cutting Board 5 W,ZENITH Cutting Board 5 W,63.00,63.00,3.94,3.94,15.99,15.99,0.00,0.00,0.00,0.00,0.00,0.00,0.00
TXN-A-000581-L1161,TXN-A-000581,TXN-B-000581-L1162,TXN-B-000581,EXACT_PRIMARY_ID,100.00,IDENTITY_MATCHED,QUANTITY_MATCHED,PRICE_MATCHED,AMOUNT_MATCHED,MATCHED,N,0.00,0.00,0.00,PRD-0118,PRD-0118,ZENITH Peeler 750 ML,ZENITH Peeler 750 ML,178.40,178.40,6.36,6.36,28.05,28.05,0.00,0.00,0.00,0.00,0.00,0.00,0.00
TXN-A-000582-L1163,TXN-A-000582,TXN-B-000582-L1164,TXN-B-000582,EXACT_PRIMARY_ID,100.00,IDENTITY_MATCHED,QUANTITY_MATCHED,PRICE_MATCHED,AMOUNT_MATCHED,MATCHED,N,0.00,0.00,0.00,PRD-0061,PRD-0061,ZENITH Battery Pack 200 G,ZENITH Battery Pack 200 G,146.77,146.77,2.29,2.29,64.09,64.09,0.00,0.00,0.00,0.00,0.00,0.00,0.00
TXN-A-000583-L1165,TXN-A-000583,TXN-B-000583-L1166,TXN-B-000583,EXACT_PRIMARY_ID,100.00,IDENTITY_MATCHED,QUANTITY_MATCHED,PRICE_MATCHED,AMOUNT_MATCHED,MATCHED,N,0.00,0.00,0.00,PRD-0011,PRD-0011,AURORA Laundry Detergent 2000 MAH,AURORA Laundry Detergent 2000 MAH,180.26,180.26,1.84,1.84,97.97,97.97,0.00,0.00,0.00,0.00,0.00,0.00,0.00
TXN-A-000584-L1167,TXN-A-000584,TXN-B-000584-L1168,TXN-B-000584,EXACT_PRIMARY_ID,100.00,IDENTITY_MATCHED,QUANTITY_MATCHED,PRICE_MATCHED,AMOUNT_MATCHED,MATCHED,N,0.00,0.00,0.00,PRD-0104,PRD-0104,AURORA Measuring Cup 10000 MAH,AURORA Measuring Cup 10000 MAH,162.16,162.16,2.37,2.37,68.42,68.42,0.00,0.00,0.00,0.00,0.00,0.00,0.00
TXN-A-000585-L1169,TXN-A-000585,TXN-B-000585-L1170,TXN-B-000585,EXACT_PRIMARY_ID,100.00,IDENTITY_MATCHED,QUANTITY_MATCHED,PRICE_MATCHED,AMOUNT_MATCHED,MATCHED,N,0.00,0.00,0.00,PRD-0134,PRD-0134,AURORA Glue Stick 9 V,AURORA Glue Stick 9 V,515.73,515.73,6.64,6.64,77.67,77.67,0.00,0.00,0.00,0.00,0.00,0.00,0.00
TXN-A-000586-L1171,TXN-A-000586,TXN-B-000586-L1172,TXN-B-000586,EXACT_PRIMARY_ID,100.00,IDENTITY_MATCHED,QUANTITY_MATCHED,PRICE_MATCHED,AMOUNT_MATCHED,MATCHED,N,0.00,0.00,0.00,PRD-0073,PRD-0073,ZENITH Hand Soap 250 MG,ZENITH Hand Soap 250 MG,51.98,51.98,2.30,2.30,22.60,22.60,0.00,0.00,0.00,0.00,0.00,0.00,0.00
TXN-A-000587-L1173,TXN-A-000587,TXN-B-000587-L1174,TXN-B-000587,EXACT_PRIMARY_ID,100.00,IDENTITY_MATCHED,QUANTITY_MATCHED,PRICE_MATCHED,AMOUNT_MATCHED,MATCHED,N,0.00,0.00,0.00,PRD-0045,PRD-0045,NEXUS Whiteboard Marker 45 CM,NEXUS Whiteboard Marker 45 CM,128.84,128.84,4.36,4.36,29.55,29.55,0.00,0.00,0.00,0.00,0.00,0.00,0.00
TXN-A-000588-L1175,TXN-A-000588,TXN-B-000588-L1176,TXN-B-000588,EXACT_PRIMARY_ID,100.00,IDENTITY_MATCHED,QUANTITY_MATCHED,PRICE_MATCHED,AMOUNT_MATCHED,MATCHED,N,0.00,0.00,0.00,PRD-0072,PRD-0072,NEXUS Mouse Pad 100 G,NEXUS Mouse Pad 100 G,65.53,65.53,1.49,1.49,43.98,43.98,0.00,0.00,0.00,0.00,0.00,0.00,0.00
TXN-A-000589-L1177,TXN-A-000589,TXN-B-000589-L1178,TXN-B-000589,EXACT_PRIMARY_ID,100.00,IDENTITY_MATCHED,QUANTITY_MATCHED,PRICE_MATCHED,AMOUNT_MATCHED,MATCHED,N,0.00,0.00,0.00,PRD-0068,PRD-0068,AURORA HDMI Cable 10000 MAH,AURORA HDMI Cable 10000 MAH,142.89,142.89,3.68,3.68,38.83,38.83,0.00,0.00,0.00,0.00,0.00,0.00,0.00
TXN-A-000590-L1179,TXN-A-000590,TXN-B-000590-L1180,TXN-B-000590,EXACT_PRIMARY_ID,100.00,IDENTITY_MATCHED,QUANTITY_MATCHED,PRICE_MATCHED,AMOUNT_MATCHED,MATCHED,N,0.00,0.00,0.00,PRD-0035,PRD-0035,AURORA Stapler 10 W,AURORA Stapler 10 W,32.60,32.60,1.88,1.88,17.34,17.34,0.00,0.00,0.00,0.00,0.00,0.00,0.00
TXN-A-000591-L1181,TXN-A-000591,TXN-B-000591-L1182,TXN-B-000591,EXACT_PRIMARY_ID,100.00,IDENTITY_MATCHED,QUANTITY_MATCHED,PRICE_MATCHED,AMOUNT_MATCHED,MATCHED,N,0.00,0.00,0.00,PRD-0123,PRD-0123,NEXUS Notebook 3 V,NEXUS Notebook 3 V,88.28,88.28,5.74,5.74,15.38,15.38,0.00,0.00,0.00,0.00,0.00,0.00,0.00
TXN-A-000592-L1183,TXN-A-000592,TXN-B-000592-L1184,TXN-B-000592,EXACT_PRIMARY_ID,100.00,IDENTITY_MATCHED,QUANTITY_MATCHED,PRICE_MATCHED,AMOUNT_MATCHED,MATCHED,N,0.00,0.00,0.00,PRD-0134,PRD-0134,AURORA Glue Stick 9 V,AURORA Glue Stick 9 V,83.88,83.88,1.08,1.08,77.67,77.67,0.00,0.00,0.00,0.00,0.00,0.00,0.00
TXN-A-000593-L1185,TXN-A-000593,TXN-B-000593-L1186,TXN-B-000593,EXACT_PRIMARY_ID,100.00,IDENTITY_MATCHED,QUANTITY_MATCHED,PRICE_MATCHED,AMOUNT_MATCHED,MATCHED,N,0.00,0.00,0.00,PRD-0147,PRD-0147,NEXUS Screwdriver Set 100 MG,NEXUS Screwdriver Set 100 MG,214.77,214.77,3.56,3.56,60.33,60.33,0.00,0.00,0.00,0.00,0.00,0.00,0.00
TXN-A-000594-L1187,TXN-A-000594,TXN-B-000594-L1188,TXN-B-000594,EXACT_PRIMARY_ID,100.00,IDENTITY_MATCHED,QUANTITY_MATCHED,PRICE_MATCHED,AMOUNT_MATCHED,MATCHED,N,0.00,0.00,0.00,PRD-0136,PRD-0136,ZENITH Scissors 3 V,ZENITH Scissors 3 V,191.58,191.58,2.69,2.69,71.22,71.22,0.00,0.00,0.00,0.00,0.00,0.00,0.00
TXN-A-000595-L1189,TXN-A-000595,TXN-B-000595-L1190,TXN-B-000595,EXACT_PRIMARY_ID,100.00,IDENTITY_MATCHED,QUANTITY_MATCHED,PRICE_MATCHED,AMOUNT_MATCHED,MATCHED,N,0.00,0.00,0.00,PRD-0136,PRD-0136,ZENITH Scissors 3 V,ZENITH Scissors 3 V,158.11,158.11,2.22,2.22,71.22,71.22,0.00,0.00,0.00,0.00,0.00,0.00,0.00
TXN-A-000596-L1191,TXN-A-000596,TXN-B-000596-L1192,TXN-B-000596,EXACT_PRIMARY_ID,100.00,IDENTITY_MATCHED,QUANTITY_MATCHED,PRICE_MATCHED,AMOUNT_MATCHED,MATCHED,N,0.00,0.00,0.00,PRD-0058,PRD-0058,ZENITH Screen Protector 3 V,ZENITH Screen Protector 3 V,102.16,102.16,1.40,1.40,72.97,72.97,0.00,0.00,0.00,0.00,0.00,0.00,0.00
TXN-A-000597-L1193,TXN-A-000597,TXN-B-000597-L1194,TXN-B-000597,EXACT_PRIMARY_ID,100.00,IDENTITY_MATCHED,QUANTITY_MATCHED,PRICE_MATCHED,AMOUNT_MATCHED,MATCHED,N,0.00,0.00,0.00,PRD-0077,PRD-0077,AURORA Shampoo 1 KG,AURORA Shampoo 1 KG,160.97,160.97,1.51,1.51,106.60,106.60,0.00,0.00,0.00,0.00,0.00,0.00,0.00
TXN-A-000598-L1195,TXN-A-000598,TXN-B-000598-L1196,TXN-B-000598,EXACT_PRIMARY_ID,100.00,IDENTITY_MATCHED,QUANTITY_MATCHED,PRICE_MATCHED,AMOUNT_MATCHED,MATCHED,N,0.00,0.00,0.00,PRD-0073,PRD-0073,ZENITH Hand Soap 250 MG,ZENITH Hand Soap 250 MG,71.64,71.64,3.17,3.17,22.60,22.60,0.00,0.00,0.00,0.00,0.00,0.00,0.00
TXN-A-000599-L1197,TXN-A-000599,TXN-B-000599-L1198,TXN-B-000599,EXACT_PRIMARY_ID,100.00,IDENTITY_MATCHED,QUANTITY_MATCHED,PRICE_MATCHED,AMOUNT_MATCHED,MATCHED,N,0.00,0.00,0.00,PRD-0103,PRD-0103,ZENITH Measuring Cup 10000 MAH,ZENITH Measuring Cup 10000 MAH,60.00,60.00,7.99,7.99,7.51,7.51,0.00,0.00,0.00,0.00,0.00,0.00,0.00
TXN-A-000600-L1199,TXN-A-000600,TXN-B-000600-L1200,TXN-B-000600,EXACT_PRIMARY_ID,100.00,IDENTITY_MATCHED,QUANTITY_MATCHED,PRICE_MATCHED,AMOUNT_MATCHED,MATCHED,N,0.00,0.00,0.00,PRD-0137,PRD-0137,AURORA Scissors 100 MG,AURORA Scissors 100 MG,842.51,842.51,8.96,8.96,94.03,94.03,0.00,0.00,0.00,0.00,0.00,0.00,0.00
TXN-A-000601-L1201,TXN-A-000601,TXN-B-000601-L1202,TXN-B-000601,EXACT_PRIMARY_ID,100.00,IDENTITY_MATCHED,QUANTITY_MATCHED,PRICE_MATCHED,AMOUNT_MATCHED,MATCHED,N,0.00,0.00,0.00,PRD-0032,PRD-0032,AURORA Binder Clip Box 3 V,AURORA Binder Clip Box 3 V,332.46,332.46,4.21,4.21,78.97,78.97,0.00,0.00,0.00,0.00,0.00,0.00,0.00
TXN-A-000602-L1203,TXN-A-000602,TXN-B-000602-L1204,TXN-B-000602,EXACT_PRIMARY_ID,100.00,IDENTITY_MATCHED,QUANTITY_MATCHED,PRICE_MATCHED,AMOUNT_MATCHED,MATCHED,N,0.00,0.00,0.00,PRD-0108,PRD-0108,NEXUS Spatula Set 500 MG,NEXUS Spatula Set 500 MG,412.41,412.41,3.98,3.98,103.62,103.62,0.00,0.00,0.00,0.00,0.00,0.00,0.00
TXN-A-000603-L1205,TXN-A-000603,TXN-B-000603-L1206,TXN-B-000603,EXACT_PRIMARY_ID,100.00,IDENTITY_MATCHED,QUANTITY_MATCHED,PRICE_MATCHED,AMOUNT_MATCHED,MATCHED,N,0.00,0.00,0.00,PRD-0050,PRD-0050,AURORA USB Cable 10000 MAH,AURORA USB Cable 10000 MAH,23.55,23.55,7.62,7.62,3.09,3.09,0.00,0.00,0.00,0.00,0.00,0.00,0.00
TXN-A-000604-L1207,TXN-A-000604,TXN-B-000604-L1208,TXN-B-000604,EXACT_PRIMARY_ID,100.00,IDENTITY_MATCHED,QUANTITY_MATCHED,PRICE_MATCHED,AMOUNT_MATCHED,MATCHED,N,0.00,0.00,0.00,PRD-0110,PRD-0110,AURORA Storage Container 5 W,AURORA Storage Container 5 W,424.78,424.78,9.52,9.52,44.62,44.62,0.00,0.00,0.00,0.00,0.00,0.00,0.00
TXN-A-000605-L1209,TXN-A-000605,TXN-B-000605-L1210,TXN-B-000605,EXACT_PRIMARY_ID,100.00,IDENTITY_MATCHED,QUANTITY_MATCHED,PRICE_MATCHED,AMOUNT_MATCHED,MATCHED,N,0.00,0.00,0.00,PRD-0092,PRD-0092,AURORA Hair Gel 100 MG,AURORA Hair Gel 100 MG,158.44,158.44,2.45,2.45,64.67,64.67,0.00,0.00,0.00,0.00,0.00,0.00,0.00
TXN-A-000606-L1211,TXN-A-000606,TXN-B-000606-L1212,TXN-B-000606,EXACT_PRIMARY_ID,100.00,IDENTITY_MATCHED,QUANTITY_MATCHED,PRICE_MATCHED,AMOUNT_MATCHED,MATCHED,N,0.00,0.00,0.00,PRD-0010,PRD-0010,ZENITH Laundry Detergent 1.5 V,ZENITH Laundry Detergent 1.5 V,225.42,225.42,8.91,8.91,25.30,25.30,0.00,0.00,0.00,0.00,0.00,0.00,0.00
TXN-A-000607-L1213,TXN-A-000607,TXN-B-000607-L1214,TXN-B-000607,EXACT_PRIMARY_ID,100.00,IDENTITY_MATCHED,QUANTITY_MATCHED,PRICE_MATCHED,AMOUNT_MATCHED,MATCHED,N,0.00,0.00,0.00,PRD-0016,PRD-0016,ZENITH Surface Wipes 60 CM,ZENITH Surface Wipes 60 CM,219.77,219.77,3.78,3.78,58.14,58.14,0.00,0.00,0.00,0.00,0.00,0.00,0.00
TXN-A-000608-L1215,TXN-A-000608,TXN-B-000608-L1216,TXN-B-000608,EXACT_PRIMARY_ID,100.00,IDENTITY_MATCHED,QUANTITY_MATCHED,PRICE_MATCHED,AMOUNT_MATCHED,MATCHED,N,0.00,0.00,0.00,PRD-0130,PRD-0130,ZENITH Ruler Set 45 CM,ZENITH Ruler Set 45 CM,521.59,521.59,5.74,5.74,90.87,90.87,0.00,0.00,0.00,0.00,0.00,0.00,0.00
TXN-A-000609-L1217,TXN-A-000609,TXN-B-000609-L1218,TXN-B-000609,EXACT_PRIMARY_ID,100.00,IDENTITY_MATCHED,QUANTITY_MATCHED,PRICE_MATCHED,AMOUNT_MATCHED,MATCHED,N,0.00,0.00,0.00,PRD-0037,PRD-0037,ZENITH Desk Organizer 5 W,ZENITH Desk Organizer 5 W,75.52,75.52,6.55,6.55,11.53,11.53,0.00,0.00,0.00,0.00,0.00,0.00,0.00
TXN-A-000610-L1219,TXN-A-000610,TXN-B-000610-L1220,TXN-B-000610,EXACT_PRIMARY_ID,100.00,IDENTITY_MATCHED,QUANTITY_MATCHED,PRICE_MATCHED,AMOUNT_MATCHED,MATCHED,N,0.00,0.00,0.00,PRD-0105,PRD-0105,NEXUS Measuring Cup 100 G,NEXUS Measuring Cup 100 G,349.60,349.60,3.20,3.20,109.25,109.25,0.00,0.00,0.00,0.00,0.00,0.00,0.00
TXN-A-000611-L1221,TXN-A-000611,TXN-B-000611-L1222,TXN-B-000611,EXACT_PRIMARY_ID,100.00,IDENTITY_MATCHED,QUANTITY_MATCHED,PRICE_MATCHED,AMOUNT_MATCHED,MATCHED,N,0.00,0.00,0.00,PRD-0003,PRD-0003,NEXUS All Purpose Cleaner 250 ML,NEXUS All Purpose Cleaner 250 ML,658.08,658.08,5.64,5.64,116.68,116.68,0.00,0.00,0.00,0.00,0.00,0.00,0.00
TXN-A-000612-L1223,TXN-A-000612,TXN-B-000612-L1224,TXN-B-000612,EXACT_PRIMARY_ID,100.00,IDENTITY_MATCHED,QUANTITY_MATCHED,PRICE_MATCHED,AMOUNT_MATCHED,MATCHED,N,0.00,0.00,0.00,PRD-0150,PRD-0150,NEXUS Wrench Set 9 V,NEXUS Wrench Set 9 V,639.09,639.09,7.18,7.18,89.01,89.01,0.00,0.00,0.00,0.00,0.00,0.00,0.00
TXN-A-000613-L1225,TXN-A-000613,TXN-B-000613-L1226,TXN-B-000613,EXACT_PRIMARY_ID,100.00,IDENTITY_MATCHED,QUANTITY_MATCHED,PRICE_MATCHED,AMOUNT_MATCHED,MATCHED,N,0.00,0.00,0.00,PRD-0068,PRD-0068,AURORA HDMI Cable 10000 MAH,AURORA HDMI Cable 10000 MAH,356.85,356.85,9.19,9.19,38.83,38.83,0.00,0.00,0.00,0.00,0.00,0.00,0.00
TXN-A-000614-L1227,TXN-A-000614,TXN-B-000614-L1228,TXN-B-000614,EXACT_PRIMARY_ID,100.00,IDENTITY_MATCHED,QUANTITY_MATCHED,PRICE_MATCHED,AMOUNT_MATCHED,MATCHED,N,0.00,0.00,0.00,PRD-0065,PRD-0065,AURORA Charging Dock 3 V,AURORA Charging Dock 3 V,118.33,118.33,6.94,6.94,17.05,17.05,0.00,0.00,0.00,0.00,0.00,0.00,0.00
TXN-A-000615-L1229,TXN-A-000615,TXN-B-000615-L1230,TXN-B-000615,EXACT_PRIMARY_ID,100.00,IDENTITY_MATCHED,QUANTITY_MATCHED,PRICE_MATCHED,AMOUNT_MATCHED,MATCHED,N,0.00,0.00,0.00,PRD-0046,PRD-0046,ZENITH Tape Dispenser 250 ML,ZENITH Tape Dispenser 250 ML,161.96,161.96,5.83,5.83,27.78,27.78,0.00,0.00,0.00,0.00,0.00,0.00,0.00
TXN-A-000616-L1231,TXN-A-000616,TXN-B-000616-L1232,TXN-B-000616,EXACT_PRIMARY_ID,100.00,IDENTITY_MATCHED,QUANTITY_MATCHED,PRICE_MATCHED,AMOUNT_MATCHED,MATCHED,N,0.00,0.00,0.00,PRD-0067,PRD-0067,ZENITH HDMI Cable 1 KG,ZENITH HDMI Cable 1 KG,540.12,540.12,9.40,9.40,57.46,57.46,0.00,0.00,0.00,0.00,0.00,0.00,0.00
TXN-A-000617-L1233,TXN-A-000617,TXN-B-000617-L1234,TXN-B-000617,EXACT_PRIMARY_ID,100.00,IDENTITY_MATCHED,QUANTITY_MATCHED,PRICE_MATCHED,AMOUNT_MATCHED,MATCHED,N,0.00,0.00,0.00,PRD-0067,PRD-0067,ZENITH HDMI Cable 1 KG,ZENITH HDMI Cable 1 KG,202.26,202.26,3.52,3.52,57.46,57.46,0.00,0.00,0.00,0.00,0.00,0.00,0.00
TXN-A-000618-L1235,TXN-A-000618,TXN-B-000618-L1236,TXN-B-000618,EXACT_PRIMARY_ID,100.00,IDENTITY_MATCHED,QUANTITY_MATCHED,PRICE_MATCHED,AMOUNT_MATCHED,MATCHED,N,0.00,0.00,0.00,PRD-0017,PRD-0017,AURORA Surface Wipes 9 V,AURORA Surface Wipes 9 V,305.16,305.16,3.78,3.78,80.73,80.73,0.00,0.00,0.00,0.00,0.00,0.00,0.00
TXN-A-000619-L1237,TXN-A-000619,TXN-B-000619-L1238,TXN-B-000619,EXACT_PRIMARY_ID,100.00,IDENTITY_MATCHED,QUANTITY_MATCHED,PRICE_MATCHED,AMOUNT_MATCHED,MATCHED,N,0.00,0.00,0.00,PRD-0128,PRD-0128,AURORA Colored Pencil Set 5 W,AURORA Colored Pencil Set 5 W,38.78,38.78,1.57,1.57,24.70,24.70,0.00,0.00,0.00,0.00,0.00,0.00,0.00
TXN-A-000620-L1239,TXN-A-000620,TXN-B-000620-L1240,TXN-B-000620,EXACT_PRIMARY_ID,100.00,IDENTITY_MATCHED,QUANTITY_MATCHED,PRICE_MATCHED,AMOUNT_MATCHED,MATCHED,N,0.00,0.00,0.00,PRD-0013,PRD-0013,ZENITH Fabric Softener 1 L,ZENITH Fabric Softener 1 L,22.58,22.58,2.34,2.34,9.65,9.65,0.00,0.00,0.00,0.00,0.00,0.00,0.00
TXN-A-000621-L1241,TXN-A-000621,TXN-B-000621-L1242,TXN-B-000621,EXACT_PRIMARY_ID,100.00,IDENTITY_MATCHED,QUANTITY_MATCHED,PRICE_MATCHED,AMOUNT_MATCHED,MATCHED,N,0.00,0.00,0.00,PRD-0142,PRD-0142,ZENITH Marker Set 750 ML,ZENITH Marker Set 750 ML,177.63,177.63,5.26,5.26,33.77,33.77,0.00,0.00,0.00,0.00,0.00,0.00,0.00
TXN-A-000622-L1243,TXN-A-000622,TXN-B-000622-L1244,TXN-B-000622,EXACT_PRIMARY_ID,100.00,IDENTITY_MATCHED,QUANTITY_MATCHED,PRICE_MATCHED,AMOUNT_MATCHED,MATCHED,N,0.00,0.00,0.00,PRD-0066,PRD-0066,NEXUS Charging Dock 5000 MAH,NEXUS Charging Dock 5000 MAH,463.04,463.04,8.39,8.39,55.19,55.19,0.00,0.00,0.00,0.00,0.00,0.00,0.00
TXN-A-000623-L1245,TXN-A-000623,TXN-B-000623-L1246,TXN-B-000623,EXACT_PRIMARY_ID,100.00,IDENTITY_MATCHED,QUANTITY_MATCHED,PRICE_MATCHED,AMOUNT_MATCHED,MATCHED,N,0.00,0.00,0.00,PRD-0077,PRD-0077,AURORA Shampoo 1 KG,AURORA Shampoo 1 KG,1045.75,1045.75,9.81,9.81,106.60,106.60,0.00,0.00,0.00,0.00,0.00,0.00,0.00
TXN-A-000624-L1247,TXN-A-000624,TXN-B-000624-L1248,TXN-B-000624,EXACT_PRIMARY_ID,100.00,IDENTITY_MATCHED,QUANTITY_MATCHED,PRICE_MATCHED,AMOUNT_MATCHED,MATCHED,N,0.00,0.00,0.00,PRD-0137,PRD-0137,AURORA Scissors 100 MG,AURORA Scissors 100 MG,563.24,563.24,5.99,5.99,94.03,94.03,0.00,0.00,0.00,0.00,0.00,0.00,0.00
TXN-A-000625-L1249,TXN-A-000625,TXN-B-000625-L1250,TXN-B-000625,EXACT_PRIMARY_ID,100.00,IDENTITY_MATCHED,QUANTITY_MATCHED,PRICE_MATCHED,AMOUNT_MATCHED,MATCHED,N,0.00,0.00,0.00,PRD-0085,PRD-0085,ZENITH Deodorant 200 G,ZENITH Deodorant 200 G,839.71,839.71,9.72,9.72,86.39,86.39,0.00,0.00,0.00,0.00,0.00,0.00,0.00
TXN-A-000626-L1251,TXN-A-000626,TXN-B-000626-L1252,TXN-B-000626,EXACT_PRIMARY_ID,100.00,IDENTITY_MATCHED,QUANTITY_MATCHED,PRICE_MATCHED,AMOUNT_MATCHED,MATCHED,N,0.00,0.00,0.00,PRD-0121,PRD-0121,ZENITH Notebook 1 L,ZENITH Notebook 1 L,64.26,64.26,3.00,3.00,21.42,21.42,0.00,0.00,0.00,0.00,0.00,0.00,0.00
TXN-A-000627-L1253,TXN-A-000627,TXN-B-000627-L1254,TXN-B-000627,EXACT_PRIMARY_ID,100.00,IDENTITY_MATCHED,QUANTITY_MATCHED,PRICE_MATCHED,AMOUNT_MATCHED,MATCHED,N,0.00,0.00,0.00,PRD-0098,PRD-0098,AURORA Cutting Board 10 IN,AURORA Cutting Board 10 IN,56.74,56.74,3.32,3.32,17.09,17.09,0.00,0.00,0.00,0.00,0.00,0.00,0.00
TXN-A-000628-L1255,TXN-A-000628,TXN-B-000628-L1256,TXN-B-000628,EXACT_PRIMARY_ID,100.00,IDENTITY_MATCHED,QUANTITY_MATCHED,PRICE_MATCHED,AMOUNT_MATCHED,MATCHED,N,0.00,0.00,0.00,PRD-0112,PRD-0112,ZENITH Kitchen Towel 30 CM,ZENITH Kitchen Towel 30 CM,859.62,859.62,8.55,8.55,100.54,100.54,0.00,0.00,0.00,0.00,0.00,0.00,0.00
TXN-A-000629-L1257,TXN-A-000629,TXN-B-000629-L1258,TXN-B-000629,EXACT_PRIMARY_ID,100.00,IDENTITY_MATCHED,QUANTITY_MATCHED,PRICE_MATCHED,AMOUNT_MATCHED,MATCHED,N,0.00,0.00,0.00,PRD-0048,PRD-0048,NEXUS Tape Dispenser 3 V,NEXUS Tape Dispenser 3 V,232.59,232.59,3.62,3.62,64.25,64.25,0.00,0.00,0.00,0.00,0.00,0.00,0.00
TXN-A-000630-L1259,TXN-A-000630,TXN-B-000630-L1260,TXN-B-000630,EXACT_PRIMARY_ID,100.00,IDENTITY_MATCHED,QUANTITY_MATCHED,PRICE_MATCHED,AMOUNT_MATCHED,MATCHED,N,0.00,0.00,0.00,PRD-0062,PRD-0062,AURORA Battery Pack 2000 MAH,AURORA Battery Pack 2000 MAH,418.90,418.90,5.98,5.98,70.05,70.05,0.00,0.00,0.00,0.00,0.00,0.00,0.00
TXN-A-000631-L1261,TXN-A-000631,TXN-B-000631-L1262,TXN-B-000631,EXACT_PRIMARY_ID,100.00,IDENTITY_MATCHED,QUANTITY_MATCHED,PRICE_MATCHED,AMOUNT_MATCHED,MATCHED,N,0.00,0.00,0.00,PRD-0060,PRD-0060,NEXUS Screen Protector 10 IN,NEXUS Screen Protector 10 IN,229.51,229.51,2.69,2.69,85.32,85.32,0.00,0.00,0.00,0.00,0.00,0.00,0.00
TXN-A-000632-L1263,TXN-A-000632,TXN-B-000632-L1264,TXN-B-000632,EXACT_PRIMARY_ID,100.00,IDENTITY_MATCHED,QUANTITY_MATCHED,PRICE_MATCHED,AMOUNT_MATCHED,MATCHED,N,0.00,0.00,0.00,PRD-0141,PRD-0141,NEXUS Eraser Pack 3 V,NEXUS Eraser Pack 3 V,180.46,180.46,5.19,5.19,34.77,34.77,0.00,0.00,0.00,0.00,0.00,0.00,0.00
TXN-A-000633-L1265,TXN-A-000633,TXN-B-000633-L1266,TXN-B-000633,EXACT_PRIMARY_ID,100.00,IDENTITY_MATCHED,QUANTITY_MATCHED,PRICE_MATCHED,AMOUNT_MATCHED,MATCHED,N,0.00,0.00,0.00,PRD-0015,PRD-0015,NEXUS Fabric Softener 200 G,NEXUS Fabric Softener 200 G,284.28,284.28,6.00,6.00,47.38,47.38,0.00,0.00,0.00,0.00,0.00,0.00,0.00
TXN-A-000634-L1267,TXN-A-000634,TXN-B-000634-L1268,TXN-B-000634,EXACT_PRIMARY_ID,100.00,IDENTITY_MATCHED,QUANTITY_MATCHED,PRICE_MATCHED,AMOUNT_MATCHED,MATCHED,N,0.00,0.00,0.00,PRD-0047,PRD-0047,AURORA Tape Dispenser 45 CM,AURORA Tape Dispenser 45 CM,12.58,12.58,6.05,6.05,2.08,2.08,0.00,0.00,0.00,0.00,0.00,0.00,0.00
TXN-A-000635-L1269,TXN-A-000635,TXN-B-000635-L1270,TXN-B-000635,EXACT_PRIMARY_ID,100.00,IDENTITY_MATCHED,QUANTITY_MATCHED,PRICE_MATCHED,AMOUNT_MATCHED,MATCHED,N,0.00,0.00,0.00,PRD-0009,PRD-0009,NEXUS Dish Liquid 10 W,NEXUS Dish Liquid 10 W,381.67,381.67,3.74,3.74,102.05,102.05,0.00,0.00,0.00,0.00,0.00,0.00,0.00
TXN-A-000636-L1271,TXN-A-000636,TXN-B-000636-L1272,TXN-B-000636,EXACT_PRIMARY_ID,100.00,IDENTITY_MATCHED,QUANTITY_MATCHED,PRICE_MATCHED,AMOUNT_MATCHED,MATCHED,N,0.00,0.00,0.00,PRD-0051,PRD-0051,NEXUS USB Cable 500 MG,NEXUS USB Cable 500 MG,139.50,139.50,1.48,1.48,94.26,94.26,0.00,0.00,0.00,0.00,0.00,0.00,0.00
TXN-A-000637-L1273,TXN-A-000637,TXN-B-000637-L1274,TXN-B-000637,EXACT_PRIMARY_ID,100.00,IDENTITY_MATCHED,QUANTITY_MATCHED,PRICE_MATCHED,AMOUNT_MATCHED,MATCHED,N,0.00,0.00,0.00,PRD-0058,PRD-0058,ZENITH Screen Protector 3 V,ZENITH Screen Protector 3 V,611.49,611.49,8.38,8.38,72.97,72.97,0.00,0.00,0.00,0.00,0.00,0.00,0.00
TXN-A-000638-L1275,TXN-A-000638,TXN-B-000638-L1276,TXN-B-000638,EXACT_PRIMARY_ID,100.00,IDENTITY_MATCHED,QUANTITY_MATCHED,PRICE_MATCHED,AMOUNT_MATCHED,MATCHED,N,0.00,0.00,0.00,PRD-0014,PRD-0014,AURORA Fabric Softener 250 MG,AURORA Fabric Softener 250 MG,259.82,259.82,2.32,2.32,111.99,111.99,0.00,0.00,0.00,0.00,0.00,0.00,0.00
TXN-A-000639-L1277,TXN-A-000639,TXN-B-000639-L1278,TXN-B-000639,EXACT_PRIMARY_ID,100.00,IDENTITY_MATCHED,QUANTITY_MATCHED,PRICE_MATCHED,AMOUNT_MATCHED,MATCHED,N,0.00,0.00,0.00,PRD-0124,PRD-0124,ZENITH Sketch Pad 500 MG,ZENITH Sketch Pad 500 MG,246.53,246.53,5.19,5.19,47.50,47.50,0.00,0.00,0.00,0.00,0.00,0.00,0.00
TXN-A-000640-L1279,TXN-A-000640,TXN-B-000640-L1280,TXN-B-000640,EXACT_PRIMARY_ID,100.00,IDENTITY_MATCHED,QUANTITY_MATCHED,PRICE_MATCHED,AMOUNT_MATCHED,MATCHED,N,0.00,0.00,0.00,PRD-0123,PRD-0123,NEXUS Notebook 3 V,NEXUS Notebook 3 V,56.44,56.44,3.67,3.67,15.38,15.38,0.00,0.00,0.00,0.00,0.00,0.00,0.00
TXN-A-000641-L1281,TXN-A-000641,TXN-B-000641-L1282,TXN-B-000641,EXACT_PRIMARY_ID,100.00,IDENTITY_MATCHED,QUANTITY_MATCHED,PRICE_MATCHED,AMOUNT_MATCHED,MATCHED,N,0.00,0.00,0.00,PRD-0121,PRD-0121,ZENITH Notebook 1 L,ZENITH Notebook 1 L,110.74,110.74,5.17,5.17,21.42,21.42,0.00,0.00,0.00,0.00,0.00,0.00,0.00
TXN-A-000642-L1283,TXN-A-000642,TXN-B-000642-L1284,TXN-B-000642,EXACT_PRIMARY_ID,100.00,IDENTITY_MATCHED,QUANTITY_MATCHED,PRICE_MATCHED,AMOUNT_MATCHED,MATCHED,N,0.00,0.00,0.00,PRD-0032,PRD-0032,AURORA Binder Clip Box 3 V,AURORA Binder Clip Box 3 V,717.84,717.84,9.09,9.09,78.97,78.97,0.00,0.00,0.00,0.00,0.00,0.00,0.00
TXN-A-000643-L1285,TXN-A-000643,TXN-B-000643-L1286,TXN-B-000643,EXACT_PRIMARY_ID,100.00,IDENTITY_MATCHED,QUANTITY_MATCHED,PRICE_MATCHED,AMOUNT_MATCHED,MATCHED,N,0.00,0.00,0.00,PRD-0025,PRD-0025,ZENITH Ballpoint Pen 1 KG,ZENITH Ballpoint Pen 1 KG,231.01,231.01,6.23,6.23,37.08,37.08,0.00,0.00,0.00,0.00,0.00,0.00,0.00
TXN-A-000644-L1287,TXN-A-000644,TXN-B-000644-L1288,TXN-B-000644,EXACT_PRIMARY_ID,100.00,IDENTITY_MATCHED,QUANTITY_MATCHED,PRICE_MATCHED,AMOUNT_MATCHED,MATCHED,N,0.00,0.00,0.00,PRD-0082,PRD-0082,ZENITH Toothpaste 500 MG,ZENITH Toothpaste 500 MG,859.87,859.87,9.31,9.31,92.36,92.36,0.00,0.00,0.00,0.00,0.00,0.00,0.00
TXN-A-000645-L1289,TXN-A-000645,TXN-B-000645-L1290,TXN-B-000645,EXACT_PRIMARY_ID,100.00,IDENTITY_MATCHED,QUANTITY_MATCHED,PRICE_MATCHED,AMOUNT_MATCHED,MATCHED,N,0.00,0.00,0.00,PRD-0063,PRD-0063,NEXUS Battery Pack 10 W,NEXUS Battery Pack 10 W,956.36,956.36,9.93,9.93,96.31,96.31,0.00,0.00,0.00,0.00,0.00,0.00,0.00
TXN-A-000646-L1291,TXN-A-000646,TXN-B-000646-L1292,TXN-B-000646,EXACT_PRIMARY_ID,100.00,IDENTITY_MATCHED,QUANTITY_MATCHED,PRICE_MATCHED,AMOUNT_MATCHED,MATCHED,N,0.00,0.00,0.00,PRD-0028,PRD-0028,ZENITH Highlighter Set 500 ML,ZENITH Highlighter Set 500 ML,425.10,425.10,3.75,3.75,113.36,113.36,0.00,0.00,0.00,0.00,0.00,0.00,0.00
TXN-A-000647-L1293,TXN-A-000647,TXN-B-000647-L1294,TXN-B-000647,EXACT_PRIMARY_ID,100.00,IDENTITY_MATCHED,QUANTITY_MATCHED,PRICE_MATCHED,AMOUNT_MATCHED,MATCHED,N,0.00,0.00,0.00,PRD-0073,PRD-0073,ZENITH Hand Soap 250 MG,ZENITH Hand Soap 250 MG,85.88,85.88,3.80,3.80,22.60,22.60,0.00,0.00,0.00,0.00,0.00,0.00,0.00
TXN-A-000648-L1295,TXN-A-000648,TXN-B-000648-L1296,TXN-B-000648,EXACT_PRIMARY_ID,100.00,IDENTITY_MATCHED,QUANTITY_MATCHED,PRICE_MATCHED,AMOUNT_MATCHED,MATCHED,N,0.00,0.00,0.00,PRD-0105,PRD-0105,NEXUS Measuring Cup 100 G,NEXUS Measuring Cup 100 G,1002.91,1002.91,9.18,9.18,109.25,109.25,0.00,0.00,0.00,0.00,0.00,0.00,0.00
TXN-A-000649-L1297,TXN-A-000649,TXN-B-000649-L1298,TXN-B-000649,EXACT_PRIMARY_ID,100.00,IDENTITY_MATCHED,QUANTITY_MATCHED,PRICE_MATCHED,AMOUNT_MATCHED,MATCHED,N,0.00,0.00,0.00,PRD-0006,PRD-0006,NEXUS Glass Spray 9 V,NEXUS Glass Spray 9 V,466.70,466.70,5.55,5.55,84.09,84.09,0.00,0.00,0.00,0.00,0.00,0.00,0.00
TXN-A-000650-L1299,TXN-A-000650,TXN-B-000650-L1300,TXN-B-000650,EXACT_PRIMARY_ID,100.00,IDENTITY_MATCHED,QUANTITY_MATCHED,PRICE_MATCHED,AMOUNT_MATCHED,MATCHED,N,0.00,0.00,0.00,PRD-0148,PRD-0148,ZENITH Wrench Set 30 CM,ZENITH Wrench Set 30 CM,1017.64,1017.64,8.70,8.70,116.97,116.97,0.00,0.00,0.00,0.00,0.00,0.00,0.00
TXN-A-000651-L1301,TXN-A-000651,TXN-B-000651-L1302,TXN-B-000651,EXACT_PRIMARY_ID,100.00,IDENTITY_MATCHED,QUANTITY_MATCHED,PRICE_MATCHED,AMOUNT_MATCHED,MATCHED,N,0.00,0.00,0.00,PRD-0129,PRD-0129,NEXUS Colored Pencil Set 750 ML,NEXUS Colored Pencil Set 750 ML,551.14,551.14,5.81,5.81,94.86,94.86,0.00,0.00,0.00,0.00,0.00,0.00,0.00
TXN-A-000652-L1303,TXN-A-000652,TXN-B-000652-L1304,TXN-B-000652,EXACT_PRIMARY_ID,100.00,IDENTITY_MATCHED,QUANTITY_MATCHED,PRICE_MATCHED,AMOUNT_MATCHED,MATCHED,N,0.00,0.00,0.00,PRD-0033,PRD-0033,NEXUS Binder Clip Box 45 CM,NEXUS Binder Clip Box 45 CM,38.87,38.87,1.77,1.77,21.96,21.96,0.00,0.00,0.00,0.00,0.00,0.00,0.00
TXN-A-000653-L1305,TXN-A-000653,TXN-B-000653-L1306,TXN-B-000653,EXACT_PRIMARY_ID,100.00,IDENTITY_MATCHED,QUANTITY_MATCHED,PRICE_MATCHED,AMOUNT_MATCHED,MATCHED,N,0.00,0.00,0.00,PRD-0036,PRD-0036,NEXUS Stapler 1.5 L,NEXUS Stapler 1.5 L,683.49,683.49,6.04,6.04,113.16,113.16,0.00,0.00,0.00,0.00,0.00,0.00,0.00
TXN-A-000654-L1307,TXN-A-000654,TXN-B-000654-L1308,TXN-B-000654,EXACT_PRIMARY_ID,100.00,IDENTITY_MATCHED,QUANTITY_MATCHED,PRICE_MATCHED,AMOUNT_MATCHED,MATCHED,N,0.00,0.00,0.00,PRD-0130,PRD-0130,ZENITH Ruler Set 45 CM,ZENITH Ruler Set 45 CM,844.18,844.18,9.29,9.29,90.87,90.87,0.00,0.00,0.00,0.00,0.00,0.00,0.00
TXN-A-000655-L1309,TXN-A-000655,TXN-B-000655-L1310,TXN-B-000655,EXACT_PRIMARY_ID,100.00,IDENTITY_MATCHED,QUANTITY_MATCHED,PRICE_MATCHED,AMOUNT_MATCHED,MATCHED,N,0.00,0.00,0.00,PRD-0063,PRD-0063,NEXUS Battery Pack 10 W,NEXUS Battery Pack 10 W,306.27,306.27,3.18,3.18,96.31,96.31,0.00,0.00,0.00,0.00,0.00,0.00,0.00
TXN-A-000656-L1311,TXN-A-000656,TXN-B-000656-L1312,TXN-B-000656,EXACT_PRIMARY_ID,100.00,IDENTITY_MATCHED,QUANTITY_MATCHED,PRICE_MATCHED,AMOUNT_MATCHED,MATCHED,N,0.00,0.00,0.00,PRD-0078,PRD-0078,NEXUS Shampoo 500 ML,NEXUS Shampoo 500 ML,322.24,322.24,2.72,2.72,118.47,118.47,0.00,0.00,0.00,0.00,0.00,0.00,0.00
TXN-A-000657-L1313,TXN-A-000657,TXN-B-000657-L1314,TXN-B-000657,EXACT_PRIMARY_ID,100.00,IDENTITY_MATCHED,QUANTITY_MATCHED,PRICE_MATCHED,AMOUNT_MATCHED,MATCHED,N,0.00,0.00,0.00,PRD-0055,PRD-0055,ZENITH Phone Case 250 MG,ZENITH Phone Case 250 MG,256.26,256.26,4.87,4.87,52.62,52.62,0.00,0.00,0.00,0.00,0.00,0.00,0.00
TXN-A-000658-L1315,TXN-A-000658,TXN-B-000658-L1316,TXN-B-000658,EXACT_PRIMARY_ID,100.00,IDENTITY_MATCHED,QUANTITY_MATCHED,PRICE_MATCHED,AMOUNT_MATCHED,MATCHED,N,0.00,0.00,0.00,PRD-0009,PRD-0009,NEXUS Dish Liquid 10 W,NEXUS Dish Liquid 10 W,421.47,421.47,4.13,4.13,102.05,102.05,0.00,0.00,0.00,0.00,0.00,0.00,0.00
TXN-A-000659-L1317,TXN-A-000659,TXN-B-000659-L1318,TXN-B-000659,EXACT_PRIMARY_ID,100.00,IDENTITY_MATCHED,QUANTITY_MATCHED,PRICE_MATCHED,AMOUNT_MATCHED,MATCHED,N,0.00,0.00,0.00,PRD-0101,PRD-0101,AURORA Mixing Bowl Set 100 MG,AURORA Mixing Bowl Set 100 MG,1002.91,1002.91,8.83,8.83,113.58,113.58,0.00,0.00,0.00,0.00,0.00,0.00,0.00
TXN-A-000660-L1319,TXN-A-000660,TXN-B-000660-L1320,TXN-B-000660,EXACT_PRIMARY_ID,100.00,IDENTITY_MATCHED,QUANTITY_MATCHED,PRICE_MATCHED,AMOUNT_MATCHED,MATCHED,N,0.00,0.00,0.00,PRD-0084,PRD-0084,NEXUS Toothpaste 15 W,NEXUS Toothpaste 15 W,174.89,174.89,5.29,5.29,33.06,33.06,0.00,0.00,0.00,0.00,0.00,0.00,0.00
TXN-A-000661-L1321,TXN-A-000661,TXN-B-000661-L1322,TXN-B-000661,EXACT_PRIMARY_ID,100.00,IDENTITY_MATCHED,QUANTITY_MATCHED,PRICE_MATCHED,AMOUNT_MATCHED,MATCHED,N,0.00,0.00,0.00,PRD-0060,PRD-0060,NEXUS Screen Protector 10 IN,NEXUS Screen Protector 10 IN,802.86,802.86,9.41,9.41,85.32,85.32,0.00,0.00,0.00,0.00,0.00,0.00,0.00
TXN-A-000662-L1323,TXN-A-000662,TXN-B-000662-L1324,TXN-B-000662,EXACT_PRIMARY_ID,100.00,IDENTITY_MATCHED,QUANTITY_MATCHED,PRICE_MATCHED,AMOUNT_MATCHED,MATCHED,N,0.00,0.00,0.00,PRD-0096,PRD-0096,NEXUS Lotion 1 KG,NEXUS Lotion 1 KG,232.83,232.83,9.07,9.07,25.67,25.67,0.00,0.00,0.00,0.00,0.00,0.00,0.00
TXN-A-000663-L1325,TXN-A-000663,TXN-B-000663-L1326,TXN-B-000663,EXACT_PRIMARY_ID,100.00,IDENTITY_MATCHED,QUANTITY_MATCHED,PRICE_MATCHED,AMOUNT_MATCHED,MATCHED,N,0.00,0.00,0.00,PRD-0064,PRD-0064,ZENITH Charging Dock 15 W,ZENITH Charging Dock 15 W,601.80,601.80,10.00,10.00,60.18,60.18,0.00,0.00,0.00,0.00,0.00,0.00,0.00
TXN-A-000664-L1327,TXN-A-000664,TXN-B-000664-L1328,TXN-B-000664,EXACT_PRIMARY_ID,100.00,IDENTITY_MATCHED,QUANTITY_MATCHED,PRICE_MATCHED,AMOUNT_MATCHED,MATCHED,N,0.00,0.00,0.00,PRD-0015,PRD-0015,NEXUS Fabric Softener 200 G,NEXUS Fabric Softener 200 G,211.31,211.31,4.46,4.46,47.38,47.38,0.00,0.00,0.00,0.00,0.00,0.00,0.00
TXN-A-000665-L1329,TXN-A-000665,TXN-B-000665-L1330,TXN-B-000665,EXACT_PRIMARY_ID,100.00,IDENTITY_MATCHED,QUANTITY_MATCHED,PRICE_MATCHED,AMOUNT_MATCHED,MATCHED,N,0.00,0.00,0.00,PRD-0127,PRD-0127,ZENITH Colored Pencil Set 50 G,ZENITH Colored Pencil Set 50 G,84.59,84.59,1.46,1.46,57.94,57.94,0.00,0.00,0.00,0.00,0.00,0.00,0.00
TXN-A-000666-L1331,TXN-A-000666,TXN-B-000666-L1332,TXN-B-000666,EXACT_PRIMARY_ID,100.00,IDENTITY_MATCHED,QUANTITY_MATCHED,PRICE_MATCHED,AMOUNT_MATCHED,MATCHED,N,0.00,0.00,0.00,PRD-0118,PRD-0118,ZENITH Peeler 750 ML,ZENITH Peeler 750 ML,75.17,75.17,2.68,2.68,28.05,28.05,0.00,0.00,0.00,0.00,0.00,0.00,0.00
TXN-A-000667-L1333,TXN-A-000667,TXN-B-000667-L1334,TXN-B-000667,EXACT_PRIMARY_ID,100.00,IDENTITY_MATCHED,QUANTITY_MATCHED,PRICE_MATCHED,AMOUNT_MATCHED,MATCHED,N,0.00,0.00,0.00,PRD-0072,PRD-0072,NEXUS Mouse Pad 100 G,NEXUS Mouse Pad 100 G,55.41,55.41,1.26,1.26,43.98,43.98,0.00,0.00,0.00,0.00,0.00,0.00,0.00
TXN-A-000668-L1335,TXN-A-000668,TXN-B-000668-L1336,TXN-B-000668,EXACT_PRIMARY_ID,100.00,IDENTITY_MATCHED,QUANTITY_MATCHED,PRICE_MATCHED,AMOUNT_MATCHED,MATCHED,N,0.00,0.00,0.00,PRD-0123,PRD-0123,NEXUS Notebook 3 V,NEXUS Notebook 3 V,48.14,48.14,3.13,3.13,15.38,15.38,0.00,0.00,0.00,0.00,0.00,0.00,0.00
TXN-A-000669-L1337,TXN-A-000669,TXN-B-000669-L1338,TXN-B-000669,EXACT_PRIMARY_ID,100.00,IDENTITY_MATCHED,QUANTITY_MATCHED,PRICE_MATCHED,AMOUNT_MATCHED,MATCHED,N,0.00,0.00,0.00,PRD-0097,PRD-0097,ZENITH Cutting Board 5 W,ZENITH Cutting Board 5 W,102.66,102.66,6.42,6.42,15.99,15.99,0.00,0.00,0.00,0.00,0.00,0.00,0.00
TXN-A-000670-L1339,TXN-A-000670,TXN-B-000670-L1340,TXN-B-000670,EXACT_PRIMARY_ID,100.00,IDENTITY_MATCHED,QUANTITY_MATCHED,PRICE_MATCHED,AMOUNT_MATCHED,MATCHED,N,0.00,0.00,0.00,PRD-0080,PRD-0080,AURORA Body Wash 500 MG,AURORA Body Wash 500 MG,105.67,105.67,9.07,9.07,11.65,11.65,0.00,0.00,0.00,0.00,0.00,0.00,0.00
TXN-A-000671-L1341,TXN-A-000671,TXN-B-000671-L1342,TXN-B-000671,EXACT_PRIMARY_ID,100.00,IDENTITY_MATCHED,QUANTITY_MATCHED,PRICE_MATCHED,AMOUNT_MATCHED,MATCHED,N,0.00,0.00,0.00,PRD-0144,PRD-0144,NEXUS Marker Set 250 ML,NEXUS Marker Set 250 ML,201.85,201.85,5.04,5.04,40.05,40.05,0.00,0.00,0.00,0.00,0.00,0.00,0.00
TXN-A-000672-L1343,TXN-A-000672,TXN-B-000672-L1344,TXN-B-000672,EXACT_PRIMARY_ID,100.00,IDENTITY_MATCHED,QUANTITY_MATCHED,PRICE_MATCHED,AMOUNT_MATCHED,MATCHED,N,0.00,0.00,0.00,PRD-0018,PRD-0018,NEXUS Surface Wipes 500 MG,NEXUS Surface Wipes 500 MG,54.64,54.64,1.39,1.39,39.31,39.31,0.00,0.00,0.00,0.00,0.00,0.00,0.00
TXN-A-000673-L1345,TXN-A-000673,TXN-B-000673-L1346,TXN-B-000673,EXACT_PRIMARY_ID,100.00,IDENTITY_MATCHED,QUANTITY_MATCHED,PRICE_MATCHED,AMOUNT_MATCHED,MATCHED,N,0.00,0.00,0.00,PRD-0025,PRD-0025,ZENITH Ballpoint Pen 1 KG,ZENITH Ballpoint Pen 1 KG,130.52,130.52,3.52,3.52,37.08,37.08,0.00,0.00,0.00,0.00,0.00,0.00,0.00
TXN-A-000674-L1347,TXN-A-000674,TXN-B-000674-L1348,TXN-B-000674,EXACT_PRIMARY_ID,100.00,IDENTITY_MATCHED,QUANTITY_MATCHED,PRICE_MATCHED,AMOUNT_MATCHED,MATCHED,N,0.00,0.00,0.00,PRD-0132,PRD-0132,NEXUS Ruler Set 60 CM,NEXUS Ruler Set 60 CM,200.67,200.67,9.68,9.68,20.73,20.73,0.00,0.00,0.00,0.00,0.00,0.00,0.00
TXN-A-000675-L1349,TXN-A-000675,TXN-B-000675-L1350,TXN-B-000675,EXACT_PRIMARY_ID,100.00,IDENTITY_MATCHED,QUANTITY_MATCHED,PRICE_MATCHED,AMOUNT_MATCHED,MATCHED,N,0.00,0.00,0.00,PRD-0029,PRD-0029,AURORA Highlighter Set 9 V,AURORA Highlighter Set 9 V,44.96,44.96,1.72,1.72,26.14,26.14,0.00,0.00,0.00,0.00,0.00,0.00,0.00
TXN-A-000676-L1351,TXN-A-000676,TXN-B-000676-L1352,TXN-B-000676,EXACT_PRIMARY_ID,100.00,IDENTITY_MATCHED,QUANTITY_MATCHED,PRICE_MATCHED,AMOUNT_MATCHED,MATCHED,N,0.00,0.00,0.00,PRD-0079,PRD-0079,ZENITH Body Wash 200 G,ZENITH Body Wash 200 G,653.84,653.84,8.80,8.80,74.30,74.30,0.00,0.00,0.00,0.00,0.00,0.00,0.00
TXN-A-000677-L1353,TXN-A-000677,TXN-B-000677-L1354,TXN-B-000677,EXACT_PRIMARY_ID,100.00,IDENTITY_MATCHED,QUANTITY_MATCHED,PRICE_MATCHED,AMOUNT_MATCHED,MATCHED,N,0.00,0.00,0.00,PRD-0010,PRD-0010,ZENITH Laundry Detergent 1.5 V,ZENITH Laundry Detergent 1.5 V,199.87,199.87,7.90,7.90,25.30,25.30,0.00,0.00,0.00,0.00,0.00,0.00,0.00
TXN-A-000678-L1355,TXN-A-000678,TXN-B-000678-L1356,TXN-B-000678,EXACT_PRIMARY_ID,100.00,IDENTITY_MATCHED,QUANTITY_MATCHED,PRICE_MATCHED,AMOUNT_MATCHED,MATCHED,N,0.00,0.00,0.00,PRD-0023,PRD-0023,AURORA Floor Polish 100 MG,AURORA Floor Polish 100 MG,413.80,413.80,7.95,7.95,52.05,52.05,0.00,0.00,0.00,0.00,0.00,0.00,0.00
TXN-A-000679-L1357,TXN-A-000679,TXN-B-000679-L1358,TXN-B-000679,EXACT_PRIMARY_ID,100.00,IDENTITY_MATCHED,QUANTITY_MATCHED,PRICE_MATCHED,AMOUNT_MATCHED,MATCHED,N,0.00,0.00,0.00,PRD-0087,PRD-0087,NEXUS Deodorant 9 V,NEXUS Deodorant 9 V,625.19,625.19,5.36,5.36,116.64,116.64,0.00,0.00,0.00,0.00,0.00,0.00,0.00
TXN-A-000680-L1359,TXN-A-000680,TXN-B-000680-L1360,TXN-B-000680,EXACT_PRIMARY_ID,100.00,IDENTITY_MATCHED,QUANTITY_MATCHED,PRICE_MATCHED,AMOUNT_MATCHED,MATCHED,N,0.00,0.00,0.00,PRD-0114,PRD-0114,NEXUS Kitchen Towel 10 W,NEXUS Kitchen Towel 10 W,83.05,83.05,3.33,3.33,24.94,24.94,0.00,0.00,0.00,0.00,0.00,0.00,0.00
TXN-A-000681-L1361,TXN-A-000681,TXN-B-000681-L1362,TXN-B-000681,EXACT_PRIMARY_ID,100.00,IDENTITY_MATCHED,QUANTITY_MATCHED,PRICE_MATCHED,AMOUNT_MATCHED,MATCHED,N,0.00,0.00,0.00,PRD-0139,PRD-0139,ZENITH Eraser Pack 500 G,ZENITH Eraser Pack 500 G,290.95,290.95,6.41,6.41,45.39,45.39,0.00,0.00,0.00,0.00,0.00,0.00,0.00
TXN-A-000682-L1363,TXN-A-000682,TXN-B-000682-L1364,TXN-B-000682,EXACT_PRIMARY_ID,100.00,IDENTITY_MATCHED,QUANTITY_MATCHED,PRICE_MATCHED,AMOUNT_MATCHED,MATCHED,N,0.00,0.00,0.00,PRD-0022,PRD-0022,ZENITH Floor Polish 2000 MAH,ZENITH Floor Polish 2000 MAH,58.49,58.49,9.88,9.88,5.92,5.92,0.00,0.00,0.00,0.00,0.00,0.00,0.00
TXN-A-000683-L1365,TXN-A-000683,TXN-B-000683-L1366,TXN-B-000683,EXACT_PRIMARY_ID,100.00,IDENTITY_MATCHED,QUANTITY_MATCHED,PRICE_MATCHED,AMOUNT_MATCHED,MATCHED,N,0.00,0.00,0.00,PRD-0037,PRD-0037,ZENITH Desk Organizer 5 W,ZENITH Desk Organizer 5 W,80.59,80.59,6.99,6.99,11.53,11.53,0.00,0.00,0.00,0.00,0.00,0.00,0.00
TXN-A-000684-L1367,TXN-A-000684,TXN-B-000684-L1368,TXN-B-000684,EXACT_PRIMARY_ID,100.00,IDENTITY_MATCHED,QUANTITY_MATCHED,PRICE_MATCHED,AMOUNT_MATCHED,MATCHED,N,0.00,0.00,0.00,PRD-0010,PRD-0010,ZENITH Laundry Detergent 1.5 V,ZENITH Laundry Detergent 1.5 V,31.37,31.37,1.24,1.24,25.30,25.30,0.00,0.00,0.00,0.00,0.00,0.00,0.00
TXN-A-000685-L1369,TXN-A-000685,TXN-B-000685-L1370,TXN-B-000685,EXACT_PRIMARY_ID,100.00,IDENTITY_MATCHED,QUANTITY_MATCHED,PRICE_MATCHED,AMOUNT_MATCHED,MATCHED,N,0.00,0.00,0.00,PRD-0027,PRD-0027,NEXUS Ballpoint Pen 500 ML,NEXUS Ballpoint Pen 500 ML,186.23,186.23,3.76,3.76,49.53,49.53,0.00,0.00,0.00,0.00,0.00,0.00,0.00
TXN-A-000686-L1371,TXN-A-000686,TXN-B-000686-L1372,TXN-B-000686,EXACT_PRIMARY_ID,100.00,IDENTITY_MATCHED,QUANTITY_MATCHED,PRICE_MATCHED,AMOUNT_MATCHED,MATCHED,N,0.00,0.00,0.00,PRD-0027,PRD-0027,NEXUS Ballpoint Pen 500 ML,NEXUS Ballpoint Pen 500 ML,385.84,385.84,7.79,7.79,49.53,49.53,0.00,0.00,0.00,0.00,0.00,0.00,0.00
TXN-A-000687-L1373,TXN-A-000687,TXN-B-000687-L1374,TXN-B-000687,EXACT_PRIMARY_ID,100.00,IDENTITY_MATCHED,QUANTITY_MATCHED,PRICE_MATCHED,AMOUNT_MATCHED,MATCHED,N,0.00,0.00,0.00,PRD-0138,PRD-0138,NEXUS Scissors 500 MG,NEXUS Scissors 500 MG,175.36,175.36,1.82,1.82,96.35,96.35,0.00,0.00,0.00,0.00,0.00,0.00,0.00
TXN-A-000688-L1375,TXN-A-000688,TXN-B-000688-L1376,TXN-B-000688,EXACT_PRIMARY_ID,100.00,IDENTITY_MATCHED,QUANTITY_MATCHED,PRICE_MATCHED,AMOUNT_MATCHED,MATCHED,N,0.00,0.00,0.00,PRD-0065,PRD-0065,AURORA Charging Dock 3 V,AURORA Charging Dock 3 V,132.31,132.31,7.76,7.76,17.05,17.05,0.00,0.00,0.00,0.00,0.00,0.00,0.00
TXN-A-000689-L1377,TXN-A-000689,TXN-B-000689-L1378,TXN-B-000689,EXACT_PRIMARY_ID,100.00,IDENTITY_MATCHED,QUANTITY_MATCHED,PRICE_MATCHED,AMOUNT_MATCHED,MATCHED,N,0.00,0.00,0.00,PRD-0149,PRD-0149,AURORA Wrench Set 45 CM,AURORA Wrench Set 45 CM,36.60,36.60,1.25,1.25,29.28,29.28,0.00,0.00,0.00,0.00,0.00,0.00,0.00
TXN-A-000690-L1379,TXN-A-000690,TXN-B-000690-L1380,TXN-B-000690,EXACT_PRIMARY_ID,100.00,IDENTITY_MATCHED,QUANTITY_MATCHED,PRICE_MATCHED,AMOUNT_MATCHED,MATCHED,N,0.00,0.00,0.00,PRD-0108,PRD-0108,NEXUS Spatula Set 500 MG,NEXUS Spatula Set 500 MG,222.78,222.78,2.15,2.15,103.62,103.62,0.00,0.00,0.00,0.00,0.00,0.00,0.00
TXN-A-000691-L1381,TXN-A-000691,TXN-B-000691-L1382,TXN-B-000691,EXACT_PRIMARY_ID,100.00,IDENTITY_MATCHED,QUANTITY_MATCHED,PRICE_MATCHED,AMOUNT_MATCHED,MATCHED,N,0.00,0.00,0.00,PRD-0012,PRD-0012,NEXUS Laundry Detergent 3 V,NEXUS Laundry Detergent 3 V,48.99,48.99,2.20,2.20,22.27,22.27,0.00,0.00,0.00,0.00,0.00,0.00,0.00
TXN-A-000692-L1383,TXN-A-000692,TXN-B-000692-L1384,TXN-B-000692,EXACT_PRIMARY_ID,100.00,IDENTITY_MATCHED,QUANTITY_MATCHED,PRICE_MATCHED,AMOUNT_MATCHED,MATCHED,N,0.00,0.00,0.00,PRD-0019,PRD-0019,ZENITH Air Freshener 45 CM,ZENITH Air Freshener 45 CM,66.26,66.26,1.71,1.71,38.75,38.75,0.00,0.00,0.00,0.00,0.00,0.00,0.00
TXN-A-000693-L1385,TXN-A-000693,TXN-B-000693-L1386,TXN-B-000693,EXACT_PRIMARY_ID,100.00,IDENTITY_MATCHED,QUANTITY_MATCHED,PRICE_MATCHED,AMOUNT_MATCHED,MATCHED,N,0.00,0.00,0.00,PRD-0023,PRD-0023,AURORA Floor Polish 100 MG,AURORA Floor Polish 100 MG,344.05,344.05,6.61,6.61,52.05,52.05,0.00,0.00,0.00,0.00,0.00,0.00,0.00
TXN-A-000694-L1387,TXN-A-000694,TXN-B-000694-L1388,TXN-B-000694,EXACT_PRIMARY_ID,100.00,IDENTITY_MATCHED,QUANTITY_MATCHED,PRICE_MATCHED,AMOUNT_MATCHED,MATCHED,N,0.00,0.00,0.00,PRD-0108,PRD-0108,NEXUS Spatula Set 500 MG,NEXUS Spatula Set 500 MG,360.60,360.60,3.48,3.48,103.62,103.62,0.00,0.00,0.00,0.00,0.00,0.00,0.00
TXN-A-000695-L1389,TXN-A-000695,TXN-B-000695-L1390,TXN-B-000695,EXACT_PRIMARY_ID,100.00,IDENTITY_MATCHED,QUANTITY_MATCHED,PRICE_MATCHED,AMOUNT_MATCHED,MATCHED,N,0.00,0.00,0.00,PRD-0129,PRD-0129,NEXUS Colored Pencil Set 750 ML,NEXUS Colored Pencil Set 750 ML,593.82,593.82,6.26,6.26,94.86,94.86,0.00,0.00,0.00,0.00,0.00,0.00,0.00
TXN-A-000696-L1391,TXN-A-000696,TXN-B-000696-L1392,TXN-B-000696,EXACT_PRIMARY_ID,100.00,IDENTITY_MATCHED,QUANTITY_MATCHED,PRICE_MATCHED,AMOUNT_MATCHED,MATCHED,N,0.00,0.00,0.00,PRD-0026,PRD-0026,AURORA Ballpoint Pen 250 ML,AURORA Ballpoint Pen 250 ML,83.21,83.21,3.09,3.09,26.93,26.93,0.00,0.00,0.00,0.00,0.00,0.00,0.00
TXN-A-000697-L1393,TXN-A-000697,TXN-B-000697-L1394,TXN-B-000697,EXACT_PRIMARY_ID,100.00,IDENTITY_MATCHED,QUANTITY_MATCHED,PRICE_MATCHED,AMOUNT_MATCHED,MATCHED,N,0.00,0.00,0.00,PRD-0056,PRD-0056,AURORA Phone Case 20 W,AURORA Phone Case 20 W,133.94,133.94,8.03,8.03,16.68,16.68,0.00,0.00,0.00,0.00,0.00,0.00,0.00
TXN-A-000698-L1395,TXN-A-000698,TXN-B-000698-L1396,TXN-B-000698,EXACT_PRIMARY_ID,100.00,IDENTITY_MATCHED,QUANTITY_MATCHED,PRICE_MATCHED,AMOUNT_MATCHED,MATCHED,N,0.00,0.00,0.00,PRD-0131,PRD-0131,AURORA Ruler Set 60 CM,AURORA Ruler Set 60 CM,88.97,88.97,5.90,5.90,15.08,15.08,0.00,0.00,0.00,0.00,0.00,0.00,0.00
TXN-A-000699-L1397,TXN-A-000699,TXN-B-000699-L1398,TXN-B-000699,EXACT_PRIMARY_ID,100.00,IDENTITY_MATCHED,QUANTITY_MATCHED,PRICE_MATCHED,AMOUNT_MATCHED,MATCHED,N,0.00,0.00,0.00,PRD-0065,PRD-0065,AURORA Charging Dock 3 V,AURORA Charging Dock 3 V,127.88,127.88,7.50,7.50,17.05,17.05,0.00,0.00,0.00,0.00,0.00,0.00,0.00
TXN-A-000700-L1399,TXN-A-000700,TXN-B-000700-L1400,TXN-B-000700,EXACT_PRIMARY_ID,100.00,IDENTITY_MATCHED,QUANTITY_MATCHED,PRICE_MATCHED,AMOUNT_MATCHED,MATCHED,N,0.00,0.00,0.00,PRD-0088,PRD-0088,ZENITH Face Cream 30 CM,ZENITH Face Cream 30 CM,17.10,17.10,6.43,6.43,2.66,2.66,0.00,0.00,0.00,0.00,0.00,0.00,0.00
TXN-A-000701-L1401,TXN-A-000701,TXN-B-000701-L1402,TXN-B-000701,EXACT_PRIMARY_ID,100.00,IDENTITY_MATCHED,QUANTITY_MATCHED,PRICE_MATCHED,AMOUNT_MATCHED,MATCHED,N,0.00,0.00,0.00,PRD-0111,PRD-0111,NEXUS Storage Container 500 G,NEXUS Storage Container 500 G,327.10,327.10,5.35,5.35,61.14,61.14,0.00,0.00,0.00,0.00,0.00,0.00,0.00
TXN-A-000702-L1403,TXN-A-000702,TXN-B-000702-L1404,TXN-B-000702,EXACT_PRIMARY_ID,100.00,IDENTITY_MATCHED,QUANTITY_MATCHED,PRICE_MATCHED,AMOUNT_MATCHED,MATCHED,N,0.00,0.00,0.00,PRD-0150,PRD-0150,NEXUS Wrench Set 9 V,NEXUS Wrench Set 9 V,678.26,678.26,7.62,7.62,89.01,89.01,0.00,0.00,0.00,0.00,0.00,0.00,0.00
TXN-A-000703-L1405,TXN-A-000703,TXN-B-000703-L1406,TXN-B-000703,EXACT_PRIMARY_ID,100.00,IDENTITY_MATCHED,QUANTITY_MATCHED,PRICE_MATCHED,AMOUNT_MATCHED,MATCHED,N,0.00,0.00,0.00,PRD-0060,PRD-0060,NEXUS Screen Protector 10 IN,NEXUS Screen Protector 10 IN,368.58,368.58,4.32,4.32,85.32,85.32,0.00,0.00,0.00,0.00,0.00,0.00,0.00
TXN-A-000704-L1407,TXN-A-000704,TXN-B-000704-L1408,TXN-B-000704,EXACT_PRIMARY_ID,100.00,IDENTITY_MATCHED,QUANTITY_MATCHED,PRICE_MATCHED,AMOUNT_MATCHED,MATCHED,N,0.00,0.00,0.00,PRD-0143,PRD-0143,AURORA Marker Set 10 IN,AURORA Marker Set 10 IN,47.01,47.01,3.49,3.49,13.47,13.47,0.00,0.00,0.00,0.00,0.00,0.00,0.00
TXN-A-000705-L1409,TXN-A-000705,TXN-B-000705-L1410,TXN-B-000705,EXACT_PRIMARY_ID,100.00,IDENTITY_MATCHED,QUANTITY_MATCHED,PRICE_MATCHED,AMOUNT_MATCHED,MATCHED,N,0.00,0.00,0.00,PRD-0148,PRD-0148,ZENITH Wrench Set 30 CM,ZENITH Wrench Set 30 CM,424.60,424.60,3.63,3.63,116.97,116.97,0.00,0.00,0.00,0.00,0.00,0.00,0.00
TXN-A-000706-L1411,TXN-A-000706,TXN-B-000706-L1412,TXN-B-000706,EXACT_PRIMARY_ID,100.00,IDENTITY_MATCHED,QUANTITY_MATCHED,PRICE_MATCHED,AMOUNT_MATCHED,MATCHED,N,0.00,0.00,0.00,PRD-0122,PRD-0122,AURORA Notebook 5000 MAH,AURORA Notebook 5000 MAH,78.79,78.79,2.47,2.47,31.90,31.90,0.00,0.00,0.00,0.00,0.00,0.00,0.00
TXN-A-000707-L1413,TXN-A-000707,TXN-B-000707-L1414,TXN-B-000707,EXACT_PRIMARY_ID,100.00,IDENTITY_MATCHED,QUANTITY_MATCHED,PRICE_MATCHED,AMOUNT_MATCHED,MATCHED,N,0.00,0.00,0.00,PRD-0024,PRD-0024,NEXUS Floor Polish 100 MG,NEXUS Floor Polish 100 MG,378.55,378.55,5.00,5.00,75.71,75.71,0.00,0.00,0.00,0.00,0.00,0.00,0.00
TXN-A-000708-L1415,TXN-A-000708,TXN-B-000708-L1416,TXN-B-000708,EXACT_PRIMARY_ID,100.00,IDENTITY_MATCHED,QUANTITY_MATCHED,PRICE_MATCHED,AMOUNT_MATCHED,MATCHED,N,0.00,0.00,0.00,PRD-0131,PRD-0131,AURORA Ruler Set 60 CM,AURORA Ruler Set 60 CM,131.20,131.20,8.70,8.70,15.08,15.08,0.00,0.00,0.00,0.00,0.00,0.00,0.00
TXN-A-000709-L1417,TXN-A-000709,TXN-B-000709-L1418,TXN-B-000709,EXACT_PRIMARY_ID,100.00,IDENTITY_MATCHED,QUANTITY_MATCHED,PRICE_MATCHED,AMOUNT_MATCHED,MATCHED,N,0.00,0.00,0.00,PRD-0038,PRD-0038,AURORA Desk Organizer 2000 MAH,AURORA Desk Organizer 2000 MAH,200.84,200.84,7.16,7.16,28.05,28.05,0.00,0.00,0.00,0.00,0.00,0.00,0.00
TXN-A-000710-L1419,TXN-A-000710,TXN-B-000710-L1420,TXN-B-000710,EXACT_PRIMARY_ID,100.00,IDENTITY_MATCHED,QUANTITY_MATCHED,PRICE_MATCHED,AMOUNT_MATCHED,MATCHED,N,0.00,0.00,0.00,PRD-0116,PRD-0116,AURORA Can Opener 500 MG,AURORA Can Opener 500 MG,579.44,579.44,7.19,7.19,80.59,80.59,0.00,0.00,0.00,0.00,0.00,0.00,0.00
TXN-A-000711-L1421,TXN-A-000711,TXN-B-000711-L1422,TXN-B-000711,EXACT_PRIMARY_ID,100.00,IDENTITY_MATCHED,QUANTITY_MATCHED,PRICE_MATCHED,AMOUNT_MATCHED,MATCHED,N,0.00,0.00,0.00,PRD-0081,PRD-0081,NEXUS Body Wash 500 G,NEXUS Body Wash 500 G,545.19,545.19,9.67,9.67,56.38,56.38,0.00,0.00,0.00,0.00,0.00,0.00,0.00
TXN-A-000712-L1423,TXN-A-000712,TXN-B-000712-L1424,TXN-B-000712,EXACT_PRIMARY_ID,100.00,IDENTITY_MATCHED,QUANTITY_MATCHED,PRICE_MATCHED,AMOUNT_MATCHED,MATCHED,N,0.00,0.00,0.00,PRD-0120,PRD-0120,NEXUS Peeler 30 CM,NEXUS Peeler 30 CM,533.88,533.88,5.57,5.57,95.85,95.85,0.00,0.00,0.00,0.00,0.00,0.00,0.00
TXN-A-000713-L1425,TXN-A-000713,TXN-B-000713-L1426,TXN-B-000713,EXACT_PRIMARY_ID,100.00,IDENTITY_MATCHED,QUANTITY_MATCHED,PRICE_MATCHED,AMOUNT_MATCHED,MATCHED,N,0.00,0.00,0.00,PRD-0084,PRD-0084,NEXUS Toothpaste 15 W,NEXUS Toothpaste 15 W,317.38,317.38,9.60,9.60,33.06,33.06,0.00,0.00,0.00,0.00,0.00,0.00,0.00
TXN-A-000714-L1427,TXN-A-000714,TXN-B-000714-L1428,TXN-B-000714,EXACT_PRIMARY_ID,100.00,IDENTITY_MATCHED,QUANTITY_MATCHED,PRICE_MATCHED,AMOUNT_MATCHED,MATCHED,N,0.00,0.00,0.00,PRD-0034,PRD-0034,ZENITH Stapler 100 MG,ZENITH Stapler 100 MG,269.40,269.40,3.37,3.37,79.94,79.94,0.00,0.00,0.00,0.00,0.00,0.00,0.00
TXN-A-000715-L1429,TXN-A-000715,TXN-B-000715-L1430,TXN-B-000715,EXACT_PRIMARY_ID,100.00,IDENTITY_MATCHED,QUANTITY_MATCHED,PRICE_MATCHED,AMOUNT_MATCHED,MATCHED,N,0.00,0.00,0.00,PRD-0052,PRD-0052,ZENITH Power Adapter 20 W,ZENITH Power Adapter 20 W,397.27,397.27,8.76,8.76,45.35,45.35,0.00,0.00,0.00,0.00,0.00,0.00,0.00
TXN-A-000716-L1431,TXN-A-000716,TXN-B-000716-L1432,TXN-B-000716,EXACT_PRIMARY_ID,100.00,IDENTITY_MATCHED,QUANTITY_MATCHED,PRICE_MATCHED,AMOUNT_MATCHED,MATCHED,N,0.00,0.00,0.00,PRD-0032,PRD-0032,AURORA Binder Clip Box 3 V,AURORA Binder Clip Box 3 V,485.67,485.67,6.15,6.15,78.97,78.97,0.00,0.00,0.00,0.00,0.00,0.00,0.00
TXN-A-000717-L1433,TXN-A-000717,TXN-B-000717-L1434,TXN-B-000717,EXACT_PRIMARY_ID,100.00,IDENTITY_MATCHED,QUANTITY_MATCHED,PRICE_MATCHED,AMOUNT_MATCHED,MATCHED,N,0.00,0.00,0.00,PRD-0038,PRD-0038,AURORA Desk Organizer 2000 MAH,AURORA Desk Organizer 2000 MAH,30.29,30.29,1.08,1.08,28.05,28.05,0.00,0.00,0.00,0.00,0.00,0.00,0.00
TXN-A-000718-L1435,TXN-A-000718,TXN-B-000718-L1436,TXN-B-000718,EXACT_PRIMARY_ID,100.00,IDENTITY_MATCHED,QUANTITY_MATCHED,PRICE_MATCHED,AMOUNT_MATCHED,MATCHED,N,0.00,0.00,0.00,PRD-0014,PRD-0014,AURORA Fabric Softener 250 MG,AURORA Fabric Softener 250 MG,998.95,998.95,8.92,8.92,111.99,111.99,0.00,0.00,0.00,0.00,0.00,0.00,0.00
TXN-A-000719-L1437,TXN-A-000719,TXN-B-000719-L1438,TXN-B-000719,EXACT_PRIMARY_ID,100.00,IDENTITY_MATCHED,QUANTITY_MATCHED,PRICE_MATCHED,AMOUNT_MATCHED,MATCHED,N,0.00,0.00,0.00,PRD-0055,PRD-0055,ZENITH Phone Case 250 MG,ZENITH Phone Case 250 MG,93.66,93.66,1.78,1.78,52.62,52.62,0.00,0.00,0.00,0.00,0.00,0.00,0.00
TXN-A-000720-L1439,TXN-A-000720,TXN-B-000720-L1440,TXN-B-000720,EXACT_PRIMARY_ID,100.00,IDENTITY_MATCHED,QUANTITY_MATCHED,PRICE_MATCHED,AMOUNT_MATCHED,MATCHED,N,0.00,0.00,0.00,PRD-0127,PRD-0127,ZENITH Colored Pencil Set 50 G,ZENITH Colored Pencil Set 50 G,567.81,567.81,9.80,9.80,57.94,57.94,0.00,0.00,0.00,0.00,0.00,0.00,0.00
TXN-A-000721-L1441,TXN-A-000721,TXN-B-000721-L1442,TXN-B-000721,EXACT_PRIMARY_ID,100.00,IDENTITY_MATCHED,QUANTITY_MATCHED,PRICE_MATCHED,AMOUNT_MATCHED,MATCHED,N,0.00,0.00,0.00,PRD-0023,PRD-0023,AURORA Floor Polish 100 MG,AURORA Floor Polish 100 MG,332.08,332.08,6.38,6.38,52.05,52.05,0.00,0.00,0.00,0.00,0.00,0.00,0.00
TXN-A-000722-L1443,TXN-A-000722,TXN-B-000722-L1444,TXN-B-000722,EXACT_PRIMARY_ID,100.00,IDENTITY_MATCHED,QUANTITY_MATCHED,PRICE_MATCHED,AMOUNT_MATCHED,MATCHED,N,0.00,0.00,0.00,PRD-0015,PRD-0015,NEXUS Fabric Softener 200 G,NEXUS Fabric Softener 200 G,366.72,366.72,7.74,7.74,47.38,47.38,0.00,0.00,0.00,0.00,0.00,0.00,0.00
TXN-A-000723-L1445,TXN-A-000723,TXN-B-000723-L1446,TXN-B-000723,EXACT_PRIMARY_ID,100.00,IDENTITY_MATCHED,QUANTITY_MATCHED,PRICE_MATCHED,AMOUNT_MATCHED,MATCHED,N,0.00,0.00,0.00,PRD-0022,PRD-0022,ZENITH Floor Polish 2000 MAH,ZENITH Floor Polish 2000 MAH,26.05,26.05,4.40,4.40,5.92,5.92,0.00,0.00,0.00,0.00,0.00,0.00,0.00
TXN-A-000724-L1447,TXN-A-000724,TXN-B-000724-L1448,TXN-B-000724,EXACT_PRIMARY_ID,100.00,IDENTITY_MATCHED,QUANTITY_MATCHED,PRICE_MATCHED,AMOUNT_MATCHED,MATCHED,N,0.00,0.00,0.00,PRD-0010,PRD-0010,ZENITH Laundry Detergent 1.5 V,ZENITH Laundry Detergent 1.5 V,153.06,153.06,6.05,6.05,25.30,25.30,0.00,0.00,0.00,0.00,0.00,0.00,0.00
TXN-A-000725-L1449,TXN-A-000725,TXN-B-000725-L1450,TXN-B-000725,EXACT_PRIMARY_ID,100.00,IDENTITY_MATCHED,QUANTITY_MATCHED,PRICE_MATCHED,AMOUNT_MATCHED,MATCHED,N,0.00,0.00,0.00,PRD-0075,PRD-0075,NEXUS Hand Soap 10000 MAH,NEXUS Hand Soap 10000 MAH,429.90,429.90,6.19,6.19,69.45,69.45,0.00,0.00,0.00,0.00,0.00,0.00,0.00
TXN-A-000726-L1451,TXN-A-000726,TXN-B-000726-L1452,TXN-B-000726,EXACT_PRIMARY_ID,100.00,IDENTITY_MATCHED,QUANTITY_MATCHED,PRICE_MATCHED,AMOUNT_MATCHED,MATCHED,N,0.00,0.00,0.00,PRD-0027,PRD-0027,NEXUS Ballpoint Pen 500 ML,NEXUS Ballpoint Pen 500 ML,396.24,396.24,8.00,8.00,49.53,49.53,0.00,0.00,0.00,0.00,0.00,0.00,0.00
TXN-A-000727-L1453,TXN-A-000727,TXN-B-000727-L1454,TXN-B-000727,EXACT_PRIMARY_ID,100.00,IDENTITY_MATCHED,QUANTITY_MATCHED,PRICE_MATCHED,AMOUNT_MATCHED,MATCHED,N,0.00,0.00,0.00,PRD-0116,PRD-0116,AURORA Can Opener 500 MG,AURORA Can Opener 500 MG,142.64,142.64,1.77,1.77,80.59,80.59,0.00,0.00,0.00,0.00,0.00,0.00,0.00
TXN-A-000728-L1455,TXN-A-000728,TXN-B-000728-L1456,TXN-B-000728,EXACT_PRIMARY_ID,100.00,IDENTITY_MATCHED,QUANTITY_MATCHED,PRICE_MATCHED,AMOUNT_MATCHED,MATCHED,N,0.00,0.00,0.00,PRD-0098,PRD-0098,AURORA Cutting Board 10 IN,AURORA Cutting Board 10 IN,93.31,93.31,5.46,5.46,17.09,17.09,0.00,0.00,0.00,0.00,0.00,0.00,0.00
TXN-A-000729-L1457,TXN-A-000729,TXN-B-000729-L1458,TXN-B-000729,EXACT_PRIMARY_ID,100.00,IDENTITY_MATCHED,QUANTITY_MATCHED,PRICE_MATCHED,AMOUNT_MATCHED,MATCHED,N,0.00,0.00,0.00,PRD-0079,PRD-0079,ZENITH Body Wash 200 G,ZENITH Body Wash 200 G,153.80,153.80,2.07,2.07,74.30,74.30,0.00,0.00,0.00,0.00,0.00,0.00,0.00
TXN-A-000730-L1459,TXN-A-000730,TXN-B-000730-L1460,TXN-B-000730,EXACT_PRIMARY_ID,100.00,IDENTITY_MATCHED,QUANTITY_MATCHED,PRICE_MATCHED,AMOUNT_MATCHED,MATCHED,N,0.00,0.00,0.00,PRD-0020,PRD-0020,AURORA Air Freshener 200 G,AURORA Air Freshener 200 G,321.00,321.00,3.08,3.08,104.22,104.22,0.00,0.00,0.00,0.00,0.00,0.00,0.00
TXN-A-000731-L1461,TXN-A-000731,TXN-B-000731-L1462,TXN-B-000731,EXACT_PRIMARY_ID,100.00,IDENTITY_MATCHED,QUANTITY_MATCHED,PRICE_MATCHED,AMOUNT_MATCHED,MATCHED,N,0.00,0.00,0.00,PRD-0026,PRD-0026,AURORA Ballpoint Pen 250 ML,AURORA Ballpoint Pen 250 ML,147.04,147.04,5.46,5.46,26.93,26.93,0.00,0.00,0.00,0.00,0.00,0.00,0.00
TXN-A-000732-L1463,TXN-A-000732,TXN-B-000732-L1464,TXN-B-000732,EXACT_PRIMARY_ID,100.00,IDENTITY_MATCHED,QUANTITY_MATCHED,PRICE_MATCHED,AMOUNT_MATCHED,MATCHED,N,0.00,0.00,0.00,PRD-0105,PRD-0105,NEXUS Measuring Cup 100 G,NEXUS Measuring Cup 100 G,710.12,710.12,6.50,6.50,109.25,109.25,0.00,0.00,0.00,0.00,0.00,0.00,0.00
TXN-A-000733-L1465,TXN-A-000733,TXN-B-000733-L1466,TXN-B-000733,EXACT_PRIMARY_ID,100.00,IDENTITY_MATCHED,QUANTITY_MATCHED,PRICE_MATCHED,AMOUNT_MATCHED,MATCHED,N,0.00,0.00,0.00,PRD-0094,PRD-0094,ZENITH Lotion 10000 MAH,ZENITH Lotion 10000 MAH,24.00,24.00,2.41,2.41,9.96,9.96,0.00,0.00,0.00,0.00,0.00,0.00,0.00
TXN-A-000734-L1467,TXN-A-000734,TXN-B-000734-L1468,TXN-B-000734,EXACT_PRIMARY_ID,100.00,IDENTITY_MATCHED,QUANTITY_MATCHED,PRICE_MATCHED,AMOUNT_MATCHED,MATCHED,N,0.00,0.00,0.00,PRD-0095,PRD-0095,AURORA Lotion 1 KG,AURORA Lotion 1 KG,635.50,635.50,5.42,5.42,117.25,117.25,0.00,0.00,0.00,0.00,0.00,0.00,0.00
TXN-A-000735-L1469,TXN-A-000735,TXN-B-000735-L1470,TXN-B-000735,EXACT_PRIMARY_ID,100.00,IDENTITY_MATCHED,QUANTITY_MATCHED,PRICE_MATCHED,AMOUNT_MATCHED,MATCHED,N,0.00,0.00,0.00,PRD-0078,PRD-0078,NEXUS Shampoo 500 ML,NEXUS Shampoo 500 ML,670.54,670.54,5.66,5.66,118.47,118.47,0.00,0.00,0.00,0.00,0.00,0.00,0.00
TXN-A-000736-L1471,TXN-A-000736,TXN-B-000736-L1472,TXN-B-000736,EXACT_PRIMARY_ID,100.00,IDENTITY_MATCHED,QUANTITY_MATCHED,PRICE_MATCHED,AMOUNT_MATCHED,MATCHED,N,0.00,0.00,0.00,PRD-0099,PRD-0099,NEXUS Cutting Board 500 ML,NEXUS Cutting Board 500 ML,721.11,721.11,6.39,6.39,112.85,112.85,0.00,0.00,0.00,0.00,0.00,0.00,0.00
TXN-A-000737-L1473,TXN-A-000737,TXN-B-000737-L1474,TXN-B-000737,EXACT_PRIMARY_ID,100.00,IDENTITY_MATCHED,QUANTITY_MATCHED,PRICE_MATCHED,AMOUNT_MATCHED,MATCHED,N,0.00,0.00,0.00,PRD-0067,PRD-0067,ZENITH HDMI Cable 1 KG,ZENITH HDMI Cable 1 KG,379.24,379.24,6.60,6.60,57.46,57.46,0.00,0.00,0.00,0.00,0.00,0.00,0.00
TXN-A-000738-L1475,TXN-A-000738,TXN-B-000738-L1476,TXN-B-000738,EXACT_PRIMARY_ID,100.00,IDENTITY_MATCHED,QUANTITY_MATCHED,PRICE_MATCHED,AMOUNT_MATCHED,MATCHED,N,0.00,0.00,0.00,PRD-0136,PRD-0136,ZENITH Scissors 3 V,ZENITH Scissors 3 V,555.52,555.52,7.80,7.80,71.22,71.22,0.00,0.00,0.00,0.00,0.00,0.00,0.00
TXN-A-000739-L1477,TXN-A-000739,TXN-B-000739-L1478,TXN-B-000739,EXACT_PRIMARY_ID,100.00,IDENTITY_MATCHED,QUANTITY_MATCHED,PRICE_MATCHED,AMOUNT_MATCHED,MATCHED,N,0.00,0.00,0.00,PRD-0003,PRD-0003,NEXUS All Purpose Cleaner 250 ML,NEXUS All Purpose Cleaner 250 ML,294.03,294.03,2.52,2.52,116.68,116.68,0.00,0.00,0.00,0.00,0.00,0.00,0.00
TXN-A-000740-L1479,TXN-A-000740,TXN-B-000740-L1480,TXN-B-000740,EXACT_PRIMARY_ID,100.00,IDENTITY_MATCHED,QUANTITY_MATCHED,PRICE_MATCHED,AMOUNT_MATCHED,MATCHED,N,0.00,0.00,0.00,PRD-0149,PRD-0149,AURORA Wrench Set 45 CM,AURORA Wrench Set 45 CM,121.22,121.22,4.14,4.14,29.28,29.28,0.00,0.00,0.00,0.00,0.00,0.00,0.00
TXN-A-000741-L1481,TXN-A-000741,TXN-B-000741-L1482,TXN-B-000741,EXACT_PRIMARY_ID,100.00,IDENTITY_MATCHED,QUANTITY_MATCHED,PRICE_MATCHED,AMOUNT_MATCHED,MATCHED,N,0.00,0.00,0.00,PRD-0047,PRD-0047,AURORA Tape Dispenser 45 CM,AURORA Tape Dispenser 45 CM,4.89,4.89,2.35,2.35,2.08,2.08,0.00,0.00,0.00,0.00,0.00,0.00,0.00
TXN-A-000742-L1483,TXN-A-000742,TXN-B-000742-L1484,TXN-B-000742,EXACT_PRIMARY_ID,100.00,IDENTITY_MATCHED,QUANTITY_MATCHED,PRICE_MATCHED,AMOUNT_MATCHED,MATCHED,N,0.00,0.00,0.00,PRD-0068,PRD-0068,AURORA HDMI Cable 10000 MAH,AURORA HDMI Cable 10000 MAH,187.55,187.55,4.83,4.83,38.83,38.83,0.00,0.00,0.00,0.00,0.00,0.00,0.00
TXN-A-000743-L1485,TXN-A-000743,TXN-B-000743-L1486,TXN-B-000743,EXACT_PRIMARY_ID,100.00,IDENTITY_MATCHED,QUANTITY_MATCHED,PRICE_MATCHED,AMOUNT_MATCHED,MATCHED,N,0.00,0.00,0.00,PRD-0121,PRD-0121,ZENITH Notebook 1 L,ZENITH Notebook 1 L,176.50,176.50,8.24,8.24,21.42,21.42,0.00,0.00,0.00,0.00,0.00,0.00,0.00
TXN-A-000744-L1487,TXN-A-000744,TXN-B-000744-L1488,TXN-B-000744,EXACT_PRIMARY_ID,100.00,IDENTITY_MATCHED,QUANTITY_MATCHED,PRICE_MATCHED,AMOUNT_MATCHED,MATCHED,N,0.00,0.00,0.00,PRD-0137,PRD-0137,AURORA Scissors 100 MG,AURORA Scissors 100 MG,247.30,247.30,2.63,2.63,94.03,94.03,0.00,0.00,0.00,0.00,0.00,0.00,0.00
TXN-A-000745-L1489,TXN-A-000745,TXN-B-000745-L1490,TXN-B-000745,EXACT_PRIMARY_ID,100.00,IDENTITY_MATCHED,QUANTITY_MATCHED,PRICE_MATCHED,AMOUNT_MATCHED,MATCHED,N,0.00,0.00,0.00,PRD-0002,PRD-0002,AURORA All Purpose Cleaner 30 CM,AURORA All Purpose Cleaner 30 CM,389.51,389.51,8.71,8.71,44.72,44.72,0.00,0.00,0.00,0.00,0.00,0.00,0.00
TXN-A-000746-L1491,TXN-A-000746,TXN-B-000746-L1492,TXN-B-000746,EXACT_PRIMARY_ID,100.00,IDENTITY_MATCHED,QUANTITY_MATCHED,PRICE_MATCHED,AMOUNT_MATCHED,MATCHED,N,0.00,0.00,0.00,PRD-0086,PRD-0086,AURORA Deodorant 500 G,AURORA Deodorant 500 G,251.61,251.61,4.81,4.81,52.31,52.31,0.00,0.00,0.00,0.00,0.00,0.00,0.00
TXN-A-000747-L1493,TXN-A-000747,TXN-B-000747-L1494,TXN-B-000747,EXACT_PRIMARY_ID,100.00,IDENTITY_MATCHED,QUANTITY_MATCHED,PRICE_MATCHED,AMOUNT_MATCHED,MATCHED,N,0.00,0.00,0.00,PRD-0103,PRD-0103,ZENITH Measuring Cup 10000 MAH,ZENITH Measuring Cup 10000 MAH,61.28,61.28,8.16,8.16,7.51,7.51,0.00,0.00,0.00,0.00,0.00,0.00,0.00
TXN-A-000748-L1495,TXN-A-000748,TXN-B-000748-L1496,TXN-B-000748,EXACT_PRIMARY_ID,100.00,IDENTITY_MATCHED,QUANTITY_MATCHED,PRICE_MATCHED,AMOUNT_MATCHED,MATCHED,N,0.00,0.00,0.00,PRD-0023,PRD-0023,AURORA Floor Polish 100 MG,AURORA Floor Polish 100 MG,438.26,438.26,8.42,8.42,52.05,52.05,0.00,0.00,0.00,0.00,0.00,0.00,0.00
TXN-A-000749-L1497,TXN-A-000749,TXN-B-000749-L1498,TXN-B-000749,EXACT_PRIMARY_ID,100.00,IDENTITY_MATCHED,QUANTITY_MATCHED,PRICE_MATCHED,AMOUNT_MATCHED,MATCHED,N,0.00,0.00,0.00,PRD-0020,PRD-0020,AURORA Air Freshener 200 G,AURORA Air Freshener 200 G,363.73,363.73,3.49,3.49,104.22,104.22,0.00,0.00,0.00,0.00,0.00,0.00,0.00
TXN-A-000750-L1499,TXN-A-000750,TXN-B-000750-L1500,TXN-B-000750,EXACT_PRIMARY_ID,100.00,IDENTITY_MATCHED,QUANTITY_MATCHED,PRICE_MATCHED,AMOUNT_MATCHED,MATCHED,N,0.00,0.00,0.00,PRD-0012,PRD-0012,NEXUS Laundry Detergent 3 V,NEXUS Laundry Detergent 3 V,157.67,157.67,7.08,7.08,22.27,22.27,0.00,0.00,0.00,0.00,0.00,0.00,0.00
TXN-A-000751-L1501,TXN-A-000751,TXN-B-000751-L1502,TXN-B-000751,EXACT_PRIMARY_ID,100.00,IDENTITY_MATCHED,QUANTITY_MATCHED,PRICE_MATCHED,AMOUNT_MATCHED,MATCHED,N,0.00,0.00,0.00,PRD-0042,PRD-0042,NEXUS File Folder Pack 500 G,NEXUS File Folder Pack 500 G,204.33,204.33,3.00,3.00,68.11,68.11,0.00,0.00,0.00,0.00,0.00,0.00,0.00
TXN-A-000752-L1503,TXN-A-000752,TXN-B-000752-L1504,TXN-B-000752,EXACT_PRIMARY_ID,100.00,IDENTITY_MATCHED,QUANTITY_MATCHED,PRICE_MATCHED,AMOUNT_MATCHED,MATCHED,N,0.00,0.00,0.00,PRD-0028,PRD-0028,ZENITH Highlighter Set 500 ML,ZENITH Highlighter Set 500 ML,363.89,363.89,3.21,3.21,113.36,113.36,0.00,0.00,0.00,0.00,0.00,0.00,0.00
TXN-A-000753-L1505,TXN-A-000753,TXN-B-000753-L1506,TXN-B-000753,EXACT_PRIMARY_ID,100.00,IDENTITY_MATCHED,QUANTITY_MATCHED,PRICE_MATCHED,AMOUNT_MATCHED,MATCHED,N,0.00,0.00,0.00,PRD-0057,PRD-0057,NEXUS Phone Case 1 L,NEXUS Phone Case 1 L,213.23,213.23,6.72,6.72,31.73,31.73,0.00,0.00,0.00,0.00,0.00,0.00,0.00
TXN-A-000754-L1507,TXN-A-000754,TXN-B-000754-L1508,TXN-B-000754,EXACT_PRIMARY_ID,100.00,IDENTITY_MATCHED,QUANTITY_MATCHED,PRICE_MATCHED,AMOUNT_MATCHED,MATCHED,N,0.00,0.00,0.00,PRD-0028,PRD-0028,ZENITH Highlighter Set 500 ML,ZENITH Highlighter Set 500 ML,722.10,722.10,6.37,6.37,113.36,113.36,0.00,0.00,0.00,0.00,0.00,0.00,0.00
TXN-A-000755-L1509,TXN-A-000755,TXN-B-000755-L1510,TXN-B-000755,EXACT_PRIMARY_ID,100.00,IDENTITY_MATCHED,QUANTITY_MATCHED,PRICE_MATCHED,AMOUNT_MATCHED,MATCHED,N,0.00,0.00,0.00,PRD-0065,PRD-0065,AURORA Charging Dock 3 V,AURORA Charging Dock 3 V,144.41,144.41,8.47,8.47,17.05,17.05,0.00,0.00,0.00,0.00,0.00,0.00,0.00
TXN-A-000756-L1511,TXN-A-000756,TXN-B-000756-L1512,TXN-B-000756,EXACT_PRIMARY_ID,100.00,IDENTITY_MATCHED,QUANTITY_MATCHED,PRICE_MATCHED,AMOUNT_MATCHED,MATCHED,N,0.00,0.00,0.00,PRD-0106,PRD-0106,ZENITH Spatula Set 1 KG,ZENITH Spatula Set 1 KG,120.87,120.87,5.10,5.10,23.70,23.70,0.00,0.00,0.00,0.00,0.00,0.00,0.00
TXN-A-000757-L1513,TXN-A-000757,TXN-B-000757-L1514,TXN-B-000757,EXACT_PRIMARY_ID,100.00,IDENTITY_MATCHED,QUANTITY_MATCHED,PRICE_MATCHED,AMOUNT_MATCHED,MATCHED,N,0.00,0.00,0.00,PRD-0030,PRD-0030,NEXUS Highlighter Set 12 IN,NEXUS Highlighter Set 12 IN,173.82,173.82,2.50,2.50,69.53,69.53,0.00,0.00,0.00,0.00,0.00,0.00,0.00
TXN-A-000758-L1515,TXN-A-000758,TXN-B-000758-L1516,TXN-B-000758,EXACT_PRIMARY_ID,100.00,IDENTITY_MATCHED,QUANTITY_MATCHED,PRICE_MATCHED,AMOUNT_MATCHED,MATCHED,N,0.00,0.00,0.00,PRD-0116,PRD-0116,AURORA Can Opener 500 MG,AURORA Can Opener 500 MG,167.63,167.63,2.08,2.08,80.59,80.59,0.00,0.00,0.00,0.00,0.00,0.00,0.00
TXN-A-000759-L1517,TXN-A-000759,TXN-B-000759-L1518,TXN-B-000759,EXACT_PRIMARY_ID,100.00,IDENTITY_MATCHED,QUANTITY_MATCHED,PRICE_MATCHED,AMOUNT_MATCHED,MATCHED,N,0.00,0.00,0.00,PRD-0074,PRD-0074,AURORA Hand Soap 1.5 V,AURORA Hand Soap 1.5 V,78.16,78.16,1.08,1.08,72.37,72.37,0.00,0.00,0.00,0.00,0.00,0.00,0.00
TXN-A-000760-L1519,TXN-A-000760,TXN-B-000760-L1520,TXN-B-000760,EXACT_PRIMARY_ID,100.00,IDENTITY_MATCHED,QUANTITY_MATCHED,PRICE_MATCHED,AMOUNT_MATCHED,MATCHED,N,0.00,0.00,0.00,PRD-0081,PRD-0081,NEXUS Body Wash 500 G,NEXUS Body Wash 500 G,293.18,293.18,5.20,5.20,56.38,56.38,0.00,0.00,0.00,0.00,0.00,0.00,0.00
TXN-A-000761-L1521,TXN-A-000761,TXN-B-000761-L1522,TXN-B-000761,EXACT_PRIMARY_ID,100.00,IDENTITY_MATCHED,QUANTITY_MATCHED,PRICE_MATCHED,AMOUNT_MATCHED,MATCHED,N,0.00,0.00,0.00,PRD-0138,PRD-0138,NEXUS Scissors 500 MG,NEXUS Scissors 500 MG,413.34,413.34,4.29,4.29,96.35,96.35,0.00,0.00,0.00,0.00,0.00,0.00,0.00
TXN-A-000762-L1523,TXN-A-000762,TXN-B-000762-L1524,TXN-B-000762,EXACT_PRIMARY_ID,100.00,IDENTITY_MATCHED,QUANTITY_MATCHED,PRICE_MATCHED,AMOUNT_MATCHED,MATCHED,N,0.00,0.00,0.00,PRD-0118,PRD-0118,ZENITH Peeler 750 ML,ZENITH Peeler 750 ML,191.86,191.86,6.84,6.84,28.05,28.05,0.00,0.00,0.00,0.00,0.00,0.00,0.00
TXN-A-000763-L1525,TXN-A-000763,TXN-B-000763-L1526,TXN-B-000763,EXACT_PRIMARY_ID,100.00,IDENTITY_MATCHED,QUANTITY_MATCHED,PRICE_MATCHED,AMOUNT_MATCHED,MATCHED,N,0.00,0.00,0.00,PRD-0134,PRD-0134,AURORA Glue Stick 9 V,AURORA Glue Stick 9 V,403.11,403.11,5.19,5.19,77.67,77.67,0.00,0.00,0.00,0.00,0.00,0.00,0.00
TXN-A-000764-L1527,TXN-A-000764,TXN-B-000764-L1528,TXN-B-000764,EXACT_PRIMARY_ID,100.00,IDENTITY_MATCHED,QUANTITY_MATCHED,PRICE_MATCHED,AMOUNT_MATCHED,MATCHED,N,0.00,0.00,0.00,PRD-0047,PRD-0047,AURORA Tape Dispenser 45 CM,AURORA Tape Dispenser 45 CM,11.56,11.56,5.56,5.56,2.08,2.08,0.00,0.00,0.00,0.00,0.00,0.00,0.00
TXN-A-000765-L1529,TXN-A-000765,TXN-B-000765-L1530,TXN-B-000765,EXACT_PRIMARY_ID,100.00,IDENTITY_MATCHED,QUANTITY_MATCHED,PRICE_MATCHED,AMOUNT_MATCHED,MATCHED,N,0.00,0.00,0.00,PRD-0080,PRD-0080,AURORA Body Wash 500 MG,AURORA Body Wash 500 MG,44.97,44.97,3.86,3.86,11.65,11.65,0.00,0.00,0.00,0.00,0.00,0.00,0.00
TXN-A-000766-L1531,TXN-A-000766,TXN-B-000766-L1532,TXN-B-000766,EXACT_PRIMARY_ID,100.00,IDENTITY_MATCHED,QUANTITY_MATCHED,PRICE_MATCHED,AMOUNT_MATCHED,MATCHED,N,0.00,0.00,0.00,PRD-0023,PRD-0023,AURORA Floor Polish 100 MG,AURORA Floor Polish 100 MG,94.21,94.21,1.81,1.81,52.05,52.05,0.00,0.00,0.00,0.00,0.00,0.00,0.00
TXN-A-000767-L1533,TXN-A-000767,TXN-B-000767-L1534,TXN-B-000767,EXACT_PRIMARY_ID,100.00,IDENTITY_MATCHED,QUANTITY_MATCHED,PRICE_MATCHED,AMOUNT_MATCHED,MATCHED,N,0.00,0.00,0.00,PRD-0097,PRD-0097,ZENITH Cutting Board 5 W,ZENITH Cutting Board 5 W,154.94,154.94,9.69,9.69,15.99,15.99,0.00,0.00,0.00,0.00,0.00,0.00,0.00
TXN-A-000768-L1535,TXN-A-000768,TXN-B-000768-L1536,TXN-B-000768,EXACT_PRIMARY_ID,100.00,IDENTITY_MATCHED,QUANTITY_MATCHED,PRICE_MATCHED,AMOUNT_MATCHED,MATCHED,N,0.00,0.00,0.00,PRD-0098,PRD-0098,AURORA Cutting Board 10 IN,AURORA Cutting Board 10 IN,157.23,157.23,9.20,9.20,17.09,17.09,0.00,0.00,0.00,0.00,0.00,0.00,0.00
TXN-A-000769-L1537,TXN-A-000769,TXN-B-000769-L1538,TXN-B-000769,EXACT_PRIMARY_ID,100.00,IDENTITY_MATCHED,QUANTITY_MATCHED,PRICE_MATCHED,AMOUNT_MATCHED,MATCHED,N,0.00,0.00,0.00,PRD-0034,PRD-0034,ZENITH Stapler 100 MG,ZENITH Stapler 100 MG,162.28,162.28,2.03,2.03,79.94,79.94,0.00,0.00,0.00,0.00,0.00,0.00,0.00
TXN-A-000770-L1539,TXN-A-000770,TXN-B-000770-L1540,TXN-B-000770,EXACT_PRIMARY_ID,100.00,IDENTITY_MATCHED,QUANTITY_MATCHED,PRICE_MATCHED,AMOUNT_MATCHED,MATCHED,N,0.00,0.00,0.00,PRD-0116,PRD-0116,AURORA Can Opener 500 MG,AURORA Can Opener 500 MG,298.18,298.18,3.70,3.70,80.59,80.59,0.00,0.00,0.00,0.00,0.00,0.00,0.00
TXN-A-000771-L1541,TXN-A-000771,TXN-B-000771-L1542,TXN-B-000771,EXACT_PRIMARY_ID,100.00,IDENTITY_MATCHED,QUANTITY_MATCHED,PRICE_MATCHED,AMOUNT_MATCHED,MATCHED,N,0.00,0.00,0.00,PRD-0037,PRD-0037,ZENITH Desk Organizer 5 W,ZENITH Desk Organizer 5 W,58.57,58.57,5.08,5.08,11.53,11.53,0.00,0.00,0.00,0.00,0.00,0.00,0.00
TXN-A-000772-L1543,TXN-A-000772,TXN-B-000772-L1544,TXN-B-000772,EXACT_PRIMARY_ID,100.00,IDENTITY_MATCHED,QUANTITY_MATCHED,PRICE_MATCHED,AMOUNT_MATCHED,MATCHED,N,0.00,0.00,0.00,PRD-0021,PRD-0021,NEXUS Air Freshener 30 CM,NEXUS Air Freshener 30 CM,137.89,137.89,9.92,9.92,13.90,13.90,0.00,0.00,0.00,0.00,0.00,0.00,0.00
TXN-A-000773-L1545,TXN-A-000773,TXN-B-000773-L1546,TXN-B-000773,EXACT_PRIMARY_ID,100.00,IDENTITY_MATCHED,QUANTITY_MATCHED,PRICE_MATCHED,AMOUNT_MATCHED,MATCHED,N,0.00,0.00,0.00,PRD-0130,PRD-0130,ZENITH Ruler Set 45 CM,ZENITH Ruler Set 45 CM,882.35,882.35,9.71,9.71,90.87,90.87,0.00,0.00,0.00,0.00,0.00,0.00,0.00
TXN-A-000774-L1547,TXN-A-000774,TXN-B-000774-L1548,TXN-B-000774,EXACT_PRIMARY_ID,100.00,IDENTITY_MATCHED,QUANTITY_MATCHED,PRICE_MATCHED,AMOUNT_MATCHED,MATCHED,N,0.00,0.00,0.00,PRD-0118,PRD-0118,ZENITH Peeler 750 ML,ZENITH Peeler 750 ML,108.55,108.55,3.87,3.87,28.05,28.05,0.00,0.00,0.00,0.00,0.00,0.00,0.00
TXN-A-000775-L1549,TXN-A-000775,TXN-B-000775-L1550,TXN-B-000775,EXACT_PRIMARY_ID,100.00,IDENTITY_MATCHED,QUANTITY_MATCHED,PRICE_MATCHED,AMOUNT_MATCHED,MATCHED,N,0.00,0.00,0.00,PRD-0116,PRD-0116,AURORA Can Opener 500 MG,AURORA Can Opener 500 MG,714.83,714.83,8.87,8.87,80.59,80.59,0.00,0.00,0.00,0.00,0.00,0.00,0.00
TXN-A-000776-L1551,TXN-A-000776,TXN-B-000776-L1552,TXN-B-000776,EXACT_PRIMARY_ID,100.00,IDENTITY_MATCHED,QUANTITY_MATCHED,PRICE_MATCHED,AMOUNT_MATCHED,MATCHED,N,0.00,0.00,0.00,PRD-0111,PRD-0111,NEXUS Storage Container 500 G,NEXUS Storage Container 500 G,247.62,247.62,4.05,4.05,61.14,61.14,0.00,0.00,0.00,0.00,0.00,0.00,0.00
TXN-A-000777-L1553,TXN-A-000777,TXN-B-000777-L1554,TXN-B-000777,EXACT_PRIMARY_ID,100.00,IDENTITY_MATCHED,QUANTITY_MATCHED,PRICE_MATCHED,AMOUNT_MATCHED,MATCHED,N,0.00,0.00,0.00,PRD-0111,PRD-0111,NEXUS Storage Container 500 G,NEXUS Storage Container 500 G,391.91,391.91,6.41,6.41,61.14,61.14,0.00,0.00,0.00,0.00,0.00,0.00,0.00
TXN-A-000778-L1555,TXN-A-000778,TXN-B-000778-L1556,TXN-B-000778,EXACT_PRIMARY_ID,100.00,IDENTITY_MATCHED,QUANTITY_MATCHED,PRICE_MATCHED,AMOUNT_MATCHED,MATCHED,N,0.00,0.00,0.00,PRD-0138,PRD-0138,NEXUS Scissors 500 MG,NEXUS Scissors 500 MG,907.62,907.62,9.42,9.42,96.35,96.35,0.00,0.00,0.00,0.00,0.00,0.00,0.00
TXN-A-000779-L1557,TXN-A-000779,TXN-B-000779-L1558,TXN-B-000779,EXACT_PRIMARY_ID,100.00,IDENTITY_MATCHED,QUANTITY_MATCHED,PRICE_MATCHED,AMOUNT_MATCHED,MATCHED,N,0.00,0.00,0.00,PRD-0114,PRD-0114,NEXUS Kitchen Towel 10 W,NEXUS Kitchen Towel 10 W,34.92,34.92,1.40,1.40,24.94,24.94,0.00,0.00,0.00,0.00,0.00,0.00,0.00
TXN-A-000780-L1559,TXN-A-000780,TXN-B-000780-L1560,TXN-B-000780,EXACT_PRIMARY_ID,100.00,IDENTITY_MATCHED,QUANTITY_MATCHED,PRICE_MATCHED,AMOUNT_MATCHED,MATCHED,N,0.00,0.00,0.00,PRD-0011,PRD-0011,AURORA Laundry Detergent 2000 MAH,AURORA Laundry Detergent 2000 MAH,579.98,579.98,5.92,5.92,97.97,97.97,0.00,0.00,0.00,0.00,0.00,0.00,0.00
TXN-A-000781-L1561,TXN-A-000781,TXN-B-000781-L1562,TXN-B-000781,EXACT_PRIMARY_ID,100.00,IDENTITY_MATCHED,QUANTITY_MATCHED,PRICE_MATCHED,AMOUNT_MATCHED,MATCHED,N,0.00,0.00,0.00,PRD-0026,PRD-0026,AURORA Ballpoint Pen 250 ML,AURORA Ballpoint Pen 250 ML,61.67,61.67,2.29,2.29,26.93,26.93,0.00,0.00,0.00,0.00,0.00,0.00,0.00
TXN-A-000782-L1563,TXN-A-000782,TXN-B-000782-L1564,TXN-B-000782,EXACT_PRIMARY_ID,100.00,IDENTITY_MATCHED,QUANTITY_MATCHED,PRICE_MATCHED,AMOUNT_MATCHED,MATCHED,N,0.00,0.00,0.00,PRD-0089,PRD-0089,AURORA Face Cream 500 ML,AURORA Face Cream 500 ML,65.58,65.58,1.31,1.31,50.06,50.06,0.00,0.00,0.00,0.00,0.00,0.00,0.00
TXN-A-000783-L1565,TXN-A-000783,TXN-B-000783-L1566,TXN-B-000783,EXACT_PRIMARY_ID,100.00,IDENTITY_MATCHED,QUANTITY_MATCHED,PRICE_MATCHED,AMOUNT_MATCHED,MATCHED,N,0.00,0.00,0.00,PRD-0138,PRD-0138,NEXUS Scissors 500 MG,NEXUS Scissors 500 MG,326.63,326.63,3.39,3.39,96.35,96.35,0.00,0.00,0.00,0.00,0.00,0.00,0.00
TXN-A-000784-L1567,TXN-A-000784,TXN-B-000784-L1568,TXN-B-000784,EXACT_PRIMARY_ID,100.00,IDENTITY_MATCHED,QUANTITY_MATCHED,PRICE_MATCHED,AMOUNT_MATCHED,MATCHED,N,0.00,0.00,0.00,PRD-0118,PRD-0118,ZENITH Peeler 750 ML,ZENITH Peeler 750 ML,126.79,126.79,4.52,4.52,28.05,28.05,0.00,0.00,0.00,0.00,0.00,0.00,0.00
TXN-A-000785-L1569,TXN-A-000785,TXN-B-000785-L1570,TXN-B-000785,EXACT_PRIMARY_ID,100.00,IDENTITY_MATCHED,QUANTITY_MATCHED,PRICE_MATCHED,AMOUNT_MATCHED,MATCHED,N,0.00,0.00,0.00,PRD-0064,PRD-0064,ZENITH Charging Dock 15 W,ZENITH Charging Dock 15 W,199.80,199.80,3.32,3.32,60.18,60.18,0.00,0.00,0.00,0.00,0.00,0.00,0.00
TXN-A-000786-L1571,TXN-A-000786,TXN-B-000786-L1572,TXN-B-000786,EXACT_PRIMARY_ID,100.00,IDENTITY_MATCHED,QUANTITY_MATCHED,PRICE_MATCHED,AMOUNT_MATCHED,MATCHED,N,0.00,0.00,0.00,PRD-0001,PRD-0001,ZENITH All Purpose Cleaner 10 IN,ZENITH All Purpose Cleaner 10 IN,276.37,276.37,7.99,7.99,34.59,34.59,0.00,0.00,0.00,0.00,0.00,0.00,0.00
TXN-A-000787-L1573,TXN-A-000787,TXN-B-000787-L1574,TXN-B-000787,EXACT_PRIMARY_ID,100.00,IDENTITY_MATCHED,QUANTITY_MATCHED,PRICE_MATCHED,AMOUNT_MATCHED,MATCHED,N,0.00,0.00,0.00,PRD-0027,PRD-0027,NEXUS Ballpoint Pen 500 ML,NEXUS Ballpoint Pen 500 ML,139.18,139.18,2.81,2.81,49.53,49.53,0.00,0.00,0.00,0.00,0.00,0.00,0.00
TXN-A-000788-L1575,TXN-A-000788,TXN-B-000788-L1576,TXN-B-000788,EXACT_PRIMARY_ID,100.00,IDENTITY_MATCHED,QUANTITY_MATCHED,PRICE_MATCHED,AMOUNT_MATCHED,MATCHED,N,0.00,0.00,0.00,PRD-0052,PRD-0052,ZENITH Power Adapter 20 W,ZENITH Power Adapter 20 W,363.71,363.71,8.02,8.02,45.35,45.35,0.00,0.00,0.00,0.00,0.00,0.00,0.00
TXN-A-000789-L1577,TXN-A-000789,TXN-B-000789-L1578,TXN-B-000789,EXACT_PRIMARY_ID,100.00,IDENTITY_MATCHED,QUANTITY_MATCHED,PRICE_MATCHED,AMOUNT_MATCHED,MATCHED,N,0.00,0.00,0.00,PRD-0026,PRD-0026,AURORA Ballpoint Pen 250 ML,AURORA Ballpoint Pen 250 ML,112.30,112.30,4.17,4.17,26.93,26.93,0.00,0.00,0.00,0.00,0.00,0.00,0.00
TXN-A-000790-L1579,TXN-A-000790,TXN-B-000790-L1580,TXN-B-000790,EXACT_PRIMARY_ID,100.00,IDENTITY_MATCHED,QUANTITY_MATCHED,PRICE_MATCHED,AMOUNT_MATCHED,MATCHED,N,0.00,0.00,0.00,PRD-0080,PRD-0080,AURORA Body Wash 500 MG,AURORA Body Wash 500 MG,109.28,109.28,9.38,9.38,11.65,11.65,0.00,0.00,0.00,0.00,0.00,0.00,0.00
TXN-A-000791-L1581,TXN-A-000791,TXN-B-000791-L1582,TXN-B-000791,EXACT_PRIMARY_ID,100.00,IDENTITY_MATCHED,QUANTITY_MATCHED,PRICE_MATCHED,AMOUNT_MATCHED,MATCHED,N,0.00,0.00,0.00,PRD-0092,PRD-0092,AURORA Hair Gel 100 MG,AURORA Hair Gel 100 MG,113.82,113.82,1.76,1.76,64.67,64.67,0.00,0.00,0.00,0.00,0.00,0.00,0.00
TXN-A-000792-L1583,TXN-A-000792,TXN-B-000792-L1584,TXN-B-000792,EXACT_PRIMARY_ID,100.00,IDENTITY_MATCHED,QUANTITY_MATCHED,PRICE_MATCHED,AMOUNT_MATCHED,MATCHED,N,0.00,0.00,0.00,PRD-0094,PRD-0094,ZENITH Lotion 10000 MAH,ZENITH Lotion 10000 MAH,20.62,20.62,2.07,2.07,9.96,9.96,0.00,0.00,0.00,0.00,0.00,0.00,0.00
TXN-A-000793-L1585,TXN-A-000793,TXN-B-000793-L1586,TXN-B-000793,EXACT_PRIMARY_ID,100.00,IDENTITY_MATCHED,QUANTITY_MATCHED,PRICE_MATCHED,AMOUNT_MATCHED,MATCHED,N,0.00,0.00,0.00,PRD-0062,PRD-0062,AURORA Battery Pack 2000 MAH,AURORA Battery Pack 2000 MAH,470.74,470.74,6.72,6.72,70.05,70.05,0.00,0.00,0.00,0.00,0.00,0.00,0.00
TXN-A-000794-L1587,TXN-A-000794,TXN-B-000794-L1588,TXN-B-000794,EXACT_PRIMARY_ID,100.00,IDENTITY_MATCHED,QUANTITY_MATCHED,PRICE_MATCHED,AMOUNT_MATCHED,MATCHED,N,0.00,0.00,0.00,PRD-0043,PRD-0043,ZENITH Whiteboard Marker 20 W,ZENITH Whiteboard Marker 20 W,195.80,195.80,3.46,3.46,56.59,56.59,0.00,0.00,0.00,0.00,0.00,0.00,0.00
TXN-A-000795-L1589,TXN-A-000795,TXN-B-000795-L1590,TXN-B-000795,EXACT_PRIMARY_ID,100.00,IDENTITY_MATCHED,QUANTITY_MATCHED,PRICE_MATCHED,AMOUNT_MATCHED,MATCHED,N,0.00,0.00,0.00,PRD-0098,PRD-0098,AURORA Cutting Board 10 IN,AURORA Cutting Board 10 IN,88.53,88.53,5.18,5.18,17.09,17.09,0.00,0.00,0.00,0.00,0.00,0.00,0.00
TXN-A-000796-L1591,TXN-A-000796,TXN-B-000796-L1592,TXN-B-000796,EXACT_PRIMARY_ID,100.00,IDENTITY_MATCHED,QUANTITY_MATCHED,PRICE_MATCHED,AMOUNT_MATCHED,MATCHED,N,0.00,0.00,0.00,PRD-0003,PRD-0003,NEXUS All Purpose Cleaner 250 ML,NEXUS All Purpose Cleaner 250 ML,134.18,134.18,1.15,1.15,116.68,116.68,0.00,0.00,0.00,0.00,0.00,0.00,0.00
TXN-A-000797-L1593,TXN-A-000797,TXN-B-000797-L1594,TXN-B-000797,EXACT_PRIMARY_ID,100.00,IDENTITY_MATCHED,QUANTITY_MATCHED,PRICE_MATCHED,AMOUNT_MATCHED,MATCHED,N,0.00,0.00,0.00,PRD-0099,PRD-0099,NEXUS Cutting Board 500 ML,NEXUS Cutting Board 500 ML,988.57,988.57,8.76,8.76,112.85,112.85,0.00,0.00,0.00,0.00,0.00,0.00,0.00
TXN-A-000798-L1595,TXN-A-000798,TXN-B-000798-L1596,TXN-B-000798,EXACT_PRIMARY_ID,100.00,IDENTITY_MATCHED,QUANTITY_MATCHED,PRICE_MATCHED,AMOUNT_MATCHED,MATCHED,N,0.00,0.00,0.00,PRD-0003,PRD-0003,NEXUS All Purpose Cleaner 250 ML,NEXUS All Purpose Cleaner 250 ML,912.44,912.44,7.82,7.82,116.68,116.68,0.00,0.00,0.00,0.00,0.00,0.00,0.00
TXN-A-000799-L1597,TXN-A-000799,TXN-B-000799-L1598,TXN-B-000799,EXACT_PRIMARY_ID,100.00,IDENTITY_MATCHED,QUANTITY_MATCHED,PRICE_MATCHED,AMOUNT_MATCHED,MATCHED,N,0.00,0.00,0.00,PRD-0037,PRD-0037,ZENITH Desk Organizer 5 W,ZENITH Desk Organizer 5 W,17.06,17.06,1.48,1.48,11.53,11.53,0.00,0.00,0.00,0.00,0.00,0.00,0.00
TXN-A-000800-L1599,TXN-A-000800,TXN-B-000800-L1600,TXN-B-000800,EXACT_PRIMARY_ID,100.00,IDENTITY_MATCHED,QUANTITY_MATCHED,PRICE_MATCHED,AMOUNT_MATCHED,MATCHED,N,0.00,0.00,0.00,PRD-0011,PRD-0011,AURORA Laundry Detergent 2000 MAH,AURORA Laundry Detergent 2000 MAH,247.86,247.86,2.53,2.53,97.97,97.97,0.00,0.00,0.00,0.00,0.00,0.00,0.00
TXN-A-000801-L1601,TXN-A-000801,TXN-B-000801-L1602,TXN-B-000801,EXACT_PRIMARY_ID,100.00,IDENTITY_MATCHED,QUANTITY_MATCHED,PRICE_MATCHED,AMOUNT_MATCHED,MATCHED,N,0.00,0.00,0.00,PRD-0078,PRD-0078,NEXUS Shampoo 500 ML,NEXUS Shampoo 500 ML,950.13,950.13,8.02,8.02,118.47,118.47,0.00,0.00,0.00,0.00,0.00,0.00,0.00
TXN-A-000802-L1603,TXN-A-000802,TXN-B-000802-L1604,TXN-B-000802,EXACT_PRIMARY_ID,100.00,IDENTITY_MATCHED,QUANTITY_MATCHED,PRICE_MATCHED,AMOUNT_MATCHED,MATCHED,N,0.00,0.00,0.00,PRD-0096,PRD-0096,NEXUS Lotion 1 KG,NEXUS Lotion 1 KG,192.27,192.27,7.49,7.49,25.67,25.67,0.00,0.00,0.00,0.00,0.00,0.00,0.00
TXN-A-000803-L1605,TXN-A-000803,TXN-B-000803-L1606,TXN-B-000803,EXACT_PRIMARY_ID,100.00,IDENTITY_MATCHED,QUANTITY_MATCHED,PRICE_MATCHED,AMOUNT_MATCHED,MATCHED,N,0.00,0.00,0.00,PRD-0114,PRD-0114,NEXUS Kitchen Towel 10 W,NEXUS Kitchen Towel 10 W,93.53,93.53,3.75,3.75,24.94,24.94,0.00,0.00,0.00,0.00,0.00,0.00,0.00
TXN-A-000804-L1607,TXN-A-000804,TXN-B-000804-L1608,TXN-B-000804,EXACT_PRIMARY_ID,100.00,IDENTITY_MATCHED,QUANTITY_MATCHED,PRICE_MATCHED,AMOUNT_MATCHED,MATCHED,N,0.00,0.00,0.00,PRD-0104,PRD-0104,AURORA Measuring Cup 10000 MAH,AURORA Measuring Cup 10000 MAH,367.42,367.42,5.37,5.37,68.42,68.42,0.00,0.00,0.00,0.00,0.00,0.00,0.00
TXN-A-000805-L1609,TXN-A-000805,TXN-B-000805-L1610,TXN-B-000805,EXACT_PRIMARY_ID,100.00,IDENTITY_MATCHED,QUANTITY_MATCHED,PRICE_MATCHED,AMOUNT_MATCHED,MATCHED,N,0.00,0.00,0.00,PRD-0132,PRD-0132,NEXUS Ruler Set 60 CM,NEXUS Ruler Set 60 CM,204.61,204.61,9.87,9.87,20.73,20.73,0.00,0.00,0.00,0.00,0.00,0.00,0.00
TXN-A-000806-L1611,TXN-A-000806,TXN-B-000806-L1612,TXN-B-000806,EXACT_PRIMARY_ID,100.00,IDENTITY_MATCHED,QUANTITY_MATCHED,PRICE_MATCHED,AMOUNT_MATCHED,MATCHED,N,0.00,0.00,0.00,PRD-0043,PRD-0043,ZENITH Whiteboard Marker 20 W,ZENITH Whiteboard Marker 20 W,83.75,83.75,1.48,1.48,56.59,56.59,0.00,0.00,0.00,0.00,0.00,0.00,0.00
TXN-A-000807-L1613,TXN-A-000807,TXN-B-000807-L1614,TXN-B-000807,EXACT_PRIMARY_ID,100.00,IDENTITY_MATCHED,QUANTITY_MATCHED,PRICE_MATCHED,AMOUNT_MATCHED,MATCHED,N,0.00,0.00,0.00,PRD-0001,PRD-0001,ZENITH All Purpose Cleaner 10 IN,ZENITH All Purpose Cleaner 10 IN,173.99,173.99,5.03,5.03,34.59,34.59,0.00,0.00,0.00,0.00,0.00,0.00,0.00
TXN-A-000808-L1615,TXN-A-000808,TXN-B-000808-L1616,TXN-B-000808,EXACT_PRIMARY_ID,100.00,IDENTITY_MATCHED,QUANTITY_MATCHED,PRICE_MATCHED,AMOUNT_MATCHED,MATCHED,N,0.00,0.00,0.00,PRD-0094,PRD-0094,ZENITH Lotion 10000 MAH,ZENITH Lotion 10000 MAH,43.82,43.82,4.40,4.40,9.96,9.96,0.00,0.00,0.00,0.00,0.00,0.00,0.00
TXN-A-000809-L1617,TXN-A-000809,TXN-B-000809-L1618,TXN-B-000809,EXACT_PRIMARY_ID,100.00,IDENTITY_MATCHED,QUANTITY_MATCHED,PRICE_MATCHED,AMOUNT_MATCHED,MATCHED,N,0.00,0.00,0.00,PRD-0053,PRD-0053,AURORA Power Adapter 1 L,AURORA Power Adapter 1 L,128.33,128.33,2.93,2.93,43.80,43.80,0.00,0.00,0.00,0.00,0.00,0.00,0.00
TXN-A-000810-L1619,TXN-A-000810,TXN-B-000810-L1620,TXN-B-000810,EXACT_PRIMARY_ID,100.00,IDENTITY_MATCHED,QUANTITY_MATCHED,PRICE_MATCHED,AMOUNT_MATCHED,MATCHED,N,0.00,0.00,0.00,PRD-0025,PRD-0025,ZENITH Ballpoint Pen 1 KG,ZENITH Ballpoint Pen 1 KG,361.16,361.16,9.74,9.74,37.08,37.08,0.00,0.00,0.00,0.00,0.00,0.00,0.00
TXN-A-000811-L1621,TXN-A-000811,TXN-B-000811-L1622,TXN-B-000811,EXACT_PRIMARY_ID,100.00,IDENTITY_MATCHED,QUANTITY_MATCHED,PRICE_MATCHED,AMOUNT_MATCHED,MATCHED,N,0.00,0.00,0.00,PRD-0103,PRD-0103,ZENITH Measuring Cup 10000 MAH,ZENITH Measuring Cup 10000 MAH,63.16,63.16,8.41,8.41,7.51,7.51,0.00,0.00,0.00,0.00,0.00,0.00,0.00
TXN-A-000812-L1623,TXN-A-000812,TXN-B-000812-L1624,TXN-B-000812,EXACT_PRIMARY_ID,100.00,IDENTITY_MATCHED,QUANTITY_MATCHED,PRICE_MATCHED,AMOUNT_MATCHED,MATCHED,N,0.00,0.00,0.00,PRD-0021,PRD-0021,NEXUS Air Freshener 30 CM,NEXUS Air Freshener 30 CM,119.26,119.26,8.58,8.58,13.90,13.90,0.00,0.00,0.00,0.00,0.00,0.00,0.00
TXN-A-000813-L1625,TXN-A-000813,TXN-B-000813-L1626,TXN-B-000813,EXACT_PRIMARY_ID,100.00,IDENTITY_MATCHED,QUANTITY_MATCHED,PRICE_MATCHED,AMOUNT_MATCHED,MATCHED,N,0.00,0.00,0.00,PRD-0111,PRD-0111,NEXUS Storage Container 500 G,NEXUS Storage Container 500 G,599.78,599.78,9.81,9.81,61.14,61.14,0.00,0.00,0.00,0.00,0.00,0.00,0.00
TXN-A-000814-L1627,TXN-A-000814,TXN-B-000814-L1628,TXN-B-000814,EXACT_PRIMARY_ID,100.00,IDENTITY_MATCHED,QUANTITY_MATCHED,PRICE_MATCHED,AMOUNT_MATCHED,MATCHED,N,0.00,0.00,0.00,PRD-0074,PRD-0074,AURORA Hand Soap 1.5 V,AURORA Hand Soap 1.5 V,449.42,449.42,6.21,6.21,72.37,72.37,0.00,0.00,0.00,0.00,0.00,0.00,0.00
TXN-A-000815-L1629,TXN-A-000815,TXN-B-000815-L1630,TXN-B-000815,EXACT_PRIMARY_ID,100.00,IDENTITY_MATCHED,QUANTITY_MATCHED,PRICE_MATCHED,AMOUNT_MATCHED,MATCHED,N,0.00,0.00,0.00,PRD-0119,PRD-0119,AURORA Peeler 100 MG,AURORA Peeler 100 MG,37.24,37.24,2.80,2.80,13.30,13.30,0.00,0.00,0.00,0.00,0.00,0.00,0.00
TXN-A-000816-L1631,TXN-A-000816,TXN-B-000816-L1632,TXN-B-000816,EXACT_PRIMARY_ID,100.00,IDENTITY_MATCHED,QUANTITY_MATCHED,PRICE_MATCHED,AMOUNT_MATCHED,MATCHED,N,0.00,0.00,0.00,PRD-0100,PRD-0100,ZENITH Mixing Bowl Set 250 ML,ZENITH Mixing Bowl Set 250 ML,122.51,122.51,1.94,1.94,63.15,63.15,0.00,0.00,0.00,0.00,0.00,0.00,0.00
TXN-A-000817-L1633,TXN-A-000817,TXN-B-000817-L1634,TXN-B-000817,EXACT_PRIMARY_ID,100.00,IDENTITY_MATCHED,QUANTITY_MATCHED,PRICE_MATCHED,AMOUNT_MATCHED,MATCHED,N,0.00,0.00,0.00,PRD-0026,PRD-0026,AURORA Ballpoint Pen 250 ML,AURORA Ballpoint Pen 250 ML,115.80,115.80,4.30,4.30,26.93,26.93,0.00,0.00,0.00,0.00,0.00,0.00,0.00
TXN-A-000818-L1635,TXN-A-000818,TXN-B-000818-L1636,TXN-B-000818,EXACT_PRIMARY_ID,100.00,IDENTITY_MATCHED,QUANTITY_MATCHED,PRICE_MATCHED,AMOUNT_MATCHED,MATCHED,N,0.00,0.00,0.00,PRD-0118,PRD-0118,ZENITH Peeler 750 ML,ZENITH Peeler 750 ML,186.53,186.53,6.65,6.65,28.05,28.05,0.00,0.00,0.00,0.00,0.00,0.00,0.00
TXN-A-000819-L1637,TXN-A-000819,TXN-B-000819-L1638,TXN-B-000819,EXACT_PRIMARY_ID,100.00,IDENTITY_MATCHED,QUANTITY_MATCHED,PRICE_MATCHED,AMOUNT_MATCHED,MATCHED,N,0.00,0.00,0.00,PRD-0117,PRD-0117,NEXUS Can Opener 5 W,NEXUS Can Opener 5 W,114.27,114.27,1.89,1.89,60.46,60.46,0.00,0.00,0.00,0.00,0.00,0.00,0.00
TXN-A-000820-L1639,TXN-A-000820,TXN-B-000820-L1640,TXN-B-000820,EXACT_PRIMARY_ID,100.00,IDENTITY_MATCHED,QUANTITY_MATCHED,PRICE_MATCHED,AMOUNT_MATCHED,MATCHED,N,0.00,0.00,0.00,PRD-0058,PRD-0058,ZENITH Screen Protector 3 V,ZENITH Screen Protector 3 V,476.49,476.49,6.53,6.53,72.97,72.97,0.00,0.00,0.00,0.00,0.00,0.00,0.00
TXN-A-000821-L1641,TXN-A-000821,TXN-B-000821-L1642,TXN-B-000821,EXACT_PRIMARY_ID,100.00,IDENTITY_MATCHED,QUANTITY_MATCHED,PRICE_MATCHED,AMOUNT_MATCHED,MATCHED,N,0.00,0.00,0.00,PRD-0149,PRD-0149,AURORA Wrench Set 45 CM,AURORA Wrench Set 45 CM,259.42,259.42,8.86,8.86,29.28,29.28,0.00,0.00,0.00,0.00,0.00,0.00,0.00
TXN-A-000822-L1643,TXN-A-000822,TXN-B-000822-L1644,TXN-B-000822,EXACT_PRIMARY_ID,100.00,IDENTITY_MATCHED,QUANTITY_MATCHED,PRICE_MATCHED,AMOUNT_MATCHED,MATCHED,N,0.00,0.00,0.00,PRD-0062,PRD-0062,AURORA Battery Pack 2000 MAH,AURORA Battery Pack 2000 MAH,384.57,384.57,5.49,5.49,70.05,70.05,0.00,0.00,0.00,0.00,0.00,0.00,0.00
TXN-A-000823-L1645,TXN-A-000823,TXN-B-000823-L1646,TXN-B-000823,EXACT_PRIMARY_ID,100.00,IDENTITY_MATCHED,QUANTITY_MATCHED,PRICE_MATCHED,AMOUNT_MATCHED,MATCHED,N,0.00,0.00,0.00,PRD-0142,PRD-0142,ZENITH Marker Set 750 ML,ZENITH Marker Set 750 ML,108.74,108.74,3.22,3.22,33.77,33.77,0.00,0.00,0.00,0.00,0.00,0.00,0.00
TXN-A-000824-L1647,TXN-A-000824,TXN-B-000824-L1648,TXN-B-000824,EXACT_PRIMARY_ID,100.00,IDENTITY_MATCHED,QUANTITY_MATCHED,PRICE_MATCHED,AMOUNT_MATCHED,MATCHED,N,0.00,0.00,0.00,PRD-0024,PRD-0024,NEXUS Floor Polish 100 MG,NEXUS Floor Polish 100 MG,436.85,436.85,5.77,5.77,75.71,75.71,0.00,0.00,0.00,0.00,0.00,0.00,0.00
TXN-A-000825-L1649,TXN-A-000825,TXN-B-000825-L1650,TXN-B-000825,EXACT_PRIMARY_ID,100.00,IDENTITY_MATCHED,QUANTITY_MATCHED,PRICE_MATCHED,AMOUNT_MATCHED,MATCHED,N,0.00,0.00,0.00,PRD-0131,PRD-0131,AURORA Ruler Set 60 CM,AURORA Ruler Set 60 CM,112.95,112.95,7.49,7.49,15.08,15.08,0.00,0.00,0.00,0.00,0.00,0.00,0.00
TXN-A-000826-L1651,TXN-A-000826,TXN-B-000826-L1652,TXN-B-000826,EXACT_PRIMARY_ID,100.00,IDENTITY_MATCHED,QUANTITY_MATCHED,PRICE_MATCHED,AMOUNT_MATCHED,MATCHED,N,0.00,0.00,0.00,PRD-0083,PRD-0083,AURORA Toothpaste 3 V,AURORA Toothpaste 3 V,160.75,160.75,3.41,3.41,47.14,47.14,0.00,0.00,0.00,0.00,0.00,0.00,0.00
TXN-A-000827-L1653,TXN-A-000827,TXN-B-000827-L1654,TXN-B-000827,EXACT_PRIMARY_ID,100.00,IDENTITY_MATCHED,QUANTITY_MATCHED,PRICE_MATCHED,AMOUNT_MATCHED,MATCHED,N,0.00,0.00,0.00,PRD-0055,PRD-0055,ZENITH Phone Case 250 MG,ZENITH Phone Case 250 MG,355.19,355.19,6.75,6.75,52.62,52.62,0.00,0.00,0.00,0.00,0.00,0.00,0.00
TXN-A-000828-L1655,TXN-A-000828,TXN-B-000828-L1656,TXN-B-000828,EXACT_PRIMARY_ID,100.00,IDENTITY_MATCHED,QUANTITY_MATCHED,PRICE_MATCHED,AMOUNT_MATCHED,MATCHED,N,0.00,0.00,0.00,PRD-0137,PRD-0137,AURORA Scissors 100 MG,AURORA Scissors 100 MG,834.05,834.05,8.87,8.87,94.03,94.03,0.00,0.00,0.00,0.00,0.00,0.00,0.00
TXN-A-000829-L1657,TXN-A-000829,TXN-B-000829-L1658,TXN-B-000829,EXACT_PRIMARY_ID,100.00,IDENTITY_MATCHED,QUANTITY_MATCHED,PRICE_MATCHED,AMOUNT_MATCHED,MATCHED,N,0.00,0.00,0.00,PRD-0142,PRD-0142,ZENITH Marker Set 750 ML,ZENITH Marker Set 750 ML,260.37,260.37,7.71,7.71,33.77,33.77,0.00,0.00,0.00,0.00,0.00,0.00,0.00
TXN-A-000830-L1659,TXN-A-000830,TXN-B-000830-L1660,TXN-B-000830,EXACT_PRIMARY_ID,100.00,IDENTITY_MATCHED,QUANTITY_MATCHED,PRICE_MATCHED,AMOUNT_MATCHED,MATCHED,N,0.00,0.00,0.00,PRD-0002,PRD-0002,AURORA All Purpose Cleaner 30 CM,AURORA All Purpose Cleaner 30 CM,220.92,220.92,4.94,4.94,44.72,44.72,0.00,0.00,0.00,0.00,0.00,0.00,0.00
TXN-A-000831-L1661,TXN-A-000831,TXN-B-000831-L1662,TXN-B-000831,EXACT_PRIMARY_ID,100.00,IDENTITY_MATCHED,QUANTITY_MATCHED,PRICE_MATCHED,AMOUNT_MATCHED,MATCHED,N,0.00,0.00,0.00,PRD-0024,PRD-0024,NEXUS Floor Polish 100 MG,NEXUS Floor Polish 100 MG,81.77,81.77,1.08,1.08,75.71,75.71,0.00,0.00,0.00,0.00,0.00,0.00,0.00
TXN-A-000832-L1663,TXN-A-000832,TXN-B-000832-L1664,TXN-B-000832,EXACT_PRIMARY_ID,100.00,IDENTITY_MATCHED,QUANTITY_MATCHED,PRICE_MATCHED,AMOUNT_MATCHED,MATCHED,N,0.00,0.00,0.00,PRD-0048,PRD-0048,NEXUS Tape Dispenser 3 V,NEXUS Tape Dispenser 3 V,440.75,440.75,6.86,6.86,64.25,64.25,0.00,0.00,0.00,0.00,0.00,0.00,0.00
TXN-A-000833-L1665,TXN-A-000833,TXN-B-000833-L1666,TXN-B-000833,EXACT_PRIMARY_ID,100.00,IDENTITY_MATCHED,QUANTITY_MATCHED,PRICE_MATCHED,AMOUNT_MATCHED,MATCHED,N,0.00,0.00,0.00,PRD-0089,PRD-0089,AURORA Face Cream 500 ML,AURORA Face Cream 500 ML,462.05,462.05,9.23,9.23,50.06,50.06,0.00,0.00,0.00,0.00,0.00,0.00,0.00
TXN-A-000834-L1667,TXN-A-000834,TXN-B-000834-L1668,TXN-B-000834,EXACT_PRIMARY_ID,100.00,IDENTITY_MATCHED,QUANTITY_MATCHED,PRICE_MATCHED,AMOUNT_MATCHED,MATCHED,N,0.00,0.00,0.00,PRD-0064,PRD-0064,ZENITH Charging Dock 15 W,ZENITH Charging Dock 15 W,191.97,191.97,3.19,3.19,60.18,60.18,0.00,0.00,0.00,0.00,0.00,0.00,0.00
TXN-A-000835-L1669,TXN-A-000835,TXN-B-000835-L1670,TXN-B-000835,EXACT_PRIMARY_ID,100.00,IDENTITY_MATCHED,QUANTITY_MATCHED,PRICE_MATCHED,AMOUNT_MATCHED,MATCHED,N,0.00,0.00,0.00,PRD-0095,PRD-0095,AURORA Lotion 1 KG,AURORA Lotion 1 KG,1056.42,1056.42,9.01,9.01,117.25,117.25,0.00,0.00,0.00,0.00,0.00,0.00,0.00
TXN-A-000836-L1671,TXN-A-000836,TXN-B-000836-L1672,TXN-B-000836,EXACT_PRIMARY_ID,100.00,IDENTITY_MATCHED,QUANTITY_MATCHED,PRICE_MATCHED,AMOUNT_MATCHED,MATCHED,N,0.00,0.00,0.00,PRD-0074,PRD-0074,AURORA Hand Soap 1.5 V,AURORA Hand Soap 1.5 V,199.74,199.74,2.76,2.76,72.37,72.37,0.00,0.00,0.00,0.00,0.00,0.00,0.00
TXN-A-000837-L1673,TXN-A-000837,TXN-B-000837-L1674,TXN-B-000837,EXACT_PRIMARY_ID,100.00,IDENTITY_MATCHED,QUANTITY_MATCHED,PRICE_MATCHED,AMOUNT_MATCHED,MATCHED,N,0.00,0.00,0.00,PRD-0055,PRD-0055,ZENITH Phone Case 250 MG,ZENITH Phone Case 250 MG,247.84,247.84,4.71,4.71,52.62,52.62,0.00,0.00,0.00,0.00,0.00,0.00,0.00
TXN-A-000838-L1675,TXN-A-000838,TXN-B-000838-L1676,TXN-B-000838,EXACT_PRIMARY_ID,100.00,IDENTITY_MATCHED,QUANTITY_MATCHED,PRICE_MATCHED,AMOUNT_MATCHED,MATCHED,N,0.00,0.00,0.00,PRD-0141,PRD-0141,NEXUS Eraser Pack 3 V,NEXUS Eraser Pack 3 V,337.62,337.62,9.71,9.71,34.77,34.77,0.00,0.00,0.00,0.00,0.00,0.00,0.00
TXN-A-000839-L1677,TXN-A-000839,TXN-B-000839-L1678,TXN-B-000839,EXACT_PRIMARY_ID,100.00,IDENTITY_MATCHED,QUANTITY_MATCHED,PRICE_MATCHED,AMOUNT_MATCHED,MATCHED,N,0.00,0.00,0.00,PRD-0148,PRD-0148,ZENITH Wrench Set 30 CM,ZENITH Wrench Set 30 CM,188.32,188.32,1.61,1.61,116.97,116.97,0.00,0.00,0.00,0.00,0.00,0.00,0.00
TXN-A-000840-L1679,TXN-A-000840,TXN-B-000840-L1680,TXN-B-000840,EXACT_PRIMARY_ID,100.00,IDENTITY_MATCHED,QUANTITY_MATCHED,PRICE_MATCHED,AMOUNT_MATCHED,MATCHED,N,0.00,0.00,0.00,PRD-0040,PRD-0040,ZENITH File Folder Pack 750 ML,ZENITH File Folder Pack 750 ML,694.32,694.32,6.18,6.18,112.35,112.35,0.00,0.00,0.00,0.00,0.00,0.00,0.00
TXN-A-000841-L1681,TXN-A-000841,TXN-B-000841-L1682,TXN-B-000841,EXACT_PRIMARY_ID,100.00,IDENTITY_MATCHED,QUANTITY_MATCHED,PRICE_MATCHED,AMOUNT_MATCHED,MATCHED,N,0.00,0.00,0.00,PRD-0145,PRD-0145,ZENITH Screwdriver Set 10 W,ZENITH Screwdriver Set 10 W,52.06,52.06,1.63,1.63,31.94,31.94,0.00,0.00,0.00,0.00,0.00,0.00,0.00
TXN-A-000842-L1683,TXN-A-000842,TXN-B-000842-L1684,TXN-B-000842,EXACT_PRIMARY_ID,100.00,IDENTITY_MATCHED,QUANTITY_MATCHED,PRICE_MATCHED,AMOUNT_MATCHED,MATCHED,N,0.00,0.00,0.00,PRD-0076,PRD-0076,ZENITH Shampoo 200 G,ZENITH Shampoo 200 G,80.30,80.30,6.55,6.55,12.26,12.26,0.00,0.00,0.00,0.00,0.00,0.00,0.00
TXN-A-000843-L1685,TXN-A-000843,TXN-B-000843-L1686,TXN-B-000843,EXACT_PRIMARY_ID,100.00,IDENTITY_MATCHED,QUANTITY_MATCHED,PRICE_MATCHED,AMOUNT_MATCHED,MATCHED,N,0.00,0.00,0.00,PRD-0120,PRD-0120,NEXUS Peeler 30 CM,NEXUS Peeler 30 CM,526.22,526.22,5.49,5.49,95.85,95.85,0.00,0.00,0.00,0.00,0.00,0.00,0.00
TXN-A-000844-L1687,TXN-A-000844,TXN-B-000844-L1688,TXN-B-000844,EXACT_PRIMARY_ID,100.00,IDENTITY_MATCHED,QUANTITY_MATCHED,PRICE_MATCHED,AMOUNT_MATCHED,MATCHED,N,0.00,0.00,0.00,PRD-0120,PRD-0120,NEXUS Peeler 30 CM,NEXUS Peeler 30 CM,282.76,282.76,2.95,2.95,95.85,95.85,0.00,0.00,0.00,0.00,0.00,0.00,0.00
TXN-A-000845-L1689,TXN-A-000845,TXN-B-000845-L1690,TXN-B-000845,EXACT_PRIMARY_ID,100.00,IDENTITY_MATCHED,QUANTITY_MATCHED,PRICE_MATCHED,AMOUNT_MATCHED,MATCHED,N,0.00,0.00,0.00,PRD-0135,PRD-0135,NEXUS Glue Stick 5000 MAH,NEXUS Glue Stick 5000 MAH,31.81,31.81,1.14,1.14,27.90,27.90,0.00,0.00,0.00,0.00,0.00,0.00,0.00
TXN-A-000846-L1691,TXN-A-000846,TXN-B-000846-L1692,TXN-B-000846,EXACT_PRIMARY_ID,100.00,IDENTITY_MATCHED,QUANTITY_MATCHED,PRICE_MATCHED,AMOUNT_MATCHED,MATCHED,N,0.00,0.00,0.00,PRD-0021,PRD-0021,NEXUS Air Freshener 30 CM,NEXUS Air Freshener 30 CM,46.98,46.98,3.38,3.38,13.90,13.90,0.00,0.00,0.00,0.00,0.00,0.00,0.00
TXN-A-000847-L1693,TXN-A-000847,TXN-B-000847-L1694,TXN-B-000847,EXACT_PRIMARY_ID,100.00,IDENTITY_MATCHED,QUANTITY_MATCHED,PRICE_MATCHED,AMOUNT_MATCHED,MATCHED,N,0.00,0.00,0.00,PRD-0065,PRD-0065,AURORA Charging Dock 3 V,AURORA Charging Dock 3 V,36.83,36.83,2.16,2.16,17.05,17.05,0.00,0.00,0.00,0.00,0.00,0.00,0.00
TXN-A-000848-L1695,TXN-A-000848,TXN-B-000848-L1696,TXN-B-000848,EXACT_PRIMARY_ID,100.00,IDENTITY_MATCHED,QUANTITY_MATCHED,PRICE_MATCHED,AMOUNT_MATCHED,MATCHED,N,0.00,0.00,0.00,PRD-0047,PRD-0047,AURORA Tape Dispenser 45 CM,AURORA Tape Dispenser 45 CM,5.97,5.97,2.87,2.87,2.08,2.08,0.00,0.00,0.00,0.00,0.00,0.00,0.00
TXN-A-000849-L1697,TXN-A-000849,TXN-B-000849-L1698,TXN-B-000849,EXACT_PRIMARY_ID,100.00,IDENTITY_MATCHED,QUANTITY_MATCHED,PRICE_MATCHED,AMOUNT_MATCHED,MATCHED,N,0.00,0.00,0.00,PRD-0096,PRD-0096,NEXUS Lotion 1 KG,NEXUS Lotion 1 KG,118.34,118.34,4.61,4.61,25.67,25.67,0.00,0.00,0.00,0.00,0.00,0.00,0.00
TXN-A-000850-L1699,TXN-A-000850,TXN-B-000850-L1700,TXN-B-000850,EXACT_PRIMARY_ID,100.00,IDENTITY_MATCHED,QUANTITY_MATCHED,PRICE_MATCHED,AMOUNT_MATCHED,MATCHED,N,0.00,0.00,0.00,PRD-0079,PRD-0079,ZENITH Body Wash 200 G,ZENITH Body Wash 200 G,441.34,441.34,5.94,5.94,74.30,74.30,0.00,0.00,0.00,0.00,0.00,0.00,0.00
TXN-A-000851-L1701,TXN-A-000851,TXN-B-000851-L1702,TXN-B-000851,EXACT_PRIMARY_ID,100.00,IDENTITY_MATCHED,QUANTITY_MATCHED,PRICE_MATCHED,AMOUNT_MATCHED,MATCHED,N,0.00,0.00,0.00,PRD-0090,PRD-0090,NEXUS Face Cream 100 MG,NEXUS Face Cream 100 MG,74.60,74.60,3.73,3.73,20.00,20.00,0.00,0.00,0.00,0.00,0.00,0.00,0.00
TXN-A-000852-L1703,TXN-A-000852,TXN-B-000852-L1704,TXN-B-000852,EXACT_PRIMARY_ID,100.00,IDENTITY_MATCHED,QUANTITY_MATCHED,PRICE_MATCHED,AMOUNT_MATCHED,MATCHED,N,0.00,0.00,0.00,PRD-0097,PRD-0097,ZENITH Cutting Board 5 W,ZENITH Cutting Board 5 W,71.00,71.00,4.44,4.44,15.99,15.99,0.00,0.00,0.00,0.00,0.00,0.00,0.00
TXN-A-000853-L1705,TXN-A-000853,TXN-B-000853-L1706,TXN-B-000853,EXACT_PRIMARY_ID,100.00,IDENTITY_MATCHED,QUANTITY_MATCHED,PRICE_MATCHED,AMOUNT_MATCHED,MATCHED,N,0.00,0.00,0.00,PRD-0111,PRD-0111,NEXUS Storage Container 500 G,NEXUS Storage Container 500 G,609.57,609.57,9.97,9.97,61.14,61.14,0.00,0.00,0.00,0.00,0.00,0.00,0.00
TXN-A-000854-L1707,TXN-A-000854,TXN-B-000854-L1708,TXN-B-000854,EXACT_PRIMARY_ID,100.00,IDENTITY_MATCHED,QUANTITY_MATCHED,PRICE_MATCHED,AMOUNT_MATCHED,MATCHED,N,0.00,0.00,0.00,PRD-0044,PRD-0044,AURORA Whiteboard Marker 12 IN,AURORA Whiteboard Marker 12 IN,305.21,305.21,7.84,7.84,38.93,38.93,0.00,0.00,0.00,0.00,0.00,0.00,0.00
TXN-A-000855-L1709,TXN-A-000855,TXN-B-000855-L1710,TXN-B-000855,EXACT_PRIMARY_ID,100.00,IDENTITY_MATCHED,QUANTITY_MATCHED,PRICE_MATCHED,AMOUNT_MATCHED,MATCHED,N,0.00,0.00,0.00,PRD-0123,PRD-0123,NEXUS Notebook 3 V,NEXUS Notebook 3 V,72.44,72.44,4.71,4.71,15.38,15.38,0.00,0.00,0.00,0.00,0.00,0.00,0.00
TXN-A-000856-L1711,TXN-A-000856,TXN-B-000856-L1712,TXN-B-000856,EXACT_PRIMARY_ID,100.00,IDENTITY_MATCHED,QUANTITY_MATCHED,PRICE_MATCHED,AMOUNT_MATCHED,MATCHED,N,0.00,0.00,0.00,PRD-0088,PRD-0088,ZENITH Face Cream 30 CM,ZENITH Face Cream 30 CM,10.61,10.61,3.99,3.99,2.66,2.66,0.00,0.00,0.00,0.00,0.00,0.00,0.00
TXN-A-000857-L1713,TXN-A-000857,TXN-B-000857-L1714,TXN-B-000857,EXACT_PRIMARY_ID,100.00,IDENTITY_MATCHED,QUANTITY_MATCHED,PRICE_MATCHED,AMOUNT_MATCHED,MATCHED,N,0.00,0.00,0.00,PRD-0072,PRD-0072,NEXUS Mouse Pad 100 G,NEXUS Mouse Pad 100 G,62.01,62.01,1.41,1.41,43.98,43.98,0.00,0.00,0.00,0.00,0.00,0.00,0.00
TXN-A-000858-L1715,TXN-A-000858,TXN-B-000858-L1716,TXN-B-000858,EXACT_PRIMARY_ID,100.00,IDENTITY_MATCHED,QUANTITY_MATCHED,PRICE_MATCHED,AMOUNT_MATCHED,MATCHED,N,0.00,0.00,0.00,PRD-0108,PRD-0108,NEXUS Spatula Set 500 MG,NEXUS Spatula Set 500 MG,1033.09,1033.09,9.97,9.97,103.62,103.62,0.00,0.00,0.00,0.00,0.00,0.00,0.00
TXN-A-000859-L1717,TXN-A-000859,TXN-B-000859-L1718,TXN-B-000859,EXACT_PRIMARY_ID,100.00,IDENTITY_MATCHED,QUANTITY_MATCHED,PRICE_MATCHED,AMOUNT_MATCHED,MATCHED,N,0.00,0.00,0.00,PRD-0077,PRD-0077,AURORA Shampoo 1 KG,AURORA Shampoo 1 KG,993.51,993.51,9.32,9.32,106.60,106.60,0.00,0.00,0.00,0.00,0.00,0.00,0.00
TXN-A-000860-L1719,TXN-A-000860,TXN-B-000860-L1720,TXN-B-000860,EXACT_PRIMARY_ID,100.00,IDENTITY_MATCHED,QUANTITY_MATCHED,PRICE_MATCHED,AMOUNT_MATCHED,MATCHED,N,0.00,0.00,0.00,PRD-0140,PRD-0140,AURORA Eraser Pack 2000 MAH,AURORA Eraser Pack 2000 MAH,654.32,654.32,5.85,5.85,111.85,111.85,0.00,0.00,0.00,0.00,0.00,0.00,0.00
TXN-A-000861-L1721,TXN-A-000861,TXN-B-000861-L1722,TXN-B-000861,EXACT_PRIMARY_ID,100.00,IDENTITY_MATCHED,QUANTITY_MATCHED,PRICE_MATCHED,AMOUNT_MATCHED,MATCHED,N,0.00,0.00,0.00,PRD-0024,PRD-0024,NEXUS Floor Polish 100 MG,NEXUS Floor Polish 100 MG,267.26,267.26,3.53,3.53,75.71,75.71,0.00,0.00,0.00,0.00,0.00,0.00,0.00
TXN-A-000862-L1723,TXN-A-000862,TXN-B-000862-L1724,TXN-B-000862,EXACT_PRIMARY_ID,100.00,IDENTITY_MATCHED,QUANTITY_MATCHED,PRICE_MATCHED,AMOUNT_MATCHED,MATCHED,N,0.00,0.00,0.00,PRD-0059,PRD-0059,AURORA Screen Protector 45 CM,AURORA Screen Protector 45 CM,143.38,143.38,2.32,2.32,61.80,61.80,0.00,0.00,0.00,0.00,0.00,0.00,0.00
TXN-A-000863-L1725,TXN-A-000863,TXN-B-000863-L1726,TXN-B-000863,EXACT_PRIMARY_ID,100.00,IDENTITY_MATCHED,QUANTITY_MATCHED,PRICE_MATCHED,AMOUNT_MATCHED,MATCHED,N,0.00,0.00,0.00,PRD-0085,PRD-0085,ZENITH Deodorant 200 G,ZENITH Deodorant 200 G,130.45,130.45,1.51,1.51,86.39,86.39,0.00,0.00,0.00,0.00,0.00,0.00,0.00
TXN-A-000864-L1727,TXN-A-000864,TXN-B-000864-L1728,TXN-B-000864,EXACT_PRIMARY_ID,100.00,IDENTITY_MATCHED,QUANTITY_MATCHED,PRICE_MATCHED,AMOUNT_MATCHED,MATCHED,N,0.00,0.00,0.00,PRD-0090,PRD-0090,NEXUS Face Cream 100 MG,NEXUS Face Cream 100 MG,193.80,193.80,9.69,9.69,20.00,20.00,0.00,0.00,0.00,0.00,0.00,0.00,0.00
TXN-A-000865-L1729,TXN-A-000865,TXN-B-000865-L1730,TXN-B-000865,EXACT_PRIMARY_ID,100.00,IDENTITY_MATCHED,QUANTITY_MATCHED,PRICE_MATCHED,AMOUNT_MATCHED,MATCHED,N,0.00,0.00,0.00,PRD-0029,PRD-0029,AURORA Highlighter Set 9 V,AURORA Highlighter Set 9 V,145.34,145.34,5.56,5.56,26.14,26.14,0.00,0.00,0.00,0.00,0.00,0.00,0.00
TXN-A-000866-L1731,TXN-A-000866,TXN-B-000866-L1732,TXN-B-000866,EXACT_PRIMARY_ID,100.00,IDENTITY_MATCHED,QUANTITY_MATCHED,PRICE_MATCHED,AMOUNT_MATCHED,MATCHED,N,0.00,0.00,0.00,PRD-0126,PRD-0126,NEXUS Sketch Pad 250 ML,NEXUS Sketch Pad 250 ML,749.57,749.57,9.14,9.14,82.01,82.01,0.00,0.00,0.00,0.00,0.00,0.00,0.00
TXN-A-000867-L1733,TXN-A-000867,TXN-B-000867-L1734,TXN-B-000867,EXACT_PRIMARY_ID,100.00,IDENTITY_MATCHED,QUANTITY_MATCHED,PRICE_MATCHED,AMOUNT_MATCHED,MATCHED,N,0.00,0.00,0.00,PRD-0016,PRD-0016,ZENITH Surface Wipes 60 CM,ZENITH Surface Wipes 60 CM,402.33,402.33,6.92,6.92,58.14,58.14,0.00,0.00,0.00,0.00,0.00,0.00,0.00
TXN-A-000868-L1735,TXN-A-000868,TXN-B-000868-L1736,TXN-B-000868,EXACT_PRIMARY_ID,100.00,IDENTITY_MATCHED,QUANTITY_MATCHED,PRICE_MATCHED,AMOUNT_MATCHED,MATCHED,N,0.00,0.00,0.00,PRD-0054,PRD-0054,NEXUS Power Adapter 500 ML,NEXUS Power Adapter 500 ML,161.47,161.47,9.78,9.78,16.51,16.51,0.00,0.00,0.00,0.00,0.00,0.00,0.00
TXN-A-000869-L1737,TXN-A-000869,TXN-B-000869-L1738,TXN-B-000869,EXACT_PRIMARY_ID,100.00,IDENTITY_MATCHED,QUANTITY_MATCHED,PRICE_MATCHED,AMOUNT_MATCHED,MATCHED,N,0.00,0.00,0.00,PRD-0106,PRD-0106,ZENITH Spatula Set 1 KG,ZENITH Spatula Set 1 KG,105.23,105.23,4.44,4.44,23.70,23.70,0.00,0.00,0.00,0.00,0.00,0.00,0.00
TXN-A-000870-L1739,TXN-A-000870,TXN-B-000870-L1740,TXN-B-000870,EXACT_PRIMARY_ID,100.00,IDENTITY_MATCHED,QUANTITY_MATCHED,PRICE_MATCHED,AMOUNT_MATCHED,MATCHED,N,0.00,0.00,0.00,PRD-0025,PRD-0025,ZENITH Ballpoint Pen 1 KG,ZENITH Ballpoint Pen 1 KG,325.93,325.93,8.79,8.79,37.08,37.08,0.00,0.00,0.00,0.00,0.00,0.00,0.00
TXN-A-000871-L1741,TXN-A-000871,TXN-B-000871-L1742,TXN-B-000871,EXACT_PRIMARY_ID,100.00,IDENTITY_MATCHED,QUANTITY_MATCHED,PRICE_MATCHED,AMOUNT_MATCHED,MATCHED,N,0.00,0.00,0.00,PRD-0057,PRD-0057,NEXUS Phone Case 1 L,NEXUS Phone Case 1 L,48.23,48.23,1.52,1.52,31.73,31.73,0.00,0.00,0.00,0.00,0.00,0.00,0.00
TXN-A-000872-L1743,TXN-A-000872,TXN-B-000872-L1744,TXN-B-000872,EXACT_PRIMARY_ID,100.00,IDENTITY_MATCHED,QUANTITY_MATCHED,PRICE_MATCHED,AMOUNT_MATCHED,MATCHED,N,0.00,0.00,0.00,PRD-0066,PRD-0066,NEXUS Charging Dock 5000 MAH,NEXUS Charging Dock 5000 MAH,540.31,540.31,9.79,9.79,55.19,55.19,0.00,0.00,0.00,0.00,0.00,0.00,0.00
TXN-A-000873-L1745,TXN-A-000873,TXN-B-000873-L1746,TXN-B-000873,EXACT_PRIMARY_ID,100.00,IDENTITY_MATCHED,QUANTITY_MATCHED,PRICE_MATCHED,AMOUNT_MATCHED,MATCHED,N,0.00,0.00,0.00,PRD-0126,PRD-0126,NEXUS Sketch Pad 250 ML,NEXUS Sketch Pad 250 ML,646.24,646.24,7.88,7.88,82.01,82.01,0.00,0.00,0.00,0.00,0.00,0.00,0.00
TXN-A-000874-L1747,TXN-A-000874,TXN-B-000874-L1748,TXN-B-000874,EXACT_PRIMARY_ID,100.00,IDENTITY_MATCHED,QUANTITY_MATCHED,PRICE_MATCHED,AMOUNT_MATCHED,MATCHED,N,0.00,0.00,0.00,PRD-0048,PRD-0048,NEXUS Tape Dispenser 3 V,NEXUS Tape Dispenser 3 V,134.93,134.93,2.10,2.10,64.25,64.25,0.00,0.00,0.00,0.00,0.00,0.00,0.00
TXN-A-000875-L1749,TXN-A-000875,TXN-B-000875-L1750,TXN-B-000875,EXACT_PRIMARY_ID,100.00,IDENTITY_MATCHED,QUANTITY_MATCHED,PRICE_MATCHED,AMOUNT_MATCHED,MATCHED,N,0.00,0.00,0.00,PRD-0115,PRD-0115,ZENITH Can Opener 2000 MAH,ZENITH Can Opener 2000 MAH,343.31,343.31,5.33,5.33,64.41,64.41,0.00,0.00,0.00,0.00,0.00,0.00,0.00
TXN-A-000876-L1751,TXN-A-000876,TXN-B-000876-L1752,TXN-B-000876,EXACT_PRIMARY_ID,100.00,IDENTITY_MATCHED,QUANTITY_MATCHED,PRICE_MATCHED,AMOUNT_MATCHED,MATCHED,N,0.00,0.00,0.00,PRD-0098,PRD-0098,AURORA Cutting Board 10 IN,AURORA Cutting Board 10 IN,88.53,88.53,5.18,5.18,17.09,17.09,0.00,0.00,0.00,0.00,0.00,0.00,0.00
TXN-A-000877-L1753,TXN-A-000877,TXN-B-000877-L1754,TXN-B-000877,EXACT_PRIMARY_ID,100.00,IDENTITY_MATCHED,QUANTITY_MATCHED,PRICE_MATCHED,AMOUNT_MATCHED,MATCHED,N,0.00,0.00,0.00,PRD-0146,PRD-0146,AURORA Screwdriver Set 500 ML,AURORA Screwdriver Set 500 ML,842.35,842.35,9.21,9.21,91.46,91.46,0.00,0.00,0.00,0.00,0.00,0.00,0.00
TXN-A-000878-L1755,TXN-A-000878,TXN-B-000878-L1756,TXN-B-000878,EXACT_PRIMARY_ID,100.00,IDENTITY_MATCHED,QUANTITY_MATCHED,PRICE_MATCHED,AMOUNT_MATCHED,MATCHED,N,0.00,0.00,0.00,PRD-0137,PRD-0137,AURORA Scissors 100 MG,AURORA Scissors 100 MG,539.73,539.73,5.74,5.74,94.03,94.03,0.00,0.00,0.00,0.00,0.00,0.00,0.00
TXN-A-000879-L1757,TXN-A-000879,TXN-B-000879-L1758,TXN-B-000879,EXACT_PRIMARY_ID,100.00,IDENTITY_MATCHED,QUANTITY_MATCHED,PRICE_MATCHED,AMOUNT_MATCHED,MATCHED,N,0.00,0.00,0.00,PRD-0028,PRD-0028,ZENITH Highlighter Set 500 ML,ZENITH Highlighter Set 500 ML,312.87,312.87,2.76,2.76,113.36,113.36,0.00,0.00,0.00,0.00,0.00,0.00,0.00
TXN-A-000880-L1759,TXN-A-000880,TXN-B-000880-L1760,TXN-B-000880,EXACT_PRIMARY_ID,100.00,IDENTITY_MATCHED,QUANTITY_MATCHED,PRICE_MATCHED,AMOUNT_MATCHED,MATCHED,N,0.00,0.00,0.00,PRD-0061,PRD-0061,ZENITH Battery Pack 200 G,ZENITH Battery Pack 200 G,73.70,73.70,1.15,1.15,64.09,64.09,0.00,0.00,0.00,0.00,0.00,0.00,0.00
TXN-A-000881-L1761,TXN-A-000881,TXN-B-000881-L1762,TXN-B-000881,EXACT_PRIMARY_ID,100.00,IDENTITY_MATCHED,QUANTITY_MATCHED,PRICE_MATCHED,AMOUNT_MATCHED,MATCHED,N,0.00,0.00,0.00,PRD-0126,PRD-0126,NEXUS Sketch Pad 250 ML,NEXUS Sketch Pad 250 ML,259.97,259.97,3.17,3.17,82.01,82.01,0.00,0.00,0.00,0.00,0.00,0.00,0.00
TXN-A-000882-L1763,TXN-A-000882,TXN-B-000882-L1764,TXN-B-000882,EXACT_PRIMARY_ID,100.00,IDENTITY_MATCHED,QUANTITY_MATCHED,PRICE_MATCHED,AMOUNT_MATCHED,MATCHED,N,0.00,0.00,0.00,PRD-0060,PRD-0060,NEXUS Screen Protector 10 IN,NEXUS Screen Protector 10 IN,761.91,761.91,8.93,8.93,85.32,85.32,0.00,0.00,0.00,0.00,0.00,0.00,0.00
TXN-A-000883-L1765,TXN-A-000883,TXN-B-000883-L1766,TXN-B-000883,EXACT_PRIMARY_ID,100.00,IDENTITY_MATCHED,QUANTITY_MATCHED,PRICE_MATCHED,AMOUNT_MATCHED,MATCHED,N,0.00,0.00,0.00,PRD-0040,PRD-0040,ZENITH File Folder Pack 750 ML,ZENITH File Folder Pack 750 ML,196.61,196.61,1.75,1.75,112.35,112.35,0.00,0.00,0.00,0.00,0.00,0.00,0.00
TXN-A-000884-L1767,TXN-A-000884,TXN-B-000884-L1768,TXN-B-000884,EXACT_PRIMARY_ID,100.00,IDENTITY_MATCHED,QUANTITY_MATCHED,PRICE_MATCHED,AMOUNT_MATCHED,MATCHED,N,0.00,0.00,0.00,PRD-0134,PRD-0134,AURORA Glue Stick 9 V,AURORA Glue Stick 9 V,653.98,653.98,8.42,8.42,77.67,77.67,0.00,0.00,0.00,0.00,0.00,0.00,0.00
TXN-A-000885-L1769,TXN-A-000885,TXN-B-000885-L1770,TXN-B-000885,EXACT_PRIMARY_ID,100.00,IDENTITY_MATCHED,QUANTITY_MATCHED,PRICE_MATCHED,AMOUNT_MATCHED,MATCHED,N,0.00,0.00,0.00,PRD-0041,PRD-0041,AURORA File Folder Pack 9 V,AURORA File Folder Pack 9 V,202.40,202.40,3.42,3.42,59.18,59.18,0.00,0.00,0.00,0.00,0.00,0.00,0.00
TXN-A-000886-L1771,TXN-A-000886,TXN-B-000886-L1772,TXN-B-000886,EXACT_PRIMARY_ID,100.00,IDENTITY_MATCHED,QUANTITY_MATCHED,PRICE_MATCHED,AMOUNT_MATCHED,MATCHED,N,0.00,0.00,0.00,PRD-0032,PRD-0032,AURORA Binder Clip Box 3 V,AURORA Binder Clip Box 3 V,432.76,432.76,5.48,5.48,78.97,78.97,0.00,0.00,0.00,0.00,0.00,0.00,0.00
TXN-A-000887-L1773,TXN-A-000887,TXN-B-000887-L1774,TXN-B-000887,EXACT_PRIMARY_ID,100.00,IDENTITY_MATCHED,QUANTITY_MATCHED,PRICE_MATCHED,AMOUNT_MATCHED,MATCHED,N,0.00,0.00,0.00,PRD-0049,PRD-0049,ZENITH USB Cable 1 KG,ZENITH USB Cable 1 KG,488.04,488.04,9.67,9.67,50.47,50.47,0.00,0.00,0.00,0.00,0.00,0.00,0.00
TXN-A-000888-L1775,TXN-A-000888,TXN-B-000888-L1776,TXN-B-000888,EXACT_PRIMARY_ID,100.00,IDENTITY_MATCHED,QUANTITY_MATCHED,PRICE_MATCHED,AMOUNT_MATCHED,MATCHED,N,0.00,0.00,0.00,PRD-0004,PRD-0004,ZENITH Glass Spray 750 ML,ZENITH Glass Spray 750 ML,312.15,312.15,3.11,3.11,100.37,100.37,0.00,0.00,0.00,0.00,0.00,0.00,0.00
TXN-A-000889-L1777,TXN-A-000889,TXN-B-000889-L1778,TXN-B-000889,EXACT_PRIMARY_ID,100.00,IDENTITY_MATCHED,QUANTITY_MATCHED,PRICE_MATCHED,AMOUNT_MATCHED,MATCHED,N,0.00,0.00,0.00,PRD-0044,PRD-0044,AURORA Whiteboard Marker 12 IN,AURORA Whiteboard Marker 12 IN,279.52,279.52,7.18,7.18,38.93,38.93,0.00,0.00,0.00,0.00,0.00,0.00,0.00
TXN-A-000890-L1779,TXN-A-000890,TXN-B-000890-L1780,TXN-B-000890,EXACT_PRIMARY_ID,100.00,IDENTITY_MATCHED,QUANTITY_MATCHED,PRICE_MATCHED,AMOUNT_MATCHED,MATCHED,N,0.00,0.00,0.00,PRD-0083,PRD-0083,AURORA Toothpaste 3 V,AURORA Toothpaste 3 V,391.26,391.26,8.30,8.30,47.14,47.14,0.00,0.00,0.00,0.00,0.00,0.00,0.00
TXN-A-000891-L1781,TXN-A-000891,TXN-B-000891-L1782,TXN-B-000891,EXACT_PRIMARY_ID,100.00,IDENTITY_MATCHED,QUANTITY_MATCHED,PRICE_MATCHED,AMOUNT_MATCHED,MATCHED,N,0.00,0.00,0.00,PRD-0091,PRD-0091,ZENITH Hair Gel 1.5 L,ZENITH Hair Gel 1.5 L,88.62,88.62,1.01,1.01,87.74,87.74,0.00,0.00,0.00,0.00,0.00,0.00,0.00
TXN-A-000892-L1783,TXN-A-000892,TXN-B-000892-L1784,TXN-B-000892,EXACT_PRIMARY_ID,100.00,IDENTITY_MATCHED,QUANTITY_MATCHED,PRICE_MATCHED,AMOUNT_MATCHED,MATCHED,N,0.00,0.00,0.00,PRD-0021,PRD-0021,NEXUS Air Freshener 30 CM,NEXUS Air Freshener 30 CM,79.92,79.92,5.75,5.75,13.90,13.90,0.00,0.00,0.00,0.00,0.00,0.00,0.00
TXN-A-000893-L1785,TXN-A-000893,TXN-B-000893-L1786,TXN-B-000893,EXACT_PRIMARY_ID,100.00,IDENTITY_MATCHED,QUANTITY_MATCHED,PRICE_MATCHED,AMOUNT_MATCHED,MATCHED,N,0.00,0.00,0.00,PRD-0031,PRD-0031,ZENITH Binder Clip Box 3 V,ZENITH Binder Clip Box 3 V,566.71,566.71,9.82,9.82,57.71,57.71,0.00,0.00,0.00,0.00,0.00,0.00,0.00
TXN-A-000894-L1787,TXN-A-000894,TXN-B-000894-L1788,TXN-B-000894,EXACT_PRIMARY_ID,100.00,IDENTITY_MATCHED,QUANTITY_MATCHED,PRICE_MATCHED,AMOUNT_MATCHED,MATCHED,N,0.00,0.00,0.00,PRD-0024,PRD-0024,NEXUS Floor Polish 100 MG,NEXUS Floor Polish 100 MG,433.06,433.06,5.72,5.72,75.71,75.71,0.00,0.00,0.00,0.00,0.00,0.00,0.00
TXN-A-000895-L1789,TXN-A-000895,TXN-B-000895-L1790,TXN-B-000895,EXACT_PRIMARY_ID,100.00,IDENTITY_MATCHED,QUANTITY_MATCHED,PRICE_MATCHED,AMOUNT_MATCHED,MATCHED,N,0.00,0.00,0.00,PRD-0017,PRD-0017,AURORA Surface Wipes 9 V,AURORA Surface Wipes 9 V,649.07,649.07,8.04,8.04,80.73,80.73,0.00,0.00,0.00,0.00,0.00,0.00,0.00
TXN-A-000896-L1791,TXN-A-000896,TXN-B-000896-L1792,TXN-B-000896,EXACT_PRIMARY_ID,100.00,IDENTITY_MATCHED,QUANTITY_MATCHED,PRICE_MATCHED,AMOUNT_MATCHED,MATCHED,N,0.00,0.00,0.00,PRD-0141,PRD-0141,NEXUS Eraser Pack 3 V,NEXUS Eraser Pack 3 V,87.97,87.97,2.53,2.53,34.77,34.77,0.00,0.00,0.00,0.00,0.00,0.00,0.00
TXN-A-000897-L1793,TXN-A-000897,TXN-B-000897-L1794,TXN-B-000897,EXACT_PRIMARY_ID,100.00,IDENTITY_MATCHED,QUANTITY_MATCHED,PRICE_MATCHED,AMOUNT_MATCHED,MATCHED,N,0.00,0.00,0.00,PRD-0134,PRD-0134,AURORA Glue Stick 9 V,AURORA Glue Stick 9 V,643.11,643.11,8.28,8.28,77.67,77.67,0.00,0.00,0.00,0.00,0.00,0.00,0.00
TXN-A-000898-L1795,TXN-A-000898,TXN-B-000898-L1796,TXN-B-000898,EXACT_PRIMARY_ID,100.00,IDENTITY_MATCHED,QUANTITY_MATCHED,PRICE_MATCHED,AMOUNT_MATCHED,MATCHED,N,0.00,0.00,0.00,PRD-0076,PRD-0076,ZENITH Shampoo 200 G,ZENITH Shampoo 200 G,82.14,82.14,6.70,6.70,12.26,12.26,0.00,0.00,0.00,0.00,0.00,0.00,0.00
TXN-A-000899-L1797,TXN-A-000899,TXN-B-000899-L1798,TXN-B-000899,EXACT_PRIMARY_ID,100.00,IDENTITY_MATCHED,QUANTITY_MATCHED,PRICE_MATCHED,AMOUNT_MATCHED,MATCHED,N,0.00,0.00,0.00,PRD-0143,PRD-0143,AURORA Marker Set 10 IN,AURORA Marker Set 10 IN,27.21,27.21,2.02,2.02,13.47,13.47,0.00,0.00,0.00,0.00,0.00,0.00,0.00
TXN-A-000900-L1799,TXN-A-000900,TXN-B-000900-L1800,TXN-B-000900,EXACT_PRIMARY_ID,100.00,IDENTITY_MATCHED,QUANTITY_MATCHED,PRICE_MATCHED,AMOUNT_MATCHED,MATCHED,N,0.00,0.00,0.00,PRD-0017,PRD-0017,AURORA Surface Wipes 9 V,AURORA Surface Wipes 9 V,368.94,368.94,4.57,4.57,80.73,80.73,0.00,0.00,0.00,0.00,0.00,0.00,0.00
TXN-A-000901-L1801,TXN-A-000901,TXN-B-000901-L1802,TXN-B-000901,EXACT_PRIMARY_ID,100.00,IDENTITY_MATCHED,QUANTITY_MATCHED,PRICE_MATCHED,AMOUNT_MATCHED,MATCHED,N,0.00,0.00,0.00,PRD-0086,PRD-0086,AURORA Deodorant 500 G,AURORA Deodorant 500 G,109.33,109.33,2.09,2.09,52.31,52.31,0.00,0.00,0.00,0.00,0.00,0.00,0.00
TXN-A-000902-L1803,TXN-A-000902,TXN-B-000902-L1804,TXN-B-000902,EXACT_PRIMARY_ID,100.00,IDENTITY_MATCHED,QUANTITY_MATCHED,PRICE_MATCHED,AMOUNT_MATCHED,MATCHED,N,0.00,0.00,0.00,PRD-0127,PRD-0127,ZENITH Colored Pencil Set 50 G,ZENITH Colored Pencil Set 50 G,523.20,523.20,9.03,9.03,57.94,57.94,0.00,0.00,0.00,0.00,0.00,0.00,0.00
TXN-A-000903-L1805,TXN-A-000903,TXN-B-000903-L1806,TXN-B-000903,EXACT_PRIMARY_ID,100.00,IDENTITY_MATCHED,QUANTITY_MATCHED,PRICE_MATCHED,AMOUNT_MATCHED,MATCHED,N,0.00,0.00,0.00,PRD-0149,PRD-0149,AURORA Wrench Set 45 CM,AURORA Wrench Set 45 CM,230.14,230.14,7.86,7.86,29.28,29.28,0.00,0.00,0.00,0.00,0.00,0.00,0.00
TXN-A-000904-L1807,TXN-A-000904,TXN-B-000904-L1808,TXN-B-000904,EXACT_PRIMARY_ID,100.00,IDENTITY_MATCHED,QUANTITY_MATCHED,PRICE_MATCHED,AMOUNT_MATCHED,MATCHED,N,0.00,0.00,0.00,PRD-0086,PRD-0086,AURORA Deodorant 500 G,AURORA Deodorant 500 G,123.97,123.97,2.37,2.37,52.31,52.31,0.00,0.00,0.00,0.00,0.00,0.00,0.00
TXN-A-000905-L1809,TXN-A-000905,TXN-B-000905-L1810,TXN-B-000905,EXACT_PRIMARY_ID,100.00,IDENTITY_MATCHED,QUANTITY_MATCHED,PRICE_MATCHED,AMOUNT_MATCHED,MATCHED,N,0.00,0.00,0.00,PRD-0043,PRD-0043,ZENITH Whiteboard Marker 20 W,ZENITH Whiteboard Marker 20 W,367.27,367.27,6.49,6.49,56.59,56.59,0.00,0.00,0.00,0.00,0.00,0.00,0.00
TXN-A-000906-L1811,TXN-A-000906,TXN-B-000906-L1812,TXN-B-000906,EXACT_PRIMARY_ID,100.00,IDENTITY_MATCHED,QUANTITY_MATCHED,PRICE_MATCHED,AMOUNT_MATCHED,MATCHED,N,0.00,0.00,0.00,PRD-0032,PRD-0032,AURORA Binder Clip Box 3 V,AURORA Binder Clip Box 3 V,732.84,732.84,9.28,9.28,78.97,78.97,0.00,0.00,0.00,0.00,0.00,0.00,0.00
TXN-A-000907-L1813,TXN-A-000907,TXN-B-000907-L1814,TXN-B-000907,EXACT_PRIMARY_ID,100.00,IDENTITY_MATCHED,QUANTITY_MATCHED,PRICE_MATCHED,AMOUNT_MATCHED,MATCHED,N,0.00,0.00,0.00,PRD-0035,PRD-0035,AURORA Stapler 10 W,AURORA Stapler 10 W,168.02,168.02,9.69,9.69,17.34,17.34,0.00,0.00,0.00,0.00,0.00,0.00,0.00
TXN-A-000908-L1815,TXN-A-000908,TXN-B-000908-L1816,TXN-B-000908,EXACT_PRIMARY_ID,100.00,IDENTITY_MATCHED,QUANTITY_MATCHED,PRICE_MATCHED,AMOUNT_MATCHED,MATCHED,N,0.00,0.00,0.00,PRD-0063,PRD-0063,NEXUS Battery Pack 10 W,NEXUS Battery Pack 10 W,905.31,905.31,9.40,9.40,96.31,96.31,0.00,0.00,0.00,0.00,0.00,0.00,0.00
TXN-A-000909-L1817,TXN-A-000909,TXN-B-000909-L1818,TXN-B-000909,EXACT_PRIMARY_ID,100.00,IDENTITY_MATCHED,QUANTITY_MATCHED,PRICE_MATCHED,AMOUNT_MATCHED,MATCHED,N,0.00,0.00,0.00,PRD-0075,PRD-0075,NEXUS Hand Soap 10000 MAH,NEXUS Hand Soap 10000 MAH,431.28,431.28,6.21,6.21,69.45,69.45,0.00,0.00,0.00,0.00,0.00,0.00,0.00
TXN-A-000910-L1819,TXN-A-000910,TXN-B-000910-L1820,TXN-B-000910,EXACT_PRIMARY_ID,100.00,IDENTITY_MATCHED,QUANTITY_MATCHED,PRICE_MATCHED,AMOUNT_MATCHED,MATCHED,N,0.00,0.00,0.00,PRD-0026,PRD-0026,AURORA Ballpoint Pen 250 ML,AURORA Ballpoint Pen 250 ML,210.32,210.32,7.81,7.81,26.93,26.93,0.00,0.00,0.00,0.00,0.00,0.00,0.00
TXN-A-000911-L1821,TXN-A-000911,TXN-B-000911-L1822,TXN-B-000911,EXACT_PRIMARY_ID,100.00,IDENTITY_MATCHED,QUANTITY_MATCHED,PRICE_MATCHED,AMOUNT_MATCHED,MATCHED,N,0.00,0.00,0.00,PRD-0123,PRD-0123,NEXUS Notebook 3 V,NEXUS Notebook 3 V,110.12,110.12,7.16,7.16,15.38,15.38,0.00,0.00,0.00,0.00,0.00,0.00,0.00
TXN-A-000912-L1823,TXN-A-000912,TXN-B-000912-L1824,TXN-B-000912,EXACT_PRIMARY_ID,100.00,IDENTITY_MATCHED,QUANTITY_MATCHED,PRICE_MATCHED,AMOUNT_MATCHED,MATCHED,N,0.00,0.00,0.00,PRD-0123,PRD-0123,NEXUS Notebook 3 V,NEXUS Notebook 3 V,97.82,97.82,6.36,6.36,15.38,15.38,0.00,0.00,0.00,0.00,0.00,0.00,0.00
TXN-A-000913-L1825,TXN-A-000913,TXN-B-000913-L1826,TXN-B-000913,EXACT_PRIMARY_ID,100.00,IDENTITY_MATCHED,QUANTITY_MATCHED,PRICE_MATCHED,AMOUNT_MATCHED,MATCHED,N,0.00,0.00,0.00,PRD-0097,PRD-0097,ZENITH Cutting Board 5 W,ZENITH Cutting Board 5 W,136.55,136.55,8.54,8.54,15.99,15.99,0.00,0.00,0.00,0.00,0.00,0.00,0.00
TXN-A-000914-L1827,TXN-A-000914,TXN-B-000914-L1828,TXN-B-000914,EXACT_PRIMARY_ID,100.00,IDENTITY_MATCHED,QUANTITY_MATCHED,PRICE_MATCHED,AMOUNT_MATCHED,MATCHED,N,0.00,0.00,0.00,PRD-0029,PRD-0029,AURORA Highlighter Set 9 V,AURORA Highlighter Set 9 V,126.78,126.78,4.85,4.85,26.14,26.14,0.00,0.00,0.00,0.00,0.00,0.00,0.00
TXN-A-000915-L1829,TXN-A-000915,TXN-B-000915-L1830,TXN-B-000915,EXACT_PRIMARY_ID,100.00,IDENTITY_MATCHED,QUANTITY_MATCHED,PRICE_MATCHED,AMOUNT_MATCHED,MATCHED,N,0.00,0.00,0.00,PRD-0125,PRD-0125,AURORA Sketch Pad 1.5 V,AURORA Sketch Pad 1.5 V,285.20,285.20,2.77,2.77,102.96,102.96,0.00,0.00,0.00,0.00,0.00,0.00,0.00
TXN-A-000916-L1831,TXN-A-000916,TXN-B-000916-L1832,TXN-B-000916,EXACT_PRIMARY_ID,100.00,IDENTITY_MATCHED,QUANTITY_MATCHED,PRICE_MATCHED,AMOUNT_MATCHED,MATCHED,N,0.00,0.00,0.00,PRD-0021,PRD-0021,NEXUS Air Freshener 30 CM,NEXUS Air Freshener 30 CM,53.65,53.65,3.86,3.86,13.90,13.90,0.00,0.00,0.00,0.00,0.00,0.00,0.00
TXN-A-000917-L1833,TXN-A-000917,TXN-B-000917-L1834,TXN-B-000917,EXACT_PRIMARY_ID,100.00,IDENTITY_MATCHED,QUANTITY_MATCHED,PRICE_MATCHED,AMOUNT_MATCHED,MATCHED,N,0.00,0.00,0.00,PRD-0054,PRD-0054,NEXUS Power Adapter 500 ML,NEXUS Power Adapter 500 ML,131.91,131.91,7.99,7.99,16.51,16.51,0.00,0.00,0.00,0.00,0.00,0.00,0.00
TXN-A-000918-L1835,TXN-A-000918,TXN-B-000918-L1836,TXN-B-000918,EXACT_PRIMARY_ID,100.00,IDENTITY_MATCHED,QUANTITY_MATCHED,PRICE_MATCHED,AMOUNT_MATCHED,MATCHED,N,0.00,0.00,0.00,PRD-0127,PRD-0127,ZENITH Colored Pencil Set 50 G,ZENITH Colored Pencil Set 50 G,236.40,236.40,4.08,4.08,57.94,57.94,0.00,0.00,0.00,0.00,0.00,0.00,0.00
TXN-A-000919-L1837,TXN-A-000919,TXN-B-000919-L1838,TXN-B-000919,EXACT_PRIMARY_ID,100.00,IDENTITY_MATCHED,QUANTITY_MATCHED,PRICE_MATCHED,AMOUNT_MATCHED,MATCHED,N,0.00,0.00,0.00,PRD-0062,PRD-0062,AURORA Battery Pack 2000 MAH,AURORA Battery Pack 2000 MAH,180.73,180.73,2.58,2.58,70.05,70.05,0.00,0.00,0.00,0.00,0.00,0.00,0.00
TXN-A-000920-L1839,TXN-A-000920,TXN-B-000920-L1840,TXN-B-000920,EXACT_PRIMARY_ID,100.00,IDENTITY_MATCHED,QUANTITY_MATCHED,PRICE_MATCHED,AMOUNT_MATCHED,MATCHED,N,0.00,0.00,0.00,PRD-0108,PRD-0108,NEXUS Spatula Set 500 MG,NEXUS Spatula Set 500 MG,557.48,557.48,5.38,5.38,103.62,103.62,0.00,0.00,0.00,0.00,0.00,0.00,0.00
TXN-A-000921-L1841,TXN-A-000921,TXN-B-000921-L1842,TXN-B-000921,EXACT_PRIMARY_ID,100.00,IDENTITY_MATCHED,QUANTITY_MATCHED,PRICE_MATCHED,AMOUNT_MATCHED,MATCHED,N,0.00,0.00,0.00,PRD-0150,PRD-0150,NEXUS Wrench Set 9 V,NEXUS Wrench Set 9 V,647.99,647.99,7.28,7.28,89.01,89.01,0.00,0.00,0.00,0.00,0.00,0.00,0.00
TXN-A-000922-L1843,TXN-A-000922,TXN-B-000922-L1844,TXN-B-000922,EXACT_PRIMARY_ID,100.00,IDENTITY_MATCHED,QUANTITY_MATCHED,PRICE_MATCHED,AMOUNT_MATCHED,MATCHED,N,0.00,0.00,0.00,PRD-0044,PRD-0044,AURORA Whiteboard Marker 12 IN,AURORA Whiteboard Marker 12 IN,381.12,381.12,9.79,9.79,38.93,38.93,0.00,0.00,0.00,0.00,0.00,0.00,0.00
TXN-A-000923-L1845,TXN-A-000923,TXN-B-000923-L1846,TXN-B-000923,EXACT_PRIMARY_ID,100.00,IDENTITY_MATCHED,QUANTITY_MATCHED,PRICE_MATCHED,AMOUNT_MATCHED,MATCHED,N,0.00,0.00,0.00,PRD-0010,PRD-0010,ZENITH Laundry Detergent 1.5 V,ZENITH Laundry Detergent 1.5 V,180.39,180.39,7.13,7.13,25.30,25.30,0.00,0.00,0.00,0.00,0.00,0.00,0.00
TXN-A-000924-L1847,TXN-A-000924,TXN-B-000924-L1848,TXN-B-000924,EXACT_PRIMARY_ID,100.00,IDENTITY_MATCHED,QUANTITY_MATCHED,PRICE_MATCHED,AMOUNT_MATCHED,MATCHED,N,0.00,0.00,0.00,PRD-0094,PRD-0094,ZENITH Lotion 10000 MAH,ZENITH Lotion 10000 MAH,71.21,71.21,7.15,7.15,9.96,9.96,0.00,0.00,0.00,0.00,0.00,0.00,0.00
TXN-A-000925-L1849,TXN-A-000925,TXN-B-000925-L1850,TXN-B-000925,EXACT_PRIMARY_ID,100.00,IDENTITY_MATCHED,QUANTITY_MATCHED,PRICE_MATCHED,AMOUNT_MATCHED,MATCHED,N,0.00,0.00,0.00,PRD-0148,PRD-0148,ZENITH Wrench Set 30 CM,ZENITH Wrench Set 30 CM,934.59,934.59,7.99,7.99,116.97,116.97,0.00,0.00,0.00,0.00,0.00,0.00,0.00
TXN-A-000926-L1851,TXN-A-000926,TXN-B-000926-L1852,TXN-B-000926,EXACT_PRIMARY_ID,100.00,IDENTITY_MATCHED,QUANTITY_MATCHED,PRICE_MATCHED,AMOUNT_MATCHED,MATCHED,N,0.00,0.00,0.00,PRD-0099,PRD-0099,NEXUS Cutting Board 500 ML,NEXUS Cutting Board 500 ML,937.78,937.78,8.31,8.31,112.85,112.85,0.00,0.00,0.00,0.00,0.00,0.00,0.00
TXN-A-000927-L1853,TXN-A-000927,TXN-B-000927-L1854,TXN-B-000927,EXACT_PRIMARY_ID,100.00,IDENTITY_MATCHED,QUANTITY_MATCHED,PRICE_MATCHED,AMOUNT_MATCHED,MATCHED,N,0.00,0.00,0.00,PRD-0051,PRD-0051,NEXUS USB Cable 500 MG,NEXUS USB Cable 500 MG,862.48,862.48,9.15,9.15,94.26,94.26,0.00,0.00,0.00,0.00,0.00,0.00,0.00
TXN-A-000928-L1855,TXN-A-000928,TXN-B-000928-L1856,TXN-B-000928,EXACT_PRIMARY_ID,100.00,IDENTITY_MATCHED,QUANTITY_MATCHED,PRICE_MATCHED,AMOUNT_MATCHED,MATCHED,N,0.00,0.00,0.00,PRD-0058,PRD-0058,ZENITH Screen Protector 3 V,ZENITH Screen Protector 3 V,546.55,546.55,7.49,7.49,72.97,72.97,0.00,0.00,0.00,0.00,0.00,0.00,0.00
TXN-A-000929-L1857,TXN-A-000929,TXN-B-000929-L1858,TXN-B-000929,EXACT_PRIMARY_ID,100.00,IDENTITY_MATCHED,QUANTITY_MATCHED,PRICE_MATCHED,AMOUNT_MATCHED,MATCHED,N,0.00,0.00,0.00,PRD-0025,PRD-0025,ZENITH Ballpoint Pen 1 KG,ZENITH Ballpoint Pen 1 KG,305.54,305.54,8.24,8.24,37.08,37.08,0.00,0.00,0.00,0.00,0.00,0.00,0.00
TXN-A-000930-L1859,TXN-A-000930,TXN-B-000930-L1860,TXN-B-000930,EXACT_PRIMARY_ID,100.00,IDENTITY_MATCHED,QUANTITY_MATCHED,PRICE_MATCHED,AMOUNT_MATCHED,MATCHED,N,0.00,0.00,0.00,PRD-0085,PRD-0085,ZENITH Deodorant 200 G,ZENITH Deodorant 200 G,589.18,589.18,6.82,6.82,86.39,86.39,0.00,0.00,0.00,0.00,0.00,0.00,0.00
TXN-A-000931-L1861,TXN-A-000931,TXN-B-000931-L1862,TXN-B-000931,EXACT_PRIMARY_ID,100.00,IDENTITY_MATCHED,QUANTITY_MATCHED,PRICE_MATCHED,AMOUNT_MATCHED,MATCHED,N,0.00,0.00,0.00,PRD-0002,PRD-0002,AURORA All Purpose Cleaner 30 CM,AURORA All Purpose Cleaner 30 CM,85.86,85.86,1.92,1.92,44.72,44.72,0.00,0.00,0.00,0.00,0.00,0.00,0.00
TXN-A-000932-L1863,TXN-A-000932,TXN-B-000932-L1864,TXN-B-000932,EXACT_PRIMARY_ID,100.00,IDENTITY_MATCHED,QUANTITY_MATCHED,PRICE_MATCHED,AMOUNT_MATCHED,MATCHED,N,0.00,0.00,0.00,PRD-0005,PRD-0005,AURORA Glass Spray 500 G,AURORA Glass Spray 500 G,735.10,735.10,6.61,6.61,111.21,111.21,0.00,0.00,0.00,0.00,0.00,0.00,0.00
TXN-A-000933-L1865,TXN-A-000933,TXN-B-000933-L1866,TXN-B-000933,EXACT_PRIMARY_ID,100.00,IDENTITY_MATCHED,QUANTITY_MATCHED,PRICE_MATCHED,AMOUNT_MATCHED,MATCHED,N,0.00,0.00,0.00,PRD-0085,PRD-0085,ZENITH Deodorant 200 G,ZENITH Deodorant 200 G,549.44,549.44,6.36,6.36,86.39,86.39,0.00,0.00,0.00,0.00,0.00,0.00,0.00
TXN-A-000934-L1867,TXN-A-000934,TXN-B-000934-L1868,TXN-B-000934,EXACT_PRIMARY_ID,100.00,IDENTITY_MATCHED,QUANTITY_MATCHED,PRICE_MATCHED,AMOUNT_MATCHED,MATCHED,N,0.00,0.00,0.00,PRD-0127,PRD-0127,ZENITH Colored Pencil Set 50 G,ZENITH Colored Pencil Set 50 G,356.91,356.91,6.16,6.16,57.94,57.94,0.00,0.00,0.00,0.00,0.00,0.00,0.00
TXN-A-000935-L1869,TXN-A-000935,TXN-B-000935-L1870,TXN-B-000935,EXACT_PRIMARY_ID,100.00,IDENTITY_MATCHED,QUANTITY_MATCHED,PRICE_MATCHED,AMOUNT_MATCHED,MATCHED,N,0.00,0.00,0.00,PRD-0089,PRD-0089,AURORA Face Cream 500 ML,AURORA Face Cream 500 ML,440.53,440.53,8.80,8.80,50.06,50.06,0.00,0.00,0.00,0.00,0.00,0.00,0.00
TXN-A-000936-L1871,TXN-A-000936,TXN-B-000936-L1872,TXN-B-000936,EXACT_PRIMARY_ID,100.00,IDENTITY_MATCHED,QUANTITY_MATCHED,PRICE_MATCHED,AMOUNT_MATCHED,MATCHED,N,0.00,0.00,0.00,PRD-0043,PRD-0043,ZENITH Whiteboard Marker 20 W,ZENITH Whiteboard Marker 20 W,376.32,376.32,6.65,6.65,56.59,56.59,0.00,0.00,0.00,0.00,0.00,0.00,0.00
TXN-A-000937-L1873,TXN-A-000937,TXN-B-000937-L1874,TXN-B-000937,EXACT_PRIMARY_ID,100.00,IDENTITY_MATCHED,QUANTITY_MATCHED,PRICE_MATCHED,AMOUNT_MATCHED,MATCHED,N,0.00,0.00,0.00,PRD-0006,PRD-0006,NEXUS Glass Spray 9 V,NEXUS Glass Spray 9 V,529.77,529.77,6.30,6.30,84.09,84.09,0.00,0.00,0.00,0.00,0.00,0.00,0.00
TXN-A-000938-L1875,TXN-A-000938,TXN-B-000938-L1876,TXN-B-000938,EXACT_PRIMARY_ID,100.00,IDENTITY_MATCHED,QUANTITY_MATCHED,PRICE_MATCHED,AMOUNT_MATCHED,MATCHED,N,0.00,0.00,0.00,PRD-0090,PRD-0090,NEXUS Face Cream 100 MG,NEXUS Face Cream 100 MG,85.40,85.40,4.27,4.27,20.00,20.00,0.00,0.00,0.00,0.00,0.00,0.00,0.00
TXN-A-000939-L1877,TXN-A-000939,TXN-B-000939-L1878,TXN-B-000939,EXACT_PRIMARY_ID,100.00,IDENTITY_MATCHED,QUANTITY_MATCHED,PRICE_MATCHED,AMOUNT_MATCHED,MATCHED,N,0.00,0.00,0.00,PRD-0062,PRD-0062,AURORA Battery Pack 2000 MAH,AURORA Battery Pack 2000 MAH,592.62,592.62,8.46,8.46,70.05,70.05,0.00,0.00,0.00,0.00,0.00,0.00,0.00
TXN-A-000940-L1879,TXN-A-000940,TXN-B-000940-L1880,TXN-B-000940,EXACT_PRIMARY_ID,100.00,IDENTITY_MATCHED,QUANTITY_MATCHED,PRICE_MATCHED,AMOUNT_MATCHED,MATCHED,N,0.00,0.00,0.00,PRD-0044,PRD-0044,AURORA Whiteboard Marker 12 IN,AURORA Whiteboard Marker 12 IN,259.66,259.66,6.67,6.67,38.93,38.93,0.00,0.00,0.00,0.00,0.00,0.00,0.00
TXN-A-000941-L1881,TXN-A-000941,TXN-B-000941-L1882,TXN-B-000941,EXACT_PRIMARY_ID,100.00,IDENTITY_MATCHED,QUANTITY_MATCHED,PRICE_MATCHED,AMOUNT_MATCHED,MATCHED,N,0.00,0.00,0.00,PRD-0018,PRD-0018,NEXUS Surface Wipes 500 MG,NEXUS Surface Wipes 500 MG,254.73,254.73,6.48,6.48,39.31,39.31,0.00,0.00,0.00,0.00,0.00,0.00,0.00
TXN-A-000942-L1883,TXN-A-000942,TXN-B-000942-L1884,TXN-B-000942,EXACT_PRIMARY_ID,100.00,IDENTITY_MATCHED,QUANTITY_MATCHED,PRICE_MATCHED,AMOUNT_MATCHED,MATCHED,N,0.00,0.00,0.00,PRD-0149,PRD-0149,AURORA Wrench Set 45 CM,AURORA Wrench Set 45 CM,165.72,165.72,5.66,5.66,29.28,29.28,0.00,0.00,0.00,0.00,0.00,0.00,0.00
TXN-A-000943-L1885,TXN-A-000943,TXN-B-000943-L1886,TXN-B-000943,EXACT_PRIMARY_ID,100.00,IDENTITY_MATCHED,QUANTITY_MATCHED,PRICE_MATCHED,AMOUNT_MATCHED,MATCHED,N,0.00,0.00,0.00,PRD-0020,PRD-0020,AURORA Air Freshener 200 G,AURORA Air Freshener 200 G,475.24,475.24,4.56,4.56,104.22,104.22,0.00,0.00,0.00,0.00,0.00,0.00,0.00
TXN-A-000944-L1887,TXN-A-000944,TXN-B-000944-L1888,TXN-B-000944,EXACT_PRIMARY_ID,100.00,IDENTITY_MATCHED,QUANTITY_MATCHED,PRICE_MATCHED,AMOUNT_MATCHED,MATCHED,N,0.00,0.00,0.00,PRD-0013,PRD-0013,ZENITH Fabric Softener 1 L,ZENITH Fabric Softener 1 L,23.45,23.45,2.43,2.43,9.65,9.65,0.00,0.00,0.00,0.00,0.00,0.00,0.00
TXN-A-000945-L1889,TXN-A-000945,TXN-B-000945-L1890,TXN-B-000945,EXACT_PRIMARY_ID,100.00,IDENTITY_MATCHED,QUANTITY_MATCHED,PRICE_MATCHED,AMOUNT_MATCHED,MATCHED,N,0.00,0.00,0.00,PRD-0007,PRD-0007,ZENITH Dish Liquid 5000 MAH,ZENITH Dish Liquid 5000 MAH,512.51,512.51,8.87,8.87,57.78,57.78,0.00,0.00,0.00,0.00,0.00,0.00,0.00
TXN-A-000946-L1891,TXN-A-000946,TXN-B-000946-L1892,TXN-B-000946,EXACT_PRIMARY_ID,100.00,IDENTITY_MATCHED,QUANTITY_MATCHED,PRICE_MATCHED,AMOUNT_MATCHED,MATCHED,N,0.00,0.00,0.00,PRD-0069,PRD-0069,NEXUS HDMI Cable 1.5 L,NEXUS HDMI Cable 1.5 L,414.59,414.59,9.13,9.13,45.41,45.41,0.00,0.00,0.00,0.00,0.00,0.00,0.00
TXN-A-000947-L1893,TXN-A-000947,TXN-B-000947-L1894,TXN-B-000947,EXACT_PRIMARY_ID,100.00,IDENTITY_MATCHED,QUANTITY_MATCHED,PRICE_MATCHED,AMOUNT_MATCHED,MATCHED,N,0.00,0.00,0.00,PRD-0090,PRD-0090,NEXUS Face Cream 100 MG,NEXUS Face Cream 100 MG,97.00,97.00,4.85,4.85,20.00,20.00,0.00,0.00,0.00,0.00,0.00,0.00,0.00
TXN-A-000948-L1895,TXN-A-000948,TXN-B-000948-L1896,TXN-B-000948,EXACT_PRIMARY_ID,100.00,IDENTITY_MATCHED,QUANTITY_MATCHED,PRICE_MATCHED,AMOUNT_MATCHED,MATCHED,N,0.00,0.00,0.00,PRD-0075,PRD-0075,NEXUS Hand Soap 10000 MAH,NEXUS Hand Soap 10000 MAH,89.59,89.59,1.29,1.29,69.45,69.45,0.00,0.00,0.00,0.00,0.00,0.00,0.00
TXN-A-000949-L1897,TXN-A-000949,TXN-B-000949-L1898,TXN-B-000949,EXACT_PRIMARY_ID,100.00,IDENTITY_MATCHED,QUANTITY_MATCHED,PRICE_MATCHED,AMOUNT_MATCHED,MATCHED,N,0.00,0.00,0.00,PRD-0032,PRD-0032,AURORA Binder Clip Box 3 V,AURORA Binder Clip Box 3 V,435.91,435.91,5.52,5.52,78.97,78.97,0.00,0.00,0.00,0.00,0.00,0.00,0.00
TXN-A-000950-L1899,TXN-A-000950,TXN-B-000950-L1900,TXN-B-000950,EXACT_PRIMARY_ID,100.00,IDENTITY_MATCHED,QUANTITY_MATCHED,PRICE_MATCHED,AMOUNT_MATCHED,MATCHED,N,0.00,0.00,0.00,PRD-0113,PRD-0113,AURORA Kitchen Towel 20 W,AURORA Kitchen Towel 20 W,668.64,668.64,9.37,9.37,71.36,71.36,0.00,0.00,0.00,0.00,0.00,0.00,0.00
TXN-A-000951-L1901,TXN-A-000951,TXN-B-000951-L1902,TXN-B-000951,EXACT_PRIMARY_ID,100.00,IDENTITY_MATCHED,QUANTITY_MATCHED,PRICE_MATCHED,AMOUNT_MATCHED,MATCHED,N,0.00,0.00,0.00,PRD-0038,PRD-0038,AURORA Desk Organizer 2000 MAH,AURORA Desk Organizer 2000 MAH,272.65,272.65,9.72,9.72,28.05,28.05,0.00,0.00,0.00,0.00,0.00,0.00,0.00
TXN-A-000952-L1903,TXN-A-000952,TXN-B-000952-L1904,TXN-B-000952,EXACT_PRIMARY_ID,100.00,IDENTITY_MATCHED,QUANTITY_MATCHED,PRICE_MATCHED,AMOUNT_MATCHED,MATCHED,N,0.00,0.00,0.00,PRD-0131,PRD-0131,AURORA Ruler Set 60 CM,AURORA Ruler Set 60 CM,39.66,39.66,2.63,2.63,15.08,15.08,0.00,0.00,0.00,0.00,0.00,0.00,0.00
TXN-A-000953-L1905,TXN-A-000953,TXN-B-000953-L1906,TXN-B-000953,EXACT_PRIMARY_ID,100.00,IDENTITY_MATCHED,QUANTITY_MATCHED,PRICE_MATCHED,AMOUNT_MATCHED,MATCHED,N,0.00,0.00,0.00,PRD-0141,PRD-0141,NEXUS Eraser Pack 3 V,NEXUS Eraser Pack 3 V,304.93,304.93,8.77,8.77,34.77,34.77,0.00,0.00,0.00,0.00,0.00,0.00,0.00
TXN-A-000954-L1907,TXN-A-000954,TXN-B-000954-L1908,TXN-B-000954,EXACT_PRIMARY_ID,100.00,IDENTITY_MATCHED,QUANTITY_MATCHED,PRICE_MATCHED,AMOUNT_MATCHED,MATCHED,N,0.00,0.00,0.00,PRD-0130,PRD-0130,ZENITH Ruler Set 45 CM,ZENITH Ruler Set 45 CM,704.24,704.24,7.75,7.75,90.87,90.87,0.00,0.00,0.00,0.00,0.00,0.00,0.00
TXN-A-000955-L1909,TXN-A-000955,TXN-B-000955-L1910,TXN-B-000955,EXACT_PRIMARY_ID,100.00,IDENTITY_MATCHED,QUANTITY_MATCHED,PRICE_MATCHED,AMOUNT_MATCHED,MATCHED,N,0.00,0.00,0.00,PRD-0052,PRD-0052,ZENITH Power Adapter 20 W,ZENITH Power Adapter 20 W,364.16,364.16,8.03,8.03,45.35,45.35,0.00,0.00,0.00,0.00,0.00,0.00,0.00
TXN-A-000956-L1911,TXN-A-000956,TXN-B-000956-L1912,TXN-B-000956,EXACT_PRIMARY_ID,100.00,IDENTITY_MATCHED,QUANTITY_MATCHED,PRICE_MATCHED,AMOUNT_MATCHED,MATCHED,N,0.00,0.00,0.00,PRD-0014,PRD-0014,AURORA Fabric Softener 250 MG,AURORA Fabric Softener 250 MG,1072.86,1072.86,9.58,9.58,111.99,111.99,0.00,0.00,0.00,0.00,0.00,0.00,0.00
TXN-A-000957-L1913,TXN-A-000957,TXN-B-000957-L1914,TXN-B-000957,EXACT_PRIMARY_ID,100.00,IDENTITY_MATCHED,QUANTITY_MATCHED,PRICE_MATCHED,AMOUNT_MATCHED,MATCHED,N,0.00,0.00,0.00,PRD-0089,PRD-0089,AURORA Face Cream 500 ML,AURORA Face Cream 500 ML,425.01,425.01,8.49,8.49,50.06,50.06,0.00,0.00,0.00,0.00,0.00,0.00,0.00
TXN-A-000958-L1915,TXN-A-000958,TXN-B-000958-L1916,TXN-B-000958,EXACT_PRIMARY_ID,100.00,IDENTITY_MATCHED,QUANTITY_MATCHED,PRICE_MATCHED,AMOUNT_MATCHED,MATCHED,N,0.00,0.00,0.00,PRD-0086,PRD-0086,AURORA Deodorant 500 G,AURORA Deodorant 500 G,482.82,482.82,9.23,9.23,52.31,52.31,0.00,0.00,0.00,0.00,0.00,0.00,0.00
TXN-A-000959-L1917,TXN-A-000959,TXN-B-000959-L1918,TXN-B-000959,EXACT_PRIMARY_ID,100.00,IDENTITY_MATCHED,QUANTITY_MATCHED,PRICE_MATCHED,AMOUNT_MATCHED,MATCHED,N,0.00,0.00,0.00,PRD-0035,PRD-0035,AURORA Stapler 10 W,AURORA Stapler 10 W,114.96,114.96,6.63,6.63,17.34,17.34,0.00,0.00,0.00,0.00,0.00,0.00,0.00
TXN-A-000960-L1919,TXN-A-000960,TXN-B-000960-L1920,TXN-B-000960,EXACT_PRIMARY_ID,100.00,IDENTITY_MATCHED,QUANTITY_MATCHED,PRICE_MATCHED,AMOUNT_MATCHED,MATCHED,N,0.00,0.00,0.00,PRD-0129,PRD-0129,NEXUS Colored Pencil Set 750 ML,NEXUS Colored Pencil Set 750 ML,495.17,495.17,5.22,5.22,94.86,94.86,0.00,0.00,0.00,0.00,0.00,0.00,0.00
TXN-A-000961-L1921,TXN-A-000961,TXN-B-000961-L1922,TXN-B-000961,EXACT_PRIMARY_ID,100.00,IDENTITY_MATCHED,QUANTITY_MATCHED,PRICE_MATCHED,AMOUNT_MATCHED,MATCHED,N,0.00,0.00,0.00,PRD-0001,PRD-0001,ZENITH All Purpose Cleaner 10 IN,ZENITH All Purpose Cleaner 10 IN,55.34,55.34,1.60,1.60,34.59,34.59,0.00,0.00,0.00,0.00,0.00,0.00,0.00
TXN-A-000962-L1923,TXN-A-000962,TXN-B-000962-L1924,TXN-B-000962,EXACT_PRIMARY_ID,100.00,IDENTITY_MATCHED,QUANTITY_MATCHED,PRICE_MATCHED,AMOUNT_MATCHED,MATCHED,N,0.00,0.00,0.00,PRD-0016,PRD-0016,ZENITH Surface Wipes 60 CM,ZENITH Surface Wipes 60 CM,359.89,359.89,6.19,6.19,58.14,58.14,0.00,0.00,0.00,0.00,0.00,0.00,0.00
TXN-A-000963-L1925,TXN-A-000963,TXN-B-000963-L1926,TXN-B-000963,EXACT_PRIMARY_ID,100.00,IDENTITY_MATCHED,QUANTITY_MATCHED,PRICE_MATCHED,AMOUNT_MATCHED,MATCHED,N,0.00,0.00,0.00,PRD-0027,PRD-0027,NEXUS Ballpoint Pen 500 ML,NEXUS Ballpoint Pen 500 ML,329.37,329.37,6.65,6.65,49.53,49.53,0.00,0.00,0.00,0.00,0.00,0.00,0.00
TXN-A-000964-L1927,TXN-A-000964,TXN-B-000964-L1928,TXN-B-000964,EXACT_PRIMARY_ID,100.00,IDENTITY_MATCHED,QUANTITY_MATCHED,PRICE_MATCHED,AMOUNT_MATCHED,MATCHED,N,0.00,0.00,0.00,PRD-0121,PRD-0121,ZENITH Notebook 1 L,ZENITH Notebook 1 L,84.61,84.61,3.95,3.95,21.42,21.42,0.00,0.00,0.00,0.00,0.00,0.00,0.00
TXN-A-000965-L1929,TXN-A-000965,TXN-B-000965-L1930,TXN-B-000965,EXACT_PRIMARY_ID,100.00,IDENTITY_MATCHED,QUANTITY_MATCHED,PRICE_MATCHED,AMOUNT_MATCHED,MATCHED,N,0.00,0.00,0.00,PRD-0017,PRD-0017,AURORA Surface Wipes 9 V,AURORA Surface Wipes 9 V,526.36,526.36,6.52,6.52,80.73,80.73,0.00,0.00,0.00,0.00,0.00,0.00,0.00
TXN-A-000966-L1931,TXN-A-000966,TXN-B-000966-L1932,TXN-B-000966,EXACT_PRIMARY_ID,100.00,IDENTITY_MATCHED,QUANTITY_MATCHED,PRICE_MATCHED,AMOUNT_MATCHED,MATCHED,N,0.00,0.00,0.00,PRD-0046,PRD-0046,ZENITH Tape Dispenser 250 ML,ZENITH Tape Dispenser 250 ML,185.85,185.85,6.69,6.69,27.78,27.78,0.00,0.00,0.00,0.00,0.00,0.00,0.00
TXN-A-000967-L1933,TXN-A-000967,TXN-B-000967-L1934,TXN-B-000967,EXACT_PRIMARY_ID,100.00,IDENTITY_MATCHED,QUANTITY_MATCHED,PRICE_MATCHED,AMOUNT_MATCHED,MATCHED,N,0.00,0.00,0.00,PRD-0021,PRD-0021,NEXUS Air Freshener 30 CM,NEXUS Air Freshener 30 CM,103.00,103.00,7.41,7.41,13.90,13.90,0.00,0.00,0.00,0.00,0.00,0.00,0.00
TXN-A-000968-L1935,TXN-A-000968,TXN-B-000968-L1936,TXN-B-000968,EXACT_PRIMARY_ID,100.00,IDENTITY_MATCHED,QUANTITY_MATCHED,PRICE_MATCHED,AMOUNT_MATCHED,MATCHED,N,0.00,0.00,0.00,PRD-0142,PRD-0142,ZENITH Marker Set 750 ML,ZENITH Marker Set 750 ML,83.07,83.07,2.46,2.46,33.77,33.77,0.00,0.00,0.00,0.00,0.00,0.00,0.00
TXN-A-000969-L1937,TXN-A-000969,TXN-B-000969-L1938,TXN-B-000969,EXACT_PRIMARY_ID,100.00,IDENTITY_MATCHED,QUANTITY_MATCHED,PRICE_MATCHED,AMOUNT_MATCHED,MATCHED,N,0.00,0.00,0.00,PRD-0082,PRD-0082,ZENITH Toothpaste 500 MG,ZENITH Toothpaste 500 MG,682.54,682.54,7.39,7.39,92.36,92.36,0.00,0.00,0.00,0.00,0.00,0.00,0.00
TXN-A-000970-L1939,TXN-A-000970,TXN-B-000970-L1940,TXN-B-000970,EXACT_PRIMARY_ID,100.00,IDENTITY_MATCHED,QUANTITY_MATCHED,PRICE_MATCHED,AMOUNT_MATCHED,MATCHED,N,0.00,0.00,0.00,PRD-0100,PRD-0100,ZENITH Mixing Bowl Set 250 ML,ZENITH Mixing Bowl Set 250 ML,505.20,505.20,8.00,8.00,63.15,63.15,0.00,0.00,0.00,0.00,0.00,0.00,0.00
TXN-A-000971-L1941,TXN-A-000971,TXN-B-000971-L1942,TXN-B-000971,EXACT_PRIMARY_ID,100.00,IDENTITY_MATCHED,QUANTITY_MATCHED,PRICE_MATCHED,AMOUNT_MATCHED,MATCHED,N,0.00,0.00,0.00,PRD-0075,PRD-0075,NEXUS Hand Soap 10000 MAH,NEXUS Hand Soap 10000 MAH,138.90,138.90,2.00,2.00,69.45,69.45,0.00,0.00,0.00,0.00,0.00,0.00,0.00
TXN-A-000972-L1943,TXN-A-000972,TXN-B-000972-L1944,TXN-B-000972,EXACT_PRIMARY_ID,100.00,IDENTITY_MATCHED,QUANTITY_MATCHED,PRICE_MATCHED,AMOUNT_MATCHED,MATCHED,N,0.00,0.00,0.00,PRD-0065,PRD-0065,AURORA Charging Dock 3 V,AURORA Charging Dock 3 V,38.53,38.53,2.26,2.26,17.05,17.05,0.00,0.00,0.00,0.00,0.00,0.00,0.00
TXN-A-000973-L1945,TXN-A-000973,TXN-B-000973-L1946,TXN-B-000973,EXACT_PRIMARY_ID,100.00,IDENTITY_MATCHED,QUANTITY_MATCHED,PRICE_MATCHED,AMOUNT_MATCHED,MATCHED,N,0.00,0.00,0.00,PRD-0012,PRD-0012,NEXUS Laundry Detergent 3 V,NEXUS Laundry Detergent 3 V,178.38,178.38,8.01,8.01,22.27,22.27,0.00,0.00,0.00,0.00,0.00,0.00,0.00
TXN-A-000974-L1947,TXN-A-000974,TXN-B-000974-L1948,TXN-B-000974,EXACT_PRIMARY_ID,100.00,IDENTITY_MATCHED,QUANTITY_MATCHED,PRICE_MATCHED,AMOUNT_MATCHED,MATCHED,N,0.00,0.00,0.00,PRD-0137,PRD-0137,AURORA Scissors 100 MG,AURORA Scissors 100 MG,537.85,537.85,5.72,5.72,94.03,94.03,0.00,0.00,0.00,0.00,0.00,0.00,0.00
TXN-A-000975-L1949,TXN-A-000975,TXN-B-000975-L1950,TXN-B-000975,EXACT_PRIMARY_ID,100.00,IDENTITY_MATCHED,QUANTITY_MATCHED,PRICE_MATCHED,AMOUNT_MATCHED,MATCHED,N,0.00,0.00,0.00,PRD-0072,PRD-0072,NEXUS Mouse Pad 100 G,NEXUS Mouse Pad 100 G,265.64,265.64,6.04,6.04,43.98,43.98,0.00,0.00,0.00,0.00,0.00,0.00,0.00
TXN-A-000976-L1951,TXN-A-000976,TXN-B-000976-L1952,TXN-B-000976,EXACT_PRIMARY_ID,100.00,IDENTITY_MATCHED,QUANTITY_MATCHED,PRICE_MATCHED,AMOUNT_MATCHED,MATCHED,N,0.00,0.00,0.00,PRD-0030,PRD-0030,NEXUS Highlighter Set 12 IN,NEXUS Highlighter Set 12 IN,605.61,605.61,8.71,8.71,69.53,69.53,0.00,0.00,0.00,0.00,0.00,0.00,0.00
TXN-A-000977-L1953,TXN-A-000977,TXN-B-000977-L1954,TXN-B-000977,EXACT_PRIMARY_ID,100.00,IDENTITY_MATCHED,QUANTITY_MATCHED,PRICE_MATCHED,AMOUNT_MATCHED,MATCHED,N,0.00,0.00,0.00,PRD-0146,PRD-0146,AURORA Screwdriver Set 500 ML,AURORA Screwdriver Set 500 ML,674.97,674.97,7.38,7.38,91.46,91.46,0.00,0.00,0.00,0.00,0.00,0.00,0.00
TXN-A-000978-L1955,TXN-A-000978,TXN-B-000978-L1956,TXN-B-000978,EXACT_PRIMARY_ID,100.00,IDENTITY_MATCHED,QUANTITY_MATCHED,PRICE_MATCHED,AMOUNT_MATCHED,MATCHED,N,0.00,0.00,0.00,PRD-0135,PRD-0135,NEXUS Glue Stick 5000 MAH,NEXUS Glue Stick 5000 MAH,172.70,172.70,6.19,6.19,27.90,27.90,0.00,0.00,0.00,0.00,0.00,0.00,0.00
TXN-A-000979-L1957,TXN-A-000979,TXN-B-000979-L1958,TXN-B-000979,EXACT_PRIMARY_ID,100.00,IDENTITY_MATCHED,QUANTITY_MATCHED,PRICE_MATCHED,AMOUNT_MATCHED,MATCHED,N,0.00,0.00,0.00,PRD-0012,PRD-0012,NEXUS Laundry Detergent 3 V,NEXUS Laundry Detergent 3 V,37.41,37.41,1.68,1.68,22.27,22.27,0.00,0.00,0.00,0.00,0.00,0.00,0.00
TXN-A-000980-L1959,TXN-A-000980,TXN-B-000980-L1960,TXN-B-000980,EXACT_PRIMARY_ID,100.00,IDENTITY_MATCHED,QUANTITY_MATCHED,PRICE_MATCHED,AMOUNT_MATCHED,MATCHED,N,0.00,0.00,0.00,PRD-0105,PRD-0105,NEXUS Measuring Cup 100 G,NEXUS Measuring Cup 100 G,1005.10,1005.10,9.20,9.20,109.25,109.25,0.00,0.00,0.00,0.00,0.00,0.00,0.00
TXN-A-000981-L1961,TXN-A-000981,TXN-B-000981-L1962,TXN-B-000981,EXACT_PRIMARY_ID,100.00,IDENTITY_MATCHED,QUANTITY_MATCHED,PRICE_MATCHED,AMOUNT_MATCHED,MATCHED,N,0.00,0.00,0.00,PRD-0018,PRD-0018,NEXUS Surface Wipes 500 MG,NEXUS Surface Wipes 500 MG,70.36,70.36,1.79,1.79,39.31,39.31,0.00,0.00,0.00,0.00,0.00,0.00,0.00
TXN-A-000982-L1963,TXN-A-000982,TXN-B-000982-L1964,TXN-B-000982,EXACT_PRIMARY_ID,100.00,IDENTITY_MATCHED,QUANTITY_MATCHED,PRICE_MATCHED,AMOUNT_MATCHED,MATCHED,N,0.00,0.00,0.00,PRD-0149,PRD-0149,AURORA Wrench Set 45 CM,AURORA Wrench Set 45 CM,113.31,113.31,3.87,3.87,29.28,29.28,0.00,0.00,0.00,0.00,0.00,0.00,0.00
TXN-A-000983-L1965,TXN-A-000983,TXN-B-000983-L1966,TXN-B-000983,EXACT_PRIMARY_ID,100.00,IDENTITY_MATCHED,QUANTITY_MATCHED,PRICE_MATCHED,AMOUNT_MATCHED,MATCHED,N,0.00,0.00,0.00,PRD-0098,PRD-0098,AURORA Cutting Board 10 IN,AURORA Cutting Board 10 IN,103.74,103.74,6.07,6.07,17.09,17.09,0.00,0.00,0.00,0.00,0.00,0.00,0.00
TXN-A-000984-L1967,TXN-A-000984,TXN-B-000984-L1968,TXN-B-000984,EXACT_PRIMARY_ID,100.00,IDENTITY_MATCHED,QUANTITY_MATCHED,PRICE_MATCHED,AMOUNT_MATCHED,MATCHED,N,0.00,0.00,0.00,PRD-0055,PRD-0055,ZENITH Phone Case 250 MG,ZENITH Phone Case 250 MG,86.82,86.82,1.65,1.65,52.62,52.62,0.00,0.00,0.00,0.00,0.00,0.00,0.00
TXN-A-000985-L1969,TXN-A-000985,TXN-B-000985-L1970,TXN-B-000985,EXACT_PRIMARY_ID,100.00,IDENTITY_MATCHED,QUANTITY_MATCHED,PRICE_MATCHED,AMOUNT_MATCHED,MATCHED,N,0.00,0.00,0.00,PRD-0112,PRD-0112,ZENITH Kitchen Towel 30 CM,ZENITH Kitchen Towel 30 CM,882.74,882.74,8.78,8.78,100.54,100.54,0.00,0.00,0.00,0.00,0.00,0.00,0.00
TXN-A-000986-L1971,TXN-A-000986,TXN-B-000986-L1972,TXN-B-000986,EXACT_PRIMARY_ID,100.00,IDENTITY_MATCHED,QUANTITY_MATCHED,PRICE_MATCHED,AMOUNT_MATCHED,MATCHED,N,0.00,0.00,0.00,PRD-0141,PRD-0141,NEXUS Eraser Pack 3 V,NEXUS Eraser Pack 3 V,108.48,108.48,3.12,3.12,34.77,34.77,0.00,0.00,0.00,0.00,0.00,0.00,0.00
TXN-A-000987-L1973,TXN-A-000987,TXN-B-000987-L1974,TXN-B-000987,EXACT_PRIMARY_ID,100.00,IDENTITY_MATCHED,QUANTITY_MATCHED,PRICE_MATCHED,AMOUNT_MATCHED,MATCHED,N,0.00,0.00,0.00,PRD-0052,PRD-0052,ZENITH Power Adapter 20 W,ZENITH Power Adapter 20 W,303.85,303.85,6.70,6.70,45.35,45.35,0.00,0.00,0.00,0.00,0.00,0.00,0.00
TXN-A-000988-L1975,TXN-A-000988,TXN-B-000988-L1976,TXN-B-000988,EXACT_PRIMARY_ID,100.00,IDENTITY_MATCHED,QUANTITY_MATCHED,PRICE_MATCHED,AMOUNT_MATCHED,MATCHED,N,0.00,0.00,0.00,PRD-0031,PRD-0031,ZENITH Binder Clip Box 3 V,ZENITH Binder Clip Box 3 V,414.93,414.93,7.19,7.19,57.71,57.71,0.00,0.00,0.00,0.00,0.00,0.00,0.00
TXN-A-000989-L1977,TXN-A-000989,TXN-B-000989-L1978,TXN-B-000989,EXACT_PRIMARY_ID,100.00,IDENTITY_MATCHED,QUANTITY_MATCHED,PRICE_MATCHED,AMOUNT_MATCHED,MATCHED,N,0.00,0.00,0.00,PRD-0057,PRD-0057,NEXUS Phone Case 1 L,NEXUS Phone Case 1 L,313.18,313.18,9.87,9.87,31.73,31.73,0.00,0.00,0.00,0.00,0.00,0.00,0.00
TXN-A-000990-L1979,TXN-A-000990,TXN-B-000990-L1980,TXN-B-000990,EXACT_PRIMARY_ID,100.00,IDENTITY_MATCHED,QUANTITY_MATCHED,PRICE_MATCHED,AMOUNT_MATCHED,MATCHED,N,0.00,0.00,0.00,PRD-0014,PRD-0014,AURORA Fabric Softener 250 MG,AURORA Fabric Softener 250 MG,1061.67,1061.67,9.48,9.48,111.99,111.99,0.00,0.00,0.00,0.00,0.00,0.00,0.00
TXN-A-000991-L1981,TXN-A-000991,TXN-B-000991-L1982,TXN-B-000991,EXACT_PRIMARY_ID,100.00,IDENTITY_MATCHED,QUANTITY_MATCHED,PRICE_MATCHED,AMOUNT_MATCHED,MATCHED,N,0.00,0.00,0.00,PRD-0074,PRD-0074,AURORA Hand Soap 1.5 V,AURORA Hand Soap 1.5 V,191.06,191.06,2.64,2.64,72.37,72.37,0.00,0.00,0.00,0.00,0.00,0.00,0.00
TXN-A-000992-L1983,TXN-A-000992,TXN-B-000992-L1984,TXN-B-000992,EXACT_PRIMARY_ID,100.00,IDENTITY_MATCHED,QUANTITY_MATCHED,PRICE_MATCHED,AMOUNT_MATCHED,MATCHED,N,0.00,0.00,0.00,PRD-0003,PRD-0003,NEXUS All Purpose Cleaner 250 ML,NEXUS All Purpose Cleaner 250 ML,838.93,838.93,7.19,7.19,116.68,116.68,0.00,0.00,0.00,0.00,0.00,0.00,0.00
TXN-A-000993-L1985,TXN-A-000993,TXN-B-000993-L1986,TXN-B-000993,EXACT_PRIMARY_ID,100.00,IDENTITY_MATCHED,QUANTITY_MATCHED,PRICE_MATCHED,AMOUNT_MATCHED,MATCHED,N,0.00,0.00,0.00,PRD-0095,PRD-0095,AURORA Lotion 1 KG,AURORA Lotion 1 KG,596.80,596.80,5.09,5.09,117.25,117.25,0.00,0.00,0.00,0.00,0.00,0.00,0.00
TXN-A-000994-L1987,TXN-A-000994,TXN-B-000994-L1988,TXN-B-000994,EXACT_PRIMARY_ID,100.00,IDENTITY_MATCHED,QUANTITY_MATCHED,PRICE_MATCHED,AMOUNT_MATCHED,MATCHED,N,0.00,0.00,0.00,PRD-0048,PRD-0048,NEXUS Tape Dispenser 3 V,NEXUS Tape Dispenser 3 V,521.07,521.07,8.11,8.11,64.25,64.25,0.00,0.00,0.00,0.00,0.00,0.00,0.00
TXN-A-000995-L1989,TXN-A-000995,TXN-B-000995-L1990,TXN-B-000995,EXACT_PRIMARY_ID,100.00,IDENTITY_MATCHED,QUANTITY_MATCHED,PRICE_MATCHED,AMOUNT_MATCHED,MATCHED,N,0.00,0.00,0.00,PRD-0110,PRD-0110,AURORA Storage Container 5 W,AURORA Storage Container 5 W,443.52,443.52,9.94,9.94,44.62,44.62,0.00,0.00,0.00,0.00,0.00,0.00,0.00
TXN-A-000996-L1991,TXN-A-000996,TXN-B-000996-L1992,TXN-B-000996,EXACT_PRIMARY_ID,100.00,IDENTITY_MATCHED,QUANTITY_MATCHED,PRICE_MATCHED,AMOUNT_MATCHED,MATCHED,N,0.00,0.00,0.00,PRD-0029,PRD-0029,AURORA Highlighter Set 9 V,AURORA Highlighter Set 9 V,245.45,245.45,9.39,9.39,26.14,26.14,0.00,0.00,0.00,0.00,0.00,0.00,0.00
TXN-A-000997-L1993,TXN-A-000997,TXN-B-000997-L1994,TXN-B-000997,EXACT_PRIMARY_ID,100.00,IDENTITY_MATCHED,QUANTITY_MATCHED,PRICE_MATCHED,AMOUNT_MATCHED,MATCHED,N,0.00,0.00,0.00,PRD-0020,PRD-0020,AURORA Air Freshener 200 G,AURORA Air Freshener 200 G,263.68,263.68,2.53,2.53,104.22,104.22,0.00,0.00,0.00,0.00,0.00,0.00,0.00
TXN-A-000998-L1995,TXN-A-000998,TXN-B-000998-L1996,TXN-B-000998,EXACT_PRIMARY_ID,100.00,IDENTITY_MATCHED,QUANTITY_MATCHED,PRICE_MATCHED,AMOUNT_MATCHED,MATCHED,N,0.00,0.00,0.00,PRD-0120,PRD-0120,NEXUS Peeler 30 CM,NEXUS Peeler 30 CM,766.80,766.80,8.00,8.00,95.85,95.85,0.00,0.00,0.00,0.00,0.00,0.00,0.00
TXN-A-000999-L1997,TXN-A-000999,TXN-B-000999-L1998,TXN-B-000999,EXACT_PRIMARY_ID,100.00,IDENTITY_MATCHED,QUANTITY_MATCHED,PRICE_MATCHED,AMOUNT_MATCHED,MATCHED,N,0.00,0.00,0.00,PRD-0127,PRD-0127,ZENITH Colored Pencil Set 50 G,ZENITH Colored Pencil Set 50 G,497.70,497.70,8.59,8.59,57.94,57.94,0.00,0.00,0.00,0.00,0.00,0.00,0.00
TXN-A-001000-L1999,TXN-A-001000,TXN-B-001000-L2000,TXN-B-001000,EXACT_PRIMARY_ID,100.00,IDENTITY_MATCHED,QUANTITY_MATCHED,PRICE_MATCHED,AMOUNT_MATCHED,MATCHED,N,0.00,0.00,0.00,PRD-0029,PRD-0029,AURORA Highlighter Set 9 V,AURORA Highlighter Set 9 V,92.54,92.54,3.54,3.54,26.14,26.14,0.00,0.00,0.00,0.00,0.00,0.00,0.00
TXN-A-001001-L2001,TXN-A-001001,TXN-B-001001-L2002,TXN-B-001001,EXACT_PRIMARY_ID,100.00,IDENTITY_MATCHED,QUANTITY_MATCHED,PRICE_MATCHED,AMOUNT_MATCHED,MATCHED,N,0.00,0.00,0.00,PRD-0033,PRD-0033,NEXUS Binder Clip Box 45 CM,NEXUS Binder Clip Box 45 CM,130.88,130.88,5.96,5.96,21.96,21.96,0.00,0.00,0.00,0.00,0.00,0.00,0.00
TXN-A-001002-L2003,TXN-A-001002,TXN-B-001002-L2004,TXN-B-001002,EXACT_PRIMARY_ID,100.00,IDENTITY_MATCHED,QUANTITY_MATCHED,PRICE_MATCHED,AMOUNT_MATCHED,MATCHED,N,0.00,0.00,0.00,PRD-0084,PRD-0084,NEXUS Toothpaste 15 W,NEXUS Toothpaste 15 W,245.64,245.64,7.43,7.43,33.06,33.06,0.00,0.00,0.00,0.00,0.00,0.00,0.00
TXN-A-001003-L2005,TXN-A-001003,TXN-B-001003-L2006,TXN-B-001003,EXACT_PRIMARY_ID,100.00,IDENTITY_MATCHED,QUANTITY_MATCHED,PRICE_MATCHED,AMOUNT_MATCHED,MATCHED,N,0.00,0.00,0.00,PRD-0015,PRD-0015,NEXUS Fabric Softener 200 G,NEXUS Fabric Softener 200 G,298.49,298.49,6.30,6.30,47.38,47.38,0.00,0.00,0.00,0.00,0.00,0.00,0.00
TXN-A-001004-L2007,TXN-A-001004,TXN-B-001004-L2008,TXN-B-001004,EXACT_PRIMARY_ID,100.00,IDENTITY_MATCHED,QUANTITY_MATCHED,PRICE_MATCHED,AMOUNT_MATCHED,MATCHED,N,0.00,0.00,0.00,PRD-0099,PRD-0099,NEXUS Cutting Board 500 ML,NEXUS Cutting Board 500 ML,960.35,960.35,8.51,8.51,112.85,112.85,0.00,0.00,0.00,0.00,0.00,0.00,0.00
TXN-A-001005-L2009,TXN-A-001005,TXN-B-001005-L2010,TXN-B-001005,EXACT_PRIMARY_ID,100.00,IDENTITY_MATCHED,QUANTITY_MATCHED,PRICE_MATCHED,AMOUNT_MATCHED,MATCHED,N,0.00,0.00,0.00,PRD-0149,PRD-0149,AURORA Wrench Set 45 CM,AURORA Wrench Set 45 CM,242.44,242.44,8.28,8.28,29.28,29.28,0.00,0.00,0.00,0.00,0.00,0.00,0.00
TXN-A-001006-L2011,TXN-A-001006,TXN-B-001006-L2012,TXN-B-001006,EXACT_PRIMARY_ID,100.00,IDENTITY_MATCHED,QUANTITY_MATCHED,PRICE_MATCHED,AMOUNT_MATCHED,MATCHED,N,0.00,0.00,0.00,PRD-0021,PRD-0021,NEXUS Air Freshener 30 CM,NEXUS Air Freshener 30 CM,16.40,16.40,1.18,1.18,13.90,13.90,0.00,0.00,0.00,0.00,0.00,0.00,0.00
TXN-A-001007-L2013,TXN-A-001007,TXN-B-001007-L2014,TXN-B-001007,EXACT_PRIMARY_ID,100.00,IDENTITY_MATCHED,QUANTITY_MATCHED,PRICE_MATCHED,AMOUNT_MATCHED,MATCHED,N,0.00,0.00,0.00,PRD-0082,PRD-0082,ZENITH Toothpaste 500 MG,ZENITH Toothpaste 500 MG,197.65,197.65,2.14,2.14,92.36,92.36,0.00,0.00,0.00,0.00,0.00,0.00,0.00
TXN-A-001008-L2015,TXN-A-001008,TXN-B-001008-L2016,TXN-B-001008,EXACT_PRIMARY_ID,100.00,IDENTITY_MATCHED,QUANTITY_MATCHED,PRICE_MATCHED,AMOUNT_MATCHED,MATCHED,N,0.00,0.00,0.00,PRD-0132,PRD-0132,NEXUS Ruler Set 60 CM,NEXUS Ruler Set 60 CM,25.29,25.29,1.22,1.22,20.73,20.73,0.00,0.00,0.00,0.00,0.00,0.00,0.00
TXN-A-001009-L2017,TXN-A-001009,TXN-B-001009-L2018,TXN-B-001009,EXACT_PRIMARY_ID,100.00,IDENTITY_MATCHED,QUANTITY_MATCHED,PRICE_MATCHED,AMOUNT_MATCHED,MATCHED,N,0.00,0.00,0.00,PRD-0111,PRD-0111,NEXUS Storage Container 500 G,NEXUS Storage Container 500 G,316.71,316.71,5.18,5.18,61.14,61.14,0.00,0.00,0.00,0.00,0.00,0.00,0.00
TXN-A-001010-L2019,TXN-A-001010,TXN-B-001010-L2020,TXN-B-001010,EXACT_PRIMARY_ID,100.00,IDENTITY_MATCHED,QUANTITY_MATCHED,PRICE_MATCHED,AMOUNT_MATCHED,MATCHED,N,0.00,0.00,0.00,PRD-0034,PRD-0034,ZENITH Stapler 100 MG,ZENITH Stapler 100 MG,608.34,608.34,7.61,7.61,79.94,79.94,0.00,0.00,0.00,0.00,0.00,0.00,0.00
TXN-A-001011-L2021,TXN-A-001011,TXN-B-001011-L2022,TXN-B-001011,EXACT_PRIMARY_ID,100.00,IDENTITY_MATCHED,QUANTITY_MATCHED,PRICE_MATCHED,AMOUNT_MATCHED,MATCHED,N,0.00,0.00,0.00,PRD-0133,PRD-0133,ZENITH Glue Stick 250 MG,ZENITH Glue Stick 250 MG,213.98,213.98,6.71,6.71,31.89,31.89,0.00,0.00,0.00,0.00,0.00,0.00,0.00
TXN-A-001012-L2023,TXN-A-001012,TXN-B-001012-L2024,TXN-B-001012,EXACT_PRIMARY_ID,100.00,IDENTITY_MATCHED,QUANTITY_MATCHED,PRICE_MATCHED,AMOUNT_MATCHED,MATCHED,N,0.00,0.00,0.00,PRD-0098,PRD-0098,AURORA Cutting Board 10 IN,AURORA Cutting Board 10 IN,116.04,116.04,6.79,6.79,17.09,17.09,0.00,0.00,0.00,0.00,0.00,0.00,0.00
TXN-A-001013-L2025,TXN-A-001013,TXN-B-001013-L2026,TXN-B-001013,EXACT_PRIMARY_ID,100.00,IDENTITY_MATCHED,QUANTITY_MATCHED,PRICE_MATCHED,AMOUNT_MATCHED,MATCHED,N,0.00,0.00,0.00,PRD-0006,PRD-0006,NEXUS Glass Spray 9 V,NEXUS Glass Spray 9 V,533.97,533.97,6.35,6.35,84.09,84.09,0.00,0.00,0.00,0.00,0.00,0.00,0.00
TXN-A-001014-L2027,TXN-A-001014,TXN-B-001014-L2028,TXN-B-001014,EXACT_PRIMARY_ID,100.00,IDENTITY_MATCHED,QUANTITY_MATCHED,PRICE_MATCHED,AMOUNT_MATCHED,MATCHED,N,0.00,0.00,0.00,PRD-0056,PRD-0056,AURORA Phone Case 20 W,AURORA Phone Case 20 W,150.12,150.12,9.00,9.00,16.68,16.68,0.00,0.00,0.00,0.00,0.00,0.00,0.00
TXN-A-001015-L2029,TXN-A-001015,TXN-B-001015-L2030,TXN-B-001015,EXACT_PRIMARY_ID,100.00,IDENTITY_MATCHED,QUANTITY_MATCHED,PRICE_MATCHED,AMOUNT_MATCHED,MATCHED,N,0.00,0.00,0.00,PRD-0072,PRD-0072,NEXUS Mouse Pad 100 G,NEXUS Mouse Pad 100 G,199.67,199.67,4.54,4.54,43.98,43.98,0.00,0.00,0.00,0.00,0.00,0.00,0.00
TXN-A-001016-L2031,TXN-A-001016,TXN-B-001016-L2032,TXN-B-001016,EXACT_PRIMARY_ID,100.00,IDENTITY_MATCHED,QUANTITY_MATCHED,PRICE_MATCHED,AMOUNT_MATCHED,MATCHED,N,0.00,0.00,0.00,PRD-0030,PRD-0030,NEXUS Highlighter Set 12 IN,NEXUS Highlighter Set 12 IN,441.52,441.52,6.35,6.35,69.53,69.53,0.00,0.00,0.00,0.00,0.00,0.00,0.00
TXN-A-001017-L2033,TXN-A-001017,TXN-B-001017-L2034,TXN-B-001017,EXACT_PRIMARY_ID,100.00,IDENTITY_MATCHED,QUANTITY_MATCHED,PRICE_MATCHED,AMOUNT_MATCHED,MATCHED,N,0.00,0.00,0.00,PRD-0140,PRD-0140,AURORA Eraser Pack 2000 MAH,AURORA Eraser Pack 2000 MAH,751.63,751.63,6.72,6.72,111.85,111.85,0.00,0.00,0.00,0.00,0.00,0.00,0.00
TXN-A-001018-L2035,TXN-A-001018,TXN-B-001018-L2036,TXN-B-001018,EXACT_PRIMARY_ID,100.00,IDENTITY_MATCHED,QUANTITY_MATCHED,PRICE_MATCHED,AMOUNT_MATCHED,MATCHED,N,0.00,0.00,0.00,PRD-0071,PRD-0071,AURORA Mouse Pad 50 G,AURORA Mouse Pad 50 G,99.94,99.94,5.77,5.77,17.32,17.32,0.00,0.00,0.00,0.00,0.00,0.00,0.00
TXN-A-001019-L2037,TXN-A-001019,TXN-B-001019-L2038,TXN-B-001019,EXACT_PRIMARY_ID,100.00,IDENTITY_MATCHED,QUANTITY_MATCHED,PRICE_MATCHED,AMOUNT_MATCHED,MATCHED,N,0.00,0.00,0.00,PRD-0057,PRD-0057,NEXUS Phone Case 1 L,NEXUS Phone Case 1 L,257.33,257.33,8.11,8.11,31.73,31.73,0.00,0.00,0.00,0.00,0.00,0.00,0.00
TXN-A-001020-L2039,TXN-A-001020,TXN-B-001020-L2040,TXN-B-001020,EXACT_PRIMARY_ID,100.00,IDENTITY_MATCHED,QUANTITY_MATCHED,PRICE_MATCHED,AMOUNT_MATCHED,MATCHED,N,0.00,0.00,0.00,PRD-0122,PRD-0122,AURORA Notebook 5000 MAH,AURORA Notebook 5000 MAH,156.31,156.31,4.90,4.90,31.90,31.90,0.00,0.00,0.00,0.00,0.00,0.00,0.00
TXN-A-001021-L2041,TXN-A-001021,TXN-B-001021-L2042,TXN-B-001021,EXACT_BARCODE,97.00,IDENTITY_MATCHED,QUANTITY_MATCHED,PRICE_MATCHED,AMOUNT_MATCHED,MATCHED,N,0.00,0.00,0.00,PRD-0020,PRD-9852,AURORA Air Freshener 200 G,AURORA Air Freshener 200 G,208.44,208.44,2.00,2.00,104.22,104.22,0.00,0.00,0.00,0.00,0.00,0.00,0.00
TXN-A-001022-L2043,TXN-A-001022,TXN-B-001022-L2044,TXN-B-001022,EXACT_BARCODE,97.00,IDENTITY_MATCHED,QUANTITY_MATCHED,PRICE_MATCHED,AMOUNT_MATCHED,MATCHED,N,0.00,0.00,0.00,PRD-0123,PRD-9937,NEXUS Notebook 3 V,NEXUS Notebook 3 V,43.68,43.68,2.84,2.84,15.38,15.38,0.00,0.00,0.00,0.00,0.00,0.00,0.00
TXN-A-001023-L2045,TXN-A-001023,TXN-B-001023-L2046,TXN-B-001023,EXACT_BARCODE,97.00,IDENTITY_MATCHED,QUANTITY_MATCHED,PRICE_MATCHED,AMOUNT_MATCHED,MATCHED,N,0.00,0.00,0.00,PRD-0011,PRD-9647,AURORA Laundry Detergent 2000 MAH,AURORA Laundry Detergent 2000 MAH,328.20,328.20,3.35,3.35,97.97,97.97,0.00,0.00,0.00,0.00,0.00,0.00,0.00
TXN-A-001024-L2047,TXN-A-001024,TXN-B-001024-L2048,TXN-B-001024,EXACT_BARCODE,97.00,IDENTITY_MATCHED,QUANTITY_MATCHED,PRICE_MATCHED,AMOUNT_MATCHED,MATCHED,N,0.00,0.00,0.00,PRD-0058,PRD-9267,ZENITH Screen Protector 3 V,ZENITH Screen Protector 3 V,224.75,224.75,3.08,3.08,72.97,72.97,0.00,0.00,0.00,0.00,0.00,0.00,0.00
TXN-A-001025-L2049,TXN-A-001025,TXN-B-001025-L2050,TXN-B-001025,EXACT_BARCODE,97.00,IDENTITY_MATCHED,QUANTITY_MATCHED,PRICE_MATCHED,AMOUNT_MATCHED,MATCHED,N,0.00,0.00,0.00,PRD-0101,PRD-9566,AURORA Mixing Bowl Set 100 MG,AURORA Mixing Bowl Set 100 MG,1107.40,1107.40,9.75,9.75,113.58,113.58,0.00,0.00,0.00,0.00,0.00,0.00,0.00
TXN-A-001026-L2051,TXN-A-001026,TXN-B-001026-L2052,TXN-B-001026,EXACT_BARCODE,97.00,IDENTITY_MATCHED,QUANTITY_MATCHED,PRICE_MATCHED,AMOUNT_MATCHED,MATCHED,N,0.00,0.00,0.00,PRD-0098,PRD-9112,AURORA Cutting Board 10 IN,AURORA Cutting Board 10 IN,130.74,130.74,7.65,7.65,17.09,17.09,0.00,0.00,0.00,0.00,0.00,0.00,0.00
TXN-A-001027-L2053,TXN-A-001027,TXN-B-001027-L2054,TXN-B-001027,EXACT_BARCODE,97.00,IDENTITY_MATCHED,QUANTITY_MATCHED,PRICE_MATCHED,AMOUNT_MATCHED,MATCHED,N,0.00,0.00,0.00,PRD-0069,PRD-9423,NEXUS HDMI Cable 1.5 L,NEXUS HDMI Cable 1.5 L,368.28,368.28,8.11,8.11,45.41,45.41,0.00,0.00,0.00,0.00,0.00,0.00,0.00
TXN-A-001028-L2055,TXN-A-001028,TXN-B-001028-L2056,TXN-B-001028,EXACT_BARCODE,97.00,IDENTITY_MATCHED,QUANTITY_MATCHED,PRICE_MATCHED,AMOUNT_MATCHED,MATCHED,N,0.00,0.00,0.00,PRD-0098,PRD-9392,AURORA Cutting Board 10 IN,AURORA Cutting Board 10 IN,50.07,50.07,2.93,2.93,17.09,17.09,0.00,0.00,0.00,0.00,0.00,0.00,0.00
TXN-A-001029-L2057,TXN-A-001029,TXN-B-001029-L2058,TXN-B-001029,EXACT_BARCODE,97.00,IDENTITY_MATCHED,QUANTITY_MATCHED,PRICE_MATCHED,AMOUNT_MATCHED,MATCHED,N,0.00,0.00,0.00,PRD-0058,PRD-9675,ZENITH Screen Protector 3 V,ZENITH Screen Protector 3 V,515.90,515.90,7.07,7.07,72.97,72.97,0.00,0.00,0.00,0.00,0.00,0.00,0.00
TXN-A-001030-L2059,TXN-A-001030,TXN-B-001030-L2060,TXN-B-001030,EXACT_BARCODE,97.00,IDENTITY_MATCHED,QUANTITY_MATCHED,PRICE_MATCHED,AMOUNT_MATCHED,MATCHED,N,0.00,0.00,0.00,PRD-0115,PRD-9927,ZENITH Can Opener 2000 MAH,ZENITH Can Opener 2000 MAH,108.85,108.85,1.69,1.69,64.41,64.41,0.00,0.00,0.00,0.00,0.00,0.00,0.00
TXN-A-001031-L2061,TXN-A-001031,TXN-B-001031-L2062,TXN-B-001031,EXACT_BARCODE,97.00,IDENTITY_MATCHED,QUANTITY_MATCHED,PRICE_MATCHED,AMOUNT_MATCHED,MATCHED,N,0.00,0.00,0.00,PRD-0064,PRD-9580,ZENITH Charging Dock 15 W,ZENITH Charging Dock 15 W,389.97,389.97,6.48,6.48,60.18,60.18,0.00,0.00,0.00,0.00,0.00,0.00,0.00
TXN-A-001032-L2063,TXN-A-001032,TXN-B-001032-L2064,TXN-B-001032,EXACT_BARCODE,97.00,IDENTITY_MATCHED,QUANTITY_MATCHED,PRICE_MATCHED,AMOUNT_MATCHED,MATCHED,N,0.00,0.00,0.00,PRD-0013,PRD-9179,ZENITH Fabric Softener 1 L,ZENITH Fabric Softener 1 L,49.21,49.21,5.10,5.10,9.65,9.65,0.00,0.00,0.00,0.00,0.00,0.00,0.00
TXN-A-001033-L2065,TXN-A-001033,TXN-B-001033-L2066,TXN-B-001033,EXACT_BARCODE,97.00,IDENTITY_MATCHED,QUANTITY_MATCHED,PRICE_MATCHED,AMOUNT_MATCHED,MATCHED,N,0.00,0.00,0.00,PRD-0077,PRD-9544,AURORA Shampoo 1 KG,AURORA Shampoo 1 KG,293.15,293.15,2.75,2.75,106.60,106.60,0.00,0.00,0.00,0.00,0.00,0.00,0.00
TXN-A-001034-L2067,TXN-A-001034,TXN-B-001034-L2068,TXN-B-001034,EXACT_BARCODE,97.00,IDENTITY_MATCHED,QUANTITY_MATCHED,PRICE_MATCHED,AMOUNT_MATCHED,MATCHED,N,0.00,0.00,0.00,PRD-0069,PRD-9138,NEXUS HDMI Cable 1.5 L,NEXUS HDMI Cable 1.5 L,169.83,169.83,3.74,3.74,45.41,45.41,0.00,0.00,0.00,0.00,0.00,0.00,0.00
TXN-A-001035-L2069,TXN-A-001035,TXN-B-001035-L2070,TXN-B-001035,EXACT_BARCODE,97.00,IDENTITY_MATCHED,QUANTITY_MATCHED,PRICE_MATCHED,AMOUNT_MATCHED,MATCHED,N,0.00,0.00,0.00,PRD-0041,PRD-9053,AURORA File Folder Pack 9 V,AURORA File Folder Pack 9 V,587.07,587.07,9.92,9.92,59.18,59.18,0.00,0.00,0.00,0.00,0.00,0.00,0.00
TXN-A-001036-L2071,TXN-A-001036,TXN-B-001036-L2072,TXN-B-001036,EXACT_BARCODE,97.00,IDENTITY_MATCHED,QUANTITY_MATCHED,PRICE_MATCHED,AMOUNT_MATCHED,MATCHED,N,0.00,0.00,0.00,PRD-0040,PRD-9135,ZENITH File Folder Pack 750 ML,ZENITH File Folder Pack 750 ML,861.72,861.72,7.67,7.67,112.35,112.35,0.00,0.00,0.00,0.00,0.00,0.00,0.00
TXN-A-001037-L2073,TXN-A-001037,TXN-B-001037-L2074,TXN-B-001037,EXACT_BARCODE,97.00,IDENTITY_MATCHED,QUANTITY_MATCHED,PRICE_MATCHED,AMOUNT_MATCHED,MATCHED,N,0.00,0.00,0.00,PRD-0061,PRD-9939,ZENITH Battery Pack 200 G,ZENITH Battery Pack 200 G,492.21,492.21,7.68,7.68,64.09,64.09,0.00,0.00,0.00,0.00,0.00,0.00,0.00
TXN-A-001038-L2075,TXN-A-001038,TXN-B-001038-L2076,TXN-B-001038,EXACT_BARCODE,97.00,IDENTITY_MATCHED,QUANTITY_MATCHED,PRICE_MATCHED,AMOUNT_MATCHED,MATCHED,N,0.00,0.00,0.00,PRD-0044,PRD-9143,AURORA Whiteboard Marker 12 IN,AURORA Whiteboard Marker 12 IN,54.89,54.89,1.41,1.41,38.93,38.93,0.00,0.00,0.00,0.00,0.00,0.00,0.00
TXN-A-001039-L2077,TXN-A-001039,TXN-B-001039-L2078,TXN-B-001039,EXACT_BARCODE,97.00,IDENTITY_MATCHED,QUANTITY_MATCHED,PRICE_MATCHED,AMOUNT_MATCHED,MATCHED,N,0.00,0.00,0.00,PRD-0041,PRD-9866,AURORA File Folder Pack 9 V,AURORA File Folder Pack 9 V,68.65,68.65,1.16,1.16,59.18,59.18,0.00,0.00,0.00,0.00,0.00,0.00,0.00
TXN-A-001040-L2079,TXN-A-001040,TXN-B-001040-L2080,TXN-B-001040,EXACT_BARCODE,97.00,IDENTITY_MATCHED,QUANTITY_MATCHED,PRICE_MATCHED,AMOUNT_MATCHED,MATCHED,N,0.00,0.00,0.00,PRD-0015,PRD-9678,NEXUS Fabric Softener 200 G,NEXUS Fabric Softener 200 G,373.83,373.83,7.89,7.89,47.38,47.38,0.00,0.00,0.00,0.00,0.00,0.00,0.00
TXN-A-001041-L2081,TXN-A-001041,TXN-B-001041-L2082,TXN-B-001041,EXACT_BARCODE,97.00,IDENTITY_MATCHED,QUANTITY_MATCHED,PRICE_MATCHED,AMOUNT_MATCHED,MATCHED,N,0.00,0.00,0.00,PRD-0070,PRD-9783,ZENITH Mouse Pad 200 G,ZENITH Mouse Pad 200 G,1046.87,1046.87,9.20,9.20,113.79,113.79,0.00,0.00,0.00,0.00,0.00,0.00,0.00
TXN-A-001042-L2083,TXN-A-001042,TXN-B-001042-L2084,TXN-B-001042,EXACT_BARCODE,97.00,IDENTITY_MATCHED,QUANTITY_MATCHED,PRICE_MATCHED,AMOUNT_MATCHED,MATCHED,N,0.00,0.00,0.00,PRD-0112,PRD-9750,ZENITH Kitchen Towel 30 CM,ZENITH Kitchen Towel 30 CM,670.60,670.60,6.67,6.67,100.54,100.54,0.00,0.00,0.00,0.00,0.00,0.00,0.00
TXN-A-001043-L2085,TXN-A-001043,TXN-B-001043-L2086,TXN-B-001043,EXACT_BARCODE,97.00,IDENTITY_MATCHED,QUANTITY_MATCHED,PRICE_MATCHED,AMOUNT_MATCHED,MATCHED,N,0.00,0.00,0.00,PRD-0119,PRD-9959,AURORA Peeler 100 MG,AURORA Peeler 100 MG,14.63,14.63,1.10,1.10,13.30,13.30,0.00,0.00,0.00,0.00,0.00,0.00,0.00
TXN-A-001044-L2087,TXN-A-001044,TXN-B-001044-L2088,TXN-B-001044,EXACT_BARCODE,97.00,IDENTITY_MATCHED,QUANTITY_MATCHED,PRICE_MATCHED,AMOUNT_MATCHED,MATCHED,N,0.00,0.00,0.00,PRD-0008,PRD-9773,AURORA Dish Liquid 10000 MAH,AURORA Dish Liquid 10000 MAH,265.11,265.11,2.37,2.37,111.86,111.86,0.00,0.00,0.00,0.00,0.00,0.00,0.00
TXN-A-001045-L2089,TXN-A-001045,TXN-B-001045-L2090,TXN-B-001045,EXACT_BARCODE,97.00,IDENTITY_MATCHED,QUANTITY_MATCHED,PRICE_MATCHED,AMOUNT_MATCHED,MATCHED,N,0.00,0.00,0.00,PRD-0018,PRD-9356,NEXUS Surface Wipes 500 MG,NEXUS Surface Wipes 500 MG,231.14,231.14,5.88,5.88,39.31,39.31,0.00,0.00,0.00,0.00,0.00,0.00,0.00
TXN-A-001046-L2091,TXN-A-001046,TXN-B-001046-L2092,TXN-B-001046,EXACT_BARCODE,97.00,IDENTITY_MATCHED,QUANTITY_MATCHED,PRICE_MATCHED,AMOUNT_MATCHED,MATCHED,N,0.00,0.00,0.00,PRD-0117,PRD-9400,NEXUS Can Opener 5 W,NEXUS Can Opener 5 W,163.24,163.24,2.70,2.70,60.46,60.46,0.00,0.00,0.00,0.00,0.00,0.00,0.00
TXN-A-001047-L2093,TXN-A-001047,TXN-B-001047-L2094,TXN-B-001047,EXACT_BARCODE,97.00,IDENTITY_MATCHED,QUANTITY_MATCHED,PRICE_MATCHED,AMOUNT_MATCHED,MATCHED,N,0.00,0.00,0.00,PRD-0116,PRD-9250,AURORA Can Opener 500 MG,AURORA Can Opener 500 MG,194.22,194.22,2.41,2.41,80.59,80.59,0.00,0.00,0.00,0.00,0.00,0.00,0.00
TXN-A-001048-L2095,TXN-A-001048,TXN-B-001048-L2096,TXN-B-001048,EXACT_BARCODE,97.00,IDENTITY_MATCHED,QUANTITY_MATCHED,PRICE_MATCHED,AMOUNT_MATCHED,MATCHED,N,0.00,0.00,0.00,PRD-0132,PRD-9895,NEXUS Ruler Set 60 CM,NEXUS Ruler Set 60 CM,76.08,76.08,3.67,3.67,20.73,20.73,0.00,0.00,0.00,0.00,0.00,0.00,0.00
TXN-A-001049-L2097,TXN-A-001049,TXN-B-001049-L2098,TXN-B-001049,EXACT_BARCODE,97.00,IDENTITY_MATCHED,QUANTITY_MATCHED,PRICE_MATCHED,AMOUNT_MATCHED,MATCHED,N,0.00,0.00,0.00,PRD-0124,PRD-9047,ZENITH Sketch Pad 500 MG,ZENITH Sketch Pad 500 MG,327.75,327.75,6.90,6.90,47.50,47.50,0.00,0.00,0.00,0.00,0.00,0.00,0.00
TXN-A-001050-L2099,TXN-A-001050,TXN-B-001050-L2100,TXN-B-001050,EXACT_BARCODE,97.00,IDENTITY_MATCHED,QUANTITY_MATCHED,PRICE_MATCHED,AMOUNT_MATCHED,MATCHED,N,0.00,0.00,0.00,PRD-0050,PRD-9146,AURORA USB Cable 10000 MAH,AURORA USB Cable 10000 MAH,5.75,5.75,1.86,1.86,3.09,3.09,0.00,0.00,0.00,0.00,0.00,0.00,0.00
TXN-A-001051-L2101,TXN-A-001051,TXN-B-001051-L2102,TXN-B-001051,EXACT_BARCODE,97.00,IDENTITY_MATCHED,QUANTITY_MATCHED,PRICE_MATCHED,AMOUNT_MATCHED,MATCHED,N,0.00,0.00,0.00,PRD-0032,PRD-9085,AURORA Binder Clip Box 3 V,AURORA Binder Clip Box 3 V,754.16,754.16,9.55,9.55,78.97,78.97,0.00,0.00,0.00,0.00,0.00,0.00,0.00
TXN-A-001052-L2103,TXN-A-001052,TXN-B-001052-L2104,TXN-B-001052,EXACT_BARCODE,97.00,IDENTITY_MATCHED,QUANTITY_MATCHED,PRICE_MATCHED,AMOUNT_MATCHED,MATCHED,N,0.00,0.00,0.00,PRD-0024,PRD-9337,NEXUS Floor Polish 100 MG,NEXUS Floor Polish 100 MG,93.88,93.88,1.24,1.24,75.71,75.71,0.00,0.00,0.00,0.00,0.00,0.00,0.00
TXN-A-001053-L2105,TXN-A-001053,TXN-B-001053-L2106,TXN-B-001053,EXACT_BARCODE,97.00,IDENTITY_MATCHED,QUANTITY_MATCHED,PRICE_MATCHED,AMOUNT_MATCHED,MATCHED,N,0.00,0.00,0.00,PRD-0100,PRD-9493,ZENITH Mixing Bowl Set 250 ML,ZENITH Mixing Bowl Set 250 ML,339.75,339.75,5.38,5.38,63.15,63.15,0.00,0.00,0.00,0.00,0.00,0.00,0.00
TXN-A-001054-L2107,TXN-A-001054,TXN-B-001054-L2108,TXN-B-001054,EXACT_BARCODE,97.00,IDENTITY_MATCHED,QUANTITY_MATCHED,PRICE_MATCHED,AMOUNT_MATCHED,MATCHED,N,0.00,0.00,0.00,PRD-0149,PRD-9235,AURORA Wrench Set 45 CM,AURORA Wrench Set 45 CM,281.09,281.09,9.60,9.60,29.28,29.28,0.00,0.00,0.00,0.00,0.00,0.00,0.00
TXN-A-001055-L2109,TXN-A-001055,TXN-B-001055-L2110,TXN-B-001055,EXACT_BARCODE,97.00,IDENTITY_MATCHED,QUANTITY_MATCHED,PRICE_MATCHED,AMOUNT_MATCHED,MATCHED,N,0.00,0.00,0.00,PRD-0088,PRD-9162,ZENITH Face Cream 30 CM,ZENITH Face Cream 30 CM,7.71,7.71,2.90,2.90,2.66,2.66,0.00,0.00,0.00,0.00,0.00,0.00,0.00
TXN-A-001056-L2111,TXN-A-001056,TXN-B-001056-L2112,TXN-B-001056,EXACT_BARCODE,97.00,IDENTITY_MATCHED,QUANTITY_MATCHED,PRICE_MATCHED,AMOUNT_MATCHED,MATCHED,N,0.00,0.00,0.00,PRD-0050,PRD-9330,AURORA USB Cable 10000 MAH,AURORA USB Cable 10000 MAH,26.39,26.39,8.54,8.54,3.09,3.09,0.00,0.00,0.00,0.00,0.00,0.00,0.00
TXN-A-001057-L2113,TXN-A-001057,TXN-B-001057-L2114,TXN-B-001057,EXACT_BARCODE,97.00,IDENTITY_MATCHED,QUANTITY_MATCHED,PRICE_MATCHED,AMOUNT_MATCHED,MATCHED,N,0.00,0.00,0.00,PRD-0009,PRD-9995,NEXUS Dish Liquid 10 W,NEXUS Dish Liquid 10 W,158.18,158.18,1.55,1.55,102.05,102.05,0.00,0.00,0.00,0.00,0.00,0.00,0.00
TXN-A-001058-L2115,TXN-A-001058,TXN-B-001058-L2116,TXN-B-001058,EXACT_BARCODE,97.00,IDENTITY_MATCHED,QUANTITY_MATCHED,PRICE_MATCHED,AMOUNT_MATCHED,MATCHED,N,0.00,0.00,0.00,PRD-0096,PRD-9938,NEXUS Lotion 1 KG,NEXUS Lotion 1 KG,139.13,139.13,5.42,5.42,25.67,25.67,0.00,0.00,0.00,0.00,0.00,0.00,0.00
TXN-A-001059-L2117,TXN-A-001059,TXN-B-001059-L2118,TXN-B-001059,EXACT_BARCODE,97.00,IDENTITY_MATCHED,QUANTITY_MATCHED,PRICE_MATCHED,AMOUNT_MATCHED,MATCHED,N,0.00,0.00,0.00,PRD-0068,PRD-9727,AURORA HDMI Cable 10000 MAH,AURORA HDMI Cable 10000 MAH,380.53,380.53,9.80,9.80,38.83,38.83,0.00,0.00,0.00,0.00,0.00,0.00,0.00
TXN-A-001060-L2119,TXN-A-001060,TXN-B-001060-L2120,TXN-B-001060,EXACT_BARCODE,97.00,IDENTITY_MATCHED,QUANTITY_MATCHED,PRICE_MATCHED,AMOUNT_MATCHED,MATCHED,N,0.00,0.00,0.00,PRD-0120,PRD-9475,NEXUS Peeler 30 CM,NEXUS Peeler 30 CM,278.92,278.92,2.91,2.91,95.85,95.85,0.00,0.00,0.00,0.00,0.00,0.00,0.00
TXN-A-001061-L2121,TXN-A-001061,TXN-B-001061-L2122,TXN-B-001061,EXACT_BARCODE,97.00,IDENTITY_MATCHED,QUANTITY_MATCHED,PRICE_MATCHED,AMOUNT_MATCHED,MATCHED,N,0.00,0.00,0.00,PRD-0124,PRD-9992,ZENITH Sketch Pad 500 MG,ZENITH Sketch Pad 500 MG,233.22,233.22,4.91,4.91,47.50,47.50,0.00,0.00,0.00,0.00,0.00,0.00,0.00
TXN-A-001062-L2123,TXN-A-001062,TXN-B-001062-L2124,TXN-B-001062,EXACT_BARCODE,97.00,IDENTITY_MATCHED,QUANTITY_MATCHED,PRICE_MATCHED,AMOUNT_MATCHED,MATCHED,N,0.00,0.00,0.00,PRD-0144,PRD-9106,NEXUS Marker Set 250 ML,NEXUS Marker Set 250 ML,263.53,263.53,6.58,6.58,40.05,40.05,0.00,0.00,0.00,0.00,0.00,0.00,0.00
TXN-A-001063-L2125,TXN-A-001063,TXN-B-001063-L2126,TXN-B-001063,EXACT_BARCODE,97.00,IDENTITY_MATCHED,QUANTITY_MATCHED,PRICE_MATCHED,AMOUNT_MATCHED,MATCHED,N,0.00,0.00,0.00,PRD-0014,PRD-9180,AURORA Fabric Softener 250 MG,AURORA Fabric Softener 250 MG,350.53,350.53,3.13,3.13,111.99,111.99,0.00,0.00,0.00,0.00,0.00,0.00,0.00
TXN-A-001064-L2127,TXN-A-001064,TXN-B-001064-L2128,TXN-B-001064,EXACT_BARCODE,97.00,IDENTITY_MATCHED,QUANTITY_MATCHED,PRICE_MATCHED,AMOUNT_MATCHED,MATCHED,N,0.00,0.00,0.00,PRD-0029,PRD-9280,AURORA Highlighter Set 9 V,AURORA Highlighter Set 9 V,220.62,220.62,8.44,8.44,26.14,26.14,0.00,0.00,0.00,0.00,0.00,0.00,0.00
TXN-A-001065-L2129,TXN-A-001065,TXN-B-001065-L2130,TXN-B-001065,EXACT_BARCODE,97.00,IDENTITY_MATCHED,QUANTITY_MATCHED,PRICE_MATCHED,AMOUNT_MATCHED,MATCHED,N,0.00,0.00,0.00,PRD-0029,PRD-9494,AURORA Highlighter Set 9 V,AURORA Highlighter Set 9 V,187.69,187.69,7.18,7.18,26.14,26.14,0.00,0.00,0.00,0.00,0.00,0.00,0.00
TXN-A-001066-L2131,TXN-A-001066,TXN-B-001066-L2132,TXN-B-001066,EXACT_BARCODE,97.00,IDENTITY_MATCHED,QUANTITY_MATCHED,PRICE_MATCHED,AMOUNT_MATCHED,MATCHED,N,0.00,0.00,0.00,PRD-0119,PRD-9059,AURORA Peeler 100 MG,AURORA Peeler 100 MG,107.07,107.07,8.05,8.05,13.30,13.30,0.00,0.00,0.00,0.00,0.00,0.00,0.00
TXN-A-001067-L2133,TXN-A-001067,TXN-B-001067-L2134,TXN-B-001067,EXACT_BARCODE,97.00,IDENTITY_MATCHED,QUANTITY_MATCHED,PRICE_MATCHED,AMOUNT_MATCHED,MATCHED,N,0.00,0.00,0.00,PRD-0114,PRD-9820,NEXUS Kitchen Towel 10 W,NEXUS Kitchen Towel 10 W,247.90,247.90,9.94,9.94,24.94,24.94,0.00,0.00,0.00,0.00,0.00,0.00,0.00
TXN-A-001068-L2135,TXN-A-001068,TXN-B-001068-L2136,TXN-B-001068,EXACT_BARCODE,97.00,IDENTITY_MATCHED,QUANTITY_MATCHED,PRICE_MATCHED,AMOUNT_MATCHED,MATCHED,N,0.00,0.00,0.00,PRD-0150,PRD-9606,NEXUS Wrench Set 9 V,NEXUS Wrench Set 9 V,386.30,386.30,4.34,4.34,89.01,89.01,0.00,0.00,0.00,0.00,0.00,0.00,0.00
TXN-A-001069-L2137,TXN-A-001069,TXN-B-001069-L2138,TXN-B-001069,EXACT_BARCODE,97.00,IDENTITY_MATCHED,QUANTITY_MATCHED,PRICE_MATCHED,AMOUNT_MATCHED,MATCHED,N,0.00,0.00,0.00,PRD-0018,PRD-9545,NEXUS Surface Wipes 500 MG,NEXUS Surface Wipes 500 MG,42.45,42.45,1.08,1.08,39.31,39.31,0.00,0.00,0.00,0.00,0.00,0.00,0.00
TXN-A-001070-L2139,TXN-A-001070,TXN-B-001070-L2140,TXN-B-001070,EXACT_BARCODE,97.00,IDENTITY_MATCHED,QUANTITY_MATCHED,PRICE_MATCHED,AMOUNT_MATCHED,MATCHED,N,0.00,0.00,0.00,PRD-0001,PRD-9869,ZENITH All Purpose Cleaner 10 IN,ZENITH All Purpose Cleaner 10 IN,297.47,297.47,8.60,8.60,34.59,34.59,0.00,0.00,0.00,0.00,0.00,0.00,0.00
TXN-A-001071-L2141,TXN-A-001071,TXN-B-001071-L2142,TXN-B-001071,EXACT_BARCODE,97.00,IDENTITY_MATCHED,QUANTITY_MATCHED,PRICE_MATCHED,AMOUNT_MATCHED,MATCHED,N,0.00,0.00,0.00,PRD-0095,PRD-9416,AURORA Lotion 1 KG,AURORA Lotion 1 KG,684.74,684.74,5.84,5.84,117.25,117.25,0.00,0.00,0.00,0.00,0.00,0.00,0.00
TXN-A-001072-L2143,TXN-A-001072,TXN-B-001072-L2144,TXN-B-001072,EXACT_BARCODE,97.00,IDENTITY_MATCHED,QUANTITY_MATCHED,PRICE_MATCHED,AMOUNT_MATCHED,MATCHED,N,0.00,0.00,0.00,PRD-0013,PRD-9105,ZENITH Fabric Softener 1 L,ZENITH Fabric Softener 1 L,18.72,18.72,1.94,1.94,9.65,9.65,0.00,0.00,0.00,0.00,0.00,0.00,0.00
TXN-A-001073-L2145,TXN-A-001073,TXN-B-001073-L2146,TXN-B-001073,EXACT_BARCODE,97.00,IDENTITY_MATCHED,QUANTITY_MATCHED,PRICE_MATCHED,AMOUNT_MATCHED,MATCHED,N,0.00,0.00,0.00,PRD-0110,PRD-9803,AURORA Storage Container 5 W,AURORA Storage Container 5 W,259.69,259.69,5.82,5.82,44.62,44.62,0.00,0.00,0.00,0.00,0.00,0.00,0.00
TXN-A-001074-L2147,TXN-A-001074,TXN-B-001074-L2148,TXN-B-001074,EXACT_BARCODE,97.00,IDENTITY_MATCHED,QUANTITY_MATCHED,PRICE_MATCHED,AMOUNT_MATCHED,MATCHED,N,0.00,0.00,0.00,PRD-0072,PRD-9357,NEXUS Mouse Pad 100 G,NEXUS Mouse Pad 100 G,140.74,140.74,3.20,3.20,43.98,43.98,0.00,0.00,0.00,0.00,0.00,0.00,0.00
TXN-A-001075-L2149,TXN-A-001075,TXN-B-001075-L2150,TXN-B-001075,EXACT_BARCODE,97.00,IDENTITY_MATCHED,QUANTITY_MATCHED,PRICE_MATCHED,AMOUNT_MATCHED,MATCHED,N,0.00,0.00,0.00,PRD-0149,PRD-9524,AURORA Wrench Set 45 CM,AURORA Wrench Set 45 CM,76.71,76.71,2.62,2.62,29.28,29.28,0.00,0.00,0.00,0.00,0.00,0.00,0.00
TXN-A-001076-L2151,TXN-A-001076,TXN-B-001076-L2152,TXN-B-001076,EXACT_BARCODE,97.00,IDENTITY_MATCHED,QUANTITY_MATCHED,PRICE_MATCHED,AMOUNT_MATCHED,MATCHED,N,0.00,0.00,0.00,PRD-0014,PRD-9460,AURORA Fabric Softener 250 MG,AURORA Fabric Softener 250 MG,187.02,187.02,1.67,1.67,111.99,111.99,0.00,0.00,0.00,0.00,0.00,0.00,0.00
TXN-A-001077-L2153,TXN-A-001077,TXN-B-001077-L2154,TXN-B-001077,EXACT_BARCODE,97.00,IDENTITY_MATCHED,QUANTITY_MATCHED,PRICE_MATCHED,AMOUNT_MATCHED,MATCHED,N,0.00,0.00,0.00,PRD-0140,PRD-9323,AURORA Eraser Pack 2000 MAH,AURORA Eraser Pack 2000 MAH,268.44,268.44,2.40,2.40,111.85,111.85,0.00,0.00,0.00,0.00,0.00,0.00,0.00
TXN-A-001078-L2155,TXN-A-001078,TXN-B-001078-L2156,TXN-B-001078,EXACT_BARCODE,97.00,IDENTITY_MATCHED,QUANTITY_MATCHED,PRICE_MATCHED,AMOUNT_MATCHED,MATCHED,N,0.00,0.00,0.00,PRD-0138,PRD-9821,NEXUS Scissors 500 MG,NEXUS Scissors 500 MG,301.58,301.58,3.13,3.13,96.35,96.35,0.00,0.00,0.00,0.00,0.00,0.00,0.00
TXN-A-001079-L2157,TXN-A-001079,TXN-B-001079-L2158,TXN-B-001079,EXACT_BARCODE,97.00,IDENTITY_MATCHED,QUANTITY_MATCHED,PRICE_MATCHED,AMOUNT_MATCHED,MATCHED,N,0.00,0.00,0.00,PRD-0124,PRD-9721,ZENITH Sketch Pad 500 MG,ZENITH Sketch Pad 500 MG,313.50,313.50,6.60,6.60,47.50,47.50,0.00,0.00,0.00,0.00,0.00,0.00,0.00
TXN-A-001080-L2159,TXN-A-001080,TXN-B-001080-L2160,TXN-B-001080,EXACT_BARCODE,97.00,IDENTITY_MATCHED,QUANTITY_MATCHED,PRICE_MATCHED,AMOUNT_MATCHED,MATCHED,N,0.00,0.00,0.00,PRD-0065,PRD-9180,AURORA Charging Dock 3 V,AURORA Charging Dock 3 V,126.51,126.51,7.42,7.42,17.05,17.05,0.00,0.00,0.00,0.00,0.00,0.00,0.00
TXN-A-001081-L2161,TXN-A-001081,TXN-B-001081-L2162,TXN-B-001081,EXACT_BARCODE,97.00,IDENTITY_MATCHED,QUANTITY_MATCHED,PRICE_MATCHED,AMOUNT_MATCHED,MATCHED,N,0.00,0.00,0.00,PRD-0005,PRD-9202,AURORA Glass Spray 500 G,AURORA Glass Spray 500 G,829.63,829.63,7.46,7.46,111.21,111.21,0.00,0.00,0.00,0.00,0.00,0.00,0.00
TXN-A-001082-L2163,TXN-A-001082,TXN-B-001082-L2164,TXN-B-001082,EXACT_BARCODE,97.00,IDENTITY_MATCHED,QUANTITY_MATCHED,PRICE_MATCHED,AMOUNT_MATCHED,MATCHED,N,0.00,0.00,0.00,PRD-0087,PRD-9401,NEXUS Deodorant 9 V,NEXUS Deodorant 9 V,540.04,540.04,4.63,4.63,116.64,116.64,0.00,0.00,0.00,0.00,0.00,0.00,0.00
TXN-A-001083-L2165,TXN-A-001083,TXN-B-001083-L2166,TXN-B-001083,EXACT_BARCODE,97.00,IDENTITY_MATCHED,QUANTITY_MATCHED,PRICE_MATCHED,AMOUNT_MATCHED,MATCHED,N,0.00,0.00,0.00,PRD-0026,PRD-9314,AURORA Ballpoint Pen 250 ML,AURORA Ballpoint Pen 250 ML,211.13,211.13,7.84,7.84,26.93,26.93,0.00,0.00,0.00,0.00,0.00,0.00,0.00
TXN-A-001084-L2167,TXN-A-001084,TXN-B-001084-L2168,TXN-B-001084,EXACT_BARCODE,97.00,IDENTITY_MATCHED,QUANTITY_MATCHED,PRICE_MATCHED,AMOUNT_MATCHED,MATCHED,N,0.00,0.00,0.00,PRD-0052,PRD-9186,ZENITH Power Adapter 20 W,ZENITH Power Adapter 20 W,416.77,416.77,9.19,9.19,45.35,45.35,0.00,0.00,0.00,0.00,0.00,0.00,0.00
TXN-A-001085-L2169,TXN-A-001085,TXN-B-001085-L2170,TXN-B-001085,EXACT_BARCODE,97.00,IDENTITY_MATCHED,QUANTITY_MATCHED,PRICE_MATCHED,AMOUNT_MATCHED,MATCHED,N,0.00,0.00,0.00,PRD-0061,PRD-9077,ZENITH Battery Pack 200 G,ZENITH Battery Pack 200 G,486.44,486.44,7.59,7.59,64.09,64.09,0.00,0.00,0.00,0.00,0.00,0.00,0.00
TXN-A-001086-L2171,TXN-A-001086,TXN-B-001086-L2172,TXN-B-001086,EXACT_BARCODE,97.00,IDENTITY_MATCHED,QUANTITY_MATCHED,PRICE_MATCHED,AMOUNT_MATCHED,MATCHED,N,0.00,0.00,0.00,PRD-0069,PRD-9511,NEXUS HDMI Cable 1.5 L,NEXUS HDMI Cable 1.5 L,202.53,202.53,4.46,4.46,45.41,45.41,0.00,0.00,0.00,0.00,0.00,0.00,0.00
TXN-A-001087-L2173,TXN-A-001087,TXN-B-001087-L2174,TXN-B-001087,EXACT_BARCODE,97.00,IDENTITY_MATCHED,QUANTITY_MATCHED,PRICE_MATCHED,AMOUNT_MATCHED,MATCHED,N,0.00,0.00,0.00,PRD-0108,PRD-9977,NEXUS Spatula Set 500 MG,NEXUS Spatula Set 500 MG,502.56,502.56,4.85,4.85,103.62,103.62,0.00,0.00,0.00,0.00,0.00,0.00,0.00
TXN-A-001088-L2175,TXN-A-001088,TXN-B-001088-L2176,TXN-B-001088,EXACT_BARCODE,97.00,IDENTITY_MATCHED,QUANTITY_MATCHED,PRICE_MATCHED,AMOUNT_MATCHED,MATCHED,N,0.00,0.00,0.00,PRD-0111,PRD-9368,NEXUS Storage Container 500 G,NEXUS Storage Container 500 G,159.58,159.58,2.61,2.61,61.14,61.14,0.00,0.00,0.00,0.00,0.00,0.00,0.00
TXN-A-001089-L2177,TXN-A-001089,TXN-B-001089-L2178,TXN-B-001089,EXACT_BARCODE,97.00,IDENTITY_MATCHED,QUANTITY_MATCHED,PRICE_MATCHED,AMOUNT_MATCHED,MATCHED,N,0.00,0.00,0.00,PRD-0091,PRD-9452,ZENITH Hair Gel 1.5 L,ZENITH Hair Gel 1.5 L,277.26,277.26,3.16,3.16,87.74,87.74,0.00,0.00,0.00,0.00,0.00,0.00,0.00
TXN-A-001090-L2179,TXN-A-001090,TXN-B-001090-L2180,TXN-B-001090,EXACT_BARCODE,97.00,IDENTITY_MATCHED,QUANTITY_MATCHED,PRICE_MATCHED,AMOUNT_MATCHED,MATCHED,N,0.00,0.00,0.00,PRD-0145,PRD-9124,ZENITH Screwdriver Set 10 W,ZENITH Screwdriver Set 10 W,317.48,317.48,9.94,9.94,31.94,31.94,0.00,0.00,0.00,0.00,0.00,0.00,0.00
TXN-A-001091-L2181,TXN-A-001091,TXN-B-001091-L2182,TXN-B-001091,EXACT_BARCODE,97.00,IDENTITY_MATCHED,QUANTITY_MATCHED,PRICE_MATCHED,AMOUNT_MATCHED,MATCHED,N,0.00,0.00,0.00,PRD-0131,PRD-9041,AURORA Ruler Set 60 CM,AURORA Ruler Set 60 CM,61.98,61.98,4.11,4.11,15.08,15.08,0.00,0.00,0.00,0.00,0.00,0.00,0.00
TXN-A-001092-L2183,TXN-A-001092,TXN-B-001092-L2184,TXN-B-001092,EXACT_BARCODE,97.00,IDENTITY_MATCHED,QUANTITY_MATCHED,PRICE_MATCHED,AMOUNT_MATCHED,MATCHED,N,0.00,0.00,0.00,PRD-0010,PRD-9398,ZENITH Laundry Detergent 1.5 V,ZENITH Laundry Detergent 1.5 V,154.33,154.33,6.10,6.10,25.30,25.30,0.00,0.00,0.00,0.00,0.00,0.00,0.00
TXN-A-001093-L2185,TXN-A-001093,TXN-B-001093-L2186,TXN-B-001093,EXACT_BARCODE,97.00,IDENTITY_MATCHED,QUANTITY_MATCHED,PRICE_MATCHED,AMOUNT_MATCHED,MATCHED,N,0.00,0.00,0.00,PRD-0045,PRD-9932,NEXUS Whiteboard Marker 45 CM,NEXUS Whiteboard Marker 45 CM,203.30,203.30,6.88,6.88,29.55,29.55,0.00,0.00,0.00,0.00,0.00,0.00,0.00
TXN-A-001094-L2187,TXN-A-001094,TXN-B-001094-L2188,TXN-B-001094,EXACT_BARCODE,97.00,IDENTITY_MATCHED,QUANTITY_MATCHED,PRICE_MATCHED,AMOUNT_MATCHED,MATCHED,N,0.00,0.00,0.00,PRD-0049,PRD-9042,ZENITH USB Cable 1 KG,ZENITH USB Cable 1 KG,395.18,395.18,7.83,7.83,50.47,50.47,0.00,0.00,0.00,0.00,0.00,0.00,0.00
TXN-A-001095-L2189,TXN-A-001095,TXN-B-001095-L2190,TXN-B-001095,EXACT_BARCODE,97.00,IDENTITY_MATCHED,QUANTITY_MATCHED,PRICE_MATCHED,AMOUNT_MATCHED,MATCHED,N,0.00,0.00,0.00,PRD-0120,PRD-9357,NEXUS Peeler 30 CM,NEXUS Peeler 30 CM,890.45,890.45,9.29,9.29,95.85,95.85,0.00,0.00,0.00,0.00,0.00,0.00,0.00
TXN-A-001096-L2191,TXN-A-001096,TXN-B-001096-L2192,TXN-B-001096,EXACT_BARCODE,97.00,IDENTITY_MATCHED,QUANTITY_MATCHED,PRICE_MATCHED,AMOUNT_MATCHED,MATCHED,N,0.00,0.00,0.00,PRD-0041,PRD-9592,AURORA File Folder Pack 9 V,AURORA File Folder Pack 9 V,494.15,494.15,8.35,8.35,59.18,59.18,0.00,0.00,0.00,0.00,0.00,0.00,0.00
TXN-A-001097-L2193,TXN-A-001097,TXN-B-001097-L2194,TXN-B-001097,EXACT_BARCODE,97.00,IDENTITY_MATCHED,QUANTITY_MATCHED,PRICE_MATCHED,AMOUNT_MATCHED,MATCHED,N,0.00,0.00,0.00,PRD-0050,PRD-9577,AURORA USB Cable 10000 MAH,AURORA USB Cable 10000 MAH,15.02,15.02,4.86,4.86,3.09,3.09,0.00,0.00,0.00,0.00,0.00,0.00,0.00
TXN-A-001098-L2195,TXN-A-001098,TXN-B-001098-L2196,TXN-B-001098,EXACT_BARCODE,97.00,IDENTITY_MATCHED,QUANTITY_MATCHED,PRICE_MATCHED,AMOUNT_MATCHED,MATCHED,N,0.00,0.00,0.00,PRD-0045,PRD-9199,NEXUS Whiteboard Marker 45 CM,NEXUS Whiteboard Marker 45 CM,233.74,233.74,7.91,7.91,29.55,29.55,0.00,0.00,0.00,0.00,0.00,0.00,0.00
TXN-A-001099-L2197,TXN-A-001099,TXN-B-001099-L2198,TXN-B-001099,EXACT_BARCODE,97.00,IDENTITY_MATCHED,QUANTITY_MATCHED,PRICE_MATCHED,AMOUNT_MATCHED,MATCHED,N,0.00,0.00,0.00,PRD-0121,PRD-9695,ZENITH Notebook 1 L,ZENITH Notebook 1 L,197.92,197.92,9.24,9.24,21.42,21.42,0.00,0.00,0.00,0.00,0.00,0.00,0.00
TXN-A-001100-L2199,TXN-A-001100,TXN-B-001100-L2200,TXN-B-001100,EXACT_BARCODE,97.00,IDENTITY_MATCHED,QUANTITY_MATCHED,PRICE_MATCHED,AMOUNT_MATCHED,MATCHED,N,0.00,0.00,0.00,PRD-0016,PRD-9393,ZENITH Surface Wipes 60 CM,ZENITH Surface Wipes 60 CM,454.65,454.65,7.82,7.82,58.14,58.14,0.00,0.00,0.00,0.00,0.00,0.00,0.00
TXN-A-001101-L2201,TXN-A-001101,TXN-B-001101-L2202,TXN-B-001101,EXACT_BARCODE,97.00,IDENTITY_MATCHED,QUANTITY_MATCHED,PRICE_MATCHED,AMOUNT_MATCHED,MATCHED,N,0.00,0.00,0.00,PRD-0011,PRD-9559,AURORA Laundry Detergent 2000 MAH,AURORA Laundry Detergent 2000 MAH,422.25,422.25,4.31,4.31,97.97,97.97,0.00,0.00,0.00,0.00,0.00,0.00,0.00
TXN-A-001102-L2203,TXN-A-001102,TXN-B-001102-L2204,TXN-B-001102,EXACT_BARCODE,97.00,IDENTITY_MATCHED,QUANTITY_MATCHED,PRICE_MATCHED,AMOUNT_MATCHED,MATCHED,N,0.00,0.00,0.00,PRD-0013,PRD-9856,ZENITH Fabric Softener 1 L,ZENITH Fabric Softener 1 L,16.12,16.12,1.67,1.67,9.65,9.65,0.00,0.00,0.00,0.00,0.00,0.00,0.00
TXN-A-001103-L2205,TXN-A-001103,TXN-B-001103-L2206,TXN-B-001103,EXACT_BARCODE,97.00,IDENTITY_MATCHED,QUANTITY_MATCHED,PRICE_MATCHED,AMOUNT_MATCHED,MATCHED,N,0.00,0.00,0.00,PRD-0106,PRD-9295,ZENITH Spatula Set 1 KG,ZENITH Spatula Set 1 KG,230.84,230.84,9.74,9.74,23.70,23.70,0.00,0.00,0.00,0.00,0.00,0.00,0.00
TXN-A-001104-L2207,TXN-A-001104,TXN-B-001104-L2208,TXN-B-001104,EXACT_BARCODE,97.00,IDENTITY_MATCHED,QUANTITY_MATCHED,PRICE_MATCHED,AMOUNT_MATCHED,MATCHED,N,0.00,0.00,0.00,PRD-0014,PRD-9323,AURORA Fabric Softener 250 MG,AURORA Fabric Softener 250 MG,781.69,781.69,6.98,6.98,111.99,111.99,0.00,0.00,0.00,0.00,0.00,0.00,0.00
TXN-A-001105-L2209,TXN-A-001105,TXN-B-001105-L2210,TXN-B-001105,EXACT_BARCODE,97.00,IDENTITY_MATCHED,QUANTITY_MATCHED,PRICE_MATCHED,AMOUNT_MATCHED,MATCHED,N,0.00,0.00,0.00,PRD-0033,PRD-9934,NEXUS Binder Clip Box 45 CM,NEXUS Binder Clip Box 45 CM,109.80,109.80,5.00,5.00,21.96,21.96,0.00,0.00,0.00,0.00,0.00,0.00,0.00
TXN-A-001106-L2211,TXN-A-001106,TXN-B-001106-L2212,TXN-B-001106,EXACT_BARCODE,97.00,IDENTITY_MATCHED,QUANTITY_MATCHED,PRICE_MATCHED,AMOUNT_MATCHED,MATCHED,N,0.00,0.00,0.00,PRD-0040,PRD-9332,ZENITH File Folder Pack 750 ML,ZENITH File Folder Pack 750 ML,192.12,192.12,1.71,1.71,112.35,112.35,0.00,0.00,0.00,0.00,0.00,0.00,0.00
TXN-A-001107-L2213,TXN-A-001107,TXN-B-001107-L2214,TXN-B-001107,EXACT_BARCODE,97.00,IDENTITY_MATCHED,QUANTITY_MATCHED,PRICE_MATCHED,AMOUNT_MATCHED,MATCHED,N,0.00,0.00,0.00,PRD-0025,PRD-9287,ZENITH Ballpoint Pen 1 KG,ZENITH Ballpoint Pen 1 KG,268.46,268.46,7.24,7.24,37.08,37.08,0.00,0.00,0.00,0.00,0.00,0.00,0.00
TXN-A-001108-L2215,TXN-A-001108,TXN-B-001108-L2216,TXN-B-001108,EXACT_BARCODE,97.00,IDENTITY_MATCHED,QUANTITY_MATCHED,PRICE_MATCHED,AMOUNT_MATCHED,MATCHED,N,0.00,0.00,0.00,PRD-0096,PRD-9709,NEXUS Lotion 1 KG,NEXUS Lotion 1 KG,29.52,29.52,1.15,1.15,25.67,25.67,0.00,0.00,0.00,0.00,0.00,0.00,0.00
TXN-A-001109-L2217,TXN-A-001109,TXN-B-001109-L2218,TXN-B-001109,EXACT_BARCODE,97.00,IDENTITY_MATCHED,QUANTITY_MATCHED,PRICE_MATCHED,AMOUNT_MATCHED,MATCHED,N,0.00,0.00,0.00,PRD-0049,PRD-9489,ZENITH USB Cable 1 KG,ZENITH USB Cable 1 KG,234.69,234.69,4.65,4.65,50.47,50.47,0.00,0.00,0.00,0.00,0.00,0.00,0.00
TXN-A-001110-L2219,TXN-A-001110,TXN-B-001110-L2220,TXN-B-001110,EXACT_BARCODE,97.00,IDENTITY_MATCHED,QUANTITY_MATCHED,PRICE_MATCHED,AMOUNT_MATCHED,MATCHED,N,0.00,0.00,0.00,PRD-0013,PRD-9208,ZENITH Fabric Softener 1 L,ZENITH Fabric Softener 1 L,33.20,33.20,3.44,3.44,9.65,9.65,0.00,0.00,0.00,0.00,0.00,0.00,0.00
TXN-A-001111-L2221,TXN-A-001111,TXN-B-001111-L2222,TXN-B-001111,EXACT_BARCODE,97.00,IDENTITY_MATCHED,QUANTITY_MATCHED,PRICE_MATCHED,AMOUNT_MATCHED,MATCHED,N,0.00,0.00,0.00,PRD-0073,PRD-9364,ZENITH Hand Soap 250 MG,ZENITH Hand Soap 250 MG,125.66,125.66,5.56,5.56,22.60,22.60,0.00,0.00,0.00,0.00,0.00,0.00,0.00
TXN-A-001112-L2223,TXN-A-001112,TXN-B-001112-L2224,TXN-B-001112,EXACT_BARCODE,97.00,IDENTITY_MATCHED,QUANTITY_MATCHED,PRICE_MATCHED,AMOUNT_MATCHED,MATCHED,N,0.00,0.00,0.00,PRD-0017,PRD-9029,AURORA Surface Wipes 9 V,AURORA Surface Wipes 9 V,180.84,180.84,2.24,2.24,80.73,80.73,0.00,0.00,0.00,0.00,0.00,0.00,0.00
TXN-A-001113-L2225,TXN-A-001113,TXN-B-001113-L2226,TXN-B-001113,EXACT_BARCODE,97.00,IDENTITY_MATCHED,QUANTITY_MATCHED,PRICE_MATCHED,AMOUNT_MATCHED,MATCHED,N,0.00,0.00,0.00,PRD-0095,PRD-9909,AURORA Lotion 1 KG,AURORA Lotion 1 KG,1076.36,1076.36,9.18,9.18,117.25,117.25,0.00,0.00,0.00,0.00,0.00,0.00,0.00
TXN-A-001114-L2227,TXN-A-001114,TXN-B-001114-L2228,TXN-B-001114,EXACT_BARCODE,97.00,IDENTITY_MATCHED,QUANTITY_MATCHED,PRICE_MATCHED,AMOUNT_MATCHED,MATCHED,N,0.00,0.00,0.00,PRD-0017,PRD-9054,AURORA Surface Wipes 9 V,AURORA Surface Wipes 9 V,636.15,636.15,7.88,7.88,80.73,80.73,0.00,0.00,0.00,0.00,0.00,0.00,0.00
TXN-A-001115-L2229,TXN-A-001115,TXN-B-001115-L2230,TXN-B-001115,EXACT_BARCODE,97.00,IDENTITY_MATCHED,QUANTITY_MATCHED,PRICE_MATCHED,AMOUNT_MATCHED,MATCHED,N,0.00,0.00,0.00,PRD-0073,PRD-9062,ZENITH Hand Soap 250 MG,ZENITH Hand Soap 250 MG,182.16,182.16,8.06,8.06,22.60,22.60,0.00,0.00,0.00,0.00,0.00,0.00,0.00
TXN-A-001116-L2231,TXN-A-001116,TXN-B-001116-L2232,TXN-B-001116,EXACT_BARCODE,97.00,IDENTITY_MATCHED,QUANTITY_MATCHED,PRICE_MATCHED,AMOUNT_MATCHED,MATCHED,N,0.00,0.00,0.00,PRD-0011,PRD-9221,AURORA Laundry Detergent 2000 MAH,AURORA Laundry Detergent 2000 MAH,782.78,782.78,7.99,7.99,97.97,97.97,0.00,0.00,0.00,0.00,0.00,0.00,0.00
TXN-A-001117-L2233,TXN-A-001117,TXN-B-001117-L2234,TXN-B-001117,EXACT_BARCODE,97.00,IDENTITY_MATCHED,QUANTITY_MATCHED,PRICE_MATCHED,AMOUNT_MATCHED,MATCHED,N,0.00,0.00,0.00,PRD-0056,PRD-9866,AURORA Phone Case 20 W,AURORA Phone Case 20 W,20.85,20.85,1.25,1.25,16.68,16.68,0.00,0.00,0.00,0.00,0.00,0.00,0.00
TXN-A-001118-L2235,TXN-A-001118,TXN-B-001118-L2236,TXN-B-001118,EXACT_BARCODE,97.00,IDENTITY_MATCHED,QUANTITY_MATCHED,PRICE_MATCHED,AMOUNT_MATCHED,MATCHED,N,0.00,0.00,0.00,PRD-0125,PRD-9058,AURORA Sketch Pad 1.5 V,AURORA Sketch Pad 1.5 V,693.95,693.95,6.74,6.74,102.96,102.96,0.00,0.00,0.00,0.00,0.00,0.00,0.00
TXN-A-001119-L2237,TXN-A-001119,TXN-B-001119-L2238,TXN-B-001119,EXACT_BARCODE,97.00,IDENTITY_MATCHED,QUANTITY_MATCHED,PRICE_MATCHED,AMOUNT_MATCHED,MATCHED,N,0.00,0.00,0.00,PRD-0124,PRD-9967,ZENITH Sketch Pad 500 MG,ZENITH Sketch Pad 500 MG,366.23,366.23,7.71,7.71,47.50,47.50,0.00,0.00,0.00,0.00,0.00,0.00,0.00
TXN-A-001120-L2239,TXN-A-001120,TXN-B-001120-L2240,TXN-B-001120,EXACT_BARCODE,97.00,IDENTITY_MATCHED,QUANTITY_MATCHED,PRICE_MATCHED,AMOUNT_MATCHED,MATCHED,N,0.00,0.00,0.00,PRD-0068,PRD-9293,AURORA HDMI Cable 10000 MAH,AURORA HDMI Cable 10000 MAH,175.12,175.12,4.51,4.51,38.83,38.83,0.00,0.00,0.00,0.00,0.00,0.00,0.00
TXN-A-001121-L2241,TXN-A-001121,TXN-B-001121-L2242,TXN-B-001121,EXACT_BARCODE,97.00,IDENTITY_MATCHED,QUANTITY_MATCHED,PRICE_MATCHED,AMOUNT_MATCHED,MATCHED,N,0.00,0.00,0.00,PRD-0128,PRD-9011,AURORA Colored Pencil Set 5 W,AURORA Colored Pencil Set 5 W,74.10,74.10,3.00,3.00,24.70,24.70,0.00,0.00,0.00,0.00,0.00,0.00,0.00
TXN-A-001122-L2243,TXN-A-001122,TXN-B-001122-L2244,TXN-B-001122,EXACT_BARCODE,97.00,IDENTITY_MATCHED,QUANTITY_MATCHED,PRICE_MATCHED,AMOUNT_MATCHED,MATCHED,N,0.00,0.00,0.00,PRD-0062,PRD-9495,AURORA Battery Pack 2000 MAH,AURORA Battery Pack 2000 MAH,185.63,185.63,2.65,2.65,70.05,70.05,0.00,0.00,0.00,0.00,0.00,0.00,0.00
TXN-A-001123-L2245,TXN-A-001123,TXN-B-001123-L2246,TXN-B-001123,EXACT_BARCODE,97.00,IDENTITY_MATCHED,QUANTITY_MATCHED,PRICE_MATCHED,AMOUNT_MATCHED,MATCHED,N,0.00,0.00,0.00,PRD-0071,PRD-9529,AURORA Mouse Pad 50 G,AURORA Mouse Pad 50 G,136.65,136.65,7.89,7.89,17.32,17.32,0.00,0.00,0.00,0.00,0.00,0.00,0.00
TXN-A-001124-L2247,TXN-A-001124,TXN-B-001124-L2248,TXN-B-001124,EXACT_BARCODE,97.00,IDENTITY_MATCHED,QUANTITY_MATCHED,PRICE_MATCHED,AMOUNT_MATCHED,MATCHED,N,0.00,0.00,0.00,PRD-0093,PRD-9884,NEXUS Hair Gel 10 W,NEXUS Hair Gel 10 W,226.99,226.99,8.33,8.33,27.25,27.25,0.00,0.00,0.00,0.00,0.00,0.00,0.00
TXN-A-001125-L2249,TXN-A-001125,TXN-B-001125-L2250,TXN-B-001125,EXACT_BARCODE,97.00,IDENTITY_MATCHED,QUANTITY_MATCHED,PRICE_MATCHED,AMOUNT_MATCHED,MATCHED,N,0.00,0.00,0.00,PRD-0046,PRD-9129,ZENITH Tape Dispenser 250 ML,ZENITH Tape Dispenser 250 ML,166.68,166.68,6.00,6.00,27.78,27.78,0.00,0.00,0.00,0.00,0.00,0.00,0.00
TXN-A-001126-L2251,TXN-A-001126,TXN-B-001126-L2252,TXN-B-001126,EXACT_BARCODE,97.00,IDENTITY_MATCHED,QUANTITY_MATCHED,PRICE_MATCHED,AMOUNT_MATCHED,MATCHED,N,0.00,0.00,0.00,PRD-0076,PRD-9595,ZENITH Shampoo 200 G,ZENITH Shampoo 200 G,53.09,53.09,4.33,4.33,12.26,12.26,0.00,0.00,0.00,0.00,0.00,0.00,0.00
TXN-A-001127-L2253,TXN-A-001127,TXN-B-001127-L2254,TXN-B-001127,EXACT_BARCODE,97.00,IDENTITY_MATCHED,QUANTITY_MATCHED,PRICE_MATCHED,AMOUNT_MATCHED,MATCHED,N,0.00,0.00,0.00,PRD-0144,PRD-9059,NEXUS Marker Set 250 ML,NEXUS Marker Set 250 ML,124.96,124.96,3.12,3.12,40.05,40.05,0.00,0.00,0.00,0.00,0.00,0.00,0.00
TXN-A-001128-L2255,TXN-A-001128,TXN-B-001128-L2256,TXN-B-001128,EXACT_BARCODE,97.00,IDENTITY_MATCHED,QUANTITY_MATCHED,PRICE_MATCHED,AMOUNT_MATCHED,MATCHED,N,0.00,0.00,0.00,PRD-0087,PRD-9977,NEXUS Deodorant 9 V,NEXUS Deodorant 9 V,1165.23,1165.23,9.99,9.99,116.64,116.64,0.00,0.00,0.00,0.00,0.00,0.00,0.00
TXN-A-001129-L2257,TXN-A-001129,TXN-B-001129-L2258,TXN-B-001129,EXACT_BARCODE,97.00,IDENTITY_MATCHED,QUANTITY_MATCHED,PRICE_MATCHED,AMOUNT_MATCHED,MATCHED,N,0.00,0.00,0.00,PRD-0016,PRD-9835,ZENITH Surface Wipes 60 CM,ZENITH Surface Wipes 60 CM,181.40,181.40,3.12,3.12,58.14,58.14,0.00,0.00,0.00,0.00,0.00,0.00,0.00
TXN-A-001130-L2259,TXN-A-001130,TXN-B-001130-L2260,TXN-B-001130,EXACT_BARCODE,97.00,IDENTITY_MATCHED,QUANTITY_MATCHED,PRICE_MATCHED,AMOUNT_MATCHED,MATCHED,N,0.00,0.00,0.00,PRD-0120,PRD-9039,NEXUS Peeler 30 CM,NEXUS Peeler 30 CM,118.85,118.85,1.24,1.24,95.85,95.85,0.00,0.00,0.00,0.00,0.00,0.00,0.00
TXN-A-001131-L2261,TXN-A-001131,TXN-B-001601-L3268,TXN-B-001601,EXACT_BARCODE,97.00,IDENTITY_MATCHED,QUANTITY_EXCESS,PRICE_MATCHED,AMOUNT_VARIANCE,QUANTITY_AND_AMOUNT_DIFFERENCE,Y,0.69,0.00,80.71,PRD-0148,PRD-0148,ZENITH Wrench Set 30 CM,ZENITH Wrench Set 30 CM,316.99,236.28,2.71,2.02,116.97,116.97,80.71,80.71,80.71,0.00,0.00,0.00,80.71
TXN-A-001132-L2263,TXN-A-001132,TXN-B-001394-L2788,TXN-B-001394,EXACT_BARCODE,97.00,IDENTITY_MATCHED,QUANTITY_SHORTAGE,PRICE_MATCHED,AMOUNT_VARIANCE,QUANTITY_AND_AMOUNT_DIFFERENCE,Y,-5.87,0.00,-444.42,PRD-0024,PRD-6114,NEXUS Floor Polish 100 MG,NEXUS Floor PolishX 100 MG,262.71,707.13,3.47,9.34,75.71,75.71,-444.42,444.42,444.42,0.00,0.00,0.00,444.42
TXN-A-001133-L2265,TXN-A-001133,TXN-B-001340-L2680,TXN-B-001340,EXACT_BARCODE,97.00,IDENTITY_MATCHED,QUANTITY_EXCESS,PRICE_MATCHED,AMOUNT_VARIANCE,QUANTITY_AND_AMOUNT_DIFFERENCE,Y,7.39,0.00,85.21,PRD-0037,PRD-6947,ZENITH Desk Organizer 5 W,ZENITH Desk OrganizerX 5 W,107.23,22.02,9.30,1.91,11.53,11.53,85.21,85.21,85.21,0.00,0.00,0.00,85.21
TXN-A-001134-L2267,TXN-A-001134,TXN-B-001948-L3991,TXN-B-001948,EXACT_BARCODE,97.00,IDENTITY_MATCHED,QUANTITY_EXCESS,PRICE_MATCHED,AMOUNT_VARIANCE,QUANTITY_AND_AMOUNT_DIFFERENCE,Y,3.04,0.00,243.01,PRD-0034,PRD-0034,ZENITH Stapler 100 MG,ZENITH Stapler 100 MG,555.58,312.57,6.95,3.91,79.94,79.94,243.01,243.01,243.02,0.00,0.00,0.00,243.01
TXN-A-001135-L2269,TXN-A-001135,TXN-B-001362-L2724,TXN-B-001362,EXACT_BARCODE,97.00,IDENTITY_MATCHED,QUANTITY_SHORTAGE,PRICE_MATCHED,AMOUNT_VARIANCE,QUANTITY_AND_AMOUNT_DIFFERENCE,Y,-0.36,0.00,-18.83,PRD-0086,PRD-6246,AURORA Deodorant 500 G,AURORA Deodorant 500X G,152.75,171.58,2.92,3.28,52.31,52.31,-18.83,18.83,18.83,0.00,0.00,0.00,18.83
TXN-A-001136-L2271,TXN-A-001136,TXN-B-001790-L3675,TXN-B-001790,EXACT_BARCODE,97.00,IDENTITY_MATCHED,QUANTITY_EXCESS,PRICE_VARIANCE,AMOUNT_VARIANCE,QUANTITY_AND_AMOUNT_DIFFERENCE,Y,7.83,-4.29,808.79,PRD-0020,PRD-0020,AURORA Air Freshener 200 G,AURORA Air Freshener 200 G,992.17,183.38,9.52,1.69,104.22,108.51,808.79,808.79,849.63,40.84,0.00,0.00,808.79
TXN-A-001137-L2273,TXN-A-001137,TXN-B-001555-L3070,TXN-B-001555,EXACT_BARCODE,97.00,IDENTITY_MATCHED,QUANTITY_EXCESS,PRICE_MATCHED,AMOUNT_VARIANCE,QUANTITY_AND_AMOUNT_DIFFERENCE,Y,0.54,0.00,50.90,PRD-0051,PRD-0051,NEXUS USB Cable 500 MG,NEXUS USB Cable 500 MG,886.99,836.09,9.41,8.87,94.26,94.26,50.90,50.90,50.90,0.00,0.00,0.00,50.90
TXN-A-001138-L2275,TXN-A-001138,TXN-B-001559-L3074,TXN-B-001559,EXACT_BARCODE,97.00,IDENTITY_MATCHED,QUANTITY_EXCESS,PRICE_MATCHED,AMOUNT_VARIANCE,QUANTITY_AND_AMOUNT_DIFFERENCE,Y,1.28,0.00,9.62,PRD-0103,PRD-0103,ZENITH Measuring Cup 10000 MAH,ZENITH Measuring Cup 10000 MAH,45.29,35.67,6.03,4.75,7.51,7.51,9.62,9.62,9.61,0.00,0.01,0.00,9.62
TXN-A-001139-L2277,TXN-A-001139,TXN-B-001364-L2728,TXN-B-001364,EXACT_BARCODE,97.00,IDENTITY_MATCHED,QUANTITY_SHORTAGE,PRICE_MATCHED,AMOUNT_VARIANCE,QUANTITY_AND_AMOUNT_DIFFERENCE,Y,-1.02,0.00,-65.70,PRD-0115,PRD-6083,ZENITH Can Opener 2000 MAH,ZENITH Can OpenerX 2000 MAH,161.02,226.72,2.50,3.52,64.41,64.41,-65.70,65.70,65.70,0.00,0.00,0.00,65.70
TXN-A-001140-L2279,TXN-A-001140,TXN-B-001389-L2778,TXN-B-001389,EXACT_BARCODE,97.00,IDENTITY_MATCHED,QUANTITY_EXCESS,PRICE_MATCHED,AMOUNT_VARIANCE,QUANTITY_AND_AMOUNT_DIFFERENCE,Y,0.34,0.00,7.46,PRD-0033,PRD-6956,NEXUS Binder Clip Box 45 CM,NEXUS Binder Clip BoxX 45 CM,107.38,99.92,4.89,4.55,21.96,21.96,7.46,7.46,7.47,0.00,0.00,0.00,7.46
TXN-A-001141-L2281,TXN-A-001141,TXN-B-001521-L3036,TXN-B-001521,EXACT_BARCODE,97.00,IDENTITY_MATCHED,QUANTITY_SHORTAGE,PRICE_MATCHED,AMOUNT_VARIANCE,QUANTITY_AND_AMOUNT_DIFFERENCE,Y,-2.33,0.00,-22.49,PRD-0013,PRD-0013,ZENITH Fabric Softener 1 L,ZENITH Fabric Softener 1 L,53.36,75.85,5.53,7.86,9.65,9.65,-22.49,22.49,22.48,0.00,0.01,0.00,22.49
TXN-A-001142-L2283,TXN-A-001142,TXN-B-001338-L2676,TXN-B-001338,EXACT_BARCODE,97.00,IDENTITY_MATCHED,QUANTITY_SHORTAGE,PRICE_MATCHED,AMOUNT_VARIANCE,QUANTITY_AND_AMOUNT_DIFFERENCE,Y,-2.78,0.00,-272.35,PRD-0011,PRD-6439,AURORA Laundry Detergent 2000 MAH,AURORA Laundry DetergentX 2000 MAH,538.84,811.19,5.50,8.28,97.97,97.97,-272.35,272.35,272.36,0.00,0.00,0.00,272.35
TXN-A-001143-L2285,TXN-A-001143,TXN-B-001631-L3357,TXN-B-001631,EXACT_BARCODE,97.00,IDENTITY_MATCHED,QUANTITY_EXCESS,PRICE_MATCHED,AMOUNT_VARIANCE,QUANTITY_AND_AMOUNT_DIFFERENCE,Y,0.63,0.00,28.12,PRD-0110,PRD-0110,AURORA Storage Container 5 W,AURORA Storage Container 5 W,396.23,368.11,8.88,8.25,44.62,44.62,28.12,28.12,28.11,0.00,0.01,0.00,28.12
TXN-A-001144-L2287,TXN-A-001144,TXN-B-001377-L2754,TXN-B-001377,EXACT_BARCODE,97.00,IDENTITY_MATCHED,QUANTITY_EXCESS,PRICE_MATCHED,AMOUNT_VARIANCE,QUANTITY_AND_AMOUNT_DIFFERENCE,Y,2.65,0.00,132.66,PRD-0089,PRD-6172,AURORA Face Cream 500 ML,AURORA Face CreamX 500 ML,305.37,172.71,6.10,3.45,50.06,50.06,132.66,132.66,132.66,0.00,0.00,0.00,132.66
TXN-A-001145-L2289,TXN-A-001145,TXN-B-001722-L3539,TXN-B-001722,EXACT_BARCODE,97.00,IDENTITY_MATCHED,QUANTITY_SHORTAGE,PRICE_MATCHED,AMOUNT_VARIANCE,QUANTITY_AND_AMOUNT_DIFFERENCE,Y,-2.14,0.00,-197.65,PRD-0082,PRD-0082,ZENITH Toothpaste 500 MG,ZENITH Toothpaste 500 MG,625.28,822.93,6.77,8.91,92.36,92.36,-197.65,197.65,197.65,0.00,0.00,0.00,197.65
TXN-A-001146-L2291,TXN-A-001146,TXN-B-001524-L3039,TXN-B-001524,EXACT_BARCODE,97.00,IDENTITY_MATCHED,QUANTITY_EXCESS,PRICE_MATCHED,AMOUNT_VARIANCE,QUANTITY_AND_AMOUNT_DIFFERENCE,Y,3.57,0.00,206.84,PRD-0127,PRD-0127,ZENITH Colored Pencil Set 50 G,ZENITH Colored Pencil Set 50 G,575.92,369.08,9.94,6.37,57.94,57.94,206.84,206.84,206.85,0.00,0.00,0.00,206.84
TXN-A-001147-L2293,TXN-A-001147,TXN-B-001353-L2706,TXN-B-001353,EXACT_BARCODE,97.00,IDENTITY_MATCHED,QUANTITY_SHORTAGE,PRICE_MATCHED,AMOUNT_VARIANCE,QUANTITY_AND_AMOUNT_DIFFERENCE,Y,-2.15,0.00,-53.11,PRD-0128,PRD-6223,AURORA Colored Pencil Set 5 W,AURORA Colored Pencil SetX 5 W,138.81,191.92,5.62,7.77,24.70,24.70,-53.11,53.11,53.10,0.00,0.00,0.00,53.11
TXN-A-001148-L2295,TXN-A-001148,TXN-B-001632-L3359,TXN-B-001632,EXACT_BARCODE,97.00,IDENTITY_MATCHED,QUANTITY_SHORTAGE,PRICE_MATCHED,AMOUNT_VARIANCE,QUANTITY_AND_AMOUNT_DIFFERENCE,Y,-9.03,0.00,-156.40,PRD-0071,PRD-0071,AURORA Mouse Pad 50 G,AURORA Mouse Pad 50 G,50.23,206.63,2.90,11.93,17.32,17.32,-156.40,156.40,156.40,0.00,0.00,0.00,156.40
TXN-A-001149-L2297,TXN-A-001149,TXN-B-001379-L2758,TXN-B-001379,EXACT_BARCODE,97.00,IDENTITY_MATCHED,QUANTITY_SHORTAGE,PRICE_MATCHED,AMOUNT_VARIANCE,QUANTITY_AND_AMOUNT_DIFFERENCE,Y,-1.25,0.00,-21.31,PRD-0065,PRD-6699,AURORA Charging Dock 3 V,AURORA Charging DockX 3 V,85.93,107.24,5.04,6.29,17.05,17.05,-21.31,21.31,21.31,0.00,0.00,0.00,21.31
TXN-A-001150-L2299,TXN-A-001150,TXN-B-001705-L3505,TXN-B-001705,EXACT_BARCODE,97.00,IDENTITY_MATCHED,QUANTITY_SHORTAGE,PRICE_MATCHED,AMOUNT_VARIANCE,QUANTITY_AND_AMOUNT_DIFFERENCE,Y,-4.91,0.00,-232.64,PRD-0015,PRD-0015,NEXUS Fabric Softener 200 G,NEXUS Fabric Softener 200 G,257.27,489.91,5.43,10.34,47.38,47.38,-232.64,232.64,232.64,0.00,0.00,0.00,232.64
TXN-A-001151-L2301,TXN-A-001151,TXN-B-001351-L2702,TXN-B-001351,EXACT_BARCODE,97.00,IDENTITY_MATCHED,QUANTITY_EXCESS,PRICE_MATCHED,AMOUNT_VARIANCE,QUANTITY_AND_AMOUNT_DIFFERENCE,Y,5.63,0.00,157.92,PRD-0038,PRD-6396,AURORA Desk Organizer 2000 MAH,AURORA Desk OrganizerX 2000 MAH,251.89,93.97,8.98,3.35,28.05,28.05,157.92,157.92,157.92,0.00,0.00,0.00,157.92
TXN-A-001152-L2303,TXN-A-001152,TXN-B-001370-L2740,TXN-B-001370,EXACT_BARCODE,97.00,IDENTITY_MATCHED,QUANTITY_EXCESS,PRICE_MATCHED,AMOUNT_VARIANCE,QUANTITY_AND_AMOUNT_DIFFERENCE,Y,6.79,0.00,182.86,PRD-0026,PRD-6003,AURORA Ballpoint Pen 250 ML,AURORA Ballpoint PenX 250 ML,265.80,82.94,9.87,3.08,26.93,26.93,182.86,182.86,182.85,0.00,0.01,0.00,182.86
TXN-A-001153-L2305,TXN-A-001153,TXN-B-002077-L4354,TXN-B-002077,EXACT_BARCODE,97.00,IDENTITY_MATCHED,QUANTITY_SHORTAGE,PRICE_MATCHED,AMOUNT_VARIANCE,QUANTITY_AND_AMOUNT_DIFFERENCE,Y,-4.47,0.00,-273.30,PRD-0111,PRD-0111,NEXUS Storage Container 500 G,NEXUS Storage Container 500 G,316.09,589.39,5.17,9.64,61.14,61.14,-273.30,273.30,273.30,0.00,0.00,0.00,273.30
TXN-A-001154-L2307,TXN-A-001154,TXN-B-001563-L3078,TXN-B-001563,EXACT_BARCODE,97.00,IDENTITY_MATCHED,QUANTITY_EXCESS,PRICE_MATCHED,AMOUNT_VARIANCE,QUANTITY_AND_AMOUNT_DIFFERENCE,Y,1.72,0.00,47.78,PRD-0046,PRD-0046,ZENITH Tape Dispenser 250 ML,ZENITH Tape Dispenser 250 ML,138.90,91.12,5.00,3.28,27.78,27.78,47.78,47.78,47.78,0.00,0.00,0.00,47.78
TXN-A-001155-L2309,TXN-A-001155,TXN-B-001342-L2684,TXN-B-001342,EXACT_BARCODE,97.00,IDENTITY_MATCHED,QUANTITY_SHORTAGE,PRICE_MATCHED,AMOUNT_VARIANCE,QUANTITY_AND_AMOUNT_DIFFERENCE,Y,-4.74,0.00,-456.51,PRD-0063,PRD-6753,NEXUS Battery Pack 10 W,NEXUS Battery PackX 10 W,340.94,797.45,3.54,8.28,96.31,96.31,-456.51,456.51,456.51,0.00,0.00,0.00,456.51
TXN-A-001156-L2311,TXN-A-001156,TXN-B-001674-L3443,TXN-B-001674,EXACT_BARCODE,97.00,IDENTITY_MATCHED,QUANTITY_SHORTAGE,PRICE_MATCHED,AMOUNT_VARIANCE,QUANTITY_AND_AMOUNT_DIFFERENCE,Y,-7.09,0.00,-226.10,PRD-0133,PRD-0133,ZENITH Glue Stick 250 MG,ZENITH Glue Stick 250 MG,206.01,432.11,6.46,13.55,31.89,31.89,-226.10,226.10,226.10,0.00,0.00,0.00,226.10
TXN-A-001157-L2313,TXN-A-001157,TXN-B-001537-L3052,TXN-B-001537,EXACT_BARCODE,97.00,IDENTITY_MATCHED,QUANTITY_EXCESS,PRICE_MATCHED,AMOUNT_VARIANCE,QUANTITY_AND_AMOUNT_DIFFERENCE,Y,4.07,0.00,67.89,PRD-0056,PRD-0056,AURORA Phone Case 20 W,AURORA Phone Case 20 W,136.78,68.89,8.20,4.13,16.68,16.68,67.89,67.89,67.89,0.00,0.00,0.00,67.89
TXN-A-001158-L2315,TXN-A-001158,TXN-B-001371-L2742,TXN-B-001371,EXACT_BARCODE,97.00,IDENTITY_MATCHED,QUANTITY_SHORTAGE,PRICE_MATCHED,AMOUNT_VARIANCE,QUANTITY_AND_AMOUNT_DIFFERENCE,Y,-3.69,0.00,-222.06,PRD-0064,PRD-6892,ZENITH Charging Dock 15 W,ZENITH Charging DockX 15 W,242.53,464.59,4.03,7.72,60.18,60.18,-222.06,222.06,222.06,0.00,0.00,0.00,222.06
TXN-A-001159-L2317,TXN-A-001159,TXN-B-001594-L3247,TXN-B-001594,EXACT_BARCODE,97.00,IDENTITY_MATCHED,QUANTITY_SHORTAGE,PRICE_MATCHED,AMOUNT_VARIANCE,QUANTITY_AND_AMOUNT_DIFFERENCE,Y,-1.67,0.00,-58.07,PRD-0141,PRD-0141,NEXUS Eraser Pack 3 V,NEXUS Eraser Pack 3 V,195.06,253.13,5.61,7.28,34.77,34.77,-58.07,58.07,58.07,0.00,0.00,0.00,58.07
TXN-A-001160-L2319,TXN-A-001160,TXN-B-001672-L3439,TXN-B-001672,EXACT_BARCODE,97.00,IDENTITY_MATCHED,QUANTITY_SHORTAGE,PRICE_MATCHED,AMOUNT_VARIANCE,QUANTITY_AND_AMOUNT_DIFFERENCE,Y,-9.28,0.00,-296.40,PRD-0145,PRD-0145,ZENITH Screwdriver Set 10 W,ZENITH Screwdriver Set 10 W,107.96,404.36,3.38,12.66,31.94,31.94,-296.40,296.40,296.40,0.00,0.00,0.00,296.40
TXN-A-001161-L2321,TXN-A-001161,TXN-B-001399-L2798,TXN-B-001399,EXACT_BARCODE,97.00,IDENTITY_MATCHED,QUANTITY_EXCESS,PRICE_MATCHED,AMOUNT_VARIANCE,QUANTITY_AND_AMOUNT_DIFFERENCE,Y,1.97,0.00,29.71,PRD-0131,PRD-6148,AURORA Ruler Set 60 CM,AURORA Ruler SetX 60 CM,81.13,51.42,5.38,3.41,15.08,15.08,29.71,29.71,29.71,0.00,0.00,0.00,29.71
TXN-A-001162-L2323,TXN-A-001162,TXN-B-001332-L2664,TXN-B-001332,EXACT_BARCODE,97.00,IDENTITY_MATCHED,QUANTITY_SHORTAGE,PRICE_MATCHED,AMOUNT_VARIANCE,QUANTITY_AND_AMOUNT_DIFFERENCE,Y,-2.54,0.00,-5.28,PRD-0047,PRD-6603,AURORA Tape Dispenser 45 CM,AURORA Tape DispenserX 45 CM,7.72,13.00,3.71,6.25,2.08,2.08,-5.28,5.28,5.28,0.00,0.00,0.00,5.28
TXN-A-001163-L2325,TXN-A-001163,TXN-B-001549-L3064,TXN-B-001549,EXACT_BARCODE,97.00,IDENTITY_MATCHED,QUANTITY_SHORTAGE,PRICE_MATCHED,AMOUNT_VARIANCE,QUANTITY_AND_AMOUNT_DIFFERENCE,Y,-5.48,0.00,-351.21,PRD-0061,PRD-0061,ZENITH Battery Pack 200 G,ZENITH Battery Pack 200 G,185.22,536.43,2.89,8.37,64.09,64.09,-351.21,351.21,351.21,0.00,0.00,0.00,351.21
TXN-A-001164-L2327,TXN-A-001164,TXN-B-001395-L2790,TXN-B-001395,EXACT_BARCODE,97.00,IDENTITY_MATCHED,QUANTITY_SHORTAGE,PRICE_MATCHED,AMOUNT_VARIANCE,QUANTITY_AND_AMOUNT_DIFFERENCE,Y,-4.70,0.00,-213.14,PRD-0052,PRD-6211,ZENITH Power Adapter 20 W,ZENITH Power AdapterX 20 W,187.75,400.89,4.14,8.84,45.35,45.35,-213.14,213.14,213.15,0.00,0.00,0.00,213.14
TXN-A-001165-L2329,TXN-A-001165,TXN-B-001366-L2732,TXN-B-001366,EXACT_BARCODE,97.00,IDENTITY_MATCHED,QUANTITY_EXCESS,PRICE_MATCHED,AMOUNT_VARIANCE,QUANTITY_AND_AMOUNT_DIFFERENCE,Y,2.04,0.00,196.55,PRD-0138,PRD-6845,NEXUS Scissors 500 MG,NEXUS Scissors 500X MG,539.56,343.01,5.60,3.56,96.35,96.35,196.55,196.55,196.55,0.00,0.00,0.00,196.55
TXN-A-001166-L2331,TXN-A-001166,TXN-B-001596-L3253,TXN-B-001596,EXACT_BARCODE,97.00,IDENTITY_MATCHED,QUANTITY_SHORTAGE,PRICE_MATCHED,AMOUNT_VARIANCE,QUANTITY_AND_AMOUNT_DIFFERENCE,Y,-1.44,0.00,-128.35,PRD-0109,PRD-0109,ZENITH Storage Container 20 W,ZENITH Storage Container 20 W,585.58,713.93,6.57,8.01,89.13,89.13,-128.35,128.35,128.35,0.00,0.00,0.00,128.35
TXN-A-001167-L2333,TXN-A-001167,TXN-B-001691-L3477,TXN-B-001691,EXACT_BARCODE,97.00,IDENTITY_MATCHED,QUANTITY_SHORTAGE,PRICE_MATCHED,AMOUNT_VARIANCE,QUANTITY_AND_AMOUNT_DIFFERENCE,Y,-2.29,0.00,-138.46,PRD-0117,PRD-0117,NEXUS Can Opener 5 W,NEXUS Can Opener 5 W,538.09,676.55,8.90,11.19,60.46,60.46,-138.46,138.46,138.45,0.00,0.01,0.00,138.46
TXN-A-001168-L2335,TXN-A-001168,TXN-B-001168-L2336,TXN-B-001168,EXACT_PRODUCT_CODE,95.00,IDENTITY_MATCHED,QUANTITY_MATCHED,PRICE_MATCHED,AMOUNT_MATCHED,MATCHED,N,0.00,0.00,0.00,PRD-0002,PRD-8963,AURORA All Purpose Cleaner 30 CM,AURORA All Purpose Cleaner 30 CM,203.03,203.03,4.54,4.54,44.72,44.72,0.00,0.00,0.00,0.00,0.00,0.00,0.00
TXN-A-001169-L2337,TXN-A-001169,TXN-B-001390-L2780,TXN-B-001390,EXACT_BARCODE,97.00,IDENTITY_MATCHED,QUANTITY_SHORTAGE,PRICE_MATCHED,AMOUNT_VARIANCE,QUANTITY_AND_AMOUNT_DIFFERENCE,Y,-2.31,0.00,-58.44,PRD-0010,PRD-6864,ZENITH Laundry Detergent 1.5 V,ZENITH Laundry DetergentX 1.5 V,46.30,104.74,1.83,4.14,25.30,25.30,-58.44,58.44,58.44,0.00,0.00,0.00,58.44
TXN-A-001170-L2339,TXN-A-001170,TXN-B-001679-L3453,TXN-B-001679,EXACT_BARCODE,97.00,IDENTITY_MATCHED,QUANTITY_SHORTAGE,PRICE_MATCHED,AMOUNT_VARIANCE,QUANTITY_AND_AMOUNT_DIFFERENCE,Y,-8.55,0.00,-1000.09,PRD-0148,PRD-0148,ZENITH Wrench Set 30 CM,ZENITH Wrench Set 30 CM,163.76,1163.85,1.40,9.95,116.97,116.97,-1000.09,1000.09,1000.09,0.00,0.00,0.00,1000.09
TXN-A-001171-L2341,TXN-A-001171,TXN-B-001585-L3220,TXN-B-001585,EXACT_BARCODE,97.00,IDENTITY_MATCHED,QUANTITY_EXCESS,PRICE_MATCHED,AMOUNT_VARIANCE,QUANTITY_AND_AMOUNT_DIFFERENCE,Y,3.01,0.00,256.81,PRD-0060,PRD-0060,NEXUS Screen Protector 10 IN,NEXUS Screen Protector 10 IN,360.90,104.09,4.23,1.22,85.32,85.32,256.81,256.81,256.81,0.00,0.00,0.00,256.81
TXN-A-001172-L2343,TXN-A-001172,TXN-B-001789-L3673,TXN-B-001789,EXACT_BARCODE,97.00,IDENTITY_MATCHED,QUANTITY_SHORTAGE,PRICE_VARIANCE,AMOUNT_VARIANCE,QUANTITY_AND_AMOUNT_DIFFERENCE,Y,-4.91,-3.07,-161.55,PRD-0093,PRD-0093,NEXUS Hair Gel 10 W,NEXUS Hair Gel 10 W,112.54,274.09,4.13,9.04,27.25,30.32,-161.55,161.55,148.87,12.68,0.00,0.00,161.55
TXN-A-001173-L2345,TXN-A-001173,TXN-B-001666-L3427,TXN-B-001666,EXACT_BARCODE,97.00,IDENTITY_MATCHED,QUANTITY_SHORTAGE,PRICE_MATCHED,AMOUNT_VARIANCE,QUANTITY_AND_AMOUNT_DIFFERENCE,Y,-4.70,0.00,-81.40,PRD-0071,PRD-0071,AURORA Mouse Pad 50 G,AURORA Mouse Pad 50 G,156.23,237.63,9.02,13.72,17.32,17.32,-81.40,81.40,81.40,0.00,0.00,0.00,81.40
TXN-A-001174-L2347,TXN-A-001174,TXN-B-001388-L2776,TXN-B-001388,EXACT_BARCODE,97.00,IDENTITY_MATCHED,QUANTITY_SHORTAGE,PRICE_MATCHED,AMOUNT_VARIANCE,QUANTITY_AND_AMOUNT_DIFFERENCE,Y,-5.52,0.00,-221.08,PRD-0144,PRD-6658,NEXUS Marker Set 250 ML,NEXUS Marker SetX 250 ML,106.13,327.21,2.65,8.17,40.05,40.05,-221.08,221.08,221.08,0.00,0.00,0.00,221.08
TXN-A-001175-L2349,TXN-A-001175,TXN-B-001708-L3511,TXN-B-001708,EXACT_BARCODE,97.00,IDENTITY_MATCHED,QUANTITY_SHORTAGE,PRICE_MATCHED,AMOUNT_VARIANCE,QUANTITY_AND_AMOUNT_DIFFERENCE,Y,-8.10,0.00,-177.87,PRD-0033,PRD-0033,NEXUS Binder Clip Box 45 CM,NEXUS Binder Clip Box 45 CM,39.97,217.84,1.82,9.92,21.96,21.96,-177.87,177.87,177.88,0.00,0.00,0.00,177.87
TXN-A-001176-L2351,TXN-A-001176,TXN-B-001607-L3286,TXN-B-001607,EXACT_BARCODE,97.00,IDENTITY_MATCHED,QUANTITY_EXCESS,PRICE_MATCHED,AMOUNT_VARIANCE,QUANTITY_AND_AMOUNT_DIFFERENCE,Y,3.48,0.00,389.73,PRD-0014,PRD-0014,AURORA Fabric Softener 250 MG,AURORA Fabric Softener 250 MG,1044.87,655.14,9.33,5.85,111.99,111.99,389.73,389.73,389.73,0.00,0.00,0.00,389.73
TXN-A-001177-L2353,TXN-A-001177,TXN-B-001758-L3611,TXN-B-001758,EXACT_BARCODE,97.00,IDENTITY_MATCHED,QUANTITY_SHORTAGE,PRICE_VARIANCE,AMOUNT_VARIANCE,QUANTITY_AND_AMOUNT_DIFFERENCE,Y,-0.98,-1.62,-47.33,PRD-0053,PRD-0053,AURORA Power Adapter 1 L,AURORA Power Adapter 1 L,76.21,123.54,1.74,2.72,43.80,45.42,-47.33,47.33,44.51,2.82,0.00,0.00,47.33
TXN-A-001178-L2355,TXN-A-001178,TXN-B-001583-L3214,TXN-B-001583,EXACT_BARCODE,97.00,IDENTITY_MATCHED,QUANTITY_EXCESS,PRICE_MATCHED,AMOUNT_VARIANCE,QUANTITY_AND_AMOUNT_DIFFERENCE,Y,1.41,0.00,39.17,PRD-0046,PRD-0046,ZENITH Tape Dispenser 250 ML,ZENITH Tape Dispenser 250 ML,249.46,210.29,8.98,7.57,27.78,27.78,39.17,39.17,39.17,0.00,0.00,0.00,39.17
TXN-A-001179-L2357,TXN-A-001179,TXN-B-001566-L3081,TXN-B-001566,EXACT_BARCODE,97.00,IDENTITY_MATCHED,QUANTITY_SHORTAGE,PRICE_MATCHED,AMOUNT_VARIANCE,QUANTITY_AND_AMOUNT_DIFFERENCE,Y,-0.43,0.00,-18.91,PRD-0072,PRD-0072,NEXUS Mouse Pad 100 G,NEXUS Mouse Pad 100 G,238.81,257.72,5.43,5.86,43.98,43.98,-18.91,18.91,18.91,0.00,0.00,0.00,18.91
TXN-A-001180-L2359,TXN-A-001180,TXN-B-001782-L3659,TXN-B-001782,EXACT_BARCODE,97.00,IDENTITY_MATCHED,QUANTITY_EXCESS,PRICE_VARIANCE,AMOUNT_VARIANCE,QUANTITY_AND_AMOUNT_DIFFERENCE,Y,0.75,-0.89,41.92,PRD-0041,PRD-0041,AURORA File Folder Pack 9 V,AURORA File Folder Pack 9 V,208.91,166.99,3.53,2.78,59.18,60.07,41.92,41.92,45.05,3.14,0.00,0.00,41.92
TXN-A-001181-L2361,TXN-A-001181,TXN-B-001343-L2686,TXN-B-001343,EXACT_BARCODE,97.00,IDENTITY_MATCHED,QUANTITY_EXCESS,PRICE_MATCHED,AMOUNT_VARIANCE,QUANTITY_AND_AMOUNT_DIFFERENCE,Y,6.39,0.00,455.10,PRD-0136,PRD-6853,ZENITH Scissors 3 V,ZENITH Scissors 3X V,527.74,72.64,7.41,1.02,71.22,71.22,455.10,455.10,455.10,0.00,0.00,0.00,455.10
TXN-A-001182-L2363,TXN-A-001182,TXN-B-001386-L2772,TXN-B-001386,EXACT_BARCODE,97.00,IDENTITY_MATCHED,QUANTITY_EXCESS,PRICE_MATCHED,AMOUNT_VARIANCE,QUANTITY_AND_AMOUNT_DIFFERENCE,Y,6.94,0.00,665.20,PRD-0120,PRD-6726,NEXUS Peeler 30 CM,NEXUS Peeler 30X CM,778.30,113.10,8.12,1.18,95.85,95.85,665.20,665.20,665.20,0.00,0.00,0.00,665.20
TXN-A-001183-L2365,TXN-A-001183,TXN-B-001940-L3975,TXN-B-001940,EXACT_BARCODE,97.00,IDENTITY_MATCHED,QUANTITY_EXCESS,PRICE_MATCHED,AMOUNT_VARIANCE,QUANTITY_AND_AMOUNT_DIFFERENCE,Y,6.15,0.00,697.17,PRD-0028,PRD-0028,ZENITH Highlighter Set 500 ML,ZENITH Highlighter Set 500 ML,1104.13,406.96,9.74,3.59,113.36,113.36,697.17,697.17,697.16,0.00,0.01,0.00,697.17
TXN-A-001184-L2367,TXN-A-001184,TXN-B-002066-L4332,TXN-B-002066,EXACT_BARCODE,97.00,IDENTITY_MATCHED,QUANTITY_EXCESS,PRICE_MATCHED,AMOUNT_VARIANCE,QUANTITY_AND_AMOUNT_DIFFERENCE,Y,2.52,0.00,131.82,PRD-0086,PRD-0086,AURORA Deodorant 500 G,AURORA Deodorant 500 G,328.51,196.69,6.28,3.76,52.31,52.31,131.82,131.82,131.82,0.00,0.00,0.00,131.82
TXN-A-001185-L2369,TXN-A-001185,TXN-B-001896-L3887,TXN-B-001896,EXACT_BARCODE,97.00,IDENTITY_MATCHED,QUANTITY_EXCESS,PRICE_MATCHED,AMOUNT_VARIANCE,QUANTITY_AND_AMOUNT_DIFFERENCE,Y,1.70,0.00,41.99,PRD-0128,PRD-0128,AURORA Colored Pencil Set 5 W,AURORA Colored Pencil Set 5 W,164.50,122.51,6.66,4.96,24.70,24.70,41.99,41.99,41.99,0.00,0.00,0.00,41.99
TXN-A-001186-L2371,TXN-A-001186,TXN-B-001820-L3735,TXN-B-001820,EXACT_BARCODE,97.00,IDENTITY_MATCHED,QUANTITY_EXCESS,PRICE_MATCHED,AMOUNT_VARIANCE,QUANTITY_AND_AMOUNT_DIFFERENCE,Y,1.55,0.00,65.57,PRD-0015,PRD-0015,NEXUS Fabric Softener 200 G,NEXUS Fabric Softener 200 G,271.49,205.92,5.73,4.18,47.38,47.38,65.57,65.57,73.44,0.00,0.00,0.00,65.57
TXN-A-001187-L2373,TXN-A-001187,TXN-B-001373-L2746,TXN-B-001373,EXACT_BARCODE,97.00,IDENTITY_MATCHED,QUANTITY_SHORTAGE,PRICE_MATCHED,AMOUNT_VARIANCE,QUANTITY_AND_AMOUNT_DIFFERENCE,Y,-5.05,0.00,-569.90,PRD-0099,PRD-6102,NEXUS Cutting Board 500 ML,NEXUS Cutting BoardX 500 ML,404.00,973.90,3.58,8.63,112.85,112.85,-569.90,569.90,569.89,0.00,0.01,0.00,569.90
TXN-A-001188-L2375,TXN-A-001188,TXN-B-001580-L3205,TXN-B-001580,EXACT_BARCODE,97.00,IDENTITY_MATCHED,QUANTITY_EXCESS,PRICE_MATCHED,AMOUNT_VARIANCE,QUANTITY_AND_AMOUNT_DIFFERENCE,Y,0.04,0.00,0.94,PRD-0106,PRD-0106,ZENITH Spatula Set 1 KG,ZENITH Spatula Set 1 KG,73.94,73.00,3.12,3.08,23.70,23.70,0.94,0.94,0.95,0.00,0.00,0.00,0.94
TXN-A-001189-L2377,TXN-A-001189,TXN-B-001595-L3250,TXN-B-001595,EXACT_BARCODE,97.00,IDENTITY_MATCHED,QUANTITY_EXCESS,PRICE_MATCHED,AMOUNT_VARIANCE,QUANTITY_AND_AMOUNT_DIFFERENCE,Y,0.85,0.00,73.43,PRD-0085,PRD-0085,ZENITH Deodorant 200 G,ZENITH Deodorant 200 G,736.04,662.61,8.52,7.67,86.39,86.39,73.43,73.43,73.43,0.00,0.00,0.00,73.43
TXN-A-001190-L2379,TXN-A-001190,TXN-B-001582-L3211,TXN-B-001582,EXACT_BARCODE,97.00,IDENTITY_MATCHED,QUANTITY_EXCESS,PRICE_MATCHED,AMOUNT_VARIANCE,QUANTITY_AND_AMOUNT_DIFFERENCE,Y,5.66,0.00,633.07,PRD-0140,PRD-0140,AURORA Eraser Pack 2000 MAH,AURORA Eraser Pack 2000 MAH,935.07,302.00,8.36,2.70,111.85,111.85,633.07,633.07,633.07,0.00,0.00,0.00,633.07
TXN-A-001191-L2381,TXN-A-001191,TXN-B-001369-L2738,TXN-B-001369,EXACT_BARCODE,97.00,IDENTITY_MATCHED,QUANTITY_SHORTAGE,PRICE_MATCHED,AMOUNT_VARIANCE,QUANTITY_AND_AMOUNT_DIFFERENCE,Y,-2.34,0.00,-166.66,PRD-0136,PRD-6753,ZENITH Scissors 3 V,ZENITH Scissors 3X V,101.13,267.79,1.42,3.76,71.22,71.22,-166.66,166.66,166.65,0.00,0.01,0.00,166.66
TXN-A-001192-L2383,TXN-A-001192,TXN-B-001391-L2782,TXN-B-001391,EXACT_BARCODE,97.00,IDENTITY_MATCHED,QUANTITY_SHORTAGE,PRICE_MATCHED,AMOUNT_VARIANCE,QUANTITY_AND_AMOUNT_DIFFERENCE,Y,-5.43,0.00,-31.55,PRD-0107,PRD-6287,AURORA Spatula Set 9 V,AURORA Spatula SetX 9 V,15.05,46.60,2.59,8.02,5.81,5.81,-31.55,31.55,31.55,0.00,0.00,0.00,31.55
TXN-A-001193-L2385,TXN-A-001193,TXN-B-001657-L3409,TXN-B-001657,EXACT_BARCODE,97.00,IDENTITY_MATCHED,QUANTITY_EXCESS,PRICE_MATCHED,AMOUNT_VARIANCE,QUANTITY_AND_AMOUNT_DIFFERENCE,Y,2.14,0.00,97.05,PRD-0052,PRD-0052,ZENITH Power Adapter 20 W,ZENITH Power Adapter 20 W,351.46,254.41,7.75,5.61,45.35,45.35,97.05,97.05,97.05,0.00,0.00,0.00,97.05
TXN-A-001194-L2387,TXN-A-001194,TXN-B-001528-L3043,TXN-B-001528,EXACT_BARCODE,97.00,IDENTITY_MATCHED,QUANTITY_SHORTAGE,PRICE_MATCHED,AMOUNT_VARIANCE,QUANTITY_AND_AMOUNT_DIFFERENCE,Y,-1.36,0.00,-13.12,PRD-0013,PRD-0013,ZENITH Fabric Softener 1 L,ZENITH Fabric Softener 1 L,71.22,84.34,7.38,8.74,9.65,9.65,-13.12,13.12,13.12,0.00,0.00,0.00,13.12
TXN-A-001195-L2389,TXN-A-001195,TXN-B-001396-L2792,TXN-B-001396,EXACT_BARCODE,97.00,IDENTITY_MATCHED,QUANTITY_EXCESS,PRICE_MATCHED,AMOUNT_VARIANCE,QUANTITY_AND_AMOUNT_DIFFERENCE,Y,0.83,0.00,53.46,PRD-0115,PRD-6506,ZENITH Can Opener 2000 MAH,ZENITH Can OpenerX 2000 MAH,439.92,386.46,6.83,6.00,64.41,64.41,53.46,53.46,53.46,0.00,0.00,0.00,53.46
TXN-A-001196-L2391,TXN-A-001196,TXN-B-001618-L3319,TXN-B-001618,EXACT_BARCODE,97.00,IDENTITY_MATCHED,QUANTITY_SHORTAGE,PRICE_MATCHED,AMOUNT_VARIANCE,QUANTITY_AND_AMOUNT_DIFFERENCE,Y,-1.17,0.00,-68.56,PRD-0102,PRD-0102,NEXUS Mixing Bowl Set 15 W,NEXUS Mixing Bowl Set 15 W,186.35,254.91,3.18,4.35,58.60,58.60,-68.56,68.56,68.56,0.00,0.00,0.00,68.56
TXN-A-001197-L2393,TXN-A-001197,TXN-B-001398-L2796,TXN-B-001398,EXACT_BARCODE,97.00,IDENTITY_MATCHED,QUANTITY_SHORTAGE,PRICE_MATCHED,AMOUNT_VARIANCE,QUANTITY_AND_AMOUNT_DIFFERENCE,Y,-6.26,0.00,-504.49,PRD-0116,PRD-6974,AURORA Can Opener 500 MG,AURORA Can OpenerX 500 MG,267.56,772.05,3.32,9.58,80.59,80.59,-504.49,504.49,504.49,0.00,0.00,0.00,504.49
TXN-A-001198-L2395,TXN-A-001198,TXN-B-001658-L3411,TXN-B-001658,EXACT_BARCODE,97.00,IDENTITY_MATCHED,QUANTITY_SHORTAGE,PRICE_MATCHED,AMOUNT_VARIANCE,QUANTITY_AND_AMOUNT_DIFFERENCE,Y,-4.36,0.00,-194.55,PRD-0110,PRD-0110,AURORA Storage Container 5 W,AURORA Storage Container 5 W,68.71,263.26,1.54,5.90,44.62,44.62,-194.55,194.55,194.54,0.00,0.01,0.00,194.55
TXN-A-001199-L2397,TXN-A-001199,TXN-B-001575-L3090,TXN-B-001575,EXACT_BARCODE,97.00,IDENTITY_MATCHED,QUANTITY_EXCESS,PRICE_MATCHED,AMOUNT_VARIANCE,QUANTITY_AND_AMOUNT_DIFFERENCE,Y,0.34,0.00,39.67,PRD-0003,PRD-0003,NEXUS All Purpose Cleaner 250 ML,NEXUS All Purpose Cleaner 250 ML,1100.29,1060.62,9.43,9.09,116.68,116.68,39.67,39.67,39.67,0.00,0.00,0.00,39.67
TXN-A-001200-L2399,TXN-A-001200,TXN-B-001712-L3519,TXN-B-001712,EXACT_BARCODE,97.00,IDENTITY_MATCHED,QUANTITY_SHORTAGE,PRICE_MATCHED,AMOUNT_VARIANCE,QUANTITY_AND_AMOUNT_DIFFERENCE,Y,-1.96,0.00,-72.67,PRD-0025,PRD-0025,ZENITH Ballpoint Pen 1 KG,ZENITH Ballpoint Pen 1 KG,179.84,252.51,4.85,6.81,37.08,37.08,-72.67,72.67,72.68,0.00,0.00,0.00,72.67
TXN-A-001201-L2401,TXN-A-001201,TXN-B-001372-L2744,TXN-B-001372,EXACT_BARCODE,97.00,IDENTITY_MATCHED,QUANTITY_EXCESS,PRICE_MATCHED,AMOUNT_VARIANCE,QUANTITY_AND_AMOUNT_DIFFERENCE,Y,2.16,0.00,30.03,PRD-0021,PRD-6152,NEXUS Air Freshener 30 CM,NEXUS Air FreshenerX 30 CM,94.80,64.77,6.82,4.66,13.90,13.90,30.03,30.03,30.02,0.00,0.01,0.00,30.03
TXN-A-001202-L2403,TXN-A-001202,TXN-B-001548-L3063,TXN-B-001548,EXACT_BARCODE,97.00,IDENTITY_MATCHED,QUANTITY_SHORTAGE,PRICE_MATCHED,AMOUNT_VARIANCE,QUANTITY_AND_AMOUNT_DIFFERENCE,Y,-6.91,0.00,-415.84,PRD-0064,PRD-0064,ZENITH Charging Dock 15 W,ZENITH Charging Dock 15 W,96.89,512.73,1.61,8.52,60.18,60.18,-415.84,415.84,415.84,0.00,0.00,0.00,415.84
TXN-A-001203-L2405,TXN-A-001203,TXN-B-001665-L3425,TXN-B-001665,EXACT_BARCODE,97.00,IDENTITY_MATCHED,QUANTITY_SHORTAGE,PRICE_MATCHED,AMOUNT_VARIANCE,QUANTITY_AND_AMOUNT_DIFFERENCE,Y,-8.17,0.00,-408.99,PRD-0089,PRD-0089,AURORA Face Cream 500 ML,AURORA Face Cream 500 ML,125.15,534.14,2.50,10.67,50.06,50.06,-408.99,408.99,408.99,0.00,0.00,0.00,408.99
TXN-A-001204-L2407,TXN-A-001204,TXN-B-001520-L3035,TXN-B-001520,EXACT_BARCODE,97.00,IDENTITY_MATCHED,QUANTITY_EXCESS,PRICE_MATCHED,AMOUNT_VARIANCE,QUANTITY_AND_AMOUNT_DIFFERENCE,Y,0.75,0.00,29.48,PRD-0018,PRD-0018,NEXUS Surface Wipes 500 MG,NEXUS Surface Wipes 500 MG,276.74,247.26,7.04,6.29,39.31,39.31,29.48,29.48,29.48,0.00,0.00,0.00,29.48
TXN-A-001205-L2409,TXN-A-001205,TXN-B-001603-L3274,TXN-B-001603,EXACT_BARCODE,97.00,IDENTITY_MATCHED,QUANTITY_SHORTAGE,PRICE_MATCHED,AMOUNT_VARIANCE,QUANTITY_AND_AMOUNT_DIFFERENCE,Y,-1.67,0.00,-27.86,PRD-0056,PRD-0056,AURORA Phone Case 20 W,AURORA Phone Case 20 W,117.59,145.45,7.05,8.72,16.68,16.68,-27.86,27.86,27.86,0.00,0.00,0.00,27.86
TXN-A-001206-L2411,TXN-A-001206,TXN-B-001640-L3375,TXN-B-001640,EXACT_BARCODE,97.00,IDENTITY_MATCHED,QUANTITY_SHORTAGE,PRICE_MATCHED,AMOUNT_VARIANCE,QUANTITY_AND_AMOUNT_DIFFERENCE,Y,-4.38,0.00,-252.77,PRD-0031,PRD-0031,ZENITH Binder Clip Box 3 V,ZENITH Binder Clip Box 3 V,451.29,704.06,7.82,12.20,57.71,57.71,-252.77,252.77,252.77,0.00,0.00,0.00,252.77
TXN-A-001207-L2413,TXN-A-001207,TXN-B-001597-L3256,TXN-B-001597,EXACT_BARCODE,97.00,IDENTITY_MATCHED,QUANTITY_SHORTAGE,PRICE_MATCHED,AMOUNT_VARIANCE,QUANTITY_AND_AMOUNT_DIFFERENCE,Y,-0.19,0.00,-17.91,PRD-0051,PRD-0051,NEXUS USB Cable 500 MG,NEXUS USB Cable 500 MG,330.85,348.76,3.51,3.70,94.26,94.26,-17.91,17.91,17.91,0.00,0.00,0.00,17.91
TXN-A-001208-L2415,TXN-A-001208,TXN-B-001609-L3292,TXN-B-001609,EXACT_BARCODE,97.00,IDENTITY_MATCHED,QUANTITY_EXCESS,PRICE_MATCHED,AMOUNT_VARIANCE,QUANTITY_AND_AMOUNT_DIFFERENCE,Y,6.68,0.00,50.16,PRD-0103,PRD-0103,ZENITH Measuring Cup 10000 MAH,ZENITH Measuring Cup 10000 MAH,72.77,22.61,9.69,3.01,7.51,7.51,50.16,50.16,50.17,0.00,0.00,0.00,50.16
TXN-A-001209-L2417,TXN-A-001209,TXN-B-002041-L4282,TXN-B-002041,EXACT_BARCODE,97.00,IDENTITY_MATCHED,QUANTITY_SHORTAGE,PRICE_MATCHED,AMOUNT_VARIANCE,QUANTITY_AND_AMOUNT_DIFFERENCE,Y,-5.12,0.00,-569.39,PRD-0005,PRD-0005,AURORA Glass Spray 500 G,AURORA Glass Spray 500 G,189.06,758.45,1.70,6.82,111.21,111.21,-569.39,569.39,569.40,0.00,0.00,0.00,569.39
TXN-A-001210-L2419,TXN-A-001210,TXN-B-001339-L2678,TXN-B-001339,EXACT_BARCODE,97.00,IDENTITY_MATCHED,QUANTITY_SHORTAGE,PRICE_MATCHED,AMOUNT_VARIANCE,QUANTITY_AND_AMOUNT_DIFFERENCE,Y,-1.71,0.00,-50.54,PRD-0045,PRD-6426,NEXUS Whiteboard Marker 45 CM,NEXUS Whiteboard MarkerX 45 CM,121.15,171.69,4.10,5.81,29.55,29.55,-50.54,50.54,50.53,0.00,0.01,0.00,50.54
TXN-A-001211-L2421,TXN-A-001211,TXN-B-001352-L2704,TXN-B-001352,EXACT_BARCODE,97.00,IDENTITY_MATCHED,QUANTITY_SHORTAGE,PRICE_MATCHED,AMOUNT_VARIANCE,QUANTITY_AND_AMOUNT_DIFFERENCE,Y,-1.41,0.00,-24.09,PRD-0098,PRD-6678,AURORA Cutting Board 10 IN,AURORA Cutting BoardX 10 IN,145.78,169.87,8.53,9.94,17.09,17.09,-24.09,24.09,24.10,0.00,0.00,0.00,24.09
TXN-A-001212-L2423,TXN-A-001212,TXN-B-001556-L3071,TXN-B-001556,EXACT_BARCODE,97.00,IDENTITY_MATCHED,QUANTITY_SHORTAGE,PRICE_MATCHED,AMOUNT_VARIANCE,QUANTITY_AND_AMOUNT_DIFFERENCE,Y,-4.27,0.00,-167.85,PRD-0018,PRD-0018,NEXUS Surface Wipes 500 MG,NEXUS Surface Wipes 500 MG,107.32,275.17,2.73,7.00,39.31,39.31,-167.85,167.85,167.85,0.00,0.00,0.00,167.85
TXN-A-001213-L2425,TXN-A-001213,TXN-B-001363-L2726,TXN-B-001363,EXACT_BARCODE,97.00,IDENTITY_MATCHED,QUANTITY_SHORTAGE,PRICE_MATCHED,AMOUNT_VARIANCE,QUANTITY_AND_AMOUNT_DIFFERENCE,Y,-4.59,0.00,-98.32,PRD-0121,PRD-6249,ZENITH Notebook 1 L,ZENITH Notebook 1X L,88.68,187.00,4.14,8.73,21.42,21.42,-98.32,98.32,98.32,0.00,0.00,0.00,98.32
TXN-A-001214-L2427,TXN-A-001214,TXN-B-001131-L2262,TXN-B-001131,EXACT_PRODUCT_CODE,95.00,IDENTITY_MATCHED,QUANTITY_EXCESS,PRICE_MATCHED,AMOUNT_VARIANCE,QUANTITY_AND_AMOUNT_DIFFERENCE,Y,6.76,0.00,790.72,PRD-0148,PRD-8988,ZENITH Wrench Set 30 CM,ZENITH Wrench Set 30 CM,1107.71,316.99,9.47,2.71,116.97,116.97,790.72,790.72,790.72,0.00,0.00,0.00,790.72
TXN-A-001215-L2429,TXN-A-001215,TXN-B-001529-L3044,TXN-B-001529,EXACT_BARCODE,97.00,IDENTITY_MATCHED,QUANTITY_EXCESS,PRICE_MATCHED,AMOUNT_VARIANCE,QUANTITY_AND_AMOUNT_DIFFERENCE,Y,5.83,0.00,201.66,PRD-0001,PRD-0001,ZENITH All Purpose Cleaner 10 IN,ZENITH All Purpose Cleaner 10 IN,311.66,110.00,9.01,3.18,34.59,34.59,201.66,201.66,201.66,0.00,0.00,0.00,201.66
TXN-A-001216-L2431,TXN-A-001216,TXN-B-001550-L3065,TXN-B-001550,EXACT_BARCODE,97.00,IDENTITY_MATCHED,QUANTITY_EXCESS,PRICE_MATCHED,AMOUNT_VARIANCE,QUANTITY_AND_AMOUNT_DIFFERENCE,Y,2.23,0.00,117.35,PRD-0055,PRD-0055,ZENITH Phone Case 250 MG,ZENITH Phone Case 250 MG,270.47,153.12,5.14,2.91,52.62,52.62,117.35,117.35,117.34,0.00,0.01,0.00,117.35
TXN-A-001217-L2433,TXN-A-001217,TXN-B-001608-L3289,TXN-B-001608,EXACT_BARCODE,97.00,IDENTITY_MATCHED,QUANTITY_SHORTAGE,PRICE_MATCHED,AMOUNT_VARIANCE,QUANTITY_AND_AMOUNT_DIFFERENCE,Y,-3.26,0.00,-319.38,PRD-0011,PRD-0011,AURORA Laundry Detergent 2000 MAH,AURORA Laundry Detergent 2000 MAH,597.62,917.00,6.10,9.36,97.97,97.97,-319.38,319.38,319.38,0.00,0.00,0.00,319.38
TXN-A-001218-L2435,TXN-A-001218,TXN-B-001700-L3495,TXN-B-001700,EXACT_BARCODE,97.00,IDENTITY_MATCHED,QUANTITY_SHORTAGE,PRICE_MATCHED,AMOUNT_VARIANCE,QUANTITY_AND_AMOUNT_DIFFERENCE,Y,-9.82,0.00,-1145.80,PRD-0003,PRD-0003,NEXUS All Purpose Cleaner 250 ML,NEXUS All Purpose Cleaner 250 ML,128.35,1274.15,1.10,10.92,116.68,116.68,-1145.80,1145.80,1145.80,0.00,0.00,0.00,1145.80
TXN-A-001219-L2437,TXN-A-001219,TXN-B-001759-L3613,TXN-B-001759,EXACT_BARCODE,97.00,IDENTITY_MATCHED,QUANTITY_SHORTAGE,PRICE_VARIANCE,AMOUNT_VARIANCE,QUANTITY_AND_AMOUNT_DIFFERENCE,Y,-7.43,-2.11,-469.65,PRD-0117,PRD-0117,NEXUS Can Opener 5 W,NEXUS Can Opener 5 W,136.03,605.68,2.25,9.68,60.46,62.57,-469.65,469.65,464.90,4.75,0.01,0.00,469.65
TXN-A-001220-L2439,TXN-A-001220,TXN-B-001333-L2666,TXN-B-001333,EXACT_BARCODE,97.00,IDENTITY_MATCHED,QUANTITY_SHORTAGE,PRICE_MATCHED,AMOUNT_VARIANCE,QUANTITY_AND_AMOUNT_DIFFERENCE,Y,-2.99,0.00,-338.35,PRD-0036,PRD-6468,NEXUS Stapler 1.5 L,NEXUS Stapler 1.5X L,409.64,747.99,3.62,6.61,113.16,113.16,-338.35,338.35,338.35,0.00,0.00,0.00,338.35
TXN-A-001221-L2441,TXN-A-001221,TXN-B-001751-L3597,TXN-B-001751,EXACT_BARCODE,97.00,IDENTITY_MATCHED,QUANTITY_EXCESS,PRICE_VARIANCE,AMOUNT_VARIANCE,QUANTITY_AND_AMOUNT_DIFFERENCE,Y,2.23,-4.67,38.40,PRD-0149,PRD-0149,AURORA Wrench Set 45 CM,AURORA Wrench Set 45 CM,233.95,195.55,7.99,5.76,29.28,33.95,38.40,38.40,75.71,37.31,0.00,0.00,38.40
TXN-A-001222-L2443,TXN-A-001222,TXN-B-001673-L3441,TXN-B-001673,EXACT_BARCODE,97.00,IDENTITY_MATCHED,QUANTITY_SHORTAGE,PRICE_MATCHED,AMOUNT_VARIANCE,QUANTITY_AND_AMOUNT_DIFFERENCE,Y,-4.14,0.00,-398.89,PRD-0138,PRD-0138,NEXUS Scissors 500 MG,NEXUS Scissors 500 MG,924.96,1323.85,9.60,13.74,96.35,96.35,-398.89,398.89,398.89,0.00,0.00,0.00,398.89
TXN-A-001223-L2445,TXN-A-001223,TXN-B-001804-L3703,TXN-B-001804,EXACT_BARCODE,97.00,IDENTITY_MATCHED,QUANTITY_SHORTAGE,PRICE_MATCHED,AMOUNT_VARIANCE,QUANTITY_AND_AMOUNT_DIFFERENCE,Y,-0.48,0.00,-43.06,PRD-0024,PRD-0024,NEXUS Floor Polish 100 MG,NEXUS Floor Polish 100 MG,488.33,531.39,6.45,6.93,75.71,75.71,-43.06,43.06,36.34,0.00,6.72,0.00,43.06
TXN-A-001224-L2447,TXN-A-001224,TXN-B-001865-L3825,TXN-B-001865,EXACT_BARCODE,97.00,IDENTITY_MATCHED,QUANTITY_SHORTAGE,PRICE_VARIANCE,AMOUNT_VARIANCE,QUANTITY_AND_AMOUNT_DIFFERENCE,Y,-10.51,-2.73,-397.72,PRD-0141,PRD-0141,NEXUS Eraser Pack 3 V,NEXUS Eraser Pack 3 V,45.90,443.62,1.32,11.83,34.77,37.50,-397.72,397.72,394.12,3.60,0.00,0.00,397.72
TXN-A-001225-L2449,TXN-A-001225,TXN-B-001378-L2756,TXN-B-001378,EXACT_BARCODE,97.00,IDENTITY_MATCHED,QUANTITY_SHORTAGE,PRICE_MATCHED,AMOUNT_VARIANCE,QUANTITY_AND_AMOUNT_DIFFERENCE,Y,-2.84,0.00,-93.89,PRD-0084,PRD-6509,NEXUS Toothpaste 15 W,NEXUS Toothpaste 15X W,69.10,162.99,2.09,4.93,33.06,33.06,-93.89,93.89,93.89,0.00,0.00,0.00,93.89
TXN-A-001226-L2451,TXN-A-001226,TXN-B-001136-L2272,TXN-B-001136,EXACT_PRODUCT_CODE,95.00,IDENTITY_MATCHED,QUANTITY_SHORTAGE,PRICE_MATCHED,AMOUNT_VARIANCE,QUANTITY_AND_AMOUNT_DIFFERENCE,Y,-5.64,0.00,-587.80,PRD-0020,PRD-8980,AURORA Air Freshener 200 G,AURORA Air Freshener 200 G,404.37,992.17,3.88,9.52,104.22,104.22,-587.80,587.80,587.80,0.00,0.00,0.00,587.80
TXN-A-001227-L2453,TXN-A-001227,TXN-B-001593-L3244,TXN-B-001593,EXACT_BARCODE,97.00,IDENTITY_MATCHED,QUANTITY_EXCESS,PRICE_MATCHED,AMOUNT_VARIANCE,QUANTITY_AND_AMOUNT_DIFFERENCE,Y,6.01,0.00,622.76,PRD-0108,PRD-0108,NEXUS Spatula Set 500 MG,NEXUS Spatula Set 500 MG,1002.01,379.25,9.67,3.66,103.62,103.62,622.76,622.76,622.76,0.00,0.00,0.00,622.76
TXN-A-001228-L2455,TXN-A-001228,TXN-B-001341-L2682,TXN-B-001341,EXACT_BARCODE,97.00,IDENTITY_MATCHED,QUANTITY_SHORTAGE,PRICE_MATCHED,AMOUNT_VARIANCE,QUANTITY_AND_AMOUNT_DIFFERENCE,Y,-1.26,0.00,-93.62,PRD-0079,PRD-6966,ZENITH Body Wash 200 G,ZENITH Body WashX 200 G,344.75,438.37,4.64,5.90,74.30,74.30,-93.62,93.62,93.62,0.00,0.00,0.00,93.62
TXN-A-001229-L2457,TXN-A-001229,TXN-B-001810-L3715,TXN-B-001810,EXACT_BARCODE,97.00,IDENTITY_MATCHED,QUANTITY_SHORTAGE,PRICE_MATCHED,AMOUNT_VARIANCE,QUANTITY_AND_AMOUNT_DIFFERENCE,Y,-0.89,0.00,-105.22,PRD-0003,PRD-0003,NEXUS All Purpose Cleaner 250 ML,NEXUS All Purpose Cleaner 250 ML,774.76,879.98,6.64,7.53,116.68,116.68,-105.22,105.22,103.85,0.00,1.37,0.00,105.22
TXN-A-001230-L2459,TXN-A-001230,TXN-B-001680-L3455,TXN-B-001680,EXACT_BARCODE,97.00,IDENTITY_MATCHED,QUANTITY_SHORTAGE,PRICE_MATCHED,AMOUNT_VARIANCE,QUANTITY_AND_AMOUNT_DIFFERENCE,Y,-9.73,0.00,-953.25,PRD-0011,PRD-0011,AURORA Laundry Detergent 2000 MAH,AURORA Laundry Detergent 2000 MAH,171.45,1124.70,1.75,11.48,97.97,97.97,-953.25,953.25,953.25,0.00,0.00,0.00,953.25
TXN-A-001231-L2461,TXN-A-001231,TXN-B-001368-L2736,TXN-B-001368,EXACT_BARCODE,97.00,IDENTITY_MATCHED,QUANTITY_SHORTAGE,PRICE_MATCHED,AMOUNT_VARIANCE,QUANTITY_AND_AMOUNT_DIFFERENCE,Y,-7.34,0.00,-666.99,PRD-0130,PRD-6338,ZENITH Ruler Set 45 CM,ZENITH Ruler SetX 45 CM,228.08,895.07,2.51,9.85,90.87,90.87,-666.99,666.99,666.99,0.00,0.00,0.00,666.99
TXN-A-001232-L2463,TXN-A-001232,TXN-B-001785-L3665,TXN-B-001785,EXACT_BARCODE,97.00,IDENTITY_MATCHED,QUANTITY_SHORTAGE,PRICE_VARIANCE,AMOUNT_VARIANCE,QUANTITY_AND_AMOUNT_DIFFERENCE,Y,-4.04,-2.82,-207.33,PRD-0110,PRD-0110,AURORA Storage Container 5 W,AURORA Storage Container 5 W,248.09,455.42,5.56,9.60,44.62,47.44,-207.33,207.33,191.66,15.68,0.00,0.00,207.33
TXN-A-001233-L2465,TXN-A-001233,TXN-B-001626-L3343,TXN-B-001626,EXACT_BARCODE,97.00,IDENTITY_MATCHED,QUANTITY_EXCESS,PRICE_MATCHED,AMOUNT_VARIANCE,QUANTITY_AND_AMOUNT_DIFFERENCE,Y,5.13,0.00,583.74,PRD-0070,PRD-0070,ZENITH Mouse Pad 200 G,ZENITH Mouse Pad 200 G,850.01,266.27,7.47,2.34,113.79,113.79,583.74,583.74,583.74,0.00,0.00,0.00,583.74
TXN-A-001234-L2467,TXN-A-001234,TXN-B-001567-L3082,TXN-B-001567,EXACT_BARCODE,97.00,IDENTITY_MATCHED,QUANTITY_EXCESS,PRICE_MATCHED,AMOUNT_VARIANCE,QUANTITY_AND_AMOUNT_DIFFERENCE,Y,0.38,0.00,0.79,PRD-0047,PRD-0047,AURORA Tape Dispenser 45 CM,AURORA Tape Dispenser 45 CM,12.08,11.29,5.81,5.43,2.08,2.08,0.79,0.79,0.79,0.00,0.00,0.00,0.79
TXN-A-001235-L2469,TXN-A-001235,TXN-B-001562-L3077,TXN-B-001562,EXACT_BARCODE,97.00,IDENTITY_MATCHED,QUANTITY_EXCESS,PRICE_MATCHED,AMOUNT_VARIANCE,QUANTITY_AND_AMOUNT_DIFFERENCE,Y,0.49,0.00,34.33,PRD-0062,PRD-0062,AURORA Battery Pack 2000 MAH,AURORA Battery Pack 2000 MAH,542.19,507.86,7.74,7.25,70.05,70.05,34.33,34.33,34.32,0.00,0.01,0.00,34.33
TXN-A-001236-L2471,TXN-A-001236,TXN-B-001692-L3479,TXN-B-001692,EXACT_BARCODE,97.00,IDENTITY_MATCHED,QUANTITY_SHORTAGE,PRICE_MATCHED,AMOUNT_VARIANCE,QUANTITY_AND_AMOUNT_DIFFERENCE,Y,-7.82,0.00,-104.00,PRD-0119,PRD-0119,AURORA Peeler 100 MG,AURORA Peeler 100 MG,54.00,158.00,4.06,11.88,13.30,13.30,-104.00,104.00,104.01,0.00,0.00,0.00,104.00
TXN-A-001237-L2473,TXN-A-001237,TXN-B-001606-L3283,TXN-B-001606,EXACT_BARCODE,97.00,IDENTITY_MATCHED,QUANTITY_EXCESS,PRICE_MATCHED,AMOUNT_VARIANCE,QUANTITY_AND_AMOUNT_DIFFERENCE,Y,1.08,0.00,25.60,PRD-0106,PRD-0106,ZENITH Spatula Set 1 KG,ZENITH Spatula Set 1 KG,79.87,54.27,3.37,2.29,23.70,23.70,25.60,25.60,25.60,0.00,0.00,0.00,25.60
TXN-A-001238-L2475,TXN-A-001238,TXN-B-001811-L3717,TXN-B-001811,EXACT_BARCODE,97.00,IDENTITY_MATCHED,QUANTITY_SHORTAGE,PRICE_MATCHED,AMOUNT_VARIANCE,QUANTITY_AND_AMOUNT_DIFFERENCE,Y,-0.54,0.00,-66.29,PRD-0040,PRD-0040,ZENITH File Folder Pack 750 ML,ZENITH File Folder Pack 750 ML,892.06,958.35,7.94,8.48,112.35,112.35,-66.29,66.29,60.67,0.00,5.62,0.00,66.29
TXN-A-001239-L2477,TXN-A-001239,TXN-B-001795-L3685,TXN-B-001795,EXACT_BARCODE,97.00,IDENTITY_MATCHED,QUANTITY_EXCESS,PRICE_MATCHED,AMOUNT_VARIANCE,QUANTITY_AND_AMOUNT_DIFFERENCE,Y,0.41,0.00,5.60,PRD-0093,PRD-0093,NEXUS Hair Gel 10 W,NEXUS Hair Gel 10 W,217.73,212.13,7.99,7.58,27.25,27.25,5.60,5.60,11.17,0.00,0.00,0.00,5.60
TXN-A-001240-L2479,TXN-A-001240,TXN-B-001629-L3352,TXN-B-001629,EXACT_BARCODE,97.00,IDENTITY_MATCHED,QUANTITY_SHORTAGE,PRICE_MATCHED,AMOUNT_VARIANCE,QUANTITY_AND_AMOUNT_DIFFERENCE,Y,-5.04,0.00,-563.73,PRD-0140,PRD-0140,AURORA Eraser Pack 2000 MAH,AURORA Eraser Pack 2000 MAH,170.01,733.74,1.52,6.56,111.85,111.85,-563.73,563.73,563.72,0.00,0.01,0.00,563.73
TXN-A-001241-L2481,TXN-A-001241,TXN-B-001519-L3034,TXN-B-001519,EXACT_BARCODE,97.00,IDENTITY_MATCHED,QUANTITY_SHORTAGE,PRICE_MATCHED,AMOUNT_VARIANCE,QUANTITY_AND_AMOUNT_DIFFERENCE,Y,-5.82,0.00,-152.14,PRD-0029,PRD-0029,AURORA Highlighter Set 9 V,AURORA Highlighter Set 9 V,37.38,189.52,1.43,7.25,26.14,26.14,-152.14,152.14,152.13,0.00,0.01,0.00,152.14
TXN-A-001242-L2483,TXN-A-001242,TXN-B-001852-L3799,TXN-B-001852,EXACT_BARCODE,97.00,IDENTITY_MATCHED,QUANTITY_SHORTAGE,PRICE_VARIANCE,AMOUNT_VARIANCE,QUANTITY_AND_AMOUNT_DIFFERENCE,Y,-2.20,-2.28,-267.46,PRD-0140,PRD-0140,AURORA Eraser Pack 2000 MAH,AURORA Eraser Pack 2000 MAH,803.08,1070.54,7.18,9.38,111.85,114.13,-267.46,267.46,251.09,16.37,0.00,0.00,267.46
TXN-A-001243-L2485,TXN-A-001243,TXN-B-002043-L4286,TXN-B-002043,EXACT_BARCODE,97.00,IDENTITY_MATCHED,QUANTITY_EXCESS,PRICE_MATCHED,AMOUNT_VARIANCE,QUANTITY_AND_AMOUNT_DIFFERENCE,Y,4.13,0.00,306.86,PRD-0079,PRD-0079,ZENITH Body Wash 200 G,ZENITH Body Wash 200 G,692.48,385.62,9.32,5.19,74.30,74.30,306.86,306.86,306.86,0.00,0.00,0.00,306.86
TXN-A-001244-L2487,TXN-A-001244,TXN-B-001357-L2714,TXN-B-001357,EXACT_BARCODE,97.00,IDENTITY_MATCHED,QUANTITY_SHORTAGE,PRICE_MATCHED,AMOUNT_VARIANCE,QUANTITY_AND_AMOUNT_DIFFERENCE,Y,-7.43,0.00,-128.83,PRD-0035,PRD-6501,AURORA Stapler 10 W,AURORA Stapler 10X W,33.99,162.82,1.96,9.39,17.34,17.34,-128.83,128.83,128.84,0.00,0.00,0.00,128.83
TXN-A-001245-L2489,TXN-A-001245,TXN-B-001383-L2766,TXN-B-001383,EXACT_BARCODE,97.00,IDENTITY_MATCHED,QUANTITY_EXCESS,PRICE_MATCHED,AMOUNT_VARIANCE,QUANTITY_AND_AMOUNT_DIFFERENCE,Y,3.31,0.00,40.58,PRD-0076,PRD-6913,ZENITH Shampoo 200 G,ZENITH Shampoo 200X G,104.21,63.63,8.50,5.19,12.26,12.26,40.58,40.58,40.58,0.00,0.00,0.00,40.58
TXN-A-001246-L2491,TXN-A-001246,TXN-B-001847-L3789,TXN-B-001847,EXACT_BARCODE,97.00,IDENTITY_MATCHED,QUANTITY_SHORTAGE,PRICE_VARIANCE,AMOUNT_VARIANCE,QUANTITY_AND_AMOUNT_DIFFERENCE,Y,-5.97,-2.77,-111.47,PRD-0143,PRD-0143,AURORA Marker Set 10 IN,AURORA Marker Set 10 IN,70.58,182.05,5.24,11.21,13.47,16.24,-111.47,111.47,96.95,14.51,0.00,0.00,111.47
TXN-A-001247-L2493,TXN-A-001247,TXN-B-001711-L3517,TXN-B-001711,EXACT_BARCODE,97.00,IDENTITY_MATCHED,QUANTITY_SHORTAGE,PRICE_MATCHED,AMOUNT_VARIANCE,QUANTITY_AND_AMOUNT_DIFFERENCE,Y,-1.58,0.00,-99.77,PRD-0100,PRD-0100,ZENITH Mixing Bowl Set 250 ML,ZENITH Mixing Bowl Set 250 ML,339.12,438.89,5.37,6.95,63.15,63.15,-99.77,99.77,99.78,0.00,0.00,0.00,99.77
TXN-A-001248-L2495,TXN-A-001248,TXN-B-001354-L2708,TXN-B-001354,EXACT_BARCODE,97.00,IDENTITY_MATCHED,QUANTITY_SHORTAGE,PRICE_MATCHED,AMOUNT_VARIANCE,QUANTITY_AND_AMOUNT_DIFFERENCE,Y,-0.21,0.00,-8.16,PRD-0068,PRD-6008,AURORA HDMI Cable 10000 MAH,AURORA HDMI CableX 10000 MAH,86.59,94.75,2.23,2.44,38.83,38.83,-8.16,8.16,8.15,0.00,0.01,0.00,8.16
TXN-A-001249-L2497,TXN-A-001249,TXN-B-001769-L3633,TXN-B-001769,EXACT_BARCODE,97.00,IDENTITY_MATCHED,QUANTITY_EXCESS,PRICE_VARIANCE,AMOUNT_VARIANCE,QUANTITY_AND_AMOUNT_DIFFERENCE,Y,5.33,-3.53,151.48,PRD-0149,PRD-0149,AURORA Wrench Set 45 CM,AURORA Wrench Set 45 CM,194.13,42.65,6.63,1.30,29.28,32.81,151.48,151.48,174.88,23.40,0.00,0.00,151.48
TXN-A-001250-L2499,TXN-A-001250,TXN-B-001568-L3083,TXN-B-001568,EXACT_BARCODE,97.00,IDENTITY_MATCHED,QUANTITY_EXCESS,PRICE_MATCHED,AMOUNT_VARIANCE,QUANTITY_AND_AMOUNT_DIFFERENCE,Y,5.82,0.00,147.25,PRD-0010,PRD-0010,ZENITH Laundry Detergent 1.5 V,ZENITH Laundry Detergent 1.5 V,173.56,26.31,6.86,1.04,25.30,25.30,147.25,147.25,147.25,0.00,0.00,0.00,147.25
TXN-A-001251-L2501,TXN-A-001251,TXN-B-001540-L3055,TXN-B-001540,EXACT_BARCODE,97.00,IDENTITY_MATCHED,QUANTITY_SHORTAGE,PRICE_MATCHED,AMOUNT_VARIANCE,QUANTITY_AND_AMOUNT_DIFFERENCE,Y,-4.19,0.00,-269.88,PRD-0115,PRD-0115,ZENITH Can Opener 2000 MAH,ZENITH Can Opener 2000 MAH,82.44,352.32,1.28,5.47,64.41,64.41,-269.88,269.88,269.88,0.00,0.00,0.00,269.88
TXN-A-001252-L2503,TXN-A-001252,TXN-B-001892-L3879,TXN-B-001892,EXACT_BARCODE,97.00,IDENTITY_MATCHED,QUANTITY_SHORTAGE,PRICE_MATCHED,AMOUNT_VARIANCE,QUANTITY_AND_AMOUNT_DIFFERENCE,Y,-2.41,0.00,-65.67,PRD-0093,PRD-0093,NEXUS Hair Gel 10 W,NEXUS Hair Gel 10 W,41.69,107.36,1.53,3.94,27.25,27.25,-65.67,65.67,65.67,0.00,0.00,0.00,65.67
TXN-A-001253-L2505,TXN-A-001253,TXN-B-001376-L2752,TXN-B-001376,EXACT_BARCODE,97.00,IDENTITY_MATCHED,QUANTITY_SHORTAGE,PRICE_MATCHED,AMOUNT_VARIANCE,QUANTITY_AND_AMOUNT_DIFFERENCE,Y,-5.37,0.00,-391.85,PRD-0058,PRD-6713,ZENITH Screen Protector 3 V,ZENITH Screen ProtectorX 3 V,129.16,521.01,1.77,7.14,72.97,72.97,-391.85,391.85,391.85,0.00,0.00,0.00,391.85
TXN-A-001254-L2507,TXN-A-001254,TXN-B-001724-L3543,TXN-B-001724,EXACT_BARCODE,97.00,IDENTITY_MATCHED,QUANTITY_EXCESS,PRICE_MATCHED,AMOUNT_VARIANCE,QUANTITY_AND_AMOUNT_DIFFERENCE,Y,3.94,0.00,370.48,PRD-0137,PRD-0137,AURORA Scissors 100 MG,AURORA Scissors 100 MG,651.63,281.15,6.93,2.99,94.03,94.03,370.48,370.48,370.48,0.00,0.00,0.00,370.48
TXN-A-001255-L2509,TXN-A-001255,TXN-B-001532-L3047,TXN-B-001532,EXACT_BARCODE,97.00,IDENTITY_MATCHED,QUANTITY_EXCESS,PRICE_MATCHED,AMOUNT_VARIANCE,QUANTITY_AND_AMOUNT_DIFFERENCE,Y,0.78,0.00,26.98,PRD-0001,PRD-0001,ZENITH All Purpose Cleaner 10 IN,ZENITH All Purpose Cleaner 10 IN,136.98,110.00,3.96,3.18,34.59,34.59,26.98,26.98,26.98,0.00,0.00,0.00,26.98
TXN-A-001256-L2511,TXN-A-001256,TXN-B-001650-L3395,TXN-B-001650,EXACT_BARCODE,97.00,IDENTITY_MATCHED,QUANTITY_EXCESS,PRICE_MATCHED,AMOUNT_VARIANCE,QUANTITY_AND_AMOUNT_DIFFERENCE,Y,0.03,0.00,0.52,PRD-0035,PRD-0035,AURORA Stapler 10 W,AURORA Stapler 10 W,96.06,95.54,5.54,5.51,17.34,17.34,0.52,0.52,0.52,0.00,0.00,0.00,0.52
TXN-A-001257-L2513,TXN-A-001257,TXN-B-001979-L4133,TXN-B-001979,EXACT_BARCODE,97.00,IDENTITY_MATCHED,QUANTITY_SHORTAGE,PRICE_MATCHED,AMOUNT_VARIANCE,QUANTITY_AND_AMOUNT_DIFFERENCE,Y,-412.72,0.00,-24837.49,PRD-0064,PRD-0064,ZENITH Charging Dock 15 W,ZENITH Charging Dock 15 W,272.01,25109.50,4.52,417.24,60.18,60.18,-24837.49,24837.49,24837.49,0.00,0.00,0.00,24837.49
TXN-A-001258-L2515,TXN-A-001258,TXN-B-001773-L3641,TXN-B-001773,EXACT_BARCODE,97.00,IDENTITY_MATCHED,QUANTITY_EXCESS,PRICE_VARIANCE,AMOUNT_VARIANCE,QUANTITY_AND_AMOUNT_DIFFERENCE,Y,1.23,-1.70,73.85,PRD-0061,PRD-0061,ZENITH Battery Pack 200 G,ZENITH Battery Pack 200 G,266.61,192.76,4.16,2.93,64.09,65.79,73.85,73.85,80.92,7.07,0.00,0.00,73.85
TXN-A-001259-L2517,TXN-A-001259,TXN-B-001887-L3869,TXN-B-001887,EXACT_BARCODE,97.00,IDENTITY_MATCHED,QUANTITY_EXCESS,PRICE_MATCHED,AMOUNT_VARIANCE,QUANTITY_AND_AMOUNT_DIFFERENCE,Y,1.99,0.00,112.61,PRD-0043,PRD-0043,ZENITH Whiteboard Marker 20 W,ZENITH Whiteboard Marker 20 W,388.77,276.16,6.87,4.88,56.59,56.59,112.61,112.61,112.61,0.00,0.00,0.00,112.61
TXN-A-001260-L2519,TXN-A-001260,TXN-B-001331-L2662,TXN-B-001331,EXACT_BARCODE,97.00,IDENTITY_MATCHED,QUANTITY_EXCESS,PRICE_MATCHED,AMOUNT_VARIANCE,QUANTITY_AND_AMOUNT_DIFFERENCE,Y,5.64,0.00,144.77,PRD-0096,PRD-6150,NEXUS Lotion 1 KG,NEXUS Lotion 1X KG,211.26,66.49,8.23,2.59,25.67,25.67,144.77,144.77,144.78,0.00,0.00,0.00,144.77
TXN-A-001261-L2521,TXN-A-001261,TXN-B-002076-L4352,TXN-B-002076,EXACT_BARCODE,97.00,IDENTITY_MATCHED,QUANTITY_SHORTAGE,PRICE_MATCHED,AMOUNT_VARIANCE,QUANTITY_AND_AMOUNT_DIFFERENCE,Y,-4.92,0.00,-66.28,PRD-0143,PRD-0143,AURORA Marker Set 10 IN,AURORA Marker Set 10 IN,58.86,125.14,4.37,9.29,13.47,13.47,-66.28,66.28,66.27,0.00,0.01,0.00,66.28
TXN-A-001262-L2523,TXN-A-001262,TXN-B-001662-L3419,TXN-B-001662,EXACT_BARCODE,97.00,IDENTITY_MATCHED,QUANTITY_EXCESS,PRICE_MATCHED,AMOUNT_VARIANCE,QUANTITY_AND_AMOUNT_DIFFERENCE,Y,1.05,0.00,18.21,PRD-0035,PRD-0035,AURORA Stapler 10 W,AURORA Stapler 10 W,171.15,152.94,9.87,8.82,17.34,17.34,18.21,18.21,18.21,0.00,0.00,0.00,18.21
TXN-A-001263-L2525,TXN-A-001263,TXN-B-001741-L3577,TXN-B-001741,EXACT_BARCODE,97.00,IDENTITY_MATCHED,QUANTITY_SHORTAGE,PRICE_VARIANCE,AMOUNT_VARIANCE,QUANTITY_AND_AMOUNT_DIFFERENCE,Y,-6.68,-3.79,-455.72,PRD-0100,PRD-0100,ZENITH Mixing Bowl Set 250 ML,ZENITH Mixing Bowl Set 250 ML,142.72,598.44,2.26,8.94,63.15,66.94,-455.72,455.72,447.16,8.57,0.00,0.00,455.72
TXN-A-001264-L2527,TXN-A-001264,TXN-B-001192-L2384,TXN-B-001192,EXACT_PRODUCT_CODE,95.00,IDENTITY_MATCHED,QUANTITY_SHORTAGE,PRICE_MATCHED,AMOUNT_VARIANCE,QUANTITY_AND_AMOUNT_DIFFERENCE,Y,-1.07,0.00,-6.22,PRD-0107,PRD-8091,AURORA Spatula Set 9 V,AURORA Spatula Set 9 V,8.83,15.05,1.52,2.59,5.81,5.81,-6.22,6.22,6.22,0.00,0.00,0.00,6.22
TXN-A-001265-L2529,TXN-A-001265,TXN-B-001525-L3040,TXN-B-001525,EXACT_BARCODE,97.00,IDENTITY_MATCHED,QUANTITY_SHORTAGE,PRICE_MATCHED,AMOUNT_VARIANCE,QUANTITY_AND_AMOUNT_DIFFERENCE,Y,-1.82,0.00,-53.78,PRD-0045,PRD-0045,NEXUS Whiteboard Marker 45 CM,NEXUS Whiteboard Marker 45 CM,200.94,254.72,6.80,8.62,29.55,29.55,-53.78,53.78,53.78,0.00,0.00,0.00,53.78
TXN-A-001266-L2531,TXN-A-001266,TXN-B-001564-L3079,TXN-B-001564,EXACT_BARCODE,97.00,IDENTITY_MATCHED,QUANTITY_EXCESS,PRICE_MATCHED,AMOUNT_VARIANCE,QUANTITY_AND_AMOUNT_DIFFERENCE,Y,1.97,0.00,76.49,PRD-0068,PRD-0068,AURORA HDMI Cable 10000 MAH,AURORA HDMI Cable 10000 MAH,139.01,62.52,3.58,1.61,38.83,38.83,76.49,76.49,76.50,0.00,0.00,0.00,76.49
TXN-A-001267-L2533,TXN-A-001267,TXN-B-001768-L3631,TXN-B-001768,EXACT_BARCODE,97.00,IDENTITY_MATCHED,QUANTITY_SHORTAGE,PRICE_VARIANCE,AMOUNT_VARIANCE,QUANTITY_AND_AMOUNT_DIFFERENCE,Y,-3.57,-0.57,-375.26,PRD-0108,PRD-0108,NEXUS Spatula Set 500 MG,NEXUS Spatula Set 500 MG,598.92,974.18,5.78,9.35,103.62,104.19,-375.26,375.26,371.96,3.29,0.01,0.00,375.26
TXN-A-001268-L2535,TXN-A-001268,TXN-B-001543-L3058,TXN-B-001543,EXACT_BARCODE,97.00,IDENTITY_MATCHED,QUANTITY_SHORTAGE,PRICE_MATCHED,AMOUNT_VARIANCE,QUANTITY_AND_AMOUNT_DIFFERENCE,Y,-5.20,0.00,-410.64,PRD-0032,PRD-0032,AURORA Binder Clip Box 3 V,AURORA Binder Clip Box 3 V,106.61,517.25,1.35,6.55,78.97,78.97,-410.64,410.64,410.64,0.00,0.00,0.00,410.64
TXN-A-001269-L2537,TXN-A-001269,TXN-B-001347-L2694,TXN-B-001347,EXACT_BARCODE,97.00,IDENTITY_MATCHED,QUANTITY_EXCESS,PRICE_MATCHED,AMOUNT_VARIANCE,QUANTITY_AND_AMOUNT_DIFFERENCE,Y,2.23,0.00,101.27,PRD-0069,PRD-6105,NEXUS HDMI Cable 1.5 L,NEXUS HDMI CableX 1.5 L,306.52,205.25,6.75,4.52,45.41,45.41,101.27,101.27,101.26,0.00,0.01,0.00,101.27
TXN-A-001270-L2539,TXN-A-001270,TXN-B-001911-L3917,TXN-B-001911,EXACT_BARCODE,97.00,IDENTITY_MATCHED,QUANTITY_EXCESS,PRICE_MATCHED,AMOUNT_VARIANCE,QUANTITY_AND_AMOUNT_DIFFERENCE,Y,5.93,0.00,380.05,PRD-0061,PRD-0061,ZENITH Battery Pack 200 G,ZENITH Battery Pack 200 G,597.96,217.91,9.33,3.40,64.09,64.09,380.05,380.05,380.05,0.00,0.00,0.00,380.05
TXN-A-001271-L2541,TXN-A-001271,TXN-B-001753-L3601,TXN-B-001753,EXACT_BARCODE,97.00,IDENTITY_MATCHED,QUANTITY_EXCESS,PRICE_VARIANCE,AMOUNT_VARIANCE,QUANTITY_AND_AMOUNT_DIFFERENCE,Y,4.46,-4.38,119.37,PRD-0118,PRD-0118,ZENITH Peeler 750 ML,ZENITH Peeler 750 ML,161.85,42.48,5.77,1.31,28.05,32.43,119.37,119.37,144.64,25.27,0.00,0.00,119.37
TXN-A-001272-L2543,TXN-A-001272,TXN-B-001621-L3328,TXN-B-001621,EXACT_BARCODE,97.00,IDENTITY_MATCHED,QUANTITY_SHORTAGE,PRICE_MATCHED,AMOUNT_VARIANCE,QUANTITY_AND_AMOUNT_DIFFERENCE,Y,-0.92,0.00,-36.16,PRD-0018,PRD-0018,NEXUS Surface Wipes 500 MG,NEXUS Surface Wipes 500 MG,156.85,193.01,3.99,4.91,39.31,39.31,-36.16,36.16,36.17,0.00,0.00,0.00,36.16
TXN-A-001273-L2545,TXN-A-001273,TXN-B-001397-L2794,TXN-B-001397,EXACT_BARCODE,97.00,IDENTITY_MATCHED,QUANTITY_SHORTAGE,PRICE_MATCHED,AMOUNT_VARIANCE,QUANTITY_AND_AMOUNT_DIFFERENCE,Y,-0.95,0.00,-2.52,PRD-0088,PRD-6306,ZENITH Face Cream 30 CM,ZENITH Face CreamX 30 CM,18.57,21.09,6.98,7.93,2.66,2.66,-2.52,2.52,2.53,0.00,0.00,0.00,2.52
TXN-A-001274-L2547,TXN-A-001274,TXN-B-001880-L3855,TXN-B-001880,EXACT_BARCODE,97.00,IDENTITY_MATCHED,QUANTITY_SHORTAGE,PRICE_VARIANCE,AMOUNT_VARIANCE,QUANTITY_AND_AMOUNT_DIFFERENCE,Y,-1.77,-2.36,-61.48,PRD-0033,PRD-0033,NEXUS Binder Clip Box 45 CM,NEXUS Binder Clip Box 45 CM,171.51,232.99,7.81,9.58,21.96,24.32,-61.48,61.48,43.05,18.43,0.00,0.00,61.48
TXN-A-001275-L2549,TXN-A-001275,TXN-B-001275-L2550,TXN-B-001275,NORMALIZED_NAME,90.00,IDENTITY_MATCHED,QUANTITY_MATCHED,PRICE_MATCHED,AMOUNT_MATCHED,MATCHED,N,0.00,0.00,0.00,PRD-0083,PRD-7571,AURORA Toothpaste 3 V,AURORA Toothpaste 3 V,384.19,384.19,8.15,8.15,47.14,47.14,0.00,0.00,0.00,0.00,0.00,0.00,0.00
TXN-A-001276-L2551,TXN-A-001276,TXN-B-001727-L3549,TXN-B-001727,EXACT_BARCODE,97.00,IDENTITY_MATCHED,QUANTITY_SHORTAGE,PRICE_MATCHED,AMOUNT_VARIANCE,QUANTITY_AND_AMOUNT_DIFFERENCE,Y,-6.56,0.00,-384.42,PRD-0102,PRD-0102,NEXUS Mixing Bowl Set 15 W,NEXUS Mixing Bowl Set 15 W,99.62,484.04,1.70,8.26,58.60,58.60,-384.42,384.42,384.42,0.00,0.00,0.00,384.42
TXN-A-001277-L2553,TXN-A-001277,TXN-B-001527-L3042,TXN-B-001527,EXACT_BARCODE,97.00,IDENTITY_MATCHED,QUANTITY_SHORTAGE,PRICE_MATCHED,AMOUNT_VARIANCE,QUANTITY_AND_AMOUNT_DIFFERENCE,Y,-6.39,0.00,-642.45,PRD-0112,PRD-0112,ZENITH Kitchen Towel 30 CM,ZENITH Kitchen Towel 30 CM,334.80,977.25,3.33,9.72,100.54,100.54,-642.45,642.45,642.45,0.00,0.00,0.00,642.45
TXN-A-001278-L2555,TXN-A-001278,TXN-B-001620-L3325,TXN-B-001620,EXACT_BARCODE,97.00,IDENTITY_MATCHED,QUANTITY_EXCESS,PRICE_MATCHED,AMOUNT_VARIANCE,QUANTITY_AND_AMOUNT_DIFFERENCE,Y,4.15,0.00,24.56,PRD-0022,PRD-0022,ZENITH Floor Polish 2000 MAH,ZENITH Floor Polish 2000 MAH,30.78,6.22,5.20,1.05,5.92,5.92,24.56,24.56,24.57,0.00,0.00,0.00,24.56
TXN-A-001279-L2557,TXN-A-001279,TXN-B-001687-L3469,TXN-B-001687,EXACT_BARCODE,97.00,IDENTITY_MATCHED,QUANTITY_SHORTAGE,PRICE_MATCHED,AMOUNT_VARIANCE,QUANTITY_AND_AMOUNT_DIFFERENCE,Y,-1.94,0.00,-53.89,PRD-0046,PRD-0046,ZENITH Tape Dispenser 250 ML,ZENITH Tape Dispenser 250 ML,130.01,183.90,4.68,6.62,27.78,27.78,-53.89,53.89,53.89,0.00,0.00,0.00,53.89
TXN-A-001280-L2559,TXN-A-001280,TXN-B-001715-L3525,TXN-B-001715,EXACT_BARCODE,97.00,IDENTITY_MATCHED,QUANTITY_EXCESS,PRICE_MATCHED,AMOUNT_VARIANCE,QUANTITY_AND_AMOUNT_DIFFERENCE,Y,3.88,0.00,218.75,PRD-0081,PRD-0081,NEXUS Body Wash 500 G,NEXUS Body Wash 500 G,363.65,144.90,6.45,2.57,56.38,56.38,218.75,218.75,218.75,0.00,0.00,0.00,218.75
TXN-A-001281-L2561,TXN-A-001281,TXN-B-001159-L2318,TXN-B-001159,EXACT_PRODUCT_CODE,95.00,IDENTITY_MATCHED,QUANTITY_EXCESS,PRICE_MATCHED,AMOUNT_VARIANCE,QUANTITY_AND_AMOUNT_DIFFERENCE,Y,2.33,0.00,81.01,PRD-0141,PRD-8456,NEXUS Eraser Pack 3 V,NEXUS Eraser Pack 3 V,276.07,195.06,7.94,5.61,34.77,34.77,81.01,81.01,81.01,0.00,0.00,0.00,81.01
TXN-A-001282-L2563,TXN-A-001282,TXN-B-001749-L3593,TXN-B-001749,EXACT_BARCODE,97.00,IDENTITY_MATCHED,QUANTITY_SHORTAGE,PRICE_VARIANCE,AMOUNT_VARIANCE,QUANTITY_AND_AMOUNT_DIFFERENCE,Y,-1.95,-1.70,-105.47,PRD-0089,PRD-0089,AURORA Face Cream 500 ML,AURORA Face Cream 500 ML,133.66,239.13,2.67,4.62,50.06,51.76,-105.47,105.47,100.93,4.54,0.00,0.00,105.47
TXN-A-001283-L2565,TXN-A-001283,TXN-B-001610-L3295,TXN-B-001610,EXACT_BARCODE,97.00,IDENTITY_MATCHED,QUANTITY_SHORTAGE,PRICE_MATCHED,AMOUNT_VARIANCE,QUANTITY_AND_AMOUNT_DIFFERENCE,Y,-5.32,0.00,-175.88,PRD-0084,PRD-0084,NEXUS Toothpaste 15 W,NEXUS Toothpaste 15 W,115.71,291.59,3.50,8.82,33.06,33.06,-175.88,175.88,175.88,0.00,0.00,0.00,175.88
TXN-A-001284-L2567,TXN-A-001284,TXN-B-001660-L3415,TXN-B-001660,EXACT_BARCODE,97.00,IDENTITY_MATCHED,QUANTITY_SHORTAGE,PRICE_MATCHED,AMOUNT_VARIANCE,QUANTITY_AND_AMOUNT_DIFFERENCE,Y,-6.36,0.00,-210.26,PRD-0084,PRD-0084,NEXUS Toothpaste 15 W,NEXUS Toothpaste 15 W,94.22,304.48,2.85,9.21,33.06,33.06,-210.26,210.26,210.26,0.00,0.00,0.00,210.26
TXN-A-001285-L2569,TXN-A-001285,TXN-B-001140-L2280,TXN-B-001140,EXACT_PRODUCT_CODE,95.00,IDENTITY_MATCHED,QUANTITY_SHORTAGE,PRICE_MATCHED,AMOUNT_VARIANCE,QUANTITY_AND_AMOUNT_DIFFERENCE,Y,-3.76,0.00,-82.57,PRD-0033,PRD-8136,NEXUS Binder Clip Box 45 CM,NEXUS Binder Clip Box 45 CM,24.81,107.38,1.13,4.89,21.96,21.96,-82.57,82.57,82.57,0.00,0.00,0.00,82.57
TXN-A-001286-L2571,TXN-A-001286,TXN-B-001638-L3371,TXN-B-001638,EXACT_BARCODE,97.00,IDENTITY_MATCHED,QUANTITY_SHORTAGE,PRICE_MATCHED,AMOUNT_VARIANCE,QUANTITY_AND_AMOUNT_DIFFERENCE,Y,-8.71,0.00,-227.68,PRD-0029,PRD-0029,AURORA Highlighter Set 9 V,AURORA Highlighter Set 9 V,36.33,264.01,1.39,10.10,26.14,26.14,-227.68,227.68,227.68,0.00,0.00,0.00,227.68
TXN-A-001287-L2573,TXN-A-001287,TXN-B-001719-L3533,TXN-B-001719,EXACT_BARCODE,97.00,IDENTITY_MATCHED,QUANTITY_SHORTAGE,PRICE_MATCHED,AMOUNT_VARIANCE,QUANTITY_AND_AMOUNT_DIFFERENCE,Y,-0.34,0.00,-38.03,PRD-0008,PRD-0008,AURORA Dish Liquid 10000 MAH,AURORA Dish Liquid 10000 MAH,647.67,685.70,5.79,6.13,111.86,111.86,-38.03,38.03,38.03,0.00,0.00,0.00,38.03
TXN-A-001288-L2575,TXN-A-001288,TXN-B-002014-L4228,TXN-B-002014,EXACT_BARCODE,97.00,IDENTITY_MATCHED,QUANTITY_SHORTAGE,PRICE_MATCHED,AMOUNT_VARIANCE,QUANTITY_AND_AMOUNT_DIFFERENCE,Y,-0.32,0.00,-35.79,PRD-0140,PRD-0140,AURORA Eraser Pack 2000 MAH,AURORA Eraser Pack 2000 MAH,1021.19,1056.98,9.13,9.45,111.85,111.85,-35.79,35.79,35.79,0.00,0.00,0.00,35.79
TXN-A-001289-L2577,TXN-A-001289,TXN-B-001576-L3193,TXN-B-001576,EXACT_BARCODE,97.00,IDENTITY_MATCHED,QUANTITY_EXCESS,PRICE_MATCHED,AMOUNT_VARIANCE,QUANTITY_AND_AMOUNT_DIFFERENCE,Y,6.21,0.00,326.77,PRD-0055,PRD-0055,ZENITH Phone Case 250 MG,ZENITH Phone Case 250 MG,406.23,79.46,7.72,1.51,52.62,52.62,326.77,326.77,326.77,0.00,0.00,0.00,326.77
TXN-A-001290-L2579,TXN-A-001290,TXN-B-001643-L3381,TXN-B-001643,EXACT_BARCODE,97.00,IDENTITY_MATCHED,QUANTITY_EXCESS,PRICE_MATCHED,AMOUNT_VARIANCE,QUANTITY_AND_AMOUNT_DIFFERENCE,Y,2.33,0.00,248.37,PRD-0077,PRD-0077,AURORA Shampoo 1 KG,AURORA Shampoo 1 KG,782.44,534.07,7.34,5.01,106.60,106.60,248.37,248.37,248.38,0.00,0.00,0.00,248.37
TXN-A-001291-L2581,TXN-A-001291,TXN-B-001158-L2316,TXN-B-001158,EXACT_PRODUCT_CODE,95.00,IDENTITY_MATCHED,QUANTITY_EXCESS,PRICE_MATCHED,AMOUNT_VARIANCE,QUANTITY_AND_AMOUNT_DIFFERENCE,Y,2.20,0.00,132.39,PRD-0064,PRD-8575,ZENITH Charging Dock 15 W,ZENITH Charging Dock 15 W,374.92,242.53,6.23,4.03,60.18,60.18,132.39,132.39,132.40,0.00,0.00,0.00,132.39
TXN-A-001292-L2583,TXN-A-001292,TXN-B-001633-L3361,TXN-B-001633,EXACT_BARCODE,97.00,IDENTITY_MATCHED,QUANTITY_SHORTAGE,PRICE_MATCHED,AMOUNT_VARIANCE,QUANTITY_AND_AMOUNT_DIFFERENCE,Y,-5.61,0.00,-382.09,PRD-0042,PRD-0042,NEXUS File Folder Pack 500 G,NEXUS File Folder Pack 500 G,128.73,510.82,1.89,7.50,68.11,68.11,-382.09,382.09,382.10,0.00,0.00,0.00,382.09
TXN-A-001293-L2585,TXN-A-001293,TXN-B-001570-L3085,TXN-B-001570,EXACT_BARCODE,97.00,IDENTITY_MATCHED,QUANTITY_SHORTAGE,PRICE_MATCHED,AMOUNT_VARIANCE,QUANTITY_AND_AMOUNT_DIFFERENCE,Y,-5.85,0.00,-202.36,PRD-0001,PRD-0001,ZENITH All Purpose Cleaner 10 IN,ZENITH All Purpose Cleaner 10 IN,68.83,271.19,1.99,7.84,34.59,34.59,-202.36,202.36,202.35,0.00,0.01,0.00,202.36
TXN-A-001294-L2587,TXN-A-001294,TXN-B-001565-L3080,TXN-B-001565,EXACT_BARCODE,97.00,IDENTITY_MATCHED,QUANTITY_SHORTAGE,PRICE_MATCHED,AMOUNT_VARIANCE,QUANTITY_AND_AMOUNT_DIFFERENCE,Y,-1.89,0.00,-75.70,PRD-0144,PRD-0144,NEXUS Marker Set 250 ML,NEXUS Marker Set 250 ML,297.57,373.27,7.43,9.32,40.05,40.05,-75.70,75.70,75.69,0.00,0.01,0.00,75.70
TXN-A-001295-L2589,TXN-A-001295,TXN-B-001571-L3086,TXN-B-001571,EXACT_BARCODE,97.00,IDENTITY_MATCHED,QUANTITY_EXCESS,PRICE_MATCHED,AMOUNT_VARIANCE,QUANTITY_AND_AMOUNT_DIFFERENCE,Y,3.75,0.00,45.97,PRD-0076,PRD-0076,ZENITH Shampoo 200 G,ZENITH Shampoo 200 G,101.14,55.17,8.25,4.50,12.26,12.26,45.97,45.97,45.98,0.00,0.00,0.00,45.97
TXN-A-001296-L2591,TXN-A-001296,TXN-B-001663-L3421,TXN-B-001663,EXACT_BARCODE,97.00,IDENTITY_MATCHED,QUANTITY_SHORTAGE,PRICE_MATCHED,AMOUNT_VARIANCE,QUANTITY_AND_AMOUNT_DIFFERENCE,Y,-0.17,0.00,-2.09,PRD-0076,PRD-0076,ZENITH Shampoo 200 G,ZENITH Shampoo 200 G,118.92,121.01,9.70,9.87,12.26,12.26,-2.09,2.09,2.08,0.00,0.01,0.00,2.09
TXN-A-001297-L2593,TXN-A-001297,TXN-B-001793-L3681,TXN-B-001793,EXACT_BARCODE,97.00,IDENTITY_MATCHED,QUANTITY_SHORTAGE,PRICE_MATCHED,AMOUNT_VARIANCE,QUANTITY_AND_AMOUNT_DIFFERENCE,Y,-1.18,0.00,-134.90,PRD-0099,PRD-0099,NEXUS Cutting Board 500 ML,NEXUS Cutting Board 500 ML,488.64,623.54,4.33,5.51,112.85,112.85,-134.90,134.90,133.16,0.00,1.74,0.00,134.90
TXN-A-001298-L2595,TXN-A-001298,TXN-B-001335-L2670,TXN-B-001335,EXACT_BARCODE,97.00,IDENTITY_MATCHED,QUANTITY_EXCESS,PRICE_MATCHED,AMOUNT_VARIANCE,QUANTITY_AND_AMOUNT_DIFFERENCE,Y,4.51,0.00,364.09,PRD-0017,PRD-6941,AURORA Surface Wipes 9 V,AURORA Surface WipesX 9 V,490.84,126.75,6.08,1.57,80.73,80.73,364.09,364.09,364.09,0.00,0.00,0.00,364.09
TXN-A-001299-L2597,TXN-A-001299,TXN-B-001791-L3677,TXN-B-001791,EXACT_BARCODE,97.00,IDENTITY_MATCHED,QUANTITY_EXCESS,PRICE_MATCHED,AMOUNT_VARIANCE,QUANTITY_AND_AMOUNT_DIFFERENCE,Y,7.55,0.00,775.02,PRD-0125,PRD-0125,AURORA Sketch Pad 1.5 V,AURORA Sketch Pad 1.5 V,932.82,157.80,9.06,1.51,102.96,102.96,775.02,775.02,777.35,0.00,0.00,0.00,775.02
TXN-A-001300-L2599,TXN-A-001300,TXN-B-001651-L3397,TXN-B-001651,EXACT_BARCODE,97.00,IDENTITY_MATCHED,QUANTITY_SHORTAGE,PRICE_MATCHED,AMOUNT_VARIANCE,QUANTITY_AND_AMOUNT_DIFFERENCE,Y,-5.07,0.00,-263.90,PRD-0023,PRD-0023,AURORA Floor Polish 100 MG,AURORA Floor Polish 100 MG,96.29,360.19,1.85,6.92,52.05,52.05,-263.90,263.90,263.89,0.00,0.01,0.00,263.90
TXN-A-001301-L2601,TXN-A-001301,TXN-B-001202-L2404,TXN-B-001202,EXACT_PRODUCT_CODE,95.00,IDENTITY_MATCHED,QUANTITY_EXCESS,PRICE_MATCHED,AMOUNT_VARIANCE,QUANTITY_AND_AMOUNT_DIFFERENCE,Y,3.75,0.00,225.67,PRD-0064,PRD-8080,ZENITH Charging Dock 15 W,ZENITH Charging Dock 15 W,322.56,96.89,5.36,1.61,60.18,60.18,225.67,225.67,225.68,0.00,0.00,0.00,225.67
TXN-A-001302-L2603,TXN-A-001302,TXN-B-001888-L3871,TXN-B-001888,EXACT_BARCODE,97.00,IDENTITY_MATCHED,QUANTITY_EXCESS,PRICE_MATCHED,AMOUNT_VARIANCE,QUANTITY_AND_AMOUNT_DIFFERENCE,Y,5.25,0.00,544.01,PRD-0108,PRD-0108,NEXUS Spatula Set 500 MG,NEXUS Spatula Set 500 MG,938.80,394.79,9.06,3.81,103.62,103.62,544.01,544.01,544.00,0.00,0.00,0.00,544.01
TXN-A-001303-L2605,TXN-A-001303,TXN-B-001345-L2690,TXN-B-001345,EXACT_BARCODE,97.00,IDENTITY_MATCHED,QUANTITY_EXCESS,PRICE_MATCHED,AMOUNT_VARIANCE,QUANTITY_AND_AMOUNT_DIFFERENCE,Y,2.55,0.00,298.99,PRD-0095,PRD-6541,AURORA Lotion 1 KG,AURORA Lotion 1X KG,1072.84,773.85,9.15,6.60,117.25,117.25,298.99,298.99,298.99,0.00,0.00,0.00,298.99
TXN-A-001304-L2607,TXN-A-001304,TXN-B-001716-L3527,TXN-B-001716,EXACT_BARCODE,97.00,IDENTITY_MATCHED,QUANTITY_SHORTAGE,PRICE_MATCHED,AMOUNT_VARIANCE,QUANTITY_AND_AMOUNT_DIFFERENCE,Y,-4.20,0.00,-48.93,PRD-0080,PRD-0080,AURORA Body Wash 500 MG,AURORA Body Wash 500 MG,72.11,121.04,6.19,10.39,11.65,11.65,-48.93,48.93,48.93,0.00,0.00,0.00,48.93
TXN-A-001305-L2609,TXN-A-001305,TXN-B-001624-L3337,TXN-B-001624,EXACT_BARCODE,97.00,IDENTITY_MATCHED,QUANTITY_SHORTAGE,PRICE_MATCHED,AMOUNT_VARIANCE,QUANTITY_AND_AMOUNT_DIFFERENCE,Y,-4.05,0.00,-157.67,PRD-0044,PRD-0044,AURORA Whiteboard Marker 12 IN,AURORA Whiteboard Marker 12 IN,165.45,323.12,4.25,8.30,38.93,38.93,-157.67,157.67,157.67,0.00,0.00,0.00,157.67
TXN-A-001306-L2611,TXN-A-001306,TXN-B-001545-L3060,TXN-B-001545,EXACT_BARCODE,97.00,IDENTITY_MATCHED,QUANTITY_SHORTAGE,PRICE_MATCHED,AMOUNT_VARIANCE,QUANTITY_AND_AMOUNT_DIFFERENCE,Y,-1.16,0.00,-16.13,PRD-0021,PRD-0021,NEXUS Air Freshener 30 CM,NEXUS Air Freshener 30 CM,105.08,121.21,7.56,8.72,13.90,13.90,-16.13,16.13,16.12,0.00,0.01,0.00,16.13
TXN-A-001307-L2613,TXN-A-001307,TXN-B-001534-L3049,TXN-B-001534,EXACT_BARCODE,97.00,IDENTITY_MATCHED,QUANTITY_EXCESS,PRICE_MATCHED,AMOUNT_VARIANCE,QUANTITY_AND_AMOUNT_DIFFERENCE,Y,2.33,0.00,187.78,PRD-0116,PRD-0116,AURORA Can Opener 500 MG,AURORA Can Opener 500 MG,301.41,113.63,3.74,1.41,80.59,80.59,187.78,187.78,187.77,0.00,0.01,0.00,187.78
TXN-A-001308-L2615,TXN-A-001308,TXN-B-001750-L3595,TXN-B-001750,EXACT_BARCODE,97.00,IDENTITY_MATCHED,QUANTITY_SHORTAGE,PRICE_VARIANCE,AMOUNT_VARIANCE,QUANTITY_AND_AMOUNT_DIFFERENCE,Y,-2.24,-3.95,-289.05,PRD-0014,PRD-0014,AURORA Fabric Softener 250 MG,AURORA Fabric Softener 250 MG,832.09,1121.14,7.43,9.67,111.99,115.94,-289.05,289.05,259.71,29.35,0.00,0.00,289.05
TXN-A-001309-L2617,TXN-A-001309,TXN-B-001659-L3413,TXN-B-001659,EXACT_BARCODE,97.00,IDENTITY_MATCHED,QUANTITY_SHORTAGE,PRICE_MATCHED,AMOUNT_VARIANCE,QUANTITY_AND_AMOUNT_DIFFERENCE,Y,-1.61,0.00,-164.30,PRD-0009,PRD-0009,NEXUS Dish Liquid 10 W,NEXUS Dish Liquid 10 W,413.30,577.60,4.05,5.66,102.05,102.05,-164.30,164.30,164.30,0.00,0.00,0.00,164.30
TXN-A-001310-L2619,TXN-A-001310,TXN-B-001925-L3945,TXN-B-001925,EXACT_BARCODE,97.00,IDENTITY_MATCHED,QUANTITY_SHORTAGE,PRICE_MATCHED,AMOUNT_VARIANCE,QUANTITY_AND_AMOUNT_DIFFERENCE,Y,-2.34,0.00,-68.51,PRD-0149,PRD-0149,AURORA Wrench Set 45 CM,AURORA Wrench Set 45 CM,66.76,135.27,2.28,4.62,29.28,29.28,-68.51,68.51,68.52,0.00,0.00,0.00,68.51
TXN-A-001311-L2621,TXN-A-001311,TXN-B-001560-L3075,TXN-B-001560,EXACT_BARCODE,97.00,IDENTITY_MATCHED,QUANTITY_EXCESS,PRICE_MATCHED,AMOUNT_VARIANCE,QUANTITY_AND_AMOUNT_DIFFERENCE,Y,7.08,0.00,321.36,PRD-0139,PRD-0139,ZENITH Eraser Pack 500 G,ZENITH Eraser Pack 500 G,404.42,83.06,8.91,1.83,45.39,45.39,321.36,321.36,321.36,0.00,0.00,0.00,321.36
TXN-A-001312-L2623,TXN-A-001312,TXN-B-001581-L3208,TXN-B-001581,EXACT_BARCODE,97.00,IDENTITY_MATCHED,QUANTITY_EXCESS,PRICE_MATCHED,AMOUNT_VARIANCE,QUANTITY_AND_AMOUNT_DIFFERENCE,Y,6.11,0.00,536.09,PRD-0091,PRD-0091,ZENITH Hair Gel 1.5 L,ZENITH Hair Gel 1.5 L,724.73,188.64,8.26,2.15,87.74,87.74,536.09,536.09,536.09,0.00,0.00,0.00,536.09
TXN-A-001313-L2625,TXN-A-001313,TXN-B-001738-L3571,TXN-B-001738,EXACT_BARCODE,97.00,IDENTITY_MATCHED,QUANTITY_EXCESS,PRICE_MATCHED,AMOUNT_VARIANCE,QUANTITY_AND_AMOUNT_DIFFERENCE,Y,3.04,0.00,100.50,PRD-0084,PRD-0084,NEXUS Toothpaste 15 W,NEXUS Toothpaste 15 W,276.05,175.55,8.35,5.31,33.06,33.06,100.50,100.50,100.50,0.00,0.00,0.00,100.50
TXN-A-001314-L2627,TXN-A-001314,TXN-B-001717-L3529,TXN-B-001717,EXACT_BARCODE,97.00,IDENTITY_MATCHED,QUANTITY_EXCESS,PRICE_MATCHED,AMOUNT_VARIANCE,QUANTITY_AND_AMOUNT_DIFFERENCE,Y,1.96,0.00,18.92,PRD-0013,PRD-0013,ZENITH Fabric Softener 1 L,ZENITH Fabric Softener 1 L,70.16,51.24,7.27,5.31,9.65,9.65,18.92,18.92,18.91,0.00,0.01,0.00,18.92
TXN-A-001315-L2629,TXN-A-001315,TXN-B-001179-L2358,TXN-B-001179,EXACT_PRODUCT_CODE,95.00,IDENTITY_MATCHED,QUANTITY_EXCESS,PRICE_MATCHED,AMOUNT_VARIANCE,QUANTITY_AND_AMOUNT_DIFFERENCE,Y,4.52,0.00,198.79,PRD-0072,PRD-8293,NEXUS Mouse Pad 100 G,NEXUS Mouse Pad 100 G,437.60,238.81,9.95,5.43,43.98,43.98,198.79,198.79,198.79,0.00,0.00,0.00,198.79
TXN-A-001316-L2631,TXN-A-001316,TXN-B-001622-L3331,TXN-B-001622,EXACT_BARCODE,97.00,IDENTITY_MATCHED,QUANTITY_SHORTAGE,PRICE_MATCHED,AMOUNT_VARIANCE,QUANTITY_AND_AMOUNT_DIFFERENCE,Y,-2.04,0.00,-176.23,PRD-0085,PRD-0085,ZENITH Deodorant 200 G,ZENITH Deodorant 200 G,262.63,438.86,3.04,5.08,86.39,86.39,-176.23,176.23,176.24,0.00,0.00,0.00,176.23
TXN-A-001317-L2633,TXN-A-001317,TXN-B-001743-L3581,TXN-B-001743,EXACT_BARCODE,97.00,IDENTITY_MATCHED,QUANTITY_EXCESS,PRICE_VARIANCE,AMOUNT_VARIANCE,QUANTITY_AND_AMOUNT_DIFFERENCE,Y,6.31,-0.54,331.09,PRD-0055,PRD-0055,ZENITH Phone Case 250 MG,ZENITH Phone Case 250 MG,423.06,91.97,8.04,1.73,52.62,53.16,331.09,331.09,335.44,4.34,0.00,0.00,331.09
TXN-A-001318-L2635,TXN-A-001318,TXN-B-001224-L2448,TXN-B-001224,EXACT_PRODUCT_CODE,95.00,IDENTITY_MATCHED,QUANTITY_EXCESS,PRICE_MATCHED,AMOUNT_VARIANCE,QUANTITY_AND_AMOUNT_DIFFERENCE,Y,2.14,0.00,74.40,PRD-0141,PRD-8630,NEXUS Eraser Pack 3 V,NEXUS Eraser Pack 3 V,120.30,45.90,3.46,1.32,34.77,34.77,74.40,74.40,74.41,0.00,0.00,0.00,74.40
TXN-A-001319-L2637,TXN-A-001319,TXN-B-001375-L2750,TXN-B-001375,EXACT_BARCODE,97.00,IDENTITY_MATCHED,QUANTITY_EXCESS,PRICE_MATCHED,AMOUNT_VARIANCE,QUANTITY_AND_AMOUNT_DIFFERENCE,Y,1.21,0.00,121.45,PRD-0004,PRD-6425,ZENITH Glass Spray 750 ML,ZENITH Glass SprayX 750 ML,506.87,385.42,5.05,3.84,100.37,100.37,121.45,121.45,121.45,0.00,0.00,0.00,121.45
TXN-A-001320-L2639,TXN-A-001320,TXN-B-001720-L3535,TXN-B-001720,EXACT_BARCODE,97.00,IDENTITY_MATCHED,QUANTITY_SHORTAGE,PRICE_MATCHED,AMOUNT_VARIANCE,QUANTITY_AND_AMOUNT_DIFFERENCE,Y,-1.60,0.00,-18.64,PRD-0080,PRD-0080,AURORA Body Wash 500 MG,AURORA Body Wash 500 MG,36.35,54.99,3.12,4.72,11.65,11.65,-18.64,18.64,18.64,0.00,0.00,0.00,18.64
TXN-A-001321-L2641,TXN-A-001321,TXN-B-001346-L2692,TXN-B-001346,EXACT_BARCODE,97.00,IDENTITY_MATCHED,QUANTITY_EXCESS,PRICE_MATCHED,AMOUNT_VARIANCE,QUANTITY_AND_AMOUNT_DIFFERENCE,Y,1.67,0.00,96.49,PRD-0007,PRD-6597,ZENITH Dish Liquid 5000 MAH,ZENITH Dish LiquidX 5000 MAH,533.31,436.82,9.23,7.56,57.78,57.78,96.49,96.49,96.49,0.00,0.00,0.00,96.49
TXN-A-001322-L2643,TXN-A-001322,TXN-B-001770-L3635,TXN-B-001770,EXACT_BARCODE,97.00,IDENTITY_MATCHED,QUANTITY_EXCESS,PRICE_VARIANCE,AMOUNT_VARIANCE,QUANTITY_AND_AMOUNT_DIFFERENCE,Y,0.01,-1.36,-4.94,PRD-0100,PRD-0100,ZENITH Mixing Bowl Set 250 ML,ZENITH Mixing Bowl Set 250 ML,258.91,263.85,4.10,4.09,63.15,64.51,-4.94,4.94,0.65,5.58,0.00,0.00,4.94
TXN-A-001323-L2645,TXN-A-001323,TXN-B-001714-L3523,TXN-B-001714,EXACT_BARCODE,97.00,IDENTITY_MATCHED,QUANTITY_EXCESS,PRICE_MATCHED,AMOUNT_VARIANCE,QUANTITY_AND_AMOUNT_DIFFERENCE,Y,4.83,0.00,96.60,PRD-0090,PRD-0090,NEXUS Face Cream 100 MG,NEXUS Face Cream 100 MG,186.80,90.20,9.34,4.51,20.00,20.00,96.60,96.60,96.60,0.00,0.00,0.00,96.60
TXN-A-001324-L2647,TXN-A-001324,TXN-B-001204-L2408,TXN-B-001204,EXACT_PRODUCT_CODE,95.00,IDENTITY_MATCHED,QUANTITY_EXCESS,PRICE_MATCHED,AMOUNT_VARIANCE,QUANTITY_AND_AMOUNT_DIFFERENCE,Y,1.35,0.00,53.07,PRD-0018,PRD-8156,NEXUS Surface Wipes 500 MG,NEXUS Surface Wipes 500 MG,329.81,276.74,8.39,7.04,39.31,39.31,53.07,53.07,53.07,0.00,0.00,0.00,53.07
TXN-A-001325-L2649,TXN-A-001325,TXN-B-001973-L4121,TXN-B-001973,EXACT_BARCODE,97.00,IDENTITY_MATCHED,QUANTITY_SHORTAGE,PRICE_MATCHED,AMOUNT_VARIANCE,QUANTITY_AND_AMOUNT_DIFFERENCE,Y,-290.93,0.00,-20379.64,PRD-0062,PRD-0062,AURORA Battery Pack 2000 MAH,AURORA Battery Pack 2000 MAH,624.85,21004.49,8.92,299.85,70.05,70.05,-20379.64,20379.64,20379.65,0.00,0.00,0.00,20379.64
TXN-A-001326-L2651,TXN-A-001326,TXN-B-001533-L3048,TXN-B-001533,EXACT_BARCODE,97.00,IDENTITY_MATCHED,QUANTITY_SHORTAGE,PRICE_MATCHED,AMOUNT_VARIANCE,QUANTITY_AND_AMOUNT_DIFFERENCE,Y,-0.90,0.00,-24.24,PRD-0026,PRD-0026,AURORA Ballpoint Pen 250 ML,AURORA Ballpoint Pen 250 ML,192.01,216.25,7.13,8.03,26.93,26.93,-24.24,24.24,24.24,0.00,0.00,0.00,24.24
TXN-A-001327-L2653,TXN-A-001327,TXN-B-001552-L3067,TXN-B-001552,EXACT_BARCODE,97.00,IDENTITY_MATCHED,QUANTITY_EXCESS,PRICE_MATCHED,AMOUNT_VARIANCE,QUANTITY_AND_AMOUNT_DIFFERENCE,Y,1.85,0.00,168.11,PRD-0130,PRD-0130,ZENITH Ruler Set 45 CM,ZENITH Ruler Set 45 CM,287.15,119.04,3.16,1.31,90.87,90.87,168.11,168.11,168.11,0.00,0.00,0.00,168.11
TXN-A-001328-L2655,TXN-A-001328,TXN-B-001695-L3485,TXN-B-001695,EXACT_BARCODE,97.00,IDENTITY_MATCHED,QUANTITY_SHORTAGE,PRICE_MATCHED,AMOUNT_VARIANCE,QUANTITY_AND_AMOUNT_DIFFERENCE,Y,-4.45,0.00,-59.18,PRD-0119,PRD-0119,AURORA Peeler 100 MG,AURORA Peeler 100 MG,78.87,138.05,5.93,10.38,13.30,13.30,-59.18,59.18,59.19,0.00,0.00,0.00,59.18
TXN-A-001329-L2657,TXN-A-001329,TXN-B-001569-L3084,TXN-B-001569,EXACT_BARCODE,97.00,IDENTITY_MATCHED,QUANTITY_EXCESS,PRICE_MATCHED,AMOUNT_VARIANCE,QUANTITY_AND_AMOUNT_DIFFERENCE,Y,0.12,0.00,9.67,PRD-0116,PRD-0116,AURORA Can Opener 500 MG,AURORA Can Opener 500 MG,418.26,408.59,5.19,5.07,80.59,80.59,9.67,9.67,9.67,0.00,0.00,0.00,9.67
TXN-A-001330-L2659,TXN-A-001330,TXN-B-001634-L3363,TXN-B-001634,EXACT_BARCODE,97.00,IDENTITY_MATCHED,QUANTITY_SHORTAGE,PRICE_MATCHED,AMOUNT_VARIANCE,QUANTITY_AND_AMOUNT_DIFFERENCE,Y,-4.52,0.00,-413.40,PRD-0146,PRD-0146,AURORA Screwdriver Set 500 ML,AURORA Screwdriver Set 500 ML,762.78,1176.18,8.34,12.86,91.46,91.46,-413.40,413.40,413.40,0.00,0.00,0.00,413.40
TXN-A-001331-L2661,TXN-A-001331,TXN-B-001557-L3072,TXN-B-001557,EXACT_BARCODE,97.00,IDENTITY_MATCHED,QUANTITY_SHORTAGE,PRICE_MATCHED,AMOUNT_VARIANCE,QUANTITY_AND_AMOUNT_DIFFERENCE,Y,-7.08,0.00,-181.74,PRD-0096,PRD-0096,NEXUS Lotion 1 KG,NEXUS Lotion 1 KG,66.49,248.23,2.59,9.67,25.67,25.67,-181.74,181.74,181.74,0.00,0.00,0.00,181.74
TXN-A-001332-L2663,TXN-A-001332,TXN-B-001838-L3771,TXN-B-001838,EXACT_BARCODE,97.00,IDENTITY_MATCHED,QUANTITY_SHORTAGE,PRICE_MATCHED,AMOUNT_VARIANCE,QUANTITY_AND_AMOUNT_DIFFERENCE,Y,-1.42,0.00,-4.01,PRD-0047,PRD-0047,AURORA Tape Dispenser 45 CM,AURORA Tape Dispenser 45 CM,13.00,17.01,6.25,7.67,2.08,2.08,-4.01,4.01,2.95,0.00,1.06,0.00,4.01
TXN-A-001333-L2665,TXN-A-001333,TXN-B-001526-L3041,TXN-B-001526,EXACT_BARCODE,97.00,IDENTITY_MATCHED,QUANTITY_SHORTAGE,PRICE_MATCHED,AMOUNT_VARIANCE,QUANTITY_AND_AMOUNT_DIFFERENCE,Y,-1.54,0.00,-174.26,PRD-0036,PRD-0036,NEXUS Stapler 1.5 L,NEXUS Stapler 1.5 L,747.99,922.25,6.61,8.15,113.16,113.16,-174.26,174.26,174.27,0.00,0.00,0.00,174.26
TXN-A-001334-L2667,TXN-A-001334,TXN-B-001334-L2668,TXN-B-001334,EXACT_BARCODE,97.00,IDENTITY_MATCHED,QUANTITY_MATCHED,PRICE_MATCHED,AMOUNT_MATCHED,MATCHED,N,0.00,0.00,0.00,PRD-0123,PRD-6305,NEXUS Notebook 3 V,NEXUS Notebook 3X V,77.36,77.36,5.03,5.03,15.38,15.38,0.00,0.00,0.00,0.00,0.00,0.00,0.00
TXN-A-001335-L2669,TXN-A-001335,TXN-B-001381-L2762,TXN-B-001381,EXACT_BARCODE,97.00,IDENTITY_MATCHED,QUANTITY_EXCESS,PRICE_MATCHED,AMOUNT_VARIANCE,QUANTITY_AND_AMOUNT_DIFFERENCE,Y,0.54,0.00,43.60,PRD-0017,PRD-6910,AURORA Surface Wipes 9 V,AURORA Surface WipesX 9 V,126.75,83.15,1.57,1.03,80.73,80.73,43.60,43.60,43.59,0.00,0.01,0.00,43.60
TXN-A-001336-L2671,TXN-A-001336,TXN-B-001336-L2672,TXN-B-001336,EXACT_BARCODE,97.00,IDENTITY_MATCHED,QUANTITY_MATCHED,PRICE_MATCHED,AMOUNT_MATCHED,MATCHED,N,0.00,0.00,0.00,PRD-0122,PRD-6852,AURORA Notebook 5000 MAH,AURORA Notebook 5000X MAH,227.77,227.77,7.14,7.14,31.90,31.90,0.00,0.00,0.00,0.00,0.00,0.00,0.00
TXN-A-001337-L2673,TXN-A-001337,TXN-B-001337-L2674,TXN-B-001337,EXACT_BARCODE,97.00,IDENTITY_MATCHED,QUANTITY_MATCHED,PRICE_MATCHED,AMOUNT_MATCHED,MATCHED,N,0.00,0.00,0.00,PRD-0104,PRD-6230,AURORA Measuring Cup 10000 MAH,AURORA Measuring CupX 10000 MAH,101.26,101.26,1.48,1.48,68.42,68.42,0.00,0.00,0.00,0.00,0.00,0.00,0.00
TXN-A-001338-L2675,TXN-A-001338,TXN-B-001857-L3809,TXN-B-001857,EXACT_BARCODE,97.00,IDENTITY_MATCHED,QUANTITY_EXCESS,PRICE_VARIANCE,AMOUNT_VARIANCE,QUANTITY_AND_AMOUNT_DIFFERENCE,Y,2.37,-1.94,220.72,PRD-0011,PRD-0011,AURORA Laundry Detergent 2000 MAH,AURORA Laundry Detergent 2000 MAH,811.19,590.47,8.28,5.91,97.97,99.91,220.72,220.72,236.79,16.06,0.00,0.00,220.72
TXN-A-001339-L2677,TXN-A-001339,TXN-B-001630-L3355,TXN-B-001630,EXACT_BARCODE,97.00,IDENTITY_MATCHED,QUANTITY_SHORTAGE,PRICE_MATCHED,AMOUNT_VARIANCE,QUANTITY_AND_AMOUNT_DIFFERENCE,Y,-0.70,0.00,-20.68,PRD-0045,PRD-0045,NEXUS Whiteboard Marker 45 CM,NEXUS Whiteboard Marker 45 CM,171.69,192.37,5.81,6.51,29.55,29.55,-20.68,20.68,20.68,0.00,0.00,0.00,20.68
TXN-A-001340-L2679,TXN-A-001340,TXN-B-001947-L3989,TXN-B-001947,EXACT_BARCODE,97.00,IDENTITY_MATCHED,QUANTITY_SHORTAGE,PRICE_MATCHED,AMOUNT_VARIANCE,QUANTITY_AND_AMOUNT_DIFFERENCE,Y,-2.47,0.00,-28.48,PRD-0037,PRD-0037,ZENITH Desk Organizer 5 W,ZENITH Desk Organizer 5 W,22.02,50.50,1.91,4.38,11.53,11.53,-28.48,28.48,28.48,0.00,0.00,0.00,28.48
TXN-A-001341-L2681,TXN-A-001341,TXN-B-002051-L4302,TXN-B-002051,EXACT_BARCODE,97.00,IDENTITY_MATCHED,QUANTITY_SHORTAGE,PRICE_MATCHED,AMOUNT_VARIANCE,QUANTITY_AND_AMOUNT_DIFFERENCE,Y,-2.37,0.00,-176.09,PRD-0079,PRD-0079,ZENITH Body Wash 200 G,ZENITH Body Wash 200 G,438.37,614.46,5.90,8.27,74.30,74.30,-176.09,176.09,176.09,0.00,0.00,0.00,176.09
TXN-A-001342-L2683,TXN-A-001342,TXN-B-001766-L3627,TXN-B-001766,EXACT_BARCODE,97.00,IDENTITY_MATCHED,QUANTITY_EXCESS,PRICE_VARIANCE,AMOUNT_VARIANCE,QUANTITY_AND_AMOUNT_DIFFERENCE,Y,3.93,-2.45,367.84,PRD-0063,PRD-0063,NEXUS Battery Pack 10 W,NEXUS Battery Pack 10 W,797.45,429.61,8.28,4.35,96.31,98.76,367.84,367.84,388.13,20.29,0.00,0.00,367.84
TXN-A-001343-L2685,TXN-A-001343,TXN-B-001592-L3241,TXN-B-001592,EXACT_BARCODE,97.00,IDENTITY_MATCHED,QUANTITY_SHORTAGE,PRICE_MATCHED,AMOUNT_VARIANCE,QUANTITY_AND_AMOUNT_DIFFERENCE,Y,-3.06,0.00,-217.94,PRD-0136,PRD-0136,ZENITH Scissors 3 V,ZENITH Scissors 3 V,72.64,290.58,1.02,4.08,71.22,71.22,-217.94,217.94,217.93,0.00,0.01,0.00,217.94
TXN-A-001344-L2687,TXN-A-001344,TXN-B-001344-L2688,TXN-B-001344,EXACT_BARCODE,97.00,IDENTITY_MATCHED,QUANTITY_MATCHED,PRICE_MATCHED,AMOUNT_MATCHED,MATCHED,N,0.00,0.00,0.00,PRD-0027,PRD-6609,NEXUS Ballpoint Pen 500 ML,NEXUS Ballpoint PenX 500 ML,240.22,240.22,4.85,4.85,49.53,49.53,0.00,0.00,0.00,0.00,0.00,0.00,0.00
TXN-A-001345-L2689,TXN-A-001345,TXN-B-001393-L2786,TXN-B-001393,EXACT_BARCODE,97.00,IDENTITY_MATCHED,QUANTITY_SHORTAGE,PRICE_MATCHED,AMOUNT_VARIANCE,QUANTITY_AND_AMOUNT_DIFFERENCE,Y,-2.60,0.00,-304.85,PRD-0095,PRD-6125,AURORA Lotion 1 KG,AURORA Lotion 1X KG,773.85,1078.70,6.60,9.20,117.25,117.25,-304.85,304.85,304.85,0.00,0.00,0.00,304.85
TXN-A-001346-L2691,TXN-A-001346,TXN-B-001356-L2712,TXN-B-001356,EXACT_BARCODE,97.00,IDENTITY_MATCHED,QUANTITY_EXCESS,PRICE_MATCHED,AMOUNT_VARIANCE,QUANTITY_AND_AMOUNT_DIFFERENCE,Y,0.62,0.00,35.83,PRD-0007,PRD-6553,ZENITH Dish Liquid 5000 MAH,ZENITH Dish LiquidX 5000 MAH,436.82,400.99,7.56,6.94,57.78,57.78,35.83,35.83,35.82,0.00,0.01,0.00,35.83
TXN-A-001347-L2693,TXN-A-001347,TXN-B-001367-L2734,TXN-B-001367,EXACT_BARCODE,97.00,IDENTITY_MATCHED,QUANTITY_SHORTAGE,PRICE_MATCHED,AMOUNT_VARIANCE,QUANTITY_AND_AMOUNT_DIFFERENCE,Y,-2.19,0.00,-99.45,PRD-0069,PRD-6313,NEXUS HDMI Cable 1.5 L,NEXUS HDMI CableX 1.5 L,205.25,304.70,4.52,6.71,45.41,45.41,-99.45,99.45,99.45,0.00,0.00,0.00,99.45
TXN-A-001348-L2695,TXN-A-001348,TXN-B-001348-L2696,TXN-B-001348,EXACT_BARCODE,97.00,IDENTITY_MATCHED,QUANTITY_MATCHED,PRICE_MATCHED,AMOUNT_MATCHED,MATCHED,N,0.00,0.00,0.00,PRD-0027,PRD-6470,NEXUS Ballpoint Pen 500 ML,NEXUS Ballpoint PenX 500 ML,277.37,277.37,5.60,5.60,49.53,49.53,0.00,0.00,0.00,0.00,0.00,0.00,0.00
TXN-A-001349-L2697,TXN-A-001349,TXN-B-001349-L2698,TXN-B-001349,EXACT_BARCODE,97.00,IDENTITY_MATCHED,QUANTITY_MATCHED,PRICE_MATCHED,AMOUNT_MATCHED,MATCHED,N,0.00,0.00,0.00,PRD-0057,PRD-6187,NEXUS Phone Case 1 L,NEXUS Phone CaseX 1 L,134.54,134.54,4.24,4.24,31.73,31.73,0.00,0.00,0.00,0.00,0.00,0.00,0.00
TXN-A-001350-L2699,TXN-A-001350,TXN-B-001350-L2700,TXN-B-001350,EXACT_BARCODE,97.00,IDENTITY_MATCHED,QUANTITY_MATCHED,PRICE_MATCHED,AMOUNT_MATCHED,MATCHED,N,0.00,0.00,0.00,PRD-0078,PRD-6812,NEXUS Shampoo 500 ML,NEXUS Shampoo 500X ML,838.77,838.77,7.08,7.08,118.47,118.47,0.00,0.00,0.00,0.00,0.00,0.00,0.00
TXN-A-001351-L2701,TXN-A-001351,TXN-B-001384-L2768,TXN-B-001384,EXACT_BARCODE,97.00,IDENTITY_MATCHED,QUANTITY_SHORTAGE,PRICE_MATCHED,AMOUNT_VARIANCE,QUANTITY_AND_AMOUNT_DIFFERENCE,Y,-6.25,0.00,-175.31,PRD-0038,PRD-6721,AURORA Desk Organizer 2000 MAH,AURORA Desk OrganizerX 2000 MAH,93.97,269.28,3.35,9.60,28.05,28.05,-175.31,175.31,175.31,0.00,0.00,0.00,175.31
TXN-A-001352-L2703,TXN-A-001352,TXN-B-001591-L3238,TXN-B-001591,EXACT_BARCODE,97.00,IDENTITY_MATCHED,QUANTITY_EXCESS,PRICE_MATCHED,AMOUNT_VARIANCE,QUANTITY_AND_AMOUNT_DIFFERENCE,Y,2.44,0.00,41.69,PRD-0098,PRD-0098,AURORA Cutting Board 10 IN,AURORA Cutting Board 10 IN,169.87,128.18,9.94,7.50,17.09,17.09,41.69,41.69,41.70,0.00,0.00,0.00,41.69
TXN-A-001353-L2705,TXN-A-001353,TXN-B-002012-L4224,TXN-B-002012,EXACT_BARCODE,97.00,IDENTITY_MATCHED,QUANTITY_EXCESS,PRICE_MATCHED,AMOUNT_VARIANCE,QUANTITY_AND_AMOUNT_DIFFERENCE,Y,6.28,0.00,155.12,PRD-0128,PRD-0128,AURORA Colored Pencil Set 5 W,AURORA Colored Pencil Set 5 W,191.92,36.80,7.77,1.49,24.70,24.70,155.12,155.12,155.12,0.00,0.00,0.00,155.12
TXN-A-001354-L2707,TXN-A-001354,TXN-B-001654-L3403,TXN-B-001654,EXACT_BARCODE,97.00,IDENTITY_MATCHED,QUANTITY_SHORTAGE,PRICE_MATCHED,AMOUNT_VARIANCE,QUANTITY_AND_AMOUNT_DIFFERENCE,Y,-12.17,0.00,-472.56,PRD-0068,PRD-0068,AURORA HDMI Cable 10000 MAH,AURORA HDMI Cable 10000 MAH,94.75,567.31,2.44,14.61,38.83,38.83,-472.56,472.56,472.56,0.00,0.00,0.00,472.56
TXN-A-001355-L2709,TXN-A-001355,TXN-B-001355-L2710,TXN-B-001355,EXACT_BARCODE,97.00,IDENTITY_MATCHED,QUANTITY_MATCHED,PRICE_MATCHED,AMOUNT_MATCHED,MATCHED,N,0.00,0.00,0.00,PRD-0092,PRD-6509,AURORA Hair Gel 100 MG,AURORA Hair GelX 100 MG,543.23,543.23,8.40,8.40,64.67,64.67,0.00,0.00,0.00,0.00,0.00,0.00,0.00
TXN-A-001356-L2711,TXN-A-001356,TXN-B-001637-L3369,TXN-B-001637,EXACT_BARCODE,97.00,IDENTITY_MATCHED,QUANTITY_SHORTAGE,PRICE_MATCHED,AMOUNT_VARIANCE,QUANTITY_AND_AMOUNT_DIFFERENCE,Y,-1.31,0.00,-75.70,PRD-0007,PRD-0007,ZENITH Dish Liquid 5000 MAH,ZENITH Dish Liquid 5000 MAH,400.99,476.69,6.94,8.25,57.78,57.78,-75.70,75.70,75.69,0.00,0.01,0.00,75.70
TXN-A-001357-L2713,TXN-A-001357,TXN-B-001945-L3985,TXN-B-001945,EXACT_BARCODE,97.00,IDENTITY_MATCHED,QUANTITY_EXCESS,PRICE_MATCHED,AMOUNT_VARIANCE,QUANTITY_AND_AMOUNT_DIFFERENCE,Y,6.43,0.00,111.49,PRD-0035,PRD-0035,AURORA Stapler 10 W,AURORA Stapler 10 W,162.82,51.33,9.39,2.96,17.34,17.34,111.49,111.49,111.50,0.00,0.00,0.00,111.49
TXN-A-001358-L2715,TXN-A-001358,TXN-B-001358-L2716,TXN-B-001358,EXACT_BARCODE,97.00,IDENTITY_MATCHED,QUANTITY_MATCHED,PRICE_MATCHED,AMOUNT_MATCHED,MATCHED,N,0.00,0.00,0.00,PRD-0078,PRD-6214,NEXUS Shampoo 500 ML,NEXUS Shampoo 500X ML,328.16,328.16,2.77,2.77,118.47,118.47,0.00,0.00,0.00,0.00,0.00,0.00,0.00
TXN-A-001359-L2717,TXN-A-001359,TXN-B-001359-L2718,TXN-B-001359,EXACT_BARCODE,97.00,IDENTITY_MATCHED,QUANTITY_MATCHED,PRICE_MATCHED,AMOUNT_MATCHED,MATCHED,N,0.00,0.00,0.00,PRD-0123,PRD-6496,NEXUS Notebook 3 V,NEXUS Notebook 3X V,69.98,69.98,4.55,4.55,15.38,15.38,0.00,0.00,0.00,0.00,0.00,0.00,0.00
TXN-A-001360-L2719,TXN-A-001360,TXN-B-001360-L2720,TXN-B-001360,EXACT_BARCODE,97.00,IDENTITY_MATCHED,QUANTITY_MATCHED,PRICE_MATCHED,AMOUNT_MATCHED,MATCHED,N,0.00,0.00,0.00,PRD-0019,PRD-6702,ZENITH Air Freshener 45 CM,ZENITH Air FreshenerX 45 CM,275.12,275.12,7.10,7.10,38.75,38.75,0.00,0.00,0.00,0.00,0.00,0.00,0.00
TXN-A-001361-L2721,TXN-A-001361,TXN-B-001361-L2722,TXN-B-001361,EXACT_BARCODE,97.00,IDENTITY_MATCHED,QUANTITY_MATCHED,PRICE_MATCHED,AMOUNT_MATCHED,MATCHED,N,0.00,0.00,0.00,PRD-0135,PRD-6357,NEXUS Glue Stick 5000 MAH,NEXUS Glue StickX 5000 MAH,225.15,225.15,8.07,8.07,27.90,27.90,0.00,0.00,0.00,0.00,0.00,0.00,0.00
TXN-A-001362-L2723,TXN-A-001362,TXN-B-001135-L2270,TXN-B-001135,EXACT_PRODUCT_CODE,95.00,IDENTITY_MATCHED,QUANTITY_EXCESS,PRICE_MATCHED,AMOUNT_VARIANCE,QUANTITY_AND_AMOUNT_DIFFERENCE,Y,0.36,0.00,18.83,PRD-0086,PRD-8370,AURORA Deodorant 500 G,AURORA Deodorant 500 G,171.58,152.75,3.28,2.92,52.31,52.31,18.83,18.83,18.83,0.00,0.00,0.00,18.83
TXN-A-001363-L2725,TXN-A-001363,TXN-B-001681-L3457,TXN-B-001681,EXACT_BARCODE,97.00,IDENTITY_MATCHED,QUANTITY_SHORTAGE,PRICE_MATCHED,AMOUNT_VARIANCE,QUANTITY_AND_AMOUNT_DIFFERENCE,Y,-1.90,0.00,-40.69,PRD-0121,PRD-0121,ZENITH Notebook 1 L,ZENITH Notebook 1 L,187.00,227.69,8.73,10.63,21.42,21.42,-40.69,40.69,40.70,0.00,0.00,0.00,40.69
TXN-A-001364-L2727,TXN-A-001364,TXN-B-001783-L3661,TXN-B-001783,EXACT_BARCODE,97.00,IDENTITY_MATCHED,QUANTITY_EXCESS,PRICE_VARIANCE,AMOUNT_VARIANCE,QUANTITY_AND_AMOUNT_DIFFERENCE,Y,0.94,-2.13,55.05,PRD-0115,PRD-0115,ZENITH Can Opener 2000 MAH,ZENITH Can Opener 2000 MAH,226.72,171.67,3.52,2.58,64.41,66.54,55.05,55.05,62.55,7.50,0.00,0.00,55.05
TXN-A-001365-L2729,TXN-A-001365,TXN-B-001365-L2730,TXN-B-001365,EXACT_BARCODE,97.00,IDENTITY_MATCHED,QUANTITY_MATCHED,PRICE_MATCHED,AMOUNT_MATCHED,MATCHED,N,0.00,0.00,0.00,PRD-0097,PRD-6148,ZENITH Cutting Board 5 W,ZENITH Cutting BoardX 5 W,35.66,35.66,2.23,2.23,15.99,15.99,0.00,0.00,0.00,0.00,0.00,0.00,0.00
TXN-A-001366-L2731,TXN-A-001366,TXN-B-001864-L3823,TXN-B-001864,EXACT_BARCODE,97.00,IDENTITY_MATCHED,QUANTITY_SHORTAGE,PRICE_VARIANCE,AMOUNT_VARIANCE,QUANTITY_AND_AMOUNT_DIFFERENCE,Y,-7.54,-0.65,-733.69,PRD-0138,PRD-0138,NEXUS Scissors 500 MG,NEXUS Scissors 500 MG,343.01,1076.70,3.56,11.10,96.35,97.00,-733.69,733.69,731.38,2.31,0.00,0.00,733.69
TXN-A-001367-L2733,TXN-A-001367,TXN-B-001639-L3373,TXN-B-001639,EXACT_BARCODE,97.00,IDENTITY_MATCHED,QUANTITY_SHORTAGE,PRICE_MATCHED,AMOUNT_VARIANCE,QUANTITY_AND_AMOUNT_DIFFERENCE,Y,-4.59,0.00,-208.43,PRD-0069,PRD-0069,NEXUS HDMI Cable 1.5 L,NEXUS HDMI Cable 1.5 L,304.70,513.13,6.71,11.30,45.41,45.41,-208.43,208.43,208.43,0.00,0.00,0.00,208.43
TXN-A-001368-L2735,TXN-A-001368,TXN-B-001648-L3391,TXN-B-001648,EXACT_BARCODE,97.00,IDENTITY_MATCHED,QUANTITY_EXCESS,PRICE_MATCHED,AMOUNT_VARIANCE,QUANTITY_AND_AMOUNT_DIFFERENCE,Y,4.25,0.00,386.20,PRD-0130,PRD-0130,ZENITH Ruler Set 45 CM,ZENITH Ruler Set 45 CM,895.07,508.87,9.85,5.60,90.87,90.87,386.20,386.20,386.20,0.00,0.00,0.00,386.20
TXN-A-001369-L2737,TXN-A-001369,TXN-B-001617-L3316,TXN-B-001617,EXACT_BARCODE,97.00,IDENTITY_MATCHED,QUANTITY_SHORTAGE,PRICE_MATCHED,AMOUNT_VARIANCE,QUANTITY_AND_AMOUNT_DIFFERENCE,Y,-4.51,0.00,-321.20,PRD-0136,PRD-0136,ZENITH Scissors 3 V,ZENITH Scissors 3 V,267.79,588.99,3.76,8.27,71.22,71.22,-321.20,321.20,321.20,0.00,0.00,0.00,321.20
TXN-A-001370-L2739,TXN-A-001370,TXN-B-001723-L3541,TXN-B-001723,EXACT_BARCODE,97.00,IDENTITY_MATCHED,QUANTITY_SHORTAGE,PRICE_MATCHED,AMOUNT_VARIANCE,QUANTITY_AND_AMOUNT_DIFFERENCE,Y,-9.62,0.00,-259.07,PRD-0026,PRD-0026,AURORA Ballpoint Pen 250 ML,AURORA Ballpoint Pen 250 ML,82.94,342.01,3.08,12.70,26.93,26.93,-259.07,259.07,259.07,0.00,0.00,0.00,259.07
TXN-A-001371-L2741,TXN-A-001371,TXN-B-001257-L2514,TXN-B-001257,NORMALIZED_NAME,90.00,IDENTITY_MATCHED,QUANTITY_EXCESS,PRICE_MATCHED,AMOUNT_VARIANCE,QUANTITY_AND_AMOUNT_DIFFERENCE,Y,3.20,0.00,192.58,PRD-0064,PRD-7163,ZENITH Charging Dock 15 W,ZENITH Charging Dock 15 W,464.59,272.01,7.72,4.52,60.18,60.18,192.58,192.58,192.58,0.00,0.00,0.00,192.58
TXN-A-001372-L2743,TXN-A-001372,TXN-B-001553-L3068,TXN-B-001553,EXACT_BARCODE,97.00,IDENTITY_MATCHED,QUANTITY_EXCESS,PRICE_MATCHED,AMOUNT_VARIANCE,QUANTITY_AND_AMOUNT_DIFFERENCE,Y,0.14,0.00,1.94,PRD-0021,PRD-0021,NEXUS Air Freshener 30 CM,NEXUS Air Freshener 30 CM,64.77,62.83,4.66,4.52,13.90,13.90,1.94,1.94,1.95,0.00,0.00,0.00,1.94
TXN-A-001373-L2745,TXN-A-001373,TXN-B-001187-L2374,TXN-B-001187,EXACT_PRODUCT_CODE,95.00,IDENTITY_MATCHED,QUANTITY_EXCESS,PRICE_MATCHED,AMOUNT_VARIANCE,QUANTITY_AND_AMOUNT_DIFFERENCE,Y,5.05,0.00,569.90,PRD-0099,PRD-8368,NEXUS Cutting Board 500 ML,NEXUS Cutting Board 500 ML,973.90,404.00,8.63,3.58,112.85,112.85,569.90,569.90,569.89,0.00,0.01,0.00,569.90
TXN-A-001374-L2747,TXN-A-001374,TXN-B-001374-L2748,TXN-B-001374,EXACT_BARCODE,97.00,IDENTITY_MATCHED,QUANTITY_MATCHED,PRICE_MATCHED,AMOUNT_MATCHED,MATCHED,N,0.00,0.00,0.00,PRD-0142,PRD-6052,ZENITH Marker Set 750 ML,ZENITH Marker SetX 750 ML,64.84,64.84,1.92,1.92,33.77,33.77,0.00,0.00,0.00,0.00,0.00,0.00,0.00
TXN-A-001375-L2749,TXN-A-001375,TXN-B-001623-L3334,TXN-B-001623,EXACT_BARCODE,97.00,IDENTITY_MATCHED,QUANTITY_SHORTAGE,PRICE_MATCHED,AMOUNT_VARIANCE,QUANTITY_AND_AMOUNT_DIFFERENCE,Y,-0.92,0.00,-92.34,PRD-0004,PRD-0004,ZENITH Glass Spray 750 ML,ZENITH Glass Spray 750 ML,385.42,477.76,3.84,4.76,100.37,100.37,-92.34,92.34,92.34,0.00,0.00,0.00,92.34
TXN-A-001376-L2751,TXN-A-001376,TXN-B-001531-L3046,TXN-B-001531,EXACT_BARCODE,97.00,IDENTITY_MATCHED,QUANTITY_SHORTAGE,PRICE_MATCHED,AMOUNT_VARIANCE,QUANTITY_AND_AMOUNT_DIFFERENCE,Y,-1.59,0.00,-116.02,PRD-0058,PRD-0058,ZENITH Screen Protector 3 V,ZENITH Screen Protector 3 V,521.01,637.03,7.14,8.73,72.97,72.97,-116.02,116.02,116.02,0.00,0.00,0.00,116.02
TXN-A-001377-L2753,TXN-A-001377,TXN-B-001144-L2288,TXN-B-001144,EXACT_PRODUCT_CODE,95.00,IDENTITY_MATCHED,QUANTITY_SHORTAGE,PRICE_MATCHED,AMOUNT_VARIANCE,QUANTITY_AND_AMOUNT_DIFFERENCE,Y,-2.65,0.00,-132.66,PRD-0089,PRD-8519,AURORA Face Cream 500 ML,AURORA Face Cream 500 ML,172.71,305.37,3.45,6.10,50.06,50.06,-132.66,132.66,132.66,0.00,0.00,0.00,132.66
TXN-A-001378-L2755,TXN-A-001378,TXN-B-001745-L3585,TXN-B-001745,EXACT_BARCODE,97.00,IDENTITY_MATCHED,QUANTITY_SHORTAGE,PRICE_VARIANCE,AMOUNT_VARIANCE,QUANTITY_AND_AMOUNT_DIFFERENCE,Y,-0.27,-3.11,-25.09,PRD-0084,PRD-0084,NEXUS Toothpaste 15 W,NEXUS Toothpaste 15 W,162.99,188.08,4.93,5.20,33.06,36.17,-25.09,25.09,9.77,15.33,0.00,0.00,25.09
TXN-A-001379-L2757,TXN-A-001379,TXN-B-002046-L4292,TXN-B-002046,EXACT_BARCODE,97.00,IDENTITY_MATCHED,QUANTITY_SHORTAGE,PRICE_MATCHED,AMOUNT_VARIANCE,QUANTITY_AND_AMOUNT_DIFFERENCE,Y,-2.27,0.00,-38.71,PRD-0065,PRD-0065,AURORA Charging Dock 3 V,AURORA Charging Dock 3 V,107.24,145.95,6.29,8.56,17.05,17.05,-38.71,38.71,38.70,0.00,0.01,0.00,38.71
TXN-A-001380-L2759,TXN-A-001380,TXN-B-001380-L2760,TXN-B-001380,EXACT_BARCODE,97.00,IDENTITY_MATCHED,QUANTITY_MATCHED,PRICE_MATCHED,AMOUNT_MATCHED,MATCHED,N,0.00,0.00,0.00,PRD-0105,PRD-6594,NEXUS Measuring Cup 100 G,NEXUS Measuring CupX 100 G,666.42,666.42,6.10,6.10,109.25,109.25,0.00,0.00,0.00,0.00,0.00,0.00,0.00
TXN-A-001381-L2761,TXN-A-001381,TXN-B-001625-L3340,TXN-B-001625,EXACT_BARCODE,97.00,IDENTITY_MATCHED,QUANTITY_SHORTAGE,PRICE_MATCHED,AMOUNT_VARIANCE,QUANTITY_AND_AMOUNT_DIFFERENCE,Y,-2.30,0.00,-185.68,PRD-0017,PRD-0017,AURORA Surface Wipes 9 V,AURORA Surface Wipes 9 V,83.15,268.83,1.03,3.33,80.73,80.73,-185.68,185.68,185.68,0.00,0.00,0.00,185.68
TXN-A-001382-L2763,TXN-A-001382,TXN-B-001382-L2764,TXN-B-001382,EXACT_BARCODE,97.00,IDENTITY_MATCHED,QUANTITY_MATCHED,PRICE_MATCHED,AMOUNT_MATCHED,MATCHED,N,0.00,0.00,0.00,PRD-0147,PRD-6510,NEXUS Screwdriver Set 100 MG,NEXUS Screwdriver SetX 100 MG,79.64,79.64,1.32,1.32,60.33,60.33,0.00,0.00,0.00,0.00,0.00,0.00,0.00
TXN-A-001383-L2765,TXN-A-001383,TXN-B-001698-L3491,TXN-B-001698,EXACT_BARCODE,97.00,IDENTITY_MATCHED,QUANTITY_SHORTAGE,PRICE_MATCHED,AMOUNT_VARIANCE,QUANTITY_AND_AMOUNT_DIFFERENCE,Y,-2.73,0.00,-33.47,PRD-0076,PRD-0076,ZENITH Shampoo 200 G,ZENITH Shampoo 200 G,63.63,97.10,5.19,7.92,12.26,12.26,-33.47,33.47,33.47,0.00,0.00,0.00,33.47
TXN-A-001384-L2767,TXN-A-001384,TXN-B-002057-L4314,TXN-B-002057,EXACT_BARCODE,97.00,IDENTITY_MATCHED,QUANTITY_EXCESS,PRICE_MATCHED,AMOUNT_VARIANCE,QUANTITY_AND_AMOUNT_DIFFERENCE,Y,2.85,0.00,79.94,PRD-0038,PRD-0038,AURORA Desk Organizer 2000 MAH,AURORA Desk Organizer 2000 MAH,269.28,189.34,9.60,6.75,28.05,28.05,79.94,79.94,79.94,0.00,0.00,0.00,79.94
TXN-A-001385-L2769,TXN-A-001385,TXN-B-001385-L2770,TXN-B-001385,EXACT_BARCODE,97.00,IDENTITY_MATCHED,QUANTITY_MATCHED,PRICE_MATCHED,AMOUNT_MATCHED,MATCHED,N,0.00,0.00,0.00,PRD-0012,PRD-6462,NEXUS Laundry Detergent 3 V,NEXUS Laundry DetergentX 3 V,162.79,162.79,7.31,7.31,22.27,22.27,0.00,0.00,0.00,0.00,0.00,0.00,0.00
TXN-A-001386-L2771,TXN-A-001386,TXN-B-001517-L3032,TXN-B-001517,EXACT_BARCODE,97.00,IDENTITY_MATCHED,QUANTITY_SHORTAGE,PRICE_MATCHED,AMOUNT_VARIANCE,QUANTITY_AND_AMOUNT_DIFFERENCE,Y,-7.15,0.00,-685.33,PRD-0120,PRD-0120,NEXUS Peeler 30 CM,NEXUS Peeler 30 CM,113.10,798.43,1.18,8.33,95.85,95.85,-685.33,685.33,685.33,0.00,0.00,0.00,685.33
TXN-A-001387-L2773,TXN-A-001387,TXN-B-001387-L2774,TXN-B-001387,EXACT_BARCODE,97.00,IDENTITY_MATCHED,QUANTITY_MATCHED,PRICE_MATCHED,AMOUNT_MATCHED,MATCHED,N,0.00,0.00,0.00,PRD-0074,PRD-6412,AURORA Hand Soap 1.5 V,AURORA Hand SoapX 1.5 V,689.69,689.69,9.53,9.53,72.37,72.37,0.00,0.00,0.00,0.00,0.00,0.00,0.00
TXN-A-001388-L2775,TXN-A-001388,TXN-B-001693-L3481,TXN-B-001693,EXACT_BARCODE,97.00,IDENTITY_MATCHED,QUANTITY_EXCESS,PRICE_MATCHED,AMOUNT_VARIANCE,QUANTITY_AND_AMOUNT_DIFFERENCE,Y,0.86,0.00,34.44,PRD-0144,PRD-0144,NEXUS Marker Set 250 ML,NEXUS Marker Set 250 ML,327.21,292.77,8.17,7.31,40.05,40.05,34.44,34.44,34.44,0.00,0.00,0.00,34.44
TXN-A-001389-L2777,TXN-A-001389,TXN-B-001175-L2350,TXN-B-001175,EXACT_PRODUCT_CODE,95.00,IDENTITY_MATCHED,QUANTITY_EXCESS,PRICE_MATCHED,AMOUNT_VARIANCE,QUANTITY_AND_AMOUNT_DIFFERENCE,Y,2.73,0.00,59.95,PRD-0033,PRD-8102,NEXUS Binder Clip Box 45 CM,NEXUS Binder Clip Box 45 CM,99.92,39.97,4.55,1.82,21.96,21.96,59.95,59.95,59.95,0.00,0.00,0.00,59.95
TXN-A-001390-L2779,TXN-A-001390,TXN-B-001675-L3445,TXN-B-001675,EXACT_BARCODE,97.00,IDENTITY_MATCHED,QUANTITY_SHORTAGE,PRICE_MATCHED,AMOUNT_VARIANCE,QUANTITY_AND_AMOUNT_DIFFERENCE,Y,-3.97,0.00,-100.44,PRD-0010,PRD-0010,ZENITH Laundry Detergent 1.5 V,ZENITH Laundry Detergent 1.5 V,104.74,205.18,4.14,8.11,25.30,25.30,-100.44,100.44,100.44,0.00,0.00,0.00,100.44
TXN-A-001391-L2781,TXN-A-001391,TXN-B-001264-L2528,TXN-B-001264,NORMALIZED_NAME,90.00,IDENTITY_MATCHED,QUANTITY_EXCESS,PRICE_MATCHED,AMOUNT_VARIANCE,QUANTITY_AND_AMOUNT_DIFFERENCE,Y,6.50,0.00,37.77,PRD-0107,PRD-7508,AURORA Spatula Set 9 V,AURORA Spatula Set 9 V,46.60,8.83,8.02,1.52,5.81,5.81,37.77,37.77,37.77,0.00,0.01,0.00,37.77
TXN-A-001392-L2783,TXN-A-001392,TXN-B-001392-L2784,TXN-B-001392,EXACT_BARCODE,97.00,IDENTITY_MATCHED,QUANTITY_MATCHED,PRICE_MATCHED,AMOUNT_MATCHED,MATCHED,N,0.00,0.00,0.00,PRD-0147,PRD-6983,NEXUS Screwdriver Set 100 MG,NEXUS Screwdriver SetX 100 MG,60.93,60.93,1.01,1.01,60.33,60.33,0.00,0.00,0.00,0.00,0.00,0.00,0.00
TXN-A-001393-L2785,TXN-A-001393,TXN-B-001732-L3559,TXN-B-001732,EXACT_BARCODE,97.00,IDENTITY_MATCHED,QUANTITY_EXCESS,PRICE_MATCHED,AMOUNT_VARIANCE,QUANTITY_AND_AMOUNT_DIFFERENCE,Y,1.25,0.00,146.56,PRD-0095,PRD-0095,AURORA Lotion 1 KG,AURORA Lotion 1 KG,1078.70,932.14,9.20,7.95,117.25,117.25,146.56,146.56,146.56,0.00,0.00,0.00,146.56
TXN-A-001394-L2787,TXN-A-001394,TXN-B-001897-L3889,TXN-B-001897,EXACT_BARCODE,97.00,IDENTITY_MATCHED,QUANTITY_EXCESS,PRICE_MATCHED,AMOUNT_VARIANCE,QUANTITY_AND_AMOUNT_DIFFERENCE,Y,6.56,0.00,496.66,PRD-0024,PRD-0024,NEXUS Floor Polish 100 MG,NEXUS Floor Polish 100 MG,707.13,210.47,9.34,2.78,75.71,75.71,496.66,496.66,496.66,0.00,0.00,0.00,496.66
TXN-A-001395-L2789,TXN-A-001395,TXN-B-001721-L3537,TXN-B-001721,EXACT_BARCODE,97.00,IDENTITY_MATCHED,QUANTITY_SHORTAGE,PRICE_MATCHED,AMOUNT_VARIANCE,QUANTITY_AND_AMOUNT_DIFFERENCE,Y,-2.80,0.00,-126.98,PRD-0052,PRD-0052,ZENITH Power Adapter 20 W,ZENITH Power Adapter 20 W,400.89,527.87,8.84,11.64,45.35,45.35,-126.98,126.98,126.98,0.00,0.00,0.00,126.98
TXN-A-001396-L2791,TXN-A-001396,TXN-B-002044-L4288,TXN-B-002044,EXACT_BARCODE,97.00,IDENTITY_MATCHED,QUANTITY_EXCESS,PRICE_MATCHED,AMOUNT_VARIANCE,QUANTITY_AND_AMOUNT_DIFFERENCE,Y,1.74,0.00,112.07,PRD-0115,PRD-0115,ZENITH Can Opener 2000 MAH,ZENITH Can Opener 2000 MAH,386.46,274.39,6.00,4.26,64.41,64.41,112.07,112.07,112.07,0.00,0.00,0.00,112.07
TXN-A-001397-L2793,TXN-A-001397,TXN-B-001516-L3031,TXN-B-001516,EXACT_BARCODE,97.00,IDENTITY_MATCHED,QUANTITY_EXCESS,PRICE_MATCHED,AMOUNT_VARIANCE,QUANTITY_AND_AMOUNT_DIFFERENCE,Y,6.45,0.00,17.15,PRD-0088,PRD-0088,ZENITH Face Cream 30 CM,ZENITH Face Cream 30 CM,21.09,3.94,7.93,1.48,2.66,2.66,17.15,17.15,17.16,0.00,0.00,0.00,17.15
TXN-A-001398-L2795,TXN-A-001398,TXN-B-001863-L3821,TXN-B-001863,EXACT_BARCODE,97.00,IDENTITY_MATCHED,QUANTITY_EXCESS,PRICE_VARIANCE,AMOUNT_VARIANCE,QUANTITY_AND_AMOUNT_DIFFERENCE,Y,2.94,-1.49,227.04,PRD-0116,PRD-0116,AURORA Can Opener 500 MG,AURORA Can Opener 500 MG,772.05,545.01,9.58,6.64,80.59,82.08,227.04,227.04,241.32,14.27,0.00,0.00,227.04
TXN-A-001399-L2797,TXN-A-001399,TXN-B-001584-L3217,TXN-B-001584,EXACT_BARCODE,97.00,IDENTITY_MATCHED,QUANTITY_SHORTAGE,PRICE_MATCHED,AMOUNT_VARIANCE,QUANTITY_AND_AMOUNT_DIFFERENCE,Y,-1.10,0.00,-16.59,PRD-0131,PRD-0131,AURORA Ruler Set 60 CM,AURORA Ruler Set 60 CM,51.42,68.01,3.41,4.51,15.08,15.08,-16.59,16.59,16.59,0.00,0.00,0.00,16.59
TXN-A-001400-L2799,TXN-A-001400,TXN-B-001400-L2800,TXN-B-001400,EXACT_BARCODE,97.00,IDENTITY_MATCHED,QUANTITY_MATCHED,PRICE_MATCHED,AMOUNT_MATCHED,MATCHED,N,0.00,0.00,0.00,PRD-0016,PRD-6130,ZENITH Surface Wipes 60 CM,ZENITH Surface WipesX 60 CM,459.89,459.89,7.91,7.91,58.14,58.14,0.00,0.00,0.00,0.00,0.00,0.00,0.00
TXN-A-001401-L2801,TXN-A-001401,TXN-B-001728-L3551,TXN-B-001728,EXACT_BARCODE,97.00,IDENTITY_MATCHED,QUANTITY_SHORTAGE,PRICE_MATCHED,AMOUNT_VARIANCE,QUANTITY_AND_AMOUNT_DIFFERENCE,Y,-1.10,0.00,-112.25,PRD-0009,PRD-0009,NEXUS Dish Liquid 10 W,NEXUS Dish Liquid 10 W,526.58,638.83,5.16,6.26,102.05,102.05,-112.25,112.25,112.26,0.00,0.00,0.00,112.25
TXN-A-001402-L2803,TXN-A-001402,TXN-B-001235-L2470,TXN-B-001235,EXACT_PRODUCT_CODE,95.00,IDENTITY_MATCHED,QUANTITY_EXCESS,PRICE_MATCHED,AMOUNT_VARIANCE,QUANTITY_AND_AMOUNT_DIFFERENCE,Y,0.42,0.00,29.42,PRD-0062,PRD-8977,AURORA Battery Pack 2000 MAH,AURORA Battery Pack 2000 MAH,571.61,542.19,8.16,7.74,70.05,70.05,29.42,29.42,29.42,0.00,0.00,0.00,29.42
TXN-A-001403-L2805,TXN-A-001403,TXN-B-001875-L3845,TXN-B-001875,EXACT_BARCODE,97.00,IDENTITY_MATCHED,QUANTITY_SHORTAGE,PRICE_VARIANCE,AMOUNT_VARIANCE,QUANTITY_AND_AMOUNT_DIFFERENCE,Y,-4.55,-0.79,-78.71,PRD-0097,PRD-0097,ZENITH Cutting Board 5 W,ZENITH Cutting Board 5 W,47.81,126.52,2.99,7.54,15.99,16.78,-78.71,78.71,76.35,2.36,0.00,0.00,78.71
TXN-A-001404-L2807,TXN-A-001404,TXN-B-001706-L3507,TXN-B-001706,EXACT_BARCODE,97.00,IDENTITY_MATCHED,QUANTITY_SHORTAGE,PRICE_MATCHED,AMOUNT_VARIANCE,QUANTITY_AND_AMOUNT_DIFFERENCE,Y,-3.35,0.00,-229.21,PRD-0104,PRD-0104,AURORA Measuring Cup 10000 MAH,AURORA Measuring Cup 10000 MAH,384.52,613.73,5.62,8.97,68.42,68.42,-229.21,229.21,229.21,0.00,0.00,0.00,229.21
TXN-A-001405-L2809,TXN-A-001405,TXN-B-001854-L3803,TXN-B-001854,EXACT_BARCODE,97.00,IDENTITY_MATCHED,QUANTITY_SHORTAGE,PRICE_VARIANCE,AMOUNT_VARIANCE,QUANTITY_AND_AMOUNT_DIFFERENCE,Y,-2.28,-0.83,-254.36,PRD-0105,PRD-0105,NEXUS Measuring Cup 100 G,NEXUS Measuring Cup 100 G,443.55,697.91,4.06,6.34,109.25,110.08,-254.36,254.36,250.98,3.37,0.01,0.00,254.36
TXN-A-001406-L2811,TXN-A-001406,TXN-B-001573-L3088,TXN-B-001573,EXACT_BARCODE,97.00,IDENTITY_MATCHED,QUANTITY_EXCESS,PRICE_MATCHED,AMOUNT_VARIANCE,QUANTITY_AND_AMOUNT_DIFFERENCE,Y,2.36,0.00,223.87,PRD-0129,PRD-0129,NEXUS Colored Pencil Set 750 ML,NEXUS Colored Pencil Set 750 ML,458.17,234.30,4.83,2.47,94.86,94.86,223.87,223.87,223.87,0.00,0.00,0.00,223.87
TXN-A-001407-L2813,TXN-A-001407,TXN-B-001544-L3059,TXN-B-001544,EXACT_BARCODE,97.00,IDENTITY_MATCHED,QUANTITY_SHORTAGE,PRICE_MATCHED,AMOUNT_VARIANCE,QUANTITY_AND_AMOUNT_DIFFERENCE,Y,-2.93,0.00,-145.13,PRD-0027,PRD-0027,NEXUS Ballpoint Pen 500 ML,NEXUS Ballpoint Pen 500 ML,172.36,317.49,3.48,6.41,49.53,49.53,-145.13,145.13,145.12,0.00,0.01,0.00,145.13
TXN-A-001408-L2815,TXN-A-001408,TXN-B-001778-L3651,TXN-B-001778,EXACT_BARCODE,97.00,IDENTITY_MATCHED,QUANTITY_SHORTAGE,PRICE_VARIANCE,AMOUNT_VARIANCE,QUANTITY_AND_AMOUNT_DIFFERENCE,Y,-1.94,-2.23,-194.46,PRD-0109,PRD-0109,ZENITH Storage Container 20 W,ZENITH Storage Container 20 W,688.08,882.54,7.72,9.66,89.13,91.36,-194.46,194.46,177.24,17.22,0.01,0.00,194.46
TXN-A-001409-L2817,TXN-A-001409,TXN-B-001611-L3298,TXN-B-001611,EXACT_BARCODE,97.00,IDENTITY_MATCHED,QUANTITY_EXCESS,PRICE_MATCHED,AMOUNT_VARIANCE,QUANTITY_AND_AMOUNT_DIFFERENCE,Y,0.05,0.00,5.93,PRD-0078,PRD-0078,NEXUS Shampoo 500 ML,NEXUS Shampoo 500 ML,591.17,585.24,4.99,4.94,118.47,118.47,5.93,5.93,5.92,0.00,0.01,0.00,5.93
TXN-A-001410-L2819,TXN-A-001410,TXN-B-001644-L3383,TXN-B-001644,EXACT_BARCODE,97.00,IDENTITY_MATCHED,QUANTITY_SHORTAGE,PRICE_MATCHED,AMOUNT_VARIANCE,QUANTITY_AND_AMOUNT_DIFFERENCE,Y,-8.71,0.00,-502.65,PRD-0031,PRD-0031,ZENITH Binder Clip Box 3 V,ZENITH Binder Clip Box 3 V,345.11,847.76,5.98,14.69,57.71,57.71,-502.65,502.65,502.65,0.00,0.00,0.00,502.65
TXN-A-001411-L2821,TXN-A-001411,TXN-B-001149-L2298,TXN-B-001149,EXACT_PRODUCT_CODE,95.00,IDENTITY_MATCHED,QUANTITY_SHORTAGE,PRICE_MATCHED,AMOUNT_VARIANCE,QUANTITY_AND_AMOUNT_DIFFERENCE,Y,-1.67,0.00,-28.47,PRD-0065,PRD-8669,AURORA Charging Dock 3 V,AURORA Charging Dock 3 V,57.46,85.93,3.37,5.04,17.05,17.05,-28.47,28.47,28.47,0.00,0.00,0.00,28.47
TXN-A-001412-L2823,TXN-A-001412,TXN-B-001445-L2890,TXN-B-001445,FUZZY_NAME,89.40,IDENTITY_SUBSTITUTE,QUANTITY_SHORTAGE,PRICE_MATCHED,AMOUNT_VARIANCE,QUANTITY_AND_AMOUNT_DIFFERENCE,Y,-2.34,0.00,-150.34,PRD-0048,PRD-5063,NEXUS Tape Dispenser 3 V,QUANTUM Tape Dispenser 3 V,128.50,278.84,2.00,4.34,64.25,64.25,-150.34,150.34,150.34,0.00,0.00,0.00,150.34
TXN-A-001413-L2825,TXN-A-001413,TXN-B-001731-L3557,TXN-B-001731,EXACT_BARCODE,97.00,IDENTITY_MATCHED,QUANTITY_SHORTAGE,PRICE_MATCHED,AMOUNT_VARIANCE,QUANTITY_AND_AMOUNT_DIFFERENCE,Y,-5.63,0.00,-151.62,PRD-0026,PRD-0026,AURORA Ballpoint Pen 250 ML,AURORA Ballpoint Pen 250 ML,95.60,247.22,3.55,9.18,26.93,26.93,-151.62,151.62,151.62,0.00,0.00,0.00,151.62
TXN-A-001414-L2827,TXN-A-001414,TXN-B-001796-L3687,TXN-B-001796,EXACT_BARCODE,97.00,IDENTITY_MATCHED,QUANTITY_EXCESS,PRICE_MATCHED,AMOUNT_VARIANCE,QUANTITY_AND_AMOUNT_DIFFERENCE,Y,1.28,0.00,113.05,PRD-0109,PRD-0109,ZENITH Storage Container 20 W,ZENITH Storage Container 20 W,313.74,200.69,3.52,2.24,89.13,89.13,113.05,113.05,114.09,0.00,0.00,0.00,113.05
TXN-A-001415-L2829,TXN-A-001415,TXN-B-001817-L3729,TXN-B-001817,EXACT_BARCODE,97.00,IDENTITY_MATCHED,QUANTITY_SHORTAGE,PRICE_MATCHED,AMOUNT_VARIANCE,QUANTITY_AND_AMOUNT_DIFFERENCE,Y,-0.76,0.00,-76.48,PRD-0063,PRD-0063,NEXUS Battery Pack 10 W,NEXUS Battery Pack 10 W,547.04,623.52,5.68,6.44,96.31,96.31,-76.48,76.48,73.20,0.00,3.28,0.00,76.48
TXN-A-001416-L2831,TXN-A-001416,TXN-B-001701-L3497,TXN-B-001701,EXACT_BARCODE,97.00,IDENTITY_MATCHED,QUANTITY_SHORTAGE,PRICE_MATCHED,AMOUNT_VARIANCE,QUANTITY_AND_AMOUNT_DIFFERENCE,Y,-3.70,0.00,-83.62,PRD-0073,PRD-0073,ZENITH Hand Soap 250 MG,ZENITH Hand Soap 250 MG,37.97,121.59,1.68,5.38,22.60,22.60,-83.62,83.62,83.62,0.00,0.00,0.00,83.62
TXN-A-001417-L2833,TXN-A-001417,TXN-B-001598-L3259,TXN-B-001598,EXACT_BARCODE,97.00,IDENTITY_MATCHED,QUANTITY_SHORTAGE,PRICE_MATCHED,AMOUNT_VARIANCE,QUANTITY_AND_AMOUNT_DIFFERENCE,Y,-2.85,0.00,-63.47,PRD-0012,PRD-0012,NEXUS Laundry Detergent 3 V,NEXUS Laundry Detergent 3 V,69.26,132.73,3.11,5.96,22.27,22.27,-63.47,63.47,63.47,0.00,0.00,0.00,63.47
TXN-A-001418-L2835,TXN-A-001418,TXN-B-001558-L3073,TXN-B-001558,EXACT_BARCODE,97.00,IDENTITY_MATCHED,QUANTITY_SHORTAGE,PRICE_MATCHED,AMOUNT_VARIANCE,QUANTITY_AND_AMOUNT_DIFFERENCE,Y,-1.21,0.00,-57.48,PRD-0124,PRD-0124,ZENITH Sketch Pad 500 MG,ZENITH Sketch Pad 500 MG,196.17,253.65,4.13,5.34,47.50,47.50,-57.48,57.48,57.48,0.00,0.01,0.00,57.48
TXN-A-001419-L2837,TXN-A-001419,TXN-B-001274-L2548,TXN-B-001274,NORMALIZED_NAME,90.00,IDENTITY_MATCHED,QUANTITY_EXCESS,PRICE_MATCHED,AMOUNT_VARIANCE,QUANTITY_AND_AMOUNT_DIFFERENCE,Y,0.90,0.00,19.76,PRD-0033,PRD-7287,NEXUS Binder Clip Box 45 CM,NEXUS Binder Clip Box 45 CM,191.27,171.51,8.71,7.81,21.96,21.96,19.76,19.76,19.76,0.00,0.00,0.00,19.76
TXN-A-001420-L2839,TXN-A-001420,TXN-B-001807-L3709,TXN-B-001807,EXACT_BARCODE,97.00,IDENTITY_MATCHED,QUANTITY_SHORTAGE,PRICE_MATCHED,AMOUNT_VARIANCE,QUANTITY_AND_AMOUNT_DIFFERENCE,Y,-2.64,0.00,-309.36,PRD-0070,PRD-0070,ZENITH Mouse Pad 200 G,ZENITH Mouse Pad 200 G,823.84,1133.20,7.24,9.88,113.79,113.79,-309.36,309.36,300.41,0.00,8.95,0.00,309.36
TXN-A-001421-L2841,TXN-A-001421,TXN-B-001788-L3671,TXN-B-001788,EXACT_BARCODE,97.00,IDENTITY_MATCHED,QUANTITY_EXCESS,PRICE_VARIANCE,AMOUNT_VARIANCE,QUANTITY_AND_AMOUNT_DIFFERENCE,Y,1.02,-3.67,46.69,PRD-0042,PRD-0042,NEXUS File Folder Pack 500 G,NEXUS File Folder Pack 500 G,492.44,445.75,7.23,6.21,68.11,71.78,46.69,46.69,73.22,26.53,0.00,0.00,46.69
TXN-A-001422-L2843,TXN-A-001422,TXN-B-001894-L3883,TXN-B-001894,EXACT_BARCODE,97.00,IDENTITY_MATCHED,QUANTITY_EXCESS,PRICE_MATCHED,AMOUNT_VARIANCE,QUANTITY_AND_AMOUNT_DIFFERENCE,Y,0.25,0.00,8.26,PRD-0084,PRD-0084,NEXUS Toothpaste 15 W,NEXUS Toothpaste 15 W,100.83,92.57,3.05,2.80,33.06,33.06,8.26,8.26,8.27,0.00,0.00,0.00,8.26
TXN-A-001423-L2845,TXN-A-001423,TXN-B-001574-L3089,TXN-B-001574,EXACT_BARCODE,97.00,IDENTITY_MATCHED,QUANTITY_SHORTAGE,PRICE_MATCHED,AMOUNT_VARIANCE,QUANTITY_AND_AMOUNT_DIFFERENCE,Y,-1.75,0.00,-67.81,PRD-0019,PRD-0019,ZENITH Air Freshener 45 CM,ZENITH Air Freshener 45 CM,167.79,235.60,4.33,6.08,38.75,38.75,-67.81,67.81,67.81,0.00,0.00,0.00,67.81
TXN-A-001424-L2847,TXN-A-001424,TXN-B-002045-L4290,TXN-B-002045,EXACT_BARCODE,97.00,IDENTITY_MATCHED,QUANTITY_EXCESS,PRICE_MATCHED,AMOUNT_VARIANCE,QUANTITY_AND_AMOUNT_DIFFERENCE,Y,3.22,0.00,365.02,PRD-0028,PRD-0028,ZENITH Highlighter Set 500 ML,ZENITH Highlighter Set 500 ML,953.36,588.34,8.41,5.19,113.36,113.36,365.02,365.02,365.02,0.00,0.00,0.00,365.02
TXN-A-001425-L2849,TXN-A-001425,TXN-B-002092-L4384,TXN-B-002092,EXACT_BARCODE,97.00,IDENTITY_MATCHED,QUANTITY_SHORTAGE,PRICE_MATCHED,AMOUNT_VARIANCE,QUANTITY_AND_AMOUNT_DIFFERENCE,Y,-4.51,0.00,-275.74,PRD-0111,PRD-0111,NEXUS Storage Container 500 G,NEXUS Storage Container 500 G,155.91,431.65,2.55,7.06,61.14,61.14,-275.74,275.74,275.74,0.00,0.00,0.00,275.74
TXN-A-001426-L2851,TXN-A-001426,TXN-B-001523-L3038,TXN-B-001523,EXACT_BARCODE,97.00,IDENTITY_MATCHED,QUANTITY_EXCESS,PRICE_MATCHED,AMOUNT_VARIANCE,QUANTITY_AND_AMOUNT_DIFFERENCE,Y,2.71,0.00,86.45,PRD-0122,PRD-0122,AURORA Notebook 5000 MAH,AURORA Notebook 5000 MAH,136.85,50.40,4.29,1.58,31.90,31.90,86.45,86.45,86.45,0.00,0.00,0.00,86.45
TXN-A-001427-L2853,TXN-A-001427,TXN-B-001147-L2294,TXN-B-001147,EXACT_PRODUCT_CODE,95.00,IDENTITY_MATCHED,QUANTITY_SHORTAGE,PRICE_MATCHED,AMOUNT_VARIANCE,QUANTITY_AND_AMOUNT_DIFFERENCE,Y,-1.28,0.00,-31.61,PRD-0128,PRD-8514,AURORA Colored Pencil Set 5 W,AURORA Colored Pencil Set 5 W,107.20,138.81,4.34,5.62,24.70,24.70,-31.61,31.61,31.62,0.00,0.00,0.00,31.61
TXN-A-001428-L2855,TXN-A-001428,TXN-B-001280-L2560,TXN-B-001280,NORMALIZED_NAME,90.00,IDENTITY_MATCHED,QUANTITY_SHORTAGE,PRICE_MATCHED,AMOUNT_VARIANCE,QUANTITY_AND_AMOUNT_DIFFERENCE,Y,-4.30,0.00,-242.43,PRD-0081,PRD-7747,NEXUS Body Wash 500 G,NEXUS Body Wash 500 G,121.22,363.65,2.15,6.45,56.38,56.38,-242.43,242.43,242.43,0.00,0.00,0.00,242.43
TXN-A-001429-L2857,TXN-A-001429,TXN-B-001429-L2858,TXN-B-001429,FUZZY_NAME,87.20,IDENTITY_SUBSTITUTE,QUANTITY_MATCHED,PRICE_MATCHED,AMOUNT_MATCHED,MATCHED_WITH_SUBSTITUTE,Y,0.00,0.00,0.00,PRD-0083,PRD-5424,AURORA Toothpaste 3 V,VANGUARD Toothpaste 3 V,388.43,388.43,8.24,8.24,47.14,47.14,0.00,0.00,0.00,0.00,0.00,0.00,0.00
TXN-A-001430-L2859,TXN-A-001430,TXN-B-001604-L3277,TXN-B-001604,EXACT_BARCODE,97.00,IDENTITY_MATCHED,QUANTITY_SHORTAGE,PRICE_MATCHED,AMOUNT_VARIANCE,QUANTITY_AND_AMOUNT_DIFFERENCE,Y,-2.95,0.00,-45.37,PRD-0123,PRD-0123,NEXUS Notebook 3 V,NEXUS Notebook 3 V,43.83,89.20,2.85,5.80,15.38,15.38,-45.37,45.37,45.37,0.00,0.00,0.00,45.37
TXN-A-001431-L2861,TXN-A-001431,TXN-B-001737-L3569,TXN-B-001737,EXACT_BARCODE,97.00,IDENTITY_MATCHED,QUANTITY_SHORTAGE,PRICE_MATCHED,AMOUNT_VARIANCE,QUANTITY_AND_AMOUNT_DIFFERENCE,Y,-0.92,0.00,-82.97,PRD-0039,PRD-0039,NEXUS Desk Organizer 250 ML,NEXUS Desk Organizer 250 ML,390.48,473.45,4.33,5.25,90.18,90.18,-82.97,82.97,82.97,0.00,0.00,0.00,82.97
TXN-A-001432-L2863,TXN-A-001432,TXN-B-001846-L3787,TXN-B-001846,EXACT_BARCODE,97.00,IDENTITY_MATCHED,QUANTITY_EXCESS,PRICE_VARIANCE,AMOUNT_VARIANCE,QUANTITY_AND_AMOUNT_DIFFERENCE,Y,0.57,-2.56,40.62,PRD-0063,PRD-0063,NEXUS Battery Pack 10 W,NEXUS Battery Pack 10 W,592.31,551.69,6.15,5.58,96.31,98.87,40.62,40.62,56.36,15.74,0.00,0.00,40.62
TXN-A-001433-L2865,TXN-A-001433,TXN-B-001599-L3262,TXN-B-001599,EXACT_BARCODE,97.00,IDENTITY_MATCHED,QUANTITY_SHORTAGE,PRICE_MATCHED,AMOUNT_VARIANCE,QUANTITY_AND_AMOUNT_DIFFERENCE,Y,-0.22,0.00,-8.53,PRD-0019,PRD-0019,ZENITH Air Freshener 45 CM,ZENITH Air Freshener 45 CM,106.56,115.09,2.75,2.97,38.75,38.75,-8.53,8.53,8.53,0.00,0.01,0.00,8.53
TXN-A-001434-L2867,TXN-A-001434,TXN-B-001689-L3473,TXN-B-001689,EXACT_BARCODE,97.00,IDENTITY_MATCHED,QUANTITY_SHORTAGE,PRICE_MATCHED,AMOUNT_VARIANCE,QUANTITY_AND_AMOUNT_DIFFERENCE,Y,-3.68,0.00,-142.90,PRD-0068,PRD-0068,AURORA HDMI Cable 10000 MAH,AURORA HDMI Cable 10000 MAH,335.10,478.00,8.63,12.31,38.83,38.83,-142.90,142.90,142.89,0.00,0.01,0.00,142.90
TXN-A-001435-L2869,TXN-A-001435,TXN-B-001228-L2456,TXN-B-001228,EXACT_PRODUCT_CODE,95.00,IDENTITY_MATCHED,QUANTITY_SHORTAGE,PRICE_MATCHED,AMOUNT_VARIANCE,QUANTITY_AND_AMOUNT_DIFFERENCE,Y,-3.08,0.00,-228.84,PRD-0079,PRD-8848,ZENITH Body Wash 200 G,ZENITH Body Wash 200 G,115.91,344.75,1.56,4.64,74.30,74.30,-228.84,228.84,228.84,0.00,0.00,0.00,228.84
TXN-A-001436-L2871,TXN-A-001436,TXN-B-001881-L3857,TXN-B-001881,EXACT_BARCODE,97.00,IDENTITY_MATCHED,QUANTITY_EXCESS,PRICE_MATCHED,AMOUNT_VARIANCE,QUANTITY_AND_AMOUNT_DIFFERENCE,Y,5.56,0.00,336.16,PRD-0117,PRD-0117,NEXUS Can Opener 5 W,NEXUS Can Opener 5 W,399.04,62.88,6.60,1.04,60.46,60.46,336.16,336.16,336.16,0.00,0.00,0.00,336.16
TXN-A-001437-L2873,TXN-A-001437,TXN-B-001704-L3503,TXN-B-001704,EXACT_BARCODE,97.00,IDENTITY_MATCHED,QUANTITY_EXCESS,PRICE_MATCHED,AMOUNT_VARIANCE,QUANTITY_AND_AMOUNT_DIFFERENCE,Y,6.52,0.00,208.25,PRD-0145,PRD-0145,ZENITH Screwdriver Set 10 W,ZENITH Screwdriver Set 10 W,276.28,68.03,8.65,2.13,31.94,31.94,208.25,208.25,208.25,0.00,0.00,0.00,208.25
TXN-A-001438-L2875,TXN-A-001438,TXN-B-002020-L4240,TXN-B-002020,EXACT_BARCODE,97.00,IDENTITY_MATCHED,QUANTITY_SHORTAGE,PRICE_MATCHED,AMOUNT_VARIANCE,QUANTITY_AND_AMOUNT_DIFFERENCE,Y,-1.22,0.00,-97.53,PRD-0034,PRD-0034,ZENITH Stapler 100 MG,ZENITH Stapler 100 MG,115.91,213.44,1.45,2.67,79.94,79.94,-97.53,97.53,97.53,0.00,0.00,0.00,97.53
TXN-A-001439-L2877,TXN-A-001439,TXN-B-001628-L3349,TXN-B-001628,EXACT_BARCODE,97.00,IDENTITY_MATCHED,QUANTITY_SHORTAGE,PRICE_MATCHED,AMOUNT_VARIANCE,QUANTITY_AND_AMOUNT_DIFFERENCE,Y,-2.86,0.00,-129.82,PRD-0139,PRD-0139,ZENITH Eraser Pack 500 G,ZENITH Eraser Pack 500 G,217.87,347.69,4.80,7.66,45.39,45.39,-129.82,129.82,129.82,0.00,0.00,0.00,129.82
TXN-A-001440-L2879,TXN-A-001440,TXN-B-001412-L2824,TXN-B-001412,FUZZY_NAME,88.40,IDENTITY_SUBSTITUTE,QUANTITY_EXCESS,PRICE_MATCHED,AMOUNT_VARIANCE,QUANTITY_AND_AMOUNT_DIFFERENCE,Y,1.59,0.00,102.16,PRD-0048,PRD-5235,NEXUS Tape Dispenser 3 V,COBALT Tape Dispenser 3 V,230.66,128.50,3.59,2.00,64.25,64.25,102.16,102.16,102.16,0.00,0.00,0.00,102.16
TXN-A-001441-L2881,TXN-A-001441,TXN-B-001775-L3645,TXN-B-001775,EXACT_BARCODE,97.00,IDENTITY_MATCHED,QUANTITY_SHORTAGE,PRICE_VARIANCE,AMOUNT_VARIANCE,QUANTITY_AND_AMOUNT_DIFFERENCE,Y,-2.75,-1.46,-167.88,PRD-0007,PRD-0007,ZENITH Dish Liquid 5000 MAH,ZENITH Dish Liquid 5000 MAH,196.45,364.33,3.40,6.15,57.78,59.24,-167.88,167.88,162.91,4.96,0.01,0.00,167.88
TXN-A-001442-L2883,TXN-A-001442,TXN-B-001879-L3853,TXN-B-001879,EXACT_BARCODE,97.00,IDENTITY_MATCHED,QUANTITY_SHORTAGE,PRICE_VARIANCE,AMOUNT_VARIANCE,QUANTITY_AND_AMOUNT_DIFFERENCE,Y,-2.24,-2.94,-84.28,PRD-0046,PRD-0046,ZENITH Tape Dispenser 250 ML,ZENITH Tape Dispenser 250 ML,146.12,230.40,5.26,7.50,27.78,30.72,-84.28,84.28,68.81,15.46,0.00,0.00,84.28
TXN-A-001443-L2885,TXN-A-001443,TXN-B-001139-L2278,TXN-B-001139,EXACT_PRODUCT_CODE,95.00,IDENTITY_MATCHED,QUANTITY_EXCESS,PRICE_MATCHED,AMOUNT_VARIANCE,QUANTITY_AND_AMOUNT_DIFFERENCE,Y,7.19,0.00,463.11,PRD-0115,PRD-8943,ZENITH Can Opener 2000 MAH,ZENITH Can Opener 2000 MAH,624.13,161.02,9.69,2.50,64.41,64.41,463.11,463.11,463.11,0.00,0.00,0.00,463.11
TXN-A-001444-L2887,TXN-A-001444,TXN-B-001619-L3322,TXN-B-001619,EXACT_BARCODE,97.00,IDENTITY_MATCHED,QUANTITY_EXCESS,PRICE_MATCHED,AMOUNT_VARIANCE,QUANTITY_AND_AMOUNT_DIFFERENCE,Y,0.30,0.00,21.36,PRD-0136,PRD-0136,ZENITH Scissors 3 V,ZENITH Scissors 3 V,289.15,267.79,4.06,3.76,71.22,71.22,21.36,21.36,21.37,0.00,0.00,0.00,21.36
TXN-A-001445-L2889,TXN-A-001445,TXN-B-001440-L2880,TXN-B-001440,FUZZY_NAME,88.40,IDENTITY_SUBSTITUTE,QUANTITY_EXCESS,PRICE_MATCHED,AMOUNT_VARIANCE,QUANTITY_AND_AMOUNT_DIFFERENCE,Y,0.75,0.00,48.18,PRD-0048,PRD-5261,NEXUS Tape Dispenser 3 V,VANGUARD Tape Dispenser 3 V,278.84,230.66,4.34,3.59,64.25,64.25,48.18,48.18,48.19,0.00,0.00,0.00,48.18
TXN-A-001446-L2891,TXN-A-001446,TXN-B-001774-L3643,TXN-B-001774,EXACT_BARCODE,97.00,IDENTITY_MATCHED,QUANTITY_EXCESS,PRICE_VARIANCE,AMOUNT_VARIANCE,QUANTITY_AND_AMOUNT_DIFFERENCE,Y,0.74,-3.50,48.41,PRD-0130,PRD-0130,ZENITH Ruler Set 45 CM,ZENITH Ruler Set 45 CM,556.12,507.71,6.12,5.38,90.87,94.37,48.41,48.41,69.83,21.42,0.00,0.00,48.41
TXN-A-001447-L2893,TXN-A-001447,TXN-B-002035-L4270,TXN-B-002035,EXACT_BARCODE,97.00,IDENTITY_MATCHED,QUANTITY_SHORTAGE,PRICE_MATCHED,AMOUNT_VARIANCE,QUANTITY_AND_AMOUNT_DIFFERENCE,Y,-4.65,0.00,-318.15,PRD-0104,PRD-0104,AURORA Measuring Cup 10000 MAH,AURORA Measuring Cup 10000 MAH,195.68,513.83,2.86,7.51,68.42,68.42,-318.15,318.15,318.15,0.00,0.00,0.00,318.15
TXN-A-001448-L2895,TXN-A-001448,TXN-B-001153-L2306,TXN-B-001153,EXACT_PRODUCT_CODE,95.00,IDENTITY_MATCHED,QUANTITY_EXCESS,PRICE_MATCHED,AMOUNT_VARIANCE,QUANTITY_AND_AMOUNT_DIFFERENCE,Y,3.40,0.00,207.88,PRD-0111,PRD-8518,NEXUS Storage Container 500 G,NEXUS Storage Container 500 G,523.97,316.09,8.57,5.17,61.14,61.14,207.88,207.88,207.88,0.00,0.00,0.00,207.88
TXN-A-001449-L2897,TXN-A-001449,TXN-B-001246-L2492,TXN-B-001246,NORMALIZED_NAME,90.00,IDENTITY_MATCHED,QUANTITY_EXCESS,PRICE_MATCHED,AMOUNT_VARIANCE,QUANTITY_AND_AMOUNT_DIFFERENCE,Y,3.99,0.00,53.75,PRD-0143,PRD-7366,AURORA Marker Set 10 IN,AURORA Marker Set 10 IN,124.33,70.58,9.23,5.24,13.47,13.47,53.75,53.75,53.75,0.00,0.00,0.00,53.75
TXN-A-001450-L2899,TXN-A-001450,TXN-B-001895-L3885,TXN-B-001895,EXACT_BARCODE,97.00,IDENTITY_MATCHED,QUANTITY_SHORTAGE,PRICE_MATCHED,AMOUNT_VARIANCE,QUANTITY_AND_AMOUNT_DIFFERENCE,Y,-3.35,0.00,-269.97,PRD-0116,PRD-0116,AURORA Can Opener 500 MG,AURORA Can Opener 500 MG,110.41,380.38,1.37,4.72,80.59,80.59,-269.97,269.97,269.98,0.00,0.00,0.00,269.97
TXN-A-001451-L2901,TXN-A-001451,TXN-B-001688-L3471,TXN-B-001688,EXACT_BARCODE,97.00,IDENTITY_MATCHED,QUANTITY_SHORTAGE,PRICE_MATCHED,AMOUNT_VARIANCE,QUANTITY_AND_AMOUNT_DIFFERENCE,Y,-8.04,0.00,-762.68,PRD-0129,PRD-0129,NEXUS Colored Pencil Set 750 ML,NEXUS Colored Pencil Set 750 ML,234.30,996.98,2.47,10.51,94.86,94.86,-762.68,762.68,762.67,0.00,0.01,0.00,762.68
TXN-A-001452-L2903,TXN-A-001452,TXN-B-001919-L3933,TXN-B-001919,EXACT_BARCODE,97.00,IDENTITY_MATCHED,QUANTITY_EXCESS,PRICE_MATCHED,AMOUNT_VARIANCE,QUANTITY_AND_AMOUNT_DIFFERENCE,Y,4.13,0.00,112.54,PRD-0093,PRD-0093,NEXUS Hair Gel 10 W,NEXUS Hair Gel 10 W,173.04,60.50,6.35,2.22,27.25,27.25,112.54,112.54,112.54,0.00,0.00,0.00,112.54
TXN-A-001453-L2905,TXN-A-001453,TXN-B-001636-L3367,TXN-B-001636,EXACT_BARCODE,97.00,IDENTITY_MATCHED,QUANTITY_SHORTAGE,PRICE_MATCHED,AMOUNT_VARIANCE,QUANTITY_AND_AMOUNT_DIFFERENCE,Y,-0.18,0.00,-5.32,PRD-0045,PRD-0045,NEXUS Whiteboard Marker 45 CM,NEXUS Whiteboard Marker 45 CM,288.11,293.43,9.75,9.93,29.55,29.55,-5.32,5.32,5.32,0.00,0.00,0.00,5.32
TXN-A-001454-L2907,TXN-A-001454,TXN-B-001297-L2594,TXN-B-001297,NORMALIZED_NAME,90.00,IDENTITY_MATCHED,QUANTITY_EXCESS,PRICE_MATCHED,AMOUNT_VARIANCE,QUANTITY_AND_AMOUNT_DIFFERENCE,Y,3.72,0.00,419.80,PRD-0099,PRD-7242,NEXUS Cutting Board 500 ML,NEXUS Cutting Board 500 ML,908.44,488.64,8.05,4.33,112.85,112.85,419.80,419.80,419.80,0.00,0.00,0.00,419.80
TXN-A-001455-L2909,TXN-A-001455,TXN-B-001315-L2630,TXN-B-001315,NORMALIZED_NAME,90.00,IDENTITY_MATCHED,QUANTITY_SHORTAGE,PRICE_MATCHED,AMOUNT_VARIANCE,QUANTITY_AND_AMOUNT_DIFFERENCE,Y,-8.73,0.00,-383.94,PRD-0072,PRD-7526,NEXUS Mouse Pad 100 G,NEXUS Mouse Pad 100 G,53.66,437.60,1.22,9.95,43.98,43.98,-383.94,383.94,383.95,0.00,0.00,0.00,383.94
TXN-A-001456-L2911,TXN-A-001456,TXN-B-001305-L2610,TXN-B-001305,NORMALIZED_NAME,90.00,IDENTITY_MATCHED,QUANTITY_EXCESS,PRICE_MATCHED,AMOUNT_VARIANCE,QUANTITY_AND_AMOUNT_DIFFERENCE,Y,1.82,0.00,70.86,PRD-0044,PRD-7954,AURORA Whiteboard Marker 12 IN,AURORA Whiteboard Marker 12 IN,236.31,165.45,6.07,4.25,38.93,38.93,70.86,70.86,70.85,0.00,0.01,0.00,70.86
TXN-A-001457-L2913,TXN-A-001457,TXN-B-002078-L4356,TXN-B-002078,EXACT_BARCODE,97.00,IDENTITY_MATCHED,QUANTITY_SHORTAGE,PRICE_MATCHED,AMOUNT_VARIANCE,QUANTITY_AND_AMOUNT_DIFFERENCE,Y,-0.77,0.00,-1.60,PRD-0047,PRD-0047,AURORA Tape Dispenser 45 CM,AURORA Tape Dispenser 45 CM,17.91,19.51,8.61,9.38,2.08,2.08,-1.60,1.60,1.60,0.00,0.00,0.00,1.60
TXN-A-001458-L2915,TXN-A-001458,TXN-B-001134-L2268,TXN-B-001134,EXACT_PRODUCT_CODE,95.00,IDENTITY_MATCHED,QUANTITY_SHORTAGE,PRICE_MATCHED,AMOUNT_VARIANCE,QUANTITY_AND_AMOUNT_DIFFERENCE,Y,-3.18,0.00,-254.21,PRD-0034,PRD-8801,ZENITH Stapler 100 MG,ZENITH Stapler 100 MG,301.37,555.58,3.77,6.95,79.94,79.94,-254.21,254.21,254.21,0.00,0.00,0.00,254.21
TXN-A-001459-L2917,TXN-A-001459,TXN-B-001841-L3777,TXN-B-001841,EXACT_BARCODE,97.00,IDENTITY_MATCHED,QUANTITY_SHORTAGE,PRICE_VARIANCE,AMOUNT_VARIANCE,QUANTITY_AND_AMOUNT_DIFFERENCE,Y,-0.50,-0.63,-55.70,PRD-0125,PRD-0125,AURORA Sketch Pad 1.5 V,AURORA Sketch Pad 1.5 V,638.35,694.05,6.20,6.70,102.96,103.59,-55.70,55.70,51.80,3.91,0.00,0.00,55.70
TXN-A-001460-L2919,TXN-A-001460,TXN-B-001530-L3045,TXN-B-001530,EXACT_BARCODE,97.00,IDENTITY_MATCHED,QUANTITY_EXCESS,PRICE_MATCHED,AMOUNT_VARIANCE,QUANTITY_AND_AMOUNT_DIFFERENCE,Y,6.44,0.00,447.26,PRD-0075,PRD-0075,NEXUS Hand Soap 10000 MAH,NEXUS Hand Soap 10000 MAH,569.49,122.23,8.20,1.76,69.45,69.45,447.26,447.26,447.26,0.00,0.00,0.00,447.26
TXN-A-001461-L2921,TXN-A-001461,TXN-B-001836-L3767,TXN-B-001836,EXACT_BARCODE,97.00,IDENTITY_MATCHED,QUANTITY_SHORTAGE,PRICE_MATCHED,AMOUNT_VARIANCE,QUANTITY_AND_AMOUNT_DIFFERENCE,Y,-3.21,0.00,-147.14,PRD-0110,PRD-0110,AURORA Storage Container 5 W,AURORA Storage Container 5 W,230.24,377.38,5.16,8.37,44.62,44.62,-147.14,147.14,143.23,0.00,3.91,0.00,147.14
TXN-A-001462-L2923,TXN-A-001462,TXN-B-001203-L2406,TXN-B-001203,EXACT_PRODUCT_CODE,95.00,IDENTITY_MATCHED,QUANTITY_EXCESS,PRICE_MATCHED,AMOUNT_VARIANCE,QUANTITY_AND_AMOUNT_DIFFERENCE,Y,5.46,0.00,273.33,PRD-0089,PRD-8137,AURORA Face Cream 500 ML,AURORA Face Cream 500 ML,398.48,125.15,7.96,2.50,50.06,50.06,273.33,273.33,273.33,0.00,0.00,0.00,273.33
TXN-A-001463-L2925,TXN-A-001463,TXN-B-001718-L3531,TXN-B-001718,EXACT_BARCODE,97.00,IDENTITY_MATCHED,QUANTITY_SHORTAGE,PRICE_MATCHED,AMOUNT_VARIANCE,QUANTITY_AND_AMOUNT_DIFFERENCE,Y,-1.76,0.00,-37.70,PRD-0121,PRD-0121,ZENITH Notebook 1 L,ZENITH Notebook 1 L,122.31,160.01,5.71,7.47,21.42,21.42,-37.70,37.70,37.70,0.00,0.00,0.00,37.70
TXN-A-001464-L2927,TXN-A-001464,TXN-B-001786-L3667,TXN-B-001786,EXACT_BARCODE,97.00,IDENTITY_MATCHED,QUANTITY_SHORTAGE,PRICE_VARIANCE,AMOUNT_VARIANCE,QUANTITY_AND_AMOUNT_DIFFERENCE,Y,-2.05,-1.82,-127.79,PRD-0007,PRD-0007,ZENITH Dish Liquid 5000 MAH,ZENITH Dish Liquid 5000 MAH,177.96,305.75,3.08,5.13,57.78,59.60,-127.79,127.79,122.18,5.61,0.00,0.00,127.79
TXN-A-001465-L2929,TXN-A-001465,TXN-B-001577-L3196,TXN-B-001577,EXACT_BARCODE,97.00,IDENTITY_MATCHED,QUANTITY_EXCESS,PRICE_MATCHED,AMOUNT_VARIANCE,QUANTITY_AND_AMOUNT_DIFFERENCE,Y,0.32,0.00,10.80,PRD-0142,PRD-0142,ZENITH Marker Set 750 ML,ZENITH Marker Set 750 ML,146.56,135.76,4.34,4.02,33.77,33.77,10.80,10.80,10.81,0.00,0.00,0.00,10.80
TXN-A-001466-L2931,TXN-A-001466,TXN-B-001821-L3737,TXN-B-001821,EXACT_BARCODE,97.00,IDENTITY_MATCHED,QUANTITY_SHORTAGE,PRICE_MATCHED,AMOUNT_VARIANCE,QUANTITY_AND_AMOUNT_DIFFERENCE,Y,-8.12,0.00,-375.93,PRD-0052,PRD-0052,ZENITH Power Adapter 20 W,ZENITH Power Adapter 20 W,49.43,425.36,1.09,9.21,45.35,45.35,-375.93,375.93,368.24,0.00,7.69,0.00,375.93
TXN-A-001467-L2933,TXN-A-001467,TXN-B-001748-L3591,TXN-B-001748,EXACT_BARCODE,97.00,IDENTITY_MATCHED,QUANTITY_EXCESS,PRICE_VARIANCE,AMOUNT_VARIANCE,QUANTITY_AND_AMOUNT_DIFFERENCE,Y,0.40,-4.94,-8.98,PRD-0013,PRD-0013,ZENITH Fabric Softener 1 L,ZENITH Fabric Softener 1 L,28.95,37.93,3.00,2.60,9.65,14.59,-8.98,8.98,5.84,14.82,0.00,0.00,8.98
TXN-A-001468-L2935,TXN-A-001468,TXN-B-001407-L2814,TXN-B-001407,FUZZY_NAME,89.40,IDENTITY_SUBSTITUTE,QUANTITY_SHORTAGE,PRICE_MATCHED,AMOUNT_VARIANCE,QUANTITY_AND_AMOUNT_DIFFERENCE,Y,-0.44,0.00,-21.79,PRD-0027,PRD-5371,NEXUS Ballpoint Pen 500 ML,ZENITH Ballpoint Pen 500 ML,150.57,172.36,3.04,3.48,49.53,49.53,-21.79,21.79,21.79,0.00,0.00,0.00,21.79
TXN-A-001469-L2937,TXN-A-001469,TXN-B-001132-L2264,TXN-B-001132,EXACT_PRODUCT_CODE,95.00,IDENTITY_MATCHED,QUANTITY_EXCESS,PRICE_MATCHED,AMOUNT_VARIANCE,QUANTITY_AND_AMOUNT_DIFFERENCE,Y,0.97,0.00,73.44,PRD-0024,PRD-8365,NEXUS Floor Polish 100 MG,NEXUS Floor Polish 100 MG,336.15,262.71,4.44,3.47,75.71,75.71,73.44,73.44,73.44,0.00,0.00,0.00,73.44
TXN-A-001470-L2939,TXN-A-001470,TXN-B-001470-L2940,TXN-B-001470,FUZZY_NAME,90.90,IDENTITY_SUBSTITUTE,QUANTITY_MATCHED,PRICE_MATCHED,AMOUNT_MATCHED,MATCHED_WITH_SUBSTITUTE,Y,0.00,0.00,0.00,PRD-0097,PRD-5479,ZENITH Cutting Board 5 W,SUMMIT Cutting Board 5 W,55.81,55.81,3.49,3.49,15.99,15.99,0.00,0.00,0.00,0.00,0.00,0.00,0.00
TXN-A-001471-L2941,TXN-A-001471,TXN-B-001200-L2400,TXN-B-001200,EXACT_PRODUCT_CODE,95.00,IDENTITY_MATCHED,QUANTITY_EXCESS,PRICE_MATCHED,AMOUNT_VARIANCE,QUANTITY_AND_AMOUNT_DIFFERENCE,Y,4.56,0.00,169.08,PRD-0025,PRD-8081,ZENITH Ballpoint Pen 1 KG,ZENITH Ballpoint Pen 1 KG,348.92,179.84,9.41,4.85,37.08,37.08,169.08,169.08,169.08,0.00,0.00,0.00,169.08
TXN-A-001472-L2943,TXN-A-001472,TXN-B-001828-L3751,TXN-B-001828,EXACT_BARCODE,97.00,IDENTITY_MATCHED,QUANTITY_SHORTAGE,PRICE_MATCHED,AMOUNT_VARIANCE,QUANTITY_AND_AMOUNT_DIFFERENCE,Y,-1.62,0.00,-144.47,PRD-0091,PRD-0091,ZENITH Hair Gel 1.5 L,ZENITH Hair Gel 1.5 L,420.27,564.74,4.79,6.41,87.74,87.74,-144.47,144.47,142.14,0.00,2.33,0.00,144.47
TXN-A-001473-L2945,TXN-A-001473,TXN-B-001777-L3649,TXN-B-001777,EXACT_BARCODE,97.00,IDENTITY_MATCHED,QUANTITY_SHORTAGE,PRICE_VARIANCE,AMOUNT_VARIANCE,QUANTITY_AND_AMOUNT_DIFFERENCE,Y,-3.59,-0.78,-53.44,PRD-0119,PRD-0119,AURORA Peeler 100 MG,AURORA Peeler 100 MG,49.48,102.92,3.72,7.31,13.30,14.08,-53.44,53.44,50.55,2.90,0.00,0.00,53.44
TXN-A-001474-L2947,TXN-A-001474,TXN-B-001707-L3509,TXN-B-001707,EXACT_BARCODE,97.00,IDENTITY_MATCHED,QUANTITY_EXCESS,PRICE_MATCHED,AMOUNT_VARIANCE,QUANTITY_AND_AMOUNT_DIFFERENCE,Y,0.69,0.00,31.32,PRD-0139,PRD-0139,ZENITH Eraser Pack 500 G,ZENITH Eraser Pack 500 G,131.18,99.86,2.89,2.20,45.39,45.39,31.32,31.32,31.32,0.00,0.00,0.00,31.32
TXN-A-001475-L2949,TXN-A-001475,TXN-B-001226-L2452,TXN-B-001226,EXACT_PRODUCT_CODE,95.00,IDENTITY_MATCHED,QUANTITY_SHORTAGE,PRICE_MATCHED,AMOUNT_VARIANCE,QUANTITY_AND_AMOUNT_DIFFERENCE,Y,-0.30,0.00,-31.26,PRD-0020,PRD-8753,AURORA Air Freshener 200 G,AURORA Air Freshener 200 G,373.11,404.37,3.58,3.88,104.22,104.22,-31.26,31.26,31.27,0.00,0.00,0.00,31.26
TXN-A-001476-L2951,TXN-A-001476,TXN-B-001428-L2856,TXN-B-001428,FUZZY_NAME,86.50,IDENTITY_SUBSTITUTE,QUANTITY_EXCESS,PRICE_MATCHED,AMOUNT_VARIANCE,QUANTITY_AND_AMOUNT_DIFFERENCE,Y,5.74,0.00,323.62,PRD-0081,PRD-5996,NEXUS Body Wash 500 G,SPECTRA Body Wash 500 G,444.84,121.22,7.89,2.15,56.38,56.38,323.62,323.62,323.62,0.00,0.00,0.00,323.62
TXN-A-001477-L2953,TXN-A-001477,TXN-B-001602-L3271,TXN-B-001602,EXACT_BARCODE,97.00,IDENTITY_MATCHED,QUANTITY_SHORTAGE,PRICE_MATCHED,AMOUNT_VARIANCE,QUANTITY_AND_AMOUNT_DIFFERENCE,Y,-2.08,0.00,-174.91,PRD-0006,PRD-0006,NEXUS Glass Spray 9 V,NEXUS Glass Spray 9 V,132.86,307.77,1.58,3.66,84.09,84.09,-174.91,174.91,174.91,0.00,0.00,0.00,174.91
TXN-A-001478-L2955,TXN-A-001478,TXN-B-001798-L3691,TXN-B-001798,EXACT_BARCODE,97.00,IDENTITY_MATCHED,QUANTITY_EXCESS,PRICE_MATCHED,AMOUNT_VARIANCE,QUANTITY_AND_AMOUNT_DIFFERENCE,Y,7.56,0.00,91.72,PRD-0119,PRD-0119,AURORA Peeler 100 MG,AURORA Peeler 100 MG,129.94,38.22,9.77,2.21,13.30,13.30,91.72,91.72,100.55,0.00,0.00,0.00,91.72
TXN-A-001479-L2957,TXN-A-001479,TXN-B-001764-L3623,TXN-B-001764,EXACT_BARCODE,97.00,IDENTITY_MATCHED,QUANTITY_SHORTAGE,PRICE_VARIANCE,AMOUNT_VARIANCE,QUANTITY_AND_AMOUNT_DIFFERENCE,Y,-0.80,-2.89,-34.46,PRD-0076,PRD-0076,ZENITH Shampoo 200 G,ZENITH Shampoo 200 G,94.77,129.23,7.73,8.53,12.26,15.15,-34.46,34.46,12.12,22.34,0.00,0.00,34.46
TXN-A-001480-L2959,TXN-A-001480,TXN-B-002016-L4232,TXN-B-002016,EXACT_BARCODE,97.00,IDENTITY_MATCHED,QUANTITY_SHORTAGE,PRICE_MATCHED,AMOUNT_VARIANCE,QUANTITY_AND_AMOUNT_DIFFERENCE,Y,-5.91,0.00,-356.55,PRD-0147,PRD-0147,NEXUS Screwdriver Set 100 MG,NEXUS Screwdriver Set 100 MG,165.30,521.85,2.74,8.65,60.33,60.33,-356.55,356.55,356.55,0.00,0.00,0.00,356.55
TXN-A-001481-L2961,TXN-A-001481,TXN-B-001744-L3583,TXN-B-001744,EXACT_BARCODE,97.00,IDENTITY_MATCHED,QUANTITY_SHORTAGE,PRICE_VARIANCE,AMOUNT_VARIANCE,QUANTITY_AND_AMOUNT_DIFFERENCE,Y,-1.53,-2.91,-19.74,PRD-0022,PRD-0022,ZENITH Floor Polish 2000 MAH,ZENITH Floor Polish 2000 MAH,12.67,32.41,2.14,3.67,5.92,8.83,-19.74,19.74,13.51,6.23,0.00,0.00,19.74
TXN-A-001482-L2963,TXN-A-001482,TXN-B-001614-L3307,TXN-B-001614,EXACT_BARCODE,97.00,IDENTITY_MATCHED,QUANTITY_EXCESS,PRICE_MATCHED,AMOUNT_VARIANCE,QUANTITY_AND_AMOUNT_DIFFERENCE,Y,2.52,0.00,298.54,PRD-0078,PRD-0078,NEXUS Shampoo 500 ML,NEXUS Shampoo 500 ML,1137.31,838.77,9.60,7.08,118.47,118.47,298.54,298.54,298.54,0.00,0.00,0.00,298.54
TXN-A-001483-L2965,TXN-A-001483,TXN-B-001304-L2608,TXN-B-001304,FUZZY_NAME,84.20,IDENTITY_SUBSTITUTE,QUANTITY_EXCESS,PRICE_VARIANCE,AMOUNT_VARIANCE,QUANTITY_AND_AMOUNT_DIFFERENCE,Y,1.32,44.73,351.30,PRD-0081,PRD-7442,NEXUS Body Wash 500 G,AURORA Body Wash 500 MG,423.41,72.11,7.51,6.19,56.38,11.65,351.30,351.30,15.38,335.92,0.00,0.00,351.30
TXN-A-001484-L2967,TXN-A-001484,TXN-B-001733-L3561,TXN-B-001733,EXACT_BARCODE,97.00,IDENTITY_MATCHED,QUANTITY_SHORTAGE,PRICE_MATCHED,AMOUNT_VARIANCE,QUANTITY_AND_AMOUNT_DIFFERENCE,Y,-1.81,0.00,-154.43,PRD-0060,PRD-0060,NEXUS Screen Protector 10 IN,NEXUS Screen Protector 10 IN,188.56,342.99,2.21,4.02,85.32,85.32,-154.43,154.43,154.43,0.00,0.00,0.00,154.43
TXN-A-001485-L2969,TXN-A-001485,TXN-B-001494-L2988,TXN-B-001494,FUZZY_NAME,81.00,IDENTITY_SUBSTITUTE,QUANTITY_EXCESS,PRICE_MATCHED,AMOUNT_VARIANCE,QUANTITY_AND_AMOUNT_DIFFERENCE,Y,2.78,0.00,131.05,PRD-0083,PRD-4235,AURORA Toothpaste 3 V,VANGUARD Toothpaste 3 100 G,352.61,221.56,7.48,4.70,47.14,47.14,131.05,131.05,131.05,0.00,0.00,0.00,131.05
TXN-A-001486-L2971,TXN-A-001486,TXN-B-001456-L2912,TXN-B-001456,FUZZY_NAME,92.60,IDENTITY_SUBSTITUTE,QUANTITY_EXCESS,PRICE_MATCHED,AMOUNT_VARIANCE,QUANTITY_AND_AMOUNT_DIFFERENCE,Y,3.04,0.00,118.34,PRD-0044,PRD-5379,AURORA Whiteboard Marker 12 IN,TITAN Whiteboard Marker 12 IN,354.65,236.31,9.11,6.07,38.93,38.93,118.34,118.34,118.35,0.00,0.00,0.00,118.34
TXN-A-001487-L2973,TXN-A-001487,TXN-B-001825-L3745,TXN-B-001825,EXACT_BARCODE,97.00,IDENTITY_MATCHED,QUANTITY_SHORTAGE,PRICE_MATCHED,AMOUNT_VARIANCE,QUANTITY_AND_AMOUNT_DIFFERENCE,Y,-2.47,0.00,-73.91,PRD-0026,PRD-0026,AURORA Ballpoint Pen 250 ML,AURORA Ballpoint Pen 250 ML,110.14,184.05,4.09,6.56,26.93,26.93,-73.91,73.91,66.52,0.00,7.39,0.00,73.91
TXN-A-001488-L2975,TXN-A-001488,TXN-B-001899-L3893,TXN-B-001899,EXACT_BARCODE,97.00,IDENTITY_MATCHED,QUANTITY_EXCESS,PRICE_MATCHED,AMOUNT_VARIANCE,QUANTITY_AND_AMOUNT_DIFFERENCE,Y,6.10,0.00,154.33,PRD-0010,PRD-0010,ZENITH Laundry Detergent 1.5 V,ZENITH Laundry Detergent 1.5 V,203.41,49.08,8.04,1.94,25.30,25.30,154.33,154.33,154.33,0.00,0.00,0.00,154.33
TXN-A-001489-L2977,TXN-A-001489,TXN-B-001170-L2340,TXN-B-001170,EXACT_PRODUCT_CODE,95.00,IDENTITY_MATCHED,QUANTITY_EXCESS,PRICE_MATCHED,AMOUNT_VARIANCE,QUANTITY_AND_AMOUNT_DIFFERENCE,Y,0.81,0.00,94.74,PRD-0148,PRD-8479,ZENITH Wrench Set 30 CM,ZENITH Wrench Set 30 CM,258.50,163.76,2.21,1.40,116.97,116.97,94.74,94.74,94.75,0.00,0.00,0.00,94.74
TXN-A-001490-L2979,TXN-A-001490,TXN-B-002039-L4278,TXN-B-002039,EXACT_BARCODE,97.00,IDENTITY_MATCHED,QUANTITY_SHORTAGE,PRICE_MATCHED,AMOUNT_VARIANCE,QUANTITY_AND_AMOUNT_DIFFERENCE,Y,-2.94,0.00,-321.20,PRD-0105,PRD-0105,NEXUS Measuring Cup 100 G,NEXUS Measuring Cup 100 G,193.37,514.57,1.77,4.71,109.25,109.25,-321.20,321.20,321.19,0.00,0.01,0.00,321.20
TXN-A-001491-L2981,TXN-A-001491,TXN-B-001797-L3689,TXN-B-001797,EXACT_BARCODE,97.00,IDENTITY_MATCHED,QUANTITY_EXCESS,PRICE_MATCHED,AMOUNT_VARIANCE,QUANTITY_AND_AMOUNT_DIFFERENCE,Y,2.91,0.00,162.08,PRD-0127,PRD-0127,ZENITH Colored Pencil Set 50 G,ZENITH Colored Pencil Set 50 G,531.89,369.81,9.18,6.27,57.94,57.94,162.08,162.08,168.61,0.00,0.00,0.00,162.08
TXN-A-001492-L2983,TXN-A-001492,TXN-B-001873-L3841,TXN-B-001873,EXACT_BARCODE,97.00,IDENTITY_MATCHED,QUANTITY_SHORTAGE,PRICE_VARIANCE,AMOUNT_VARIANCE,QUANTITY_AND_AMOUNT_DIFFERENCE,Y,-7.50,-2.26,-868.57,PRD-0040,PRD-0040,ZENITH File Folder Pack 750 ML,ZENITH File Folder Pack 750 ML,447.15,1315.72,3.98,11.48,112.35,114.61,-868.57,868.57,859.58,8.99,0.00,0.00,868.57
TXN-A-001493-L2985,TXN-A-001493,TXN-B-001535-L3050,TXN-B-001535,EXACT_BARCODE,97.00,IDENTITY_MATCHED,QUANTITY_EXCESS,PRICE_MATCHED,AMOUNT_VARIANCE,QUANTITY_AND_AMOUNT_DIFFERENCE,Y,2.89,0.00,8.93,PRD-0050,PRD-0050,AURORA USB Cable 10000 MAH,AURORA USB Cable 10000 MAH,25.59,16.66,8.28,5.39,3.09,3.09,8.93,8.93,8.93,0.00,0.00,0.00,8.93
TXN-A-001494-L2987,TXN-A-001494,,,GENERIC_STRENGTH_EQUIVALENT,85.00,IDENTITY_UNMATCHED,QUANTITY_NOT_APPLICABLE,PRICE_NOT_APPLICABLE,AMOUNT_NOT_APPLICABLE,UNRESOLVED,Y,,,,PRD-0083,,AURORA Toothpaste 3 V,,221.56,0.00,4.70,,47.14,,221.56,221.56,0.00,0.00,221.56,221.56,221.56
TXN-A-001495-L2989,TXN-A-001495,TXN-B-001282-L2564,TXN-B-001282,NORMALIZED_NAME,90.00,IDENTITY_MATCHED,QUANTITY_EXCESS,PRICE_MATCHED,AMOUNT_VARIANCE,QUANTITY_AND_AMOUNT_DIFFERENCE,Y,3.99,0.00,199.74,PRD-0089,PRD-7078,AURORA Face Cream 500 ML,AURORA Face Cream 500 ML,333.40,133.66,6.66,2.67,50.06,50.06,199.74,199.74,199.74,0.00,0.00,0.00,199.74
TXN-A-001496-L2991,TXN-A-001496,TXN-B-002024-L4248,TXN-B-002024,EXACT_BARCODE,97.00,IDENTITY_MATCHED,QUANTITY_SHORTAGE,PRICE_MATCHED,AMOUNT_VARIANCE,QUANTITY_AND_AMOUNT_DIFFERENCE,Y,-2.37,0.00,-265.09,PRD-0140,PRD-0140,AURORA Eraser Pack 2000 MAH,AURORA Eraser Pack 2000 MAH,662.15,927.24,5.92,8.29,111.85,111.85,-265.09,265.09,265.08,0.00,0.01,0.00,265.09
TXN-A-001497-L2993,TXN-A-001497,TXN-B-001730-L3555,TXN-B-001730,EXACT_BARCODE,97.00,IDENTITY_MATCHED,QUANTITY_SHORTAGE,PRICE_MATCHED,AMOUNT_VARIANCE,QUANTITY_AND_AMOUNT_DIFFERENCE,Y,-0.59,0.00,-15.42,PRD-0029,PRD-0029,AURORA Highlighter Set 9 V,AURORA Highlighter Set 9 V,113.45,128.87,4.34,4.93,26.14,26.14,-15.42,15.42,15.42,0.00,0.00,0.00,15.42
TXN-A-001498-L2995,TXN-A-001498,TXN-B-001541-L3056,TXN-B-001541,EXACT_BARCODE,97.00,IDENTITY_MATCHED,QUANTITY_EXCESS,PRICE_MATCHED,AMOUNT_VARIANCE,QUANTITY_AND_AMOUNT_DIFFERENCE,Y,4.66,0.00,235.19,PRD-0049,PRD-0049,ZENITH USB Cable 1 KG,ZENITH USB Cable 1 KG,419.41,184.22,8.31,3.65,50.47,50.47,235.19,235.19,235.19,0.00,0.00,0.00,235.19
TXN-A-001499-L2997,TXN-A-001499,TXN-B-001780-L3655,TXN-B-001780,EXACT_BARCODE,97.00,IDENTITY_MATCHED,QUANTITY_EXCESS,PRICE_VARIANCE,AMOUNT_VARIANCE,QUANTITY_AND_AMOUNT_DIFFERENCE,Y,5.60,-3.81,499.80,PRD-0130,PRD-0130,ZENITH Ruler Set 45 CM,ZENITH Ruler Set 45 CM,725.14,225.34,7.98,2.38,90.87,94.68,499.80,499.80,530.21,30.40,0.00,0.00,499.80
TXN-A-001500-L2999,TXN-A-001500,TXN-B-001736-L3567,TXN-B-001736,EXACT_BARCODE,97.00,IDENTITY_MATCHED,QUANTITY_SHORTAGE,PRICE_MATCHED,AMOUNT_VARIANCE,QUANTITY_AND_AMOUNT_DIFFERENCE,Y,-3.91,0.00,-224.67,PRD-0067,PRD-0067,ZENITH HDMI Cable 1 KG,ZENITH HDMI Cable 1 KG,282.13,506.80,4.91,8.82,57.46,57.46,-224.67,224.67,224.67,0.00,0.00,0.00,224.67
TXN-A-001501-L3001,TXN-A-001501,TXN-B-001150-L2300,TXN-B-001150,EXACT_PRODUCT_CODE,95.00,IDENTITY_MATCHED,QUANTITY_EXCESS,PRICE_MATCHED,AMOUNT_VARIANCE,QUANTITY_AND_AMOUNT_DIFFERENCE,Y,0.99,0.00,46.91,PRD-0015,PRD-8245,NEXUS Fabric Softener 200 G,NEXUS Fabric Softener 200 G,304.18,257.27,6.42,5.43,47.38,47.38,46.91,46.91,46.91,0.00,0.00,0.00,46.91
TXN-A-001502-L3003,TXN-A-001502,TXN-B-001635-L3365,TXN-B-001635,EXACT_BARCODE,97.00,IDENTITY_MATCHED,QUANTITY_SHORTAGE,PRICE_MATCHED,AMOUNT_VARIANCE,QUANTITY_AND_AMOUNT_DIFFERENCE,Y,-3.52,0.00,-177.65,PRD-0049,PRD-0049,ZENITH USB Cable 1 KG,ZENITH USB Cable 1 KG,209.45,387.10,4.15,7.67,50.47,50.47,-177.65,177.65,177.65,0.00,0.00,0.00,177.65
TXN-A-001503-L3005,TXN-A-001503,TXN-B-001167-L2334,TXN-B-001167,EXACT_PRODUCT_CODE,95.00,IDENTITY_MATCHED,QUANTITY_EXCESS,PRICE_MATCHED,AMOUNT_VARIANCE,QUANTITY_AND_AMOUNT_DIFFERENCE,Y,0.74,0.00,44.74,PRD-0117,PRD-8681,NEXUS Can Opener 5 W,NEXUS Can Opener 5 W,582.83,538.09,9.64,8.90,60.46,60.46,44.74,44.74,44.74,0.00,0.00,0.00,44.74
TXN-A-001504-L3007,TXN-A-001504,TXN-B-002095-L4390,TXN-B-002095,EXACT_BARCODE,97.00,IDENTITY_MATCHED,QUANTITY_SHORTAGE,PRICE_MATCHED,AMOUNT_VARIANCE,QUANTITY_AND_AMOUNT_DIFFERENCE,Y,-1.83,0.00,-204.69,PRD-0140,PRD-0140,AURORA Eraser Pack 2000 MAH,AURORA Eraser Pack 2000 MAH,437.33,642.02,3.91,5.74,111.85,111.85,-204.69,204.69,204.69,0.00,0.00,0.00,204.69
TXN-A-001505-L3009,TXN-A-001505,TXN-B-001285-L2570,TXN-B-001285,NORMALIZED_NAME,90.00,IDENTITY_MATCHED,QUANTITY_EXCESS,PRICE_MATCHED,AMOUNT_VARIANCE,QUANTITY_AND_AMOUNT_DIFFERENCE,Y,0.86,0.00,18.89,PRD-0033,PRD-7770,NEXUS Binder Clip Box 45 CM,NEXUS Binder Clip Box 45 CM,43.70,24.81,1.99,1.13,21.96,21.96,18.89,18.89,18.89,0.00,0.00,0.00,18.89
TXN-A-001506-L3011,TXN-A-001506,TXN-B-001890-L3875,TXN-B-001890,EXACT_BARCODE,97.00,IDENTITY_MATCHED,QUANTITY_SHORTAGE,PRICE_MATCHED,AMOUNT_VARIANCE,QUANTITY_AND_AMOUNT_DIFFERENCE,Y,-0.82,0.00,-91.72,PRD-0008,PRD-0008,AURORA Dish Liquid 10000 MAH,AURORA Dish Liquid 10000 MAH,275.18,366.90,2.46,3.28,111.86,111.86,-91.72,91.72,91.73,0.00,0.00,0.00,91.72
TXN-A-001507-L3013,TXN-A-001507,TXN-B-001975-L4125,TXN-B-001975,EXACT_BARCODE,97.00,IDENTITY_MATCHED,QUANTITY_SHORTAGE,PRICE_MATCHED,AMOUNT_VARIANCE,QUANTITY_AND_AMOUNT_DIFFERENCE,Y,-184.98,0.00,-15554.97,PRD-0006,PRD-0006,NEXUS Glass Spray 9 V,NEXUS Glass Spray 9 V,396.90,15951.87,4.72,189.70,84.09,84.09,-15554.97,15554.97,15554.97,0.00,0.00,0.00,15554.97
TXN-A-001508-L3015,TXN-A-001508,TXN-B-001932-L3959,TXN-B-001932,EXACT_BARCODE,97.00,IDENTITY_MATCHED,QUANTITY_SHORTAGE,PRICE_MATCHED,AMOUNT_VARIANCE,QUANTITY_AND_AMOUNT_DIFFERENCE,Y,-0.86,0.00,-28.44,PRD-0084,PRD-0084,NEXUS Toothpaste 15 W,NEXUS Toothpaste 15 W,74.05,102.49,2.24,3.10,33.06,33.06,-28.44,28.44,28.43,0.00,0.01,0.00,28.44
TXN-A-001509-L3017,TXN-A-001509,TXN-B-002017-L4234,TXN-B-002017,EXACT_BARCODE,97.00,IDENTITY_MATCHED,QUANTITY_EXCESS,PRICE_MATCHED,AMOUNT_VARIANCE,QUANTITY_AND_AMOUNT_DIFFERENCE,Y,1.53,0.00,68.27,PRD-0110,PRD-0110,AURORA Storage Container 5 W,AURORA Storage Container 5 W,261.03,192.76,5.85,4.32,44.62,44.62,68.27,68.27,68.27,0.00,0.00,0.00,68.27
TXN-A-001510-L3019,TXN-A-001510,TXN-B-001542-L3057,TXN-B-001542,EXACT_BARCODE,97.00,IDENTITY_MATCHED,QUANTITY_EXCESS,PRICE_MATCHED,AMOUNT_VARIANCE,QUANTITY_AND_AMOUNT_DIFFERENCE,Y,0.22,0.00,4.56,PRD-0132,PRD-0132,NEXUS Ruler Set 60 CM,NEXUS Ruler Set 60 CM,109.25,104.69,5.27,5.05,20.73,20.73,4.56,4.56,4.56,0.00,0.00,0.00,4.56
TXN-A-001511-L3021,TXN-A-001511,TXN-B-001613-L3304,TXN-B-001613,EXACT_BARCODE,97.00,IDENTITY_MATCHED,QUANTITY_EXCESS,PRICE_MATCHED,AMOUNT_VARIANCE,QUANTITY_AND_AMOUNT_DIFFERENCE,Y,2.72,0.00,56.38,PRD-0132,PRD-0132,NEXUS Ruler Set 60 CM,NEXUS Ruler Set 60 CM,116.50,60.12,5.62,2.90,20.73,20.73,56.38,56.38,56.39,0.00,0.00,0.00,56.38
TXN-A-001512-L3023,TXN-A-001512,TXN-B-001145-L2290,TXN-B-001145,EXACT_PRODUCT_CODE,95.00,IDENTITY_MATCHED,QUANTITY_SHORTAGE,PRICE_MATCHED,AMOUNT_VARIANCE,QUANTITY_AND_AMOUNT_DIFFERENCE,Y,-4.71,0.00,-435.02,PRD-0082,PRD-8829,ZENITH Toothpaste 500 MG,ZENITH Toothpaste 500 MG,190.26,625.28,2.06,6.77,92.36,92.36,-435.02,435.02,435.02,0.00,0.00,0.00,435.02
TXN-A-001513-L3025,TXN-A-001513,TXN-B-001186-L2372,TXN-B-001186,EXACT_PRODUCT_CODE,95.00,IDENTITY_MATCHED,QUANTITY_SHORTAGE,PRICE_MATCHED,AMOUNT_VARIANCE,QUANTITY_AND_AMOUNT_DIFFERENCE,Y,-4.08,0.00,-193.31,PRD-0015,PRD-8538,NEXUS Fabric Softener 200 G,NEXUS Fabric Softener 200 G,78.18,271.49,1.65,5.73,47.38,47.38,-193.31,193.31,193.31,0.00,0.00,0.00,193.31
TXN-A-001514-L3027,TXN-A-001514,TXN-B-001454-L2908,TXN-B-001454,FUZZY_NAME,89.40,IDENTITY_SUBSTITUTE,QUANTITY_EXCESS,PRICE_MATCHED,AMOUNT_VARIANCE,QUANTITY_AND_AMOUNT_DIFFERENCE,Y,1.51,0.00,170.41,PRD-0099,PRD-5035,NEXUS Cutting Board 500 ML,AURORA Cutting Board 500 ML,1078.85,908.44,9.56,8.05,112.85,112.85,170.41,170.41,170.40,0.00,0.01,0.00,170.41
TXN-A-001515-L3029,TXN-A-001515,TXN-B-001151-L2302,TXN-B-001151,EXACT_PRODUCT_CODE,95.00,IDENTITY_MATCHED,QUANTITY_SHORTAGE,PRICE_MATCHED,AMOUNT_VARIANCE,QUANTITY_AND_AMOUNT_DIFFERENCE,Y,-5.31,0.00,-148.95,PRD-0038,PRD-8443,AURORA Desk Organizer 2000 MAH,AURORA Desk Organizer 2000 MAH,102.94,251.89,3.67,8.98,28.05,28.05,-148.95,148.95,148.95,0.00,0.00,0.00,148.95
TXN-A-001516-L3091,TXN-A-001516,,,POSSIBLE_SUBSTITUTE,70.00,IDENTITY_UNMATCHED,QUANTITY_NOT_APPLICABLE,PRICE_NOT_APPLICABLE,AMOUNT_NOT_APPLICABLE,UNRESOLVED,Y,,,,PRD-0107,,AURORA Spatula Set 9 V,,29.75,0.00,5.12,,5.81,,29.75,29.75,0.00,0.00,29.75,29.75,29.75
TXN-A-001517-L3092,TXN-A-001517,TXN-B-001784-L3663,TXN-B-001784,EXACT_BARCODE,97.00,IDENTITY_MATCHED,QUANTITY_SHORTAGE,PRICE_VARIANCE,AMOUNT_VARIANCE,QUANTITY_AND_AMOUNT_DIFFERENCE,Y,-0.70,-1.16,-68.27,PRD-0137,PRD-0137,AURORA Scissors 100 MG,AURORA Scissors 100 MG,132.58,200.85,1.41,2.11,94.03,95.19,-68.27,68.27,66.63,1.64,0.00,0.00,68.27
TXN-A-001518-L3093,TXN-A-001518,TXN-B-001320-L2640,TXN-B-001320,FUZZY_NAME,84.20,IDENTITY_SUBSTITUTE,QUANTITY_EXCESS,PRICE_VARIANCE,AMOUNT_VARIANCE,QUANTITY_AND_AMOUNT_DIFFERENCE,Y,0.19,44.73,150.27,PRD-0081,PRD-7555,NEXUS Body Wash 500 G,AURORA Body Wash 500 MG,186.62,36.35,3.31,3.12,56.38,11.65,150.27,150.27,2.21,148.06,0.00,0.00,150.27
TXN-A-001519-L3094,TXN-A-001519,TXN-B-001513-L3026,TXN-B-001513,FUZZY_NAME,88.50,IDENTITY_SUBSTITUTE,QUANTITY_EXCESS,PRICE_MATCHED,AMOUNT_VARIANCE,QUANTITY_AND_AMOUNT_DIFFERENCE,Y,2.85,0.00,135.03,PRD-0015,PRD-4842,NEXUS Fabric Softener 200 G,APEX Fabric Softener 200 60 CM,213.21,78.18,4.50,1.65,47.38,47.38,135.03,135.03,135.03,0.00,0.00,0.00,135.03
TXN-A-001520-L3095,TXN-A-001520,TXN-B-002032-L4264,TXN-B-002032,EXACT_BARCODE,97.00,IDENTITY_MATCHED,QUANTITY_EXCESS,PRICE_MATCHED,AMOUNT_VARIANCE,QUANTITY_AND_AMOUNT_DIFFERENCE,Y,6.38,0.00,63.55,PRD-0094,PRD-0094,ZENITH Lotion 10000 MAH,ZENITH Lotion 10000 MAH,83.27,19.72,8.36,1.98,9.96,9.96,63.55,63.55,63.54,0.00,0.01,0.00,63.55
TXN-A-001521-L3096,TXN-A-001521,TXN-B-001799-L3693,TXN-B-001799,EXACT_BARCODE,97.00,IDENTITY_MATCHED,QUANTITY_SHORTAGE,PRICE_MATCHED,AMOUNT_VARIANCE,QUANTITY_AND_AMOUNT_DIFFERENCE,Y,-3.31,0.00,-300.97,PRD-0039,PRD-0039,NEXUS Desk Organizer 250 ML,NEXUS Desk Organizer 250 ML,91.98,392.95,1.02,4.33,90.18,90.18,-300.97,300.97,298.50,0.00,2.47,0.00,300.97
TXN-A-001522-L3097,TXN-A-001522,TXN-B-001403-L2806,TXN-B-001403,FUZZY_NAME,87.00,IDENTITY_SUBSTITUTE,QUANTITY_SHORTAGE,PRICE_MATCHED,AMOUNT_VARIANCE,QUANTITY_AND_AMOUNT_DIFFERENCE,Y,-0.18,0.00,-2.88,PRD-0097,PRD-5675,ZENITH Cutting Board 5 W,QUANTUM Cutting Board 5 W,44.93,47.81,2.81,2.99,15.99,15.99,-2.88,2.88,2.88,0.00,0.00,0.00,2.88
TXN-A-001523-L3098,TXN-A-001523,TXN-B-001214-L2428,TXN-B-001214,EXACT_PRODUCT_CODE,95.00,IDENTITY_MATCHED,QUANTITY_SHORTAGE,PRICE_MATCHED,AMOUNT_VARIANCE,QUANTITY_AND_AMOUNT_DIFFERENCE,Y,-5.67,0.00,-663.22,PRD-0148,PRD-8390,ZENITH Wrench Set 30 CM,ZENITH Wrench Set 30 CM,444.49,1107.71,3.80,9.47,116.97,116.97,-663.22,663.22,663.22,0.00,0.00,0.00,663.22
TXN-A-001524-L3099,TXN-A-001524,TXN-B-001756-L3607,TXN-B-001756,EXACT_BARCODE,97.00,IDENTITY_MATCHED,QUANTITY_EXCESS,PRICE_VARIANCE,AMOUNT_VARIANCE,QUANTITY_AND_AMOUNT_DIFFERENCE,Y,7.67,-3.73,128.18,PRD-0071,PRD-0071,AURORA Mouse Pad 50 G,AURORA Mouse Pad 50 G,154.49,26.31,8.92,1.25,17.32,21.05,128.18,128.18,161.45,33.27,0.00,0.00,128.18
TXN-A-001525-L3100,TXN-A-001525,TXN-B-001964-L4103,TXN-B-001964,EXACT_BARCODE,97.00,IDENTITY_MATCHED,QUANTITY_EXCESS,PRICE_MATCHED,AMOUNT_VARIANCE,QUANTITY_AND_AMOUNT_DIFFERENCE,Y,5.89,0.00,163.63,PRD-0046,PRD-0046,ZENITH Tape Dispenser 250 ML,ZENITH Tape Dispenser 250 ML,265.30,101.67,9.55,3.66,27.78,27.78,163.63,163.63,163.62,0.00,0.01,0.00,163.63
TXN-A-001526-L3101,TXN-A-001526,TXN-B-001615-L3310,TXN-B-001615,EXACT_BARCODE,97.00,IDENTITY_MATCHED,QUANTITY_SHORTAGE,PRICE_MATCHED,AMOUNT_VARIANCE,QUANTITY_AND_AMOUNT_DIFFERENCE,Y,-1.24,0.00,-21.19,PRD-0098,PRD-0098,AURORA Cutting Board 10 IN,AURORA Cutting Board 10 IN,30.76,51.95,1.80,3.04,17.09,17.09,-21.19,21.19,21.19,0.00,0.00,0.00,21.19
TXN-A-001527-L3102,TXN-A-001527,TXN-B-001927-L3949,TXN-B-001927,EXACT_BARCODE,97.00,IDENTITY_MATCHED,QUANTITY_EXCESS,PRICE_MATCHED,AMOUNT_VARIANCE,QUANTITY_AND_AMOUNT_DIFFERENCE,Y,1.92,0.00,25.54,PRD-0119,PRD-0119,AURORA Peeler 100 MG,AURORA Peeler 100 MG,82.33,56.79,6.19,4.27,13.30,13.30,25.54,25.54,25.54,0.00,0.00,0.00,25.54
TXN-A-001528-L3103,TXN-A-001528,,,POSSIBLE_SUBSTITUTE,70.00,IDENTITY_UNMATCHED,QUANTITY_NOT_APPLICABLE,PRICE_NOT_APPLICABLE,AMOUNT_NOT_APPLICABLE,UNRESOLVED,Y,,,,PRD-0048,,NEXUS Tape Dispenser 3 V,,397.06,0.00,6.18,,64.25,,397.06,397.06,0.00,0.00,397.06,397.06,397.06
TXN-A-001529-L3104,TXN-A-001529,TXN-B-001941-L3977,TXN-B-001941,EXACT_BARCODE,97.00,IDENTITY_MATCHED,QUANTITY_EXCESS,PRICE_MATCHED,AMOUNT_VARIANCE,QUANTITY_AND_AMOUNT_DIFFERENCE,Y,4.82,0.00,121.94,PRD-0010,PRD-0010,ZENITH Laundry Detergent 1.5 V,ZENITH Laundry Detergent 1.5 V,179.12,57.18,7.08,2.26,25.30,25.30,121.94,121.94,121.95,0.00,0.00,0.00,121.94
TXN-A-001530-L3105,TXN-A-001530,TXN-B-001195-L2390,TXN-B-001195,EXACT_PRODUCT_CODE,95.00,IDENTITY_MATCHED,QUANTITY_SHORTAGE,PRICE_MATCHED,AMOUNT_VARIANCE,QUANTITY_AND_AMOUNT_DIFFERENCE,Y,-0.20,0.00,-12.88,PRD-0115,PRD-8302,ZENITH Can Opener 2000 MAH,ZENITH Can Opener 2000 MAH,427.04,439.92,6.63,6.83,64.41,64.41,-12.88,12.88,12.88,0.00,0.00,0.00,12.88
TXN-A-001531-L3106,TXN-A-001531,TXN-B-001468-L2936,TXN-B-001468,FUZZY_NAME,89.40,IDENTITY_SUBSTITUTE,QUANTITY_EXCESS,PRICE_MATCHED,AMOUNT_VARIANCE,QUANTITY_AND_AMOUNT_DIFFERENCE,Y,1.66,0.00,82.22,PRD-0027,PRD-5950,NEXUS Ballpoint Pen 500 ML,SPECTRA Ballpoint Pen 500 ML,232.79,150.57,4.70,3.04,49.53,49.53,82.22,82.22,82.22,0.00,0.00,0.00,82.22
TXN-A-001532-L3107,TXN-A-001532,TXN-B-001682-L3459,TXN-B-001682,EXACT_BARCODE,97.00,IDENTITY_MATCHED,QUANTITY_SHORTAGE,PRICE_MATCHED,AMOUNT_VARIANCE,QUANTITY_AND_AMOUNT_DIFFERENCE,Y,-1.08,0.00,-76.92,PRD-0136,PRD-0136,ZENITH Scissors 3 V,ZENITH Scissors 3 V,286.30,363.22,4.02,5.10,71.22,71.22,-76.92,76.92,76.92,0.00,0.00,0.00,76.92
TXN-A-001533-L3108,TXN-A-001533,TXN-B-001612-L3301,TXN-B-001612,EXACT_BARCODE,97.00,IDENTITY_MATCHED,QUANTITY_SHORTAGE,PRICE_MATCHED,AMOUNT_VARIANCE,QUANTITY_AND_AMOUNT_DIFFERENCE,Y,-0.20,0.00,-11.04,PRD-0066,PRD-0066,NEXUS Charging Dock 5000 MAH,NEXUS Charging Dock 5000 MAH,526.51,537.55,9.54,9.74,55.19,55.19,-11.04,11.04,11.04,0.00,0.00,0.00,11.04
TXN-A-001534-L3109,TXN-A-001534,TXN-B-001590-L3235,TXN-B-001590,EXACT_BARCODE,97.00,IDENTITY_MATCHED,QUANTITY_SHORTAGE,PRICE_MATCHED,AMOUNT_VARIANCE,QUANTITY_AND_AMOUNT_DIFFERENCE,Y,-0.63,0.00,-38.93,PRD-0059,PRD-0059,AURORA Screen Protector 45 CM,AURORA Screen Protector 45 CM,229.90,268.83,3.72,4.35,61.80,61.80,-38.93,38.93,38.93,0.00,0.00,0.00,38.93
TXN-A-001535-L3110,TXN-A-001535,TXN-B-001572-L3087,TXN-B-001572,EXACT_BARCODE,97.00,IDENTITY_MATCHED,QUANTITY_SHORTAGE,PRICE_MATCHED,AMOUNT_VARIANCE,QUANTITY_AND_AMOUNT_DIFFERENCE,Y,-1.32,0.00,-3.51,PRD-0088,PRD-0088,ZENITH Face Cream 30 CM,ZENITH Face Cream 30 CM,4.28,7.79,1.61,2.93,2.66,2.66,-3.51,3.51,3.51,0.00,0.00,0.00,3.51
TXN-A-001536-L3111,TXN-A-001536,TXN-B-001776-L3647,TXN-B-001776,EXACT_BARCODE,97.00,IDENTITY_MATCHED,QUANTITY_SHORTAGE,PRICE_VARIANCE,AMOUNT_VARIANCE,QUANTITY_AND_AMOUNT_DIFFERENCE,Y,-0.94,-3.61,-53.44,PRD-0106,PRD-0106,ZENITH Spatula Set 1 KG,ZENITH Spatula Set 1 KG,182.25,235.69,7.69,8.63,23.70,27.31,-53.44,53.44,25.67,27.76,0.01,0.00,53.44
TXN-A-001537-L3112,TXN-A-001537,TXN-B-001963-L4101,TXN-B-001963,EXACT_BARCODE,97.00,IDENTITY_MATCHED,QUANTITY_EXCESS,PRICE_MATCHED,AMOUNT_VARIANCE,QUANTITY_AND_AMOUNT_DIFFERENCE,Y,1.39,0.00,118.59,PRD-0060,PRD-0060,NEXUS Screen Protector 10 IN,NEXUS Screen Protector 10 IN,381.38,262.79,4.47,3.08,85.32,85.32,118.59,118.59,118.59,0.00,0.00,0.00,118.59
TXN-A-001538-L3113,TXN-A-001538,TXN-B-001858-L3811,TXN-B-001858,EXACT_BARCODE,97.00,IDENTITY_MATCHED,QUANTITY_SHORTAGE,PRICE_VARIANCE,AMOUNT_VARIANCE,QUANTITY_AND_AMOUNT_DIFFERENCE,Y,-3.53,-0.53,-36.98,PRD-0013,PRD-0013,ZENITH Fabric Softener 1 L,ZENITH Fabric Softener 1 L,18.91,55.89,1.96,5.49,9.65,10.18,-36.98,36.98,35.94,1.04,0.01,0.00,36.98
TXN-A-001539-L3114,TXN-A-001539,TXN-B-001325-L2650,TXN-B-001325,NORMALIZED_NAME,90.00,IDENTITY_MATCHED,QUANTITY_SHORTAGE,PRICE_MATCHED,AMOUNT_VARIANCE,QUANTITY_AND_AMOUNT_DIFFERENCE,Y,-2.28,0.00,-159.72,PRD-0062,PRD-7051,AURORA Battery Pack 2000 MAH,AURORA Battery Pack 2000 MAH,465.13,624.85,6.64,8.92,70.05,70.05,-159.72,159.72,159.71,0.00,0.01,0.00,159.72
TXN-A-001540-L3115,TXN-A-001540,TXN-B-001309-L2618,TXN-B-001309,NORMALIZED_NAME,90.00,IDENTITY_MATCHED,QUANTITY_EXCESS,PRICE_MATCHED,AMOUNT_VARIANCE,QUANTITY_AND_AMOUNT_DIFFERENCE,Y,5.32,0.00,542.91,PRD-0009,PRD-7541,NEXUS Dish Liquid 10 W,NEXUS Dish Liquid 10 W,956.21,413.30,9.37,4.05,102.05,102.05,542.91,542.91,542.91,0.00,0.00,0.00,542.91
TXN-A-001541-L3116,TXN-A-001541,TXN-B-002008-L4191,TXN-B-002008,FUZZY_NAME,93.30,IDENTITY_SUBSTITUTE,QUANTITY_SHORTAGE,PRICE_MATCHED,AMOUNT_VARIANCE,QUANTITY_AND_AMOUNT_DIFFERENCE,Y,-6.66,0.00,-146.25,PRD-0033,PRD-3298,NEXUS Binder Clip Box 45 CM,NEXX Binder Clip 45 CM,28.33,174.58,1.29,7.95,21.96,21.96,-146.25,146.25,146.25,0.00,0.00,0.00,146.25
TXN-A-001542-L3117,TXN-A-001542,TXN-B-001910-L3915,TXN-B-001910,EXACT_BARCODE,97.00,IDENTITY_MATCHED,QUANTITY_EXCESS,PRICE_MATCHED,AMOUNT_VARIANCE,QUANTITY_AND_AMOUNT_DIFFERENCE,Y,5.30,0.00,299.93,PRD-0043,PRD-0043,ZENITH Whiteboard Marker 20 W,ZENITH Whiteboard Marker 20 W,358.78,58.85,6.34,1.04,56.59,56.59,299.93,299.93,299.93,0.00,0.00,0.00,299.93
TXN-A-001543-L3118,TXN-A-001543,TXN-B-001433-L2866,TXN-B-001433,FUZZY_NAME,89.40,IDENTITY_SUBSTITUTE,QUANTITY_EXCESS,PRICE_VARIANCE,AMOUNT_VARIANCE,QUANTITY_AND_AMOUNT_DIFFERENCE,Y,1.79,65.47,366.60,PRD-0020,PRD-5685,AURORA Air Freshener 200 G,AURORA Air Freshener 45 CM,473.16,106.56,4.54,2.75,104.22,38.75,366.60,366.60,69.36,297.23,0.00,0.00,366.60
TXN-A-001544-L3119,TXN-A-001544,TXN-B-001655-L3405,TXN-B-001655,EXACT_BARCODE,97.00,IDENTITY_MATCHED,QUANTITY_SHORTAGE,PRICE_MATCHED,AMOUNT_VARIANCE,QUANTITY_AND_AMOUNT_DIFFERENCE,Y,-0.22,0.00,-7.61,PRD-0001,PRD-0001,ZENITH All Purpose Cleaner 10 IN,ZENITH All Purpose Cleaner 10 IN,285.02,292.63,8.24,8.46,34.59,34.59,-7.61,7.61,7.61,0.00,0.00,0.00,7.61
TXN-A-001545-L3120,TXN-A-001545,TXN-B-001645-L3385,TXN-B-001645,EXACT_BARCODE,97.00,IDENTITY_MATCHED,QUANTITY_SHORTAGE,PRICE_MATCHED,AMOUNT_VARIANCE,QUANTITY_AND_AMOUNT_DIFFERENCE,Y,-7.36,0.00,-22.74,PRD-0050,PRD-0050,AURORA USB Cable 10000 MAH,AURORA USB Cable 10000 MAH,21.94,44.68,7.10,14.46,3.09,3.09,-22.74,22.74,22.74,0.00,0.00,0.00,22.74
TXN-A-001546-L3121,TXN-A-001546,TXN-B-001956-L4007,TXN-B-001956,EXACT_BARCODE,97.00,IDENTITY_MATCHED,QUANTITY_EXCESS,PRICE_MATCHED,AMOUNT_VARIANCE,QUANTITY_AND_AMOUNT_DIFFERENCE,Y,0.60,0.00,6.92,PRD-0037,PRD-0037,ZENITH Desk Organizer 5 W,ZENITH Desk Organizer 5 W,25.37,18.45,2.20,1.60,11.53,11.53,6.92,6.92,6.92,0.00,0.00,0.00,6.92
TXN-A-001547-L3122,TXN-A-001547,TXN-B-001166-L2332,TXN-B-001166,EXACT_PRODUCT_CODE,95.00,IDENTITY_MATCHED,QUANTITY_SHORTAGE,PRICE_MATCHED,AMOUNT_VARIANCE,QUANTITY_AND_AMOUNT_DIFFERENCE,Y,-3.24,0.00,-288.78,PRD-0109,PRD-8291,ZENITH Storage Container 20 W,ZENITH Storage Container 20 W,296.80,585.58,3.33,6.57,89.13,89.13,-288.78,288.78,288.78,0.00,0.00,0.00,288.78
TXN-A-001548-L3123,TXN-A-001548,TXN-B-001414-L2828,TXN-B-001414,FUZZY_NAME,90.20,IDENTITY_SUBSTITUTE,QUANTITY_SHORTAGE,PRICE_MATCHED,AMOUNT_VARIANCE,QUANTITY_AND_AMOUNT_DIFFERENCE,Y,-1.37,0.00,-122.11,PRD-0109,PRD-5563,ZENITH Storage Container 20 W,PRISM Storage Container 20 W,191.63,313.74,2.15,3.52,89.13,89.13,-122.11,122.11,122.11,0.00,0.00,0.00,122.11
TXN-A-001549-L3124,TXN-A-001549,TXN-B-001661-L3417,TXN-B-001661,EXACT_BARCODE,97.00,IDENTITY_MATCHED,QUANTITY_SHORTAGE,PRICE_MATCHED,AMOUNT_VARIANCE,QUANTITY_AND_AMOUNT_DIFFERENCE,Y,-3.20,0.00,-231.58,PRD-0074,PRD-0074,AURORA Hand Soap 1.5 V,AURORA Hand Soap 1.5 V,205.53,437.11,2.84,6.04,72.37,72.37,-231.58,231.58,231.58,0.00,0.00,0.00,231.58
TXN-A-001550-L3125,TXN-A-001550,TXN-B-001848-L3791,TXN-B-001848,EXACT_BARCODE,97.00,IDENTITY_MATCHED,QUANTITY_SHORTAGE,PRICE_VARIANCE,AMOUNT_VARIANCE,QUANTITY_AND_AMOUNT_DIFFERENCE,Y,-5.85,-0.91,-356.20,PRD-0041,PRD-0041,AURORA File Folder Pack 9 V,AURORA File Folder Pack 9 V,303.59,659.79,5.13,10.98,59.18,60.09,-356.20,356.20,351.53,4.67,0.01,0.00,356.20
TXN-A-001551-L3126,TXN-A-001551,TXN-B-001742-L3579,TXN-B-001742,EXACT_BARCODE,97.00,IDENTITY_MATCHED,QUANTITY_EXCESS,PRICE_VARIANCE,AMOUNT_VARIANCE,QUANTITY_AND_AMOUNT_DIFFERENCE,Y,4.05,-3.97,313.97,PRD-0017,PRD-0017,AURORA Surface Wipes 9 V,AURORA Surface Wipes 9 V,590.94,276.97,7.32,3.27,80.73,84.70,313.97,313.97,343.03,29.06,0.00,0.00,313.97
TXN-A-001552-L3127,TXN-A-001552,TXN-B-001290-L2580,TXN-B-001290,NORMALIZED_NAME,90.00,IDENTITY_MATCHED,QUANTITY_EXCESS,PRICE_MATCHED,AMOUNT_VARIANCE,QUANTITY_AND_AMOUNT_DIFFERENCE,Y,2.04,0.00,217.47,PRD-0077,PRD-7430,AURORA Shampoo 1 KG,AURORA Shampoo 1 KG,999.91,782.44,9.38,7.34,106.60,106.60,217.47,217.47,217.46,0.00,0.01,0.00,217.47
TXN-A-001553-L3128,TXN-A-001553,TXN-B-001978-L4131,TXN-B-001978,EXACT_BARCODE,97.00,IDENTITY_MATCHED,QUANTITY_SHORTAGE,PRICE_MATCHED,AMOUNT_VARIANCE,QUANTITY_AND_AMOUNT_DIFFERENCE,Y,-224.39,0.00,-26309.72,PRD-0095,PRD-0095,AURORA Lotion 1 KG,AURORA Lotion 1 KG,250.92,26560.64,2.14,226.53,117.25,117.25,-26309.72,26309.72,26309.73,0.00,0.00,0.00,26309.72
TXN-A-001554-L3129,TXN-A-001554,TXN-B-001201-L2402,TXN-B-001201,EXACT_PRODUCT_CODE,95.00,IDENTITY_MATCHED,QUANTITY_SHORTAGE,PRICE_MATCHED,AMOUNT_VARIANCE,QUANTITY_AND_AMOUNT_DIFFERENCE,Y,-5.02,0.00,-69.78,PRD-0021,PRD-8731,NEXUS Air Freshener 30 CM,NEXUS Air Freshener 30 CM,25.02,94.80,1.80,6.82,13.90,13.90,-69.78,69.78,69.78,0.00,0.00,0.00,69.78
TXN-A-001555-L3130,TXN-A-001555,TXN-B-001917-L3929,TXN-B-001917,EXACT_BARCODE,97.00,IDENTITY_MATCHED,QUANTITY_EXCESS,PRICE_MATCHED,AMOUNT_VARIANCE,QUANTITY_AND_AMOUNT_DIFFERENCE,Y,5.58,0.00,253.05,PRD-0052,PRD-0052,ZENITH Power Adapter 20 W,ZENITH Power Adapter 20 W,407.24,154.19,8.98,3.40,45.35,45.35,253.05,253.05,253.05,0.00,0.00,0.00,253.05
TXN-A-001556-L3131,TXN-A-001556,TXN-B-001471-L2942,TXN-B-001471,FUZZY_NAME,80.90,IDENTITY_SUBSTITUTE,QUANTITY_SHORTAGE,PRICE_MATCHED,AMOUNT_VARIANCE,QUANTITY_AND_AMOUNT_DIFFERENCE,Y,-2.00,0.00,-74.16,PRD-0025,PRD-4426,ZENITH Ballpoint Pen 1 KG,TITAN Ballpoint Pen 1 45 CM,274.76,348.92,7.41,9.41,37.08,37.08,-74.16,74.16,74.16,0.00,0.00,0.00,74.16
TXN-A-001557-L3132,TXN-A-001557,TXN-B-001152-L2304,TXN-B-001152,FUZZY_NAME,85.10,IDENTITY_SUBSTITUTE,QUANTITY_SHORTAGE,PRICE_VARIANCE,AMOUNT_VARIANCE,QUANTITY_AND_AMOUNT_DIFFERENCE,Y,-6.01,22.60,-74.61,PRD-0027,PRD-8534,NEXUS Ballpoint Pen 500 ML,AURORA Ballpoint Pen 250 ML,191.19,265.80,3.86,9.87,49.53,26.93,-74.61,74.61,161.85,87.24,0.00,0.00,74.61
TXN-A-001558-L3133,TXN-A-001558,TXN-B-001486-L2972,TXN-B-001486,FUZZY_NAME,80.70,IDENTITY_SUBSTITUTE,QUANTITY_SHORTAGE,PRICE_MATCHED,AMOUNT_VARIANCE,QUANTITY_AND_AMOUNT_DIFFERENCE,Y,-4.40,0.00,-171.29,PRD-0044,PRD-4129,AURORA Whiteboard Marker 12 IN,PRISM Whiteboard Marker 12 50 G,183.36,354.65,4.71,9.11,38.93,38.93,-171.29,171.29,171.29,0.00,0.00,0.00,171.29
TXN-A-001559-L3134,TXN-A-001559,TXN-B-001664-L3423,TXN-B-001664,EXACT_BARCODE,97.00,IDENTITY_MATCHED,QUANTITY_SHORTAGE,PRICE_MATCHED,AMOUNT_VARIANCE,QUANTITY_AND_AMOUNT_DIFFERENCE,Y,-2.26,0.00,-87.58,PRD-0019,PRD-0019,ZENITH Air Freshener 45 CM,ZENITH Air Freshener 45 CM,266.21,353.79,6.87,9.13,38.75,38.75,-87.58,87.58,87.57,0.00,0.01,0.00,87.58
TXN-A-001560-L3135,TXN-A-001560,TXN-B-001683-L3461,TXN-B-001683,EXACT_BARCODE,97.00,IDENTITY_MATCHED,QUANTITY_SHORTAGE,PRICE_MATCHED,AMOUNT_VARIANCE,QUANTITY_AND_AMOUNT_DIFFERENCE,Y,-5.08,0.00,-592.53,PRD-0087,PRD-0087,NEXUS Deodorant 9 V,NEXUS Deodorant 9 V,1095.25,1687.78,9.39,14.47,116.64,116.64,-592.53,592.53,592.53,0.00,0.00,0.00,592.53
TXN-A-001561-L3136,TXN-A-001561,TXN-B-001453-L2906,TXN-B-001453,FUZZY_NAME,80.00,IDENTITY_SUBSTITUTE,QUANTITY_SHORTAGE,PRICE_VARIANCE,AMOUNT_VARIANCE,QUANTITY_AND_AMOUNT_DIFFERENCE,Y,-6.90,9.38,-177.16,PRD-0044,PRD-5834,AURORA Whiteboard Marker 12 IN,NOVA Whiteboard Marker 45 CM,110.95,288.11,2.85,9.75,38.93,29.55,-177.16,177.16,203.90,26.73,0.00,0.00,177.16
TXN-A-001562-L3137,TXN-A-001562,TXN-B-001761-L3617,TXN-B-001761,EXACT_BARCODE,97.00,IDENTITY_MATCHED,QUANTITY_SHORTAGE,PRICE_VARIANCE,AMOUNT_VARIANCE,QUANTITY_AND_AMOUNT_DIFFERENCE,Y,-7.13,-4.51,-84.10,PRD-0022,PRD-0022,ZENITH Floor Polish 2000 MAH,ZENITH Floor Polish 2000 MAH,12.79,96.89,2.16,9.29,5.92,10.43,-84.10,84.10,74.37,9.74,0.00,0.00,84.10
TXN-A-001563-L3138,TXN-A-001563,,,GENERIC_STRENGTH_EQUIVALENT,85.00,IDENTITY_UNMATCHED,QUANTITY_NOT_APPLICABLE,PRICE_NOT_APPLICABLE,AMOUNT_NOT_APPLICABLE,UNRESOLVED,Y,,,,PRD-0082,,ZENITH Toothpaste 500 MG,,645.60,0.00,6.99,,92.36,,645.60,645.60,0.00,0.00,645.60,645.60,645.60
TXN-A-001564-L3139,TXN-A-001564,TXN-B-001501-L3002,TXN-B-001501,FUZZY_NAME,85.20,IDENTITY_SUBSTITUTE,QUANTITY_EXCESS,PRICE_MATCHED,AMOUNT_VARIANCE,QUANTITY_AND_AMOUNT_DIFFERENCE,Y,0.96,0.00,45.48,PRD-0015,PRD-4623,NEXUS Fabric Softener 200 G,QUANTUM Fabric Softener 200 20 W,349.66,304.18,7.38,6.42,47.38,47.38,45.48,45.48,45.48,0.00,0.00,0.00,45.48
TXN-A-001565-L3140,TXN-A-001565,,,GENERIC_STRENGTH_EQUIVALENT,85.00,IDENTITY_UNMATCHED,QUANTITY_NOT_APPLICABLE,PRICE_NOT_APPLICABLE,AMOUNT_NOT_APPLICABLE,UNRESOLVED,Y,,,,PRD-0148,,ZENITH Wrench Set 30 CM,,816.45,0.00,6.98,,116.97,,816.45,816.45,0.00,0.00,816.45,816.45,816.45
TXN-A-001566-L3141,TXN-A-001566,TXN-B-001171-L2342,TXN-B-001171,EXACT_PRODUCT_CODE,95.00,IDENTITY_MATCHED,QUANTITY_EXCESS,PRICE_MATCHED,AMOUNT_VARIANCE,QUANTITY_AND_AMOUNT_DIFFERENCE,Y,2.31,0.00,197.09,PRD-0060,PRD-8016,NEXUS Screen Protector 10 IN,NEXUS Screen Protector 10 IN,557.99,360.90,6.54,4.23,85.32,85.32,197.09,197.09,197.09,0.00,0.00,0.00,197.09
TXN-A-001567-L3142,TXN-A-001567,TXN-B-002081-L4362,TXN-B-002081,EXACT_BARCODE,97.00,IDENTITY_MATCHED,QUANTITY_EXCESS,PRICE_MATCHED,AMOUNT_VARIANCE,QUANTITY_AND_AMOUNT_DIFFERENCE,Y,0.48,0.00,53.69,PRD-0008,PRD-0008,AURORA Dish Liquid 10000 MAH,AURORA Dish Liquid 10000 MAH,208.06,154.37,1.86,1.38,111.86,111.86,53.69,53.69,53.69,0.00,0.00,0.00,53.69
TXN-A-001568-L3143,TXN-A-001568,TXN-B-001184-L2368,TXN-B-001184,EXACT_PRODUCT_CODE,95.00,IDENTITY_MATCHED,QUANTITY_EXCESS,PRICE_MATCHED,AMOUNT_VARIANCE,QUANTITY_AND_AMOUNT_DIFFERENCE,Y,0.92,0.00,48.12,PRD-0086,PRD-8969,AURORA Deodorant 500 G,AURORA Deodorant 500 G,376.63,328.51,7.20,6.28,52.31,52.31,48.12,48.12,48.13,0.00,0.00,0.00,48.12
TXN-A-001569-L3144,TXN-A-001569,TXN-B-002036-L4272,TXN-B-002036,EXACT_BARCODE,97.00,IDENTITY_MATCHED,QUANTITY_EXCESS,PRICE_MATCHED,AMOUNT_VARIANCE,QUANTITY_AND_AMOUNT_DIFFERENCE,Y,3.32,0.00,84.00,PRD-0010,PRD-0010,ZENITH Laundry Detergent 1.5 V,ZENITH Laundry Detergent 1.5 V,149.27,65.27,5.90,2.58,25.30,25.30,84.00,84.00,84.00,0.00,0.00,0.00,84.00
TXN-A-001570-L3145,TXN-A-001570,TXN-B-002055-L4310,TXN-B-002055,EXACT_BARCODE,97.00,IDENTITY_MATCHED,QUANTITY_EXCESS,PRICE_MATCHED,AMOUNT_VARIANCE,QUANTITY_AND_AMOUNT_DIFFERENCE,Y,0.46,0.00,53.93,PRD-0095,PRD-0095,AURORA Lotion 1 KG,AURORA Lotion 1 KG,831.30,777.37,7.09,6.63,117.25,117.25,53.93,53.93,53.94,0.00,0.00,0.00,53.93
TXN-A-001571-L3146,TXN-A-001571,TXN-B-001538-L3053,TXN-B-001538,EXACT_BARCODE,97.00,IDENTITY_MATCHED,QUANTITY_SHORTAGE,PRICE_MATCHED,AMOUNT_VARIANCE,QUANTITY_AND_AMOUNT_DIFFERENCE,Y,-5.08,0.00,-161.19,PRD-0057,PRD-0057,NEXUS Phone Case 1 L,NEXUS Phone Case 1 L,54.89,216.08,1.73,6.81,31.73,31.73,-161.19,161.19,161.19,0.00,0.00,0.00,161.19
TXN-A-001572-L3147,TXN-A-001572,TXN-B-001484-L2968,TXN-B-001484,FUZZY_NAME,80.00,IDENTITY_SUBSTITUTE,QUANTITY_EXCESS,PRICE_MATCHED,AMOUNT_VARIANCE,QUANTITY_AND_AMOUNT_DIFFERENCE,Y,7.42,0.00,633.07,PRD-0060,PRD-4701,NEXUS Screen Protector 10 IN,SUMMIT Screen Protector 10 10000 MAH,821.63,188.56,9.63,2.21,85.32,85.32,633.07,633.07,633.07,0.00,0.00,0.00,633.07
TXN-A-001573-L3148,TXN-A-001573,TXN-B-001884-L3863,TXN-B-001884,EXACT_BARCODE,97.00,IDENTITY_MATCHED,QUANTITY_EXCESS,PRICE_MATCHED,AMOUNT_VARIANCE,QUANTITY_AND_AMOUNT_DIFFERENCE,Y,3.10,0.00,124.16,PRD-0144,PRD-0144,NEXUS Marker Set 250 ML,NEXUS Marker Set 250 ML,287.96,163.80,7.19,4.09,40.05,40.05,124.16,124.16,124.16,0.00,0.00,0.00,124.16
TXN-A-001574-L3149,TXN-A-001574,TXN-B-001479-L2958,TXN-B-001479,FUZZY_NAME,88.20,IDENTITY_SUBSTITUTE,QUANTITY_SHORTAGE,PRICE_VARIANCE,AMOUNT_VARIANCE,QUANTITY_AND_AMOUNT_DIFFERENCE,Y,-1.56,94.34,562.95,PRD-0077,PRD-4366,AURORA Shampoo 1 KG,AURORA Shampoo 200 250 ML,657.72,94.77,6.17,7.73,106.60,12.26,562.95,562.95,19.13,582.08,0.00,0.00,562.95
TXN-A-001575-L3150,TXN-A-001575,TXN-B-001834-L3763,TXN-B-001834,EXACT_BARCODE,97.00,IDENTITY_MATCHED,QUANTITY_EXCESS,PRICE_MATCHED,AMOUNT_VARIANCE,QUANTITY_AND_AMOUNT_DIFFERENCE,Y,3.77,0.00,254.12,PRD-0075,PRD-0075,NEXUS Hand Soap 10000 MAH,NEXUS Hand Soap 10000 MAH,440.31,186.19,6.34,2.57,69.45,69.45,254.12,254.12,261.83,0.00,0.00,0.00,254.12
TXN-A-001576-L3151,TXN-A-001576,TXN-B-001725-L3545,TXN-B-001725,EXACT_BARCODE,97.00,IDENTITY_MATCHED,QUANTITY_SHORTAGE,PRICE_MATCHED,AMOUNT_VARIANCE,QUANTITY_AND_AMOUNT_DIFFERENCE,Y,-6.56,0.00,-297.76,PRD-0139,PRD-0139,ZENITH Eraser Pack 500 G,ZENITH Eraser Pack 500 G,193.36,491.12,4.26,10.82,45.39,45.39,-297.76,297.76,297.76,0.00,0.00,0.00,297.76
TXN-A-001577-L3152,TXN-A-001577,TXN-B-001710-L3515,TXN-B-001710,EXACT_BARCODE,97.00,IDENTITY_MATCHED,QUANTITY_SHORTAGE,PRICE_MATCHED,AMOUNT_VARIANCE,QUANTITY_AND_AMOUNT_DIFFERENCE,Y,-6.76,0.00,-393.02,PRD-0016,PRD-0016,ZENITH Surface Wipes 60 CM,ZENITH Surface Wipes 60 CM,181.40,574.42,3.12,9.88,58.14,58.14,-393.02,393.02,393.03,0.00,0.00,0.00,393.02
TXN-A-001578-L3153,TXN-A-001578,TXN-B-002013-L4226,TXN-B-002013,EXACT_BARCODE,97.00,IDENTITY_MATCHED,QUANTITY_SHORTAGE,PRICE_MATCHED,AMOUNT_VARIANCE,QUANTITY_AND_AMOUNT_DIFFERENCE,Y,-6.54,0.00,-261.93,PRD-0144,PRD-0144,NEXUS Marker Set 250 ML,NEXUS Marker Set 250 ML,74.49,336.42,1.86,8.40,40.05,40.05,-261.93,261.93,261.93,0.00,0.00,0.00,261.93
TXN-A-001579-L3154,TXN-A-001579,TXN-B-001794-L3683,TXN-B-001794,EXACT_BARCODE,97.00,IDENTITY_MATCHED,QUANTITY_SHORTAGE,PRICE_MATCHED,AMOUNT_VARIANCE,QUANTITY_AND_AMOUNT_DIFFERENCE,Y,-5.45,0.00,-308.26,PRD-0066,PRD-0066,NEXUS Charging Dock 5000 MAH,NEXUS Charging Dock 5000 MAH,90.51,398.77,1.64,7.09,55.19,55.19,-308.26,308.26,300.79,0.00,7.47,0.00,308.26
TXN-A-001580-L3155,TXN-A-001580,TXN-B-001514-L3028,TXN-B-001514,FUZZY_NAME,80.80,IDENTITY_SUBSTITUTE,QUANTITY_SHORTAGE,PRICE_MATCHED,AMOUNT_VARIANCE,QUANTITY_AND_AMOUNT_DIFFERENCE,Y,-0.62,0.00,-69.97,PRD-0099,PRD-4574,NEXUS Cutting Board 500 ML,QUANTUM Cutting Board 500 10000 MAH,1008.88,1078.85,8.94,9.56,112.85,112.85,-69.97,69.97,69.97,0.00,0.00,0.00,69.97
TXN-A-001581-L3156,TXN-A-001581,TXN-B-001578-L3199,TXN-B-001578,EXACT_BARCODE,97.00,IDENTITY_MATCHED,QUANTITY_EXCESS,PRICE_MATCHED,AMOUNT_VARIANCE,QUANTITY_AND_AMOUNT_DIFFERENCE,Y,3.10,0.00,244.81,PRD-0032,PRD-0032,AURORA Binder Clip Box 3 V,AURORA Binder Clip Box 3 V,432.76,187.95,5.48,2.38,78.97,78.97,244.81,244.81,244.81,0.00,0.00,0.00,244.81
TXN-A-001582-L3157,TXN-A-001582,TXN-B-001878-L3851,TXN-B-001878,EXACT_BARCODE,97.00,IDENTITY_MATCHED,QUANTITY_SHORTAGE,PRICE_VARIANCE,AMOUNT_VARIANCE,QUANTITY_AND_AMOUNT_DIFFERENCE,Y,-3.63,-1.42,-230.73,PRD-0041,PRD-0041,AURORA File Folder Pack 9 V,AURORA File Folder Pack 9 V,447.99,678.72,7.57,11.20,59.18,60.60,-230.73,230.73,219.98,10.75,0.00,0.00,230.73
TXN-A-001583-L3158,TXN-A-001583,TXN-B-001174-L2348,TXN-B-001174,EXACT_PRODUCT_CODE,95.00,IDENTITY_MATCHED,QUANTITY_EXCESS,PRICE_MATCHED,AMOUNT_VARIANCE,QUANTITY_AND_AMOUNT_DIFFERENCE,Y,6.92,0.00,277.15,PRD-0144,PRD-8360,NEXUS Marker Set 250 ML,NEXUS Marker Set 250 ML,383.28,106.13,9.57,2.65,40.05,40.05,277.15,277.15,277.15,0.00,0.00,0.00,277.15
TXN-A-001584-L3159,TXN-A-001584,TXN-B-001518-L3033,TXN-B-001518,EXACT_BARCODE,97.00,IDENTITY_MATCHED,QUANTITY_SHORTAGE,PRICE_MATCHED,AMOUNT_VARIANCE,QUANTITY_AND_AMOUNT_DIFFERENCE,Y,-3.03,0.00,-290.42,PRD-0120,PRD-0120,NEXUS Peeler 30 CM,NEXUS Peeler 30 CM,102.56,392.98,1.07,4.10,95.85,95.85,-290.42,290.42,290.43,0.00,0.00,0.00,290.42
TXN-A-001585-L3160,TXN-A-001585,TXN-B-001843-L3781,TXN-B-001843,EXACT_BARCODE,97.00,IDENTITY_MATCHED,QUANTITY_SHORTAGE,PRICE_VARIANCE,AMOUNT_VARIANCE,QUANTITY_AND_AMOUNT_DIFFERENCE,Y,-9.75,-2.59,-1120.18,PRD-0014,PRD-0014,AURORA Fabric Softener 250 MG,AURORA Fabric Softener 250 MG,131.03,1251.21,1.17,10.92,111.99,114.58,-1120.18,1120.18,1117.15,3.03,0.00,0.00,1120.18
TXN-A-001586-L3161,TXN-A-001586,TXN-B-001431-L2862,TXN-B-001431,FUZZY_NAME,80.00,IDENTITY_SUBSTITUTE,QUANTITY_EXCESS,PRICE_VARIANCE,AMOUNT_VARIANCE,QUANTITY_AND_AMOUNT_DIFFERENCE,Y,3.83,-62.13,-161.59,PRD-0038,PRD-5517,AURORA Desk Organizer 2000 MAH,COBALT Desk Organizer 250 ML,228.89,390.48,8.16,4.33,28.05,90.18,-161.59,161.59,345.39,506.98,0.00,0.00,161.59
TXN-A-001587-L3162,TXN-A-001587,TXN-B-001133-L2266,TXN-B-001133,EXACT_PRODUCT_CODE,95.00,IDENTITY_MATCHED,QUANTITY_SHORTAGE,PRICE_MATCHED,AMOUNT_VARIANCE,QUANTITY_AND_AMOUNT_DIFFERENCE,Y,-0.41,0.00,-4.73,PRD-0037,PRD-8765,ZENITH Desk Organizer 5 W,ZENITH Desk Organizer 5 W,102.50,107.23,8.89,9.30,11.53,11.53,-4.73,4.73,4.73,0.00,0.00,0.00,4.73
TXN-A-001588-L3163,TXN-A-001588,TXN-B-002027-L4254,TXN-B-002027,EXACT_BARCODE,97.00,IDENTITY_MATCHED,QUANTITY_EXCESS,PRICE_MATCHED,AMOUNT_VARIANCE,QUANTITY_AND_AMOUNT_DIFFERENCE,Y,1.05,0.00,119.48,PRD-0070,PRD-0070,ZENITH Mouse Pad 200 G,ZENITH Mouse Pad 200 G,593.98,474.50,5.22,4.17,113.79,113.79,119.48,119.48,119.48,0.00,0.00,0.00,119.48
TXN-A-001589-L3164,TXN-A-001589,,,GENERIC_STRENGTH_EQUIVALENT,85.00,IDENTITY_UNMATCHED,QUANTITY_NOT_APPLICABLE,PRICE_NOT_APPLICABLE,AMOUNT_NOT_APPLICABLE,UNRESOLVED,Y,,,,PRD-0020,,AURORA Air Freshener 200 G,,973.41,0.00,9.34,,104.22,,973.41,973.41,0.00,0.00,973.41,973.41,973.41
TXN-A-001590-L3165,TXN-A-001590,TXN-B-001771-L3637,TXN-B-001771,EXACT_BARCODE,97.00,IDENTITY_MATCHED,QUANTITY_SHORTAGE,PRICE_VARIANCE,AMOUNT_VARIANCE,QUANTITY_AND_AMOUNT_DIFFERENCE,Y,-2.59,-2.23,-27.47,PRD-0103,PRD-0103,ZENITH Measuring Cup 10000 MAH,ZENITH Measuring Cup 10000 MAH,7.59,35.06,1.01,3.60,7.51,9.74,-27.47,27.47,25.23,2.25,0.00,0.00,27.47
TXN-A-001591-L3166,TXN-A-001591,TXN-B-001326-L2652,TXN-B-001326,FUZZY_NAME,85.10,IDENTITY_SUBSTITUTE,QUANTITY_SHORTAGE,PRICE_VARIANCE,AMOUNT_VARIANCE,QUANTITY_AND_AMOUNT_DIFFERENCE,Y,-5.93,22.60,-132.57,PRD-0027,PRD-7127,NEXUS Ballpoint Pen 500 ML,AURORA Ballpoint Pen 250 ML,59.44,192.01,1.20,7.13,49.53,26.93,-132.57,132.57,159.69,27.12,0.00,0.00,132.57
TXN-A-001592-L3167,TXN-A-001592,TXN-B-001953-L4001,TXN-B-001953,EXACT_BARCODE,97.00,IDENTITY_MATCHED,QUANTITY_SHORTAGE,PRICE_MATCHED,AMOUNT_VARIANCE,QUANTITY_AND_AMOUNT_DIFFERENCE,Y,-0.81,0.00,-51.92,PRD-0061,PRD-0061,ZENITH Battery Pack 200 G,ZENITH Battery Pack 200 G,166.63,218.55,2.60,3.41,64.09,64.09,-51.92,51.92,51.91,0.00,0.01,0.00,51.92
TXN-A-001593-L3168,TXN-A-001593,TXN-B-001627-L3346,TXN-B-001627,EXACT_BARCODE,97.00,IDENTITY_MATCHED,QUANTITY_SHORTAGE,PRICE_MATCHED,AMOUNT_VARIANCE,QUANTITY_AND_AMOUNT_DIFFERENCE,Y,-2.54,0.00,-156.98,PRD-0059,PRD-0059,AURORA Screen Protector 45 CM,AURORA Screen Protector 45 CM,301.58,458.56,4.88,7.42,61.80,61.80,-156.98,156.98,156.97,0.00,0.01,0.00,156.98
TXN-A-001594-L3169,TXN-A-001594,TXN-B-001162-L2324,TXN-B-001162,EXACT_PRODUCT_CODE,95.00,IDENTITY_MATCHED,QUANTITY_EXCESS,PRICE_MATCHED,AMOUNT_VARIANCE,QUANTITY_AND_AMOUNT_DIFFERENCE,Y,2.32,0.00,4.82,PRD-0047,PRD-8045,AURORA Tape Dispenser 45 CM,AURORA Tape Dispenser 45 CM,12.54,7.72,6.03,3.71,2.08,2.08,4.82,4.82,4.83,0.00,0.00,0.00,4.82
TXN-A-001595-L3170,TXN-A-001595,TXN-B-001850-L3795,TXN-B-001850,EXACT_BARCODE,97.00,IDENTITY_MATCHED,QUANTITY_EXCESS,PRICE_VARIANCE,AMOUNT_VARIANCE,QUANTITY_AND_AMOUNT_DIFFERENCE,Y,0.84,-2.61,27.24,PRD-0127,PRD-0127,ZENITH Colored Pencil Set 50 G,ZENITH Colored Pencil Set 50 G,524.36,497.12,9.05,8.21,57.94,60.55,27.24,27.24,50.86,23.62,0.00,0.00,27.24
TXN-A-001596-L3171,TXN-A-001596,TXN-B-001935-L3965,TXN-B-001935,EXACT_BARCODE,97.00,IDENTITY_MATCHED,QUANTITY_EXCESS,PRICE_MATCHED,AMOUNT_VARIANCE,QUANTITY_AND_AMOUNT_DIFFERENCE,Y,7.79,0.00,103.60,PRD-0119,PRD-0119,AURORA Peeler 100 MG,AURORA Peeler 100 MG,130.47,26.87,9.81,2.02,13.30,13.30,103.60,103.60,103.61,0.00,0.00,0.00,103.60
TXN-A-001597-L3172,TXN-A-001597,TXN-B-001893-L3881,TXN-B-001893,EXACT_BARCODE,97.00,IDENTITY_MATCHED,QUANTITY_EXCESS,PRICE_MATCHED,AMOUNT_VARIANCE,QUANTITY_AND_AMOUNT_DIFFERENCE,Y,5.40,0.00,319.57,PRD-0041,PRD-0041,AURORA File Folder Pack 9 V,AURORA File Folder Pack 9 V,545.64,226.07,9.22,3.82,59.18,59.18,319.57,319.57,319.57,0.00,0.00,0.00,319.57
TXN-A-001598-L3173,TXN-A-001598,TXN-B-001918-L3931,TXN-B-001918,EXACT_BARCODE,97.00,IDENTITY_MATCHED,QUANTITY_EXCESS,PRICE_MATCHED,AMOUNT_VARIANCE,QUANTITY_AND_AMOUNT_DIFFERENCE,Y,6.61,0.00,391.18,PRD-0041,PRD-0041,AURORA File Folder Pack 9 V,AURORA File Folder Pack 9 V,571.09,179.91,9.65,3.04,59.18,59.18,391.18,391.18,391.18,0.00,0.00,0.00,391.18
TXN-A-001599-L3174,TXN-A-001599,TXN-B-001781-L3657,TXN-B-001781,EXACT_BARCODE,97.00,IDENTITY_MATCHED,QUANTITY_SHORTAGE,PRICE_VARIANCE,AMOUNT_VARIANCE,QUANTITY_AND_AMOUNT_DIFFERENCE,Y,-5.66,-3.35,-252.29,PRD-0019,PRD-0019,ZENITH Air Freshener 45 CM,ZENITH Air Freshener 45 CM,161.97,414.26,4.18,9.84,38.75,42.10,-252.29,252.29,238.29,14.00,0.00,0.00,252.29
TXN-A-001600-L3175,TXN-A-001600,TXN-B-001248-L2496,TXN-B-001248,NORMALIZED_NAME,90.00,IDENTITY_MATCHED,QUANTITY_EXCESS,PRICE_MATCHED,AMOUNT_VARIANCE,QUANTITY_AND_AMOUNT_DIFFERENCE,Y,7.02,0.00,272.59,PRD-0068,PRD-7551,AURORA HDMI Cable 10000 MAH,AURORA HDMI Cable 10000 MAH,359.18,86.59,9.25,2.23,38.83,38.83,272.59,272.59,272.59,0.00,0.00,0.00,272.59
TXN-A-001601-L3176,TXN-A-001601,TXN-B-002015-L4230,TXN-B-002015,EXACT_BARCODE,97.00,IDENTITY_MATCHED,QUANTITY_SHORTAGE,PRICE_MATCHED,AMOUNT_VARIANCE,QUANTITY_AND_AMOUNT_DIFFERENCE,Y,-1.66,0.00,-96.18,PRD-0127,PRD-0127,ZENITH Colored Pencil Set 50 G,ZENITH Colored Pencil Set 50 G,294.34,390.52,5.08,6.74,57.94,57.94,-96.18,96.18,96.18,0.00,0.00,0.00,96.18
TXN-A-001602-L3177,TXN-A-001602,TXN-B-002060-L4320,TXN-B-002060,EXACT_BARCODE,97.00,IDENTITY_MATCHED,QUANTITY_EXCESS,PRICE_MATCHED,AMOUNT_VARIANCE,QUANTITY_AND_AMOUNT_DIFFERENCE,Y,5.72,0.00,670.67,PRD-0095,PRD-0095,AURORA Lotion 1 KG,AURORA Lotion 1 KG,1152.57,481.90,9.83,4.11,117.25,117.25,670.67,670.67,670.67,0.00,0.00,0.00,670.67
TXN-A-001603-L3178,TXN-A-001603,,,GENERIC_STRENGTH_EQUIVALENT,85.00,IDENTITY_UNMATCHED,QUANTITY_NOT_APPLICABLE,PRICE_NOT_APPLICABLE,AMOUNT_NOT_APPLICABLE,UNRESOLVED,Y,,,,PRD-0148,,ZENITH Wrench Set 30 CM,,732.23,0.00,6.26,,116.97,,732.23,732.23,0.00,0.00,732.23,732.23,732.23
TXN-A-001604-L3179,TXN-A-001604,TXN-B-001243-L2486,TXN-B-001243,NORMALIZED_NAME,90.00,IDENTITY_MATCHED,QUANTITY_EXCESS,PRICE_MATCHED,AMOUNT_VARIANCE,QUANTITY_AND_AMOUNT_DIFFERENCE,Y,0.63,0.00,46.80,PRD-0079,PRD-7817,ZENITH Body Wash 200 G,ZENITH Body Wash 200 G,739.28,692.48,9.95,9.32,74.30,74.30,46.80,46.80,46.81,0.00,0.00,0.00,46.80
TXN-A-001605-L3180,TXN-A-001605,,,POSSIBLE_SUBSTITUTE,70.00,IDENTITY_UNMATCHED,QUANTITY_NOT_APPLICABLE,PRICE_NOT_APPLICABLE,AMOUNT_NOT_APPLICABLE,UNRESOLVED,Y,,,,PRD-0086,,AURORA Deodorant 500 G,,323.80,0.00,6.19,,52.31,,323.80,323.80,0.00,0.00,323.80,323.80,323.80
TXN-A-001606-L3181,TXN-A-001606,TXN-B-001616-L3313,TXN-B-001616,EXACT_BARCODE,97.00,IDENTITY_MATCHED,QUANTITY_SHORTAGE,PRICE_MATCHED,AMOUNT_VARIANCE,QUANTITY_AND_AMOUNT_DIFFERENCE,Y,-5.66,0.00,-126.05,PRD-0012,PRD-0012,NEXUS Laundry Detergent 3 V,NEXUS Laundry Detergent 3 V,31.18,157.23,1.40,7.06,22.27,22.27,-126.05,126.05,126.05,0.00,0.00,0.00,126.05
TXN-A-001607-L3182,TXN-A-001607,TXN-B-001199-L2398,TXN-B-001199,EXACT_PRODUCT_CODE,95.00,IDENTITY_MATCHED,QUANTITY_SHORTAGE,PRICE_MATCHED,AMOUNT_VARIANCE,QUANTITY_AND_AMOUNT_DIFFERENCE,Y,-5.87,0.00,-684.91,PRD-0003,PRD-8269,NEXUS All Purpose Cleaner 250 ML,NEXUS All Purpose Cleaner 250 ML,415.38,1100.29,3.56,9.43,116.68,116.68,-684.91,684.91,684.91,0.00,0.00,0.00,684.91
TXN-A-001608-L3183,TXN-A-001608,TXN-B-001410-L2820,TXN-B-001410,FUZZY_NAME,92.30,IDENTITY_SUBSTITUTE,QUANTITY_EXCESS,PRICE_VARIANCE,AMOUNT_VARIANCE,QUANTITY_AND_AMOUNT_DIFFERENCE,Y,0.43,-35.75,-204.35,PRD-0033,PRD-5425,NEXUS Binder Clip Box 45 CM,NEXUS Binder Clip Box 3 V,140.76,345.11,6.41,5.98,21.96,57.71,-204.35,204.35,24.82,229.16,0.00,0.00,204.35
TXN-A-001609-L3184,TXN-A-001609,TXN-B-001172-L2344,TXN-B-001172,EXACT_PRODUCT_CODE,95.00,IDENTITY_MATCHED,QUANTITY_SHORTAGE,PRICE_MATCHED,AMOUNT_VARIANCE,QUANTITY_AND_AMOUNT_DIFFERENCE,Y,-0.06,0.00,-1.63,PRD-0093,PRD-8425,NEXUS Hair Gel 10 W,NEXUS Hair Gel 10 W,110.91,112.54,4.07,4.13,27.25,27.25,-1.63,1.63,1.64,0.00,0.00,0.00,1.63
TXN-A-001610-L3185,TXN-A-001610,TXN-B-001641-L3377,TXN-B-001641,FUZZY_NAME,81.00,IDENTITY_SUBSTITUTE,QUANTITY_SHORTAGE,PRICE_VARIANCE,AMOUNT_VARIANCE,QUANTITY_AND_AMOUNT_DIFFERENCE,Y,-2.29,6.99,-86.57,PRD-0067,PRD-0049,ZENITH HDMI Cable 1 KG,ZENITH USB Cable 1 KG,238.46,325.03,4.15,6.44,57.46,50.47,-86.57,86.57,115.58,29.01,0.00,0.00,86.57
TXN-A-001611-L3186,TXN-A-001611,TXN-B-001962-L4099,TXN-B-001962,EXACT_BARCODE,97.00,IDENTITY_MATCHED,QUANTITY_SHORTAGE,PRICE_MATCHED,AMOUNT_VARIANCE,QUANTITY_AND_AMOUNT_DIFFERENCE,Y,-0.06,0.00,-0.93,PRD-0123,PRD-0123,NEXUS Notebook 3 V,NEXUS Notebook 3 V,75.05,75.98,4.88,4.94,15.38,15.38,-0.93,0.93,0.92,0.00,0.01,0.00,0.93
TXN-A-001612-L3187,TXN-A-001612,TXN-B-002026-L4252,TXN-B-002026,EXACT_BARCODE,97.00,IDENTITY_MATCHED,QUANTITY_SHORTAGE,PRICE_MATCHED,AMOUNT_VARIANCE,QUANTITY_AND_AMOUNT_DIFFERENCE,Y,-0.91,0.00,-94.29,PRD-0108,PRD-0108,NEXUS Spatula Set 500 MG,NEXUS Spatula Set 500 MG,216.57,310.86,2.09,3.00,103.62,103.62,-94.29,94.29,94.29,0.00,0.00,0.00,94.29
TXN-A-001613-L3188,TXN-A-001613,TXN-B-001805-L3705,TXN-B-001805,EXACT_BARCODE,97.00,IDENTITY_MATCHED,QUANTITY_EXCESS,PRICE_MATCHED,AMOUNT_VARIANCE,QUANTITY_AND_AMOUNT_DIFFERENCE,Y,4.00,0.00,149.43,PRD-0019,PRD-0019,ZENITH Air Freshener 45 CM,ZENITH Air Freshener 45 CM,226.30,76.87,5.84,1.84,38.75,38.75,149.43,149.43,155.00,0.00,0.00,0.00,149.43
TXN-A-001614-L3189,TXN-A-001614,TXN-B-001955-L4005,TXN-B-001955,EXACT_BARCODE,97.00,IDENTITY_MATCHED,QUANTITY_EXCESS,PRICE_MATCHED,AMOUNT_VARIANCE,QUANTITY_AND_AMOUNT_DIFFERENCE,Y,4.42,0.00,200.44,PRD-0052,PRD-0052,ZENITH Power Adapter 20 W,ZENITH Power Adapter 20 W,407.24,206.80,8.98,4.56,45.35,45.35,200.44,200.44,200.45,0.00,0.00,0.00,200.44
TXN-A-001615-L3190,TXN-A-001615,TXN-B-001898-L3891,TXN-B-001898,EXACT_BARCODE,97.00,IDENTITY_MATCHED,QUANTITY_EXCESS,PRICE_MATCHED,AMOUNT_VARIANCE,QUANTITY_AND_AMOUNT_DIFFERENCE,Y,1.53,0.00,9.06,PRD-0022,PRD-0022,ZENITH Floor Polish 2000 MAH,ZENITH Floor Polish 2000 MAH,15.51,6.45,2.62,1.09,5.92,5.92,9.06,9.06,9.06,0.00,0.00,0.00,9.06
TXN-A-001616-L3191,TXN-A-001616,TXN-B-001815-L3725,TXN-B-001815,EXACT_BARCODE,97.00,IDENTITY_MATCHED,QUANTITY_SHORTAGE,PRICE_MATCHED,AMOUNT_VARIANCE,QUANTITY_AND_AMOUNT_DIFFERENCE,Y,-4.51,0.00,-244.51,PRD-0055,PRD-0055,ZENITH Phone Case 250 MG,ZENITH Phone Case 250 MG,79.46,323.97,1.51,6.02,52.62,52.62,-244.51,244.51,237.32,0.00,7.19,0.00,244.51
TXN-A-001616-L3192,TXN-A-001616,,,POSSIBLE_SUBSTITUTE,70.00,IDENTITY_UNMATCHED,QUANTITY_NOT_APPLICABLE,PRICE_NOT_APPLICABLE,AMOUNT_NOT_APPLICABLE,UNRESOLVED,Y,,,,PRD-0086,,AURORA Deodorant 500 G,,124.50,0.00,2.38,,52.31,,124.50,124.50,0.00,0.00,124.50,124.50,124.50
TXN-A-001617-L3194,TXN-A-001617,TXN-B-001588-L3229,TXN-B-001588,EXACT_BARCODE,97.00,IDENTITY_MATCHED,QUANTITY_EXCESS,PRICE_MATCHED,AMOUNT_VARIANCE,QUANTITY_AND_AMOUNT_DIFFERENCE,Y,0.12,0.00,4.06,PRD-0142,PRD-0142,ZENITH Marker Set 750 ML,ZENITH Marker Set 750 ML,135.76,131.70,4.02,3.90,33.77,33.77,4.06,4.06,4.05,0.00,0.01,0.00,4.06
TXN-A-001617-L3195,TXN-A-001617,TXN-B-001600-L3265,TXN-B-001600,EXACT_BARCODE,97.00,IDENTITY_MATCHED,QUANTITY_SHORTAGE,PRICE_MATCHED,AMOUNT_VARIANCE,QUANTITY_AND_AMOUNT_DIFFERENCE,Y,-5.03,0.00,-129.12,PRD-0096,PRD-0096,NEXUS Lotion 1 KG,NEXUS Lotion 1 KG,39.79,168.91,1.55,6.58,25.67,25.67,-129.12,129.12,129.12,0.00,0.00,0.00,129.12
TXN-A-001618-L3197,TXN-A-001618,TXN-B-001268-L2536,TXN-B-001268,NORMALIZED_NAME,90.00,IDENTITY_MATCHED,QUANTITY_EXCESS,PRICE_MATCHED,AMOUNT_VARIANCE,QUANTITY_AND_AMOUNT_DIFFERENCE,Y,1.03,0.00,81.34,PRD-0032,PRD-7980,AURORA Binder Clip Box 3 V,AURORA Binder Clip Box 3 V,187.95,106.61,2.38,1.35,78.97,78.97,81.34,81.34,81.34,0.00,0.00,0.00,81.34
TXN-A-001618-L3198,TXN-A-001618,TXN-B-001686-L3467,TXN-B-001686,EXACT_BARCODE,97.00,IDENTITY_MATCHED,QUANTITY_SHORTAGE,PRICE_MATCHED,AMOUNT_VARIANCE,QUANTITY_AND_AMOUNT_DIFFERENCE,Y,-10.88,0.00,-346.96,PRD-0133,PRD-0133,ZENITH Glue Stick 250 MG,ZENITH Glue Stick 250 MG,36.04,383.00,1.13,12.01,31.89,31.89,-346.96,346.96,346.96,0.00,0.00,0.00,346.96
TXN-A-001619-L3200,TXN-A-001619,TXN-B-001579-L3202,TXN-B-001579,EXACT_PRIMARY_ID,100.00,IDENTITY_MATCHED,QUANTITY_MATCHED,PRICE_MATCHED,AMOUNT_MATCHED,MATCHED,N,0.00,0.00,0.00,PRD-0057,PRD-0057,NEXUS Phone Case 1 L,NEXUS Phone Case 1 L,244.96,244.96,7.72,7.72,31.73,31.73,0.00,0.00,0.00,0.00,0.00,0.00,0.00
TXN-A-001619-L3201,TXN-A-001619,TXN-B-002025-L4250,TXN-B-002025,EXACT_BARCODE,97.00,IDENTITY_MATCHED,QUANTITY_SHORTAGE,PRICE_MATCHED,AMOUNT_VARIANCE,QUANTITY_AND_AMOUNT_DIFFERENCE,Y,-6.49,0.00,-415.94,PRD-0061,PRD-0061,ZENITH Battery Pack 200 G,ZENITH Battery Pack 200 G,221.11,637.05,3.45,9.94,64.09,64.09,-415.94,415.94,415.94,0.00,0.00,0.00,415.94
TXN-A-001620-L3203,TXN-A-001620,TXN-B-001835-L3765,TXN-B-001835,EXACT_BARCODE,97.00,IDENTITY_MATCHED,QUANTITY_EXCESS,PRICE_MATCHED,AMOUNT_VARIANCE,QUANTITY_AND_AMOUNT_DIFFERENCE,Y,1.93,0.00,42.53,PRD-0106,PRD-0106,ZENITH Spatula Set 1 KG,ZENITH Spatula Set 1 KG,73.00,30.47,3.08,1.15,23.70,23.70,42.53,42.53,45.74,0.00,0.00,0.00,42.53
TXN-A-001620-L3204,TXN-A-001620,TXN-B-001678-L3451,TXN-B-001678,EXACT_BARCODE,97.00,IDENTITY_MATCHED,QUANTITY_SHORTAGE,PRICE_MATCHED,AMOUNT_VARIANCE,QUANTITY_AND_AMOUNT_DIFFERENCE,Y,-11.45,0.00,-1047.22,PRD-0146,PRD-0146,AURORA Screwdriver Set 500 ML,AURORA Screwdriver Set 500 ML,224.99,1272.21,2.46,13.91,91.46,91.46,-1047.22,1047.22,1047.22,0.00,0.00,0.00,1047.22
TXN-A-001621-L3206,TXN-A-001621,TXN-B-001874-L3843,TXN-B-001874,EXACT_BARCODE,97.00,IDENTITY_MATCHED,QUANTITY_SHORTAGE,PRICE_VARIANCE,AMOUNT_VARIANCE,QUANTITY_AND_AMOUNT_DIFFERENCE,Y,-7.11,-1.92,-641.61,PRD-0091,PRD-0091,ZENITH Hair Gel 1.5 L,ZENITH Hair Gel 1.5 L,188.64,830.25,2.15,9.26,87.74,89.66,-641.61,641.61,637.48,4.13,0.00,0.00,641.61
TXN-A-001621-L3207,TXN-A-001621,TXN-B-001829-L3753,TXN-B-001829,EXACT_BARCODE,97.00,IDENTITY_MATCHED,QUANTITY_SHORTAGE,PRICE_MATCHED,AMOUNT_VARIANCE,QUANTITY_AND_AMOUNT_DIFFERENCE,Y,-0.30,0.00,-20.86,PRD-0055,PRD-0055,ZENITH Phone Case 250 MG,ZENITH Phone Case 250 MG,238.89,259.75,4.54,4.84,52.62,52.62,-20.86,20.86,15.79,0.00,5.07,0.00,20.86
TXN-A-001622-L3209,TXN-A-001622,TXN-B-001190-L2380,TXN-B-001190,EXACT_PRODUCT_CODE,95.00,IDENTITY_MATCHED,QUANTITY_SHORTAGE,PRICE_MATCHED,AMOUNT_VARIANCE,QUANTITY_AND_AMOUNT_DIFFERENCE,Y,-5.66,0.00,-633.07,PRD-0140,PRD-8564,AURORA Eraser Pack 2000 MAH,AURORA Eraser Pack 2000 MAH,302.00,935.07,2.70,8.36,111.85,111.85,-633.07,633.07,633.07,0.00,0.00,0.00,633.07
TXN-A-001622-L3210,TXN-A-001622,TXN-B-001891-L3877,TXN-B-001891,EXACT_BARCODE,97.00,IDENTITY_MATCHED,QUANTITY_EXCESS,PRICE_MATCHED,AMOUNT_VARIANCE,QUANTITY_AND_AMOUNT_DIFFERENCE,Y,0.90,0.00,49.67,PRD-0066,PRD-0066,NEXUS Charging Dock 5000 MAH,NEXUS Charging Dock 5000 MAH,171.09,121.42,3.10,2.20,55.19,55.19,49.67,49.67,49.67,0.00,0.00,0.00,49.67
TXN-A-001623-L3212,TXN-A-001623,TXN-B-002054-L4308,TXN-B-002054,EXACT_BARCODE,97.00,IDENTITY_MATCHED,QUANTITY_EXCESS,PRICE_MATCHED,AMOUNT_VARIANCE,QUANTITY_AND_AMOUNT_DIFFERENCE,Y,2.41,0.00,66.95,PRD-0046,PRD-0046,ZENITH Tape Dispenser 250 ML,ZENITH Tape Dispenser 250 ML,210.29,143.34,7.57,5.16,27.78,27.78,66.95,66.95,66.95,0.00,0.00,0.00,66.95
TXN-A-001623-L3213,TXN-A-001623,TXN-B-001425-L2850,TXN-B-001425,FUZZY_NAME,90.60,IDENTITY_SUBSTITUTE,QUANTITY_SHORTAGE,PRICE_MATCHED,AMOUNT_VARIANCE,QUANTITY_AND_AMOUNT_DIFFERENCE,Y,-0.38,0.00,-23.24,PRD-0111,PRD-5311,NEXUS Storage Container 500 G,COBALT Storage Container 500 G,132.67,155.91,2.17,2.55,61.14,61.14,-23.24,23.24,23.23,0.00,0.01,0.00,23.24
TXN-A-001624-L3215,TXN-A-001624,TXN-B-002028-L4256,TXN-B-002028,EXACT_BARCODE,97.00,IDENTITY_MATCHED,QUANTITY_EXCESS,PRICE_MATCHED,AMOUNT_VARIANCE,QUANTITY_AND_AMOUNT_DIFFERENCE,Y,3.26,0.00,49.16,PRD-0131,PRD-0131,AURORA Ruler Set 60 CM,AURORA Ruler Set 60 CM,68.01,18.85,4.51,1.25,15.08,15.08,49.16,49.16,49.16,0.00,0.00,0.00,49.16
TXN-A-001624-L3216,TXN-A-001624,TXN-B-001234-L2468,TXN-B-001234,EXACT_PRODUCT_CODE,95.00,IDENTITY_MATCHED,QUANTITY_SHORTAGE,PRICE_MATCHED,AMOUNT_VARIANCE,QUANTITY_AND_AMOUNT_DIFFERENCE,Y,-2.76,0.00,-5.74,PRD-0047,PRD-8977,AURORA Tape Dispenser 45 CM,AURORA Tape Dispenser 45 CM,6.34,12.08,3.05,5.81,2.08,2.08,-5.74,5.74,5.74,0.00,0.00,0.00,5.74
TXN-A-001625-L3218,TXN-A-001625,,,POSSIBLE_SUBSTITUTE,70.00,IDENTITY_UNMATCHED,QUANTITY_NOT_APPLICABLE,PRICE_NOT_APPLICABLE,AMOUNT_NOT_APPLICABLE,UNRESOLVED,Y,,,,PRD-0060,,NEXUS Screen Protector 10 IN,,104.09,0.00,1.22,,85.32,,104.09,104.09,0.00,0.00,104.09,104.09,104.09
TXN-A-001625-L3219,TXN-A-001625,TXN-B-001546-L3061,TXN-B-001546,EXACT_BARCODE,97.00,IDENTITY_MATCHED,QUANTITY_SHORTAGE,PRICE_MATCHED,AMOUNT_VARIANCE,QUANTITY_AND_AMOUNT_DIFFERENCE,Y,-7.90,0.00,-549.29,PRD-0030,PRD-0030,NEXUS Highlighter Set 12 IN,NEXUS Highlighter Set 12 IN,85.52,634.81,1.23,9.13,69.53,69.53,-549.29,549.29,549.29,0.00,0.00,0.00,549.29
TXN-A-001626-L3221,TXN-A-001626,TXN-B-001586-L3223,TXN-B-001586,EXACT_PRIMARY_ID,100.00,IDENTITY_MATCHED,QUANTITY_MATCHED,PRICE_MATCHED,AMOUNT_MATCHED,MATCHED,N,0.00,0.00,0.00,PRD-0092,PRD-0092,AURORA Hair Gel 100 MG,AURORA Hair Gel 100 MG,558.10,558.10,8.63,8.63,64.67,64.67,0.00,0.00,0.00,0.00,0.00,0.00,0.00
TXN-A-001626-L3222,TXN-A-001626,TXN-B-001866-L3827,TXN-B-001866,EXACT_BARCODE,97.00,IDENTITY_MATCHED,QUANTITY_SHORTAGE,PRICE_VARIANCE,AMOUNT_VARIANCE,QUANTITY_AND_AMOUNT_DIFFERENCE,Y,-5.39,-2.73,-453.23,PRD-0017,PRD-0017,AURORA Surface Wipes 9 V,AURORA Surface Wipes 9 V,100.11,553.34,1.24,6.63,80.73,83.46,-453.23,453.23,449.85,3.39,0.00,0.00,453.23
TXN-A-001627-L3224,TXN-A-001627,TXN-B-001587-L3226,TXN-B-001587,EXACT_PRIMARY_ID,100.00,IDENTITY_MATCHED,QUANTITY_MATCHED,PRICE_MATCHED,AMOUNT_MATCHED,MATCHED,N,0.00,0.00,0.00,PRD-0124,PRD-0124,ZENITH Sketch Pad 500 MG,ZENITH Sketch Pad 500 MG,437.95,437.95,9.22,9.22,47.50,47.50,0.00,0.00,0.00,0.00,0.00,0.00,0.00
TXN-A-001627-L3225,TXN-A-001627,TXN-B-001845-L3785,TXN-B-001845,EXACT_BARCODE,97.00,IDENTITY_MATCHED,QUANTITY_SHORTAGE,PRICE_VARIANCE,AMOUNT_VARIANCE,QUANTITY_AND_AMOUNT_DIFFERENCE,Y,-4.47,-1.86,-291.61,PRD-0059,PRD-0059,AURORA Screen Protector 45 CM,AURORA Screen Protector 45 CM,234.22,525.83,3.79,8.26,61.80,63.66,-291.61,291.61,284.56,7.05,0.00,0.00,291.61
TXN-A-001628-L3227,TXN-A-001628,TXN-B-001802-L3699,TXN-B-001802,EXACT_BARCODE,97.00,IDENTITY_MATCHED,QUANTITY_SHORTAGE,PRICE_MATCHED,AMOUNT_VARIANCE,QUANTITY_AND_AMOUNT_DIFFERENCE,Y,-0.45,0.00,-25.15,PRD-0142,PRD-0142,ZENITH Marker Set 750 ML,ZENITH Marker Set 750 ML,131.70,156.85,3.90,4.35,33.77,33.77,-25.15,25.15,15.20,0.00,9.95,0.00,25.15
TXN-A-001628-L3228,TXN-A-001628,TXN-B-002038-L4276,TXN-B-002038,EXACT_BARCODE,97.00,IDENTITY_MATCHED,QUANTITY_SHORTAGE,PRICE_MATCHED,AMOUNT_VARIANCE,QUANTITY_AND_AMOUNT_DIFFERENCE,Y,-6.26,0.00,-505.37,PRD-0017,PRD-0017,AURORA Surface Wipes 9 V,AURORA Surface Wipes 9 V,196.17,701.54,2.43,8.69,80.73,80.73,-505.37,505.37,505.37,0.00,0.00,0.00,505.37
TXN-A-001629-L3230,TXN-A-001629,TXN-B-001589-L3232,TXN-B-001589,EXACT_PRIMARY_ID,100.00,IDENTITY_MATCHED,QUANTITY_MATCHED,PRICE_MATCHED,AMOUNT_MATCHED,MATCHED,N,0.00,0.00,0.00,PRD-0113,PRD-0113,AURORA Kitchen Towel 20 W,AURORA Kitchen Towel 20 W,450.28,450.28,6.31,6.31,71.36,71.36,0.00,0.00,0.00,0.00,0.00,0.00,0.00
TXN-A-001629-L3231,TXN-A-001629,TXN-B-001709-L3513,TXN-B-001709,EXACT_BARCODE,97.00,IDENTITY_MATCHED,QUANTITY_SHORTAGE,PRICE_MATCHED,AMOUNT_VARIANCE,QUANTITY_AND_AMOUNT_DIFFERENCE,Y,-7.27,0.00,-689.63,PRD-0129,PRD-0129,NEXUS Colored Pencil Set 750 ML,NEXUS Colored Pencil Set 750 ML,346.24,1035.87,3.65,10.92,94.86,94.86,-689.63,689.63,689.63,0.00,0.00,0.00,689.63
TXN-A-001630-L3233,TXN-A-001630,TXN-B-001904-L3903,TXN-B-001904,EXACT_BARCODE,97.00,IDENTITY_MATCHED,QUANTITY_EXCESS,PRICE_MATCHED,AMOUNT_VARIANCE,QUANTITY_AND_AMOUNT_DIFFERENCE,Y,1.67,0.00,103.21,PRD-0059,PRD-0059,AURORA Screen Protector 45 CM,AURORA Screen Protector 45 CM,268.83,165.62,4.35,2.68,61.80,61.80,103.21,103.21,103.21,0.00,0.00,0.00,103.21
TXN-A-001630-L3234,TXN-A-001630,TXN-B-001522-L3037,TXN-B-001522,EXACT_BARCODE,97.00,IDENTITY_MATCHED,QUANTITY_SHORTAGE,PRICE_MATCHED,AMOUNT_VARIANCE,QUANTITY_AND_AMOUNT_DIFFERENCE,Y,-4.04,0.00,-112.72,PRD-0135,PRD-0135,NEXUS Glue Stick 5000 MAH,NEXUS Glue Stick 5000 MAH,91.23,203.95,3.27,7.31,27.90,27.90,-112.72,112.72,112.72,0.00,0.00,0.00,112.72
TXN-A-001631-L3236,TXN-A-001631,TXN-B-001649-L3393,TXN-B-001649,EXACT_BARCODE,97.00,IDENTITY_MATCHED,QUANTITY_EXCESS,PRICE_MATCHED,AMOUNT_VARIANCE,QUANTITY_AND_AMOUNT_DIFFERENCE,Y,2.41,0.00,41.19,PRD-0098,PRD-0098,AURORA Cutting Board 10 IN,AURORA Cutting Board 10 IN,128.18,86.99,7.50,5.09,17.09,17.09,41.19,41.19,41.19,0.00,0.00,0.00,41.19
TXN-A-001631-L3237,TXN-A-001631,TXN-B-001827-L3749,TXN-B-001827,EXACT_BARCODE,97.00,IDENTITY_MATCHED,QUANTITY_SHORTAGE,PRICE_MATCHED,AMOUNT_VARIANCE,QUANTITY_AND_AMOUNT_DIFFERENCE,Y,-3.52,0.00,-80.88,PRD-0121,PRD-0121,ZENITH Notebook 1 L,ZENITH Notebook 1 L,70.04,150.92,3.27,6.79,21.42,21.42,-80.88,80.88,75.40,0.00,5.48,0.00,80.88
TXN-A-001632-L3239,TXN-A-001632,TXN-B-001792-L3679,TXN-B-001792,EXACT_BARCODE,97.00,IDENTITY_MATCHED,QUANTITY_EXCESS,PRICE_MATCHED,AMOUNT_VARIANCE,QUANTITY_AND_AMOUNT_DIFFERENCE,Y,2.64,0.00,183.22,PRD-0136,PRD-0136,ZENITH Scissors 3 V,ZENITH Scissors 3 V,290.58,107.36,4.08,1.44,71.22,71.22,183.22,183.22,188.02,0.00,0.00,0.00,183.22
TXN-A-001632-L3240,TXN-A-001632,TXN-B-001690-L3475,TXN-B-001690,EXACT_BARCODE,97.00,IDENTITY_MATCHED,QUANTITY_SHORTAGE,PRICE_MATCHED,AMOUNT_VARIANCE,QUANTITY_AND_AMOUNT_DIFFERENCE,Y,-8.72,0.00,-753.32,PRD-0085,PRD-0085,ZENITH Deodorant 200 G,ZENITH Deodorant 200 G,253.12,1006.44,2.93,11.65,86.39,86.39,-753.32,753.32,753.32,0.00,0.00,0.00,753.32
TXN-A-001633-L3242,TXN-A-001633,TXN-B-001227-L2454,TXN-B-001227,EXACT_PRODUCT_CODE,95.00,IDENTITY_MATCHED,QUANTITY_SHORTAGE,PRICE_MATCHED,AMOUNT_VARIANCE,QUANTITY_AND_AMOUNT_DIFFERENCE,Y,-6.01,0.00,-622.76,PRD-0108,PRD-8027,NEXUS Spatula Set 500 MG,NEXUS Spatula Set 500 MG,379.25,1002.01,3.66,9.67,103.62,103.62,-622.76,622.76,622.76,0.00,0.00,0.00,622.76
TXN-A-001633-L3243,TXN-A-001633,TXN-B-001806-L3707,TXN-B-001806,EXACT_BARCODE,97.00,IDENTITY_MATCHED,QUANTITY_EXCESS,PRICE_MATCHED,AMOUNT_VARIANCE,QUANTITY_AND_AMOUNT_DIFFERENCE,Y,2.88,0.00,109.87,PRD-0019,PRD-0019,ZENITH Air Freshener 45 CM,ZENITH Air Freshener 45 CM,169.72,59.85,4.38,1.50,38.75,38.75,109.87,109.87,111.60,0.00,0.00,0.00,109.87
TXN-A-001634-L3245,TXN-A-001634,TXN-B-001281-L2562,TXN-B-001281,NORMALIZED_NAME,90.00,IDENTITY_MATCHED,QUANTITY_SHORTAGE,PRICE_MATCHED,AMOUNT_VARIANCE,QUANTITY_AND_AMOUNT_DIFFERENCE,Y,-0.66,0.00,-22.94,PRD-0141,PRD-7291,NEXUS Eraser Pack 3 V,NEXUS Eraser Pack 3 V,253.13,276.07,7.28,7.94,34.77,34.77,-22.94,22.94,22.95,0.00,0.00,0.00,22.94
TXN-A-001634-L3246,TXN-A-001634,TXN-B-001808-L3711,TXN-B-001808,EXACT_BARCODE,97.00,IDENTITY_MATCHED,QUANTITY_EXCESS,PRICE_MATCHED,AMOUNT_VARIANCE,QUANTITY_AND_AMOUNT_DIFFERENCE,Y,1.21,0.00,131.78,PRD-0087,PRD-0087,NEXUS Deodorant 9 V,NEXUS Deodorant 9 V,463.06,331.28,3.97,2.76,116.64,116.64,131.78,131.78,141.13,0.00,0.00,0.00,131.78
TXN-A-001635-L3248,TXN-A-001635,TXN-B-001189-L2378,TXN-B-001189,EXACT_PRODUCT_CODE,95.00,IDENTITY_MATCHED,QUANTITY_SHORTAGE,PRICE_MATCHED,AMOUNT_VARIANCE,QUANTITY_AND_AMOUNT_DIFFERENCE,Y,-0.85,0.00,-73.43,PRD-0085,PRD-8166,ZENITH Deodorant 200 G,ZENITH Deodorant 200 G,662.61,736.04,7.67,8.52,86.39,86.39,-73.43,73.43,73.43,0.00,0.00,0.00,73.43
TXN-A-001635-L3249,TXN-A-001635,TXN-B-001647-L3389,TXN-B-001647,EXACT_BARCODE,97.00,IDENTITY_MATCHED,QUANTITY_SHORTAGE,PRICE_MATCHED,AMOUNT_VARIANCE,QUANTITY_AND_AMOUNT_DIFFERENCE,Y,-9.56,0.00,-454.10,PRD-0124,PRD-0124,ZENITH Sketch Pad 500 MG,ZENITH Sketch Pad 500 MG,157.22,611.32,3.31,12.87,47.50,47.50,-454.10,454.10,454.10,0.00,0.00,0.00,454.10
TXN-A-001636-L3251,TXN-A-001636,TXN-B-001408-L2816,TXN-B-001408,FUZZY_NAME,88.50,IDENTITY_SUBSTITUTE,QUANTITY_EXCESS,PRICE_MATCHED,AMOUNT_VARIANCE,QUANTITY_AND_AMOUNT_DIFFERENCE,Y,0.29,0.00,25.85,PRD-0109,PRD-5067,ZENITH Storage Container 20 W,AURORA Storage Container 20 W,713.93,688.08,8.01,7.72,89.13,89.13,25.85,25.85,25.85,0.00,0.00,0.00,25.85
TXN-A-001636-L3252,TXN-A-001636,,,GENERIC_STRENGTH_EQUIVALENT,85.00,IDENTITY_UNMATCHED,QUANTITY_NOT_APPLICABLE,PRICE_NOT_APPLICABLE,AMOUNT_NOT_APPLICABLE,UNRESOLVED,Y,,,,PRD-0020,,AURORA Air Freshener 200 G,,474.20,0.00,4.55,,104.22,,474.20,474.20,0.00,0.00,474.20,474.20,474.20
TXN-A-001637-L3254,TXN-A-001637,TXN-B-001669-L3433,TXN-B-001669,EXACT_BARCODE,97.00,IDENTITY_MATCHED,QUANTITY_SHORTAGE,PRICE_MATCHED,AMOUNT_VARIANCE,QUANTITY_AND_AMOUNT_DIFFERENCE,Y,-4.36,0.00,-410.98,PRD-0051,PRD-0051,NEXUS USB Cable 500 MG,NEXUS USB Cable 500 MG,348.76,759.74,3.70,8.06,94.26,94.26,-410.98,410.98,410.97,0.00,0.01,0.00,410.98
TXN-A-001637-L3255,TXN-A-001637,TXN-B-001251-L2502,TXN-B-001251,NORMALIZED_NAME,90.00,IDENTITY_MATCHED,QUANTITY_EXCESS,PRICE_MATCHED,AMOUNT_VARIANCE,QUANTITY_AND_AMOUNT_DIFFERENCE,Y,1.50,0.00,96.62,PRD-0115,PRD-7383,ZENITH Can Opener 2000 MAH,ZENITH Can Opener 2000 MAH,179.06,82.44,2.78,1.28,64.41,64.41,96.62,96.62,96.61,0.00,0.01,0.00,96.62
TXN-A-001638-L3257,TXN-A-001638,TXN-B-001801-L3697,TXN-B-001801,EXACT_BARCODE,97.00,IDENTITY_MATCHED,QUANTITY_EXCESS,PRICE_MATCHED,AMOUNT_VARIANCE,QUANTITY_AND_AMOUNT_DIFFERENCE,Y,0.87,0.00,14.25,PRD-0012,PRD-0012,NEXUS Laundry Detergent 3 V,NEXUS Laundry Detergent 3 V,132.73,118.48,5.96,5.09,22.27,22.27,14.25,14.25,19.37,0.00,0.00,0.00,14.25
TXN-A-001638-L3258,TXN-A-001638,TXN-B-001536-L3051,TXN-B-001536,EXACT_BARCODE,97.00,IDENTITY_MATCHED,QUANTITY_EXCESS,PRICE_MATCHED,AMOUNT_VARIANCE,QUANTITY_AND_AMOUNT_DIFFERENCE,Y,2.89,0.00,277.01,PRD-0120,PRD-0120,NEXUS Peeler 30 CM,NEXUS Peeler 30 CM,437.08,160.07,4.56,1.67,95.85,95.85,277.01,277.01,277.01,0.00,0.00,0.00,277.01
TXN-A-001639-L3260,TXN-A-001639,TXN-B-002083-L4366,TXN-B-002083,EXACT_BARCODE,97.00,IDENTITY_MATCHED,QUANTITY_SHORTAGE,PRICE_MATCHED,AMOUNT_VARIANCE,QUANTITY_AND_AMOUNT_DIFFERENCE,Y,-0.62,0.00,-24.02,PRD-0019,PRD-0019,ZENITH Air Freshener 45 CM,ZENITH Air Freshener 45 CM,115.09,139.11,2.97,3.59,38.75,38.75,-24.02,24.02,24.02,0.00,0.00,0.00,24.02
TXN-A-001639-L3261,TXN-A-001639,TXN-B-001218-L2436,TXN-B-001218,EXACT_PRODUCT_CODE,95.00,IDENTITY_MATCHED,QUANTITY_EXCESS,PRICE_MATCHED,AMOUNT_VARIANCE,QUANTITY_AND_AMOUNT_DIFFERENCE,Y,3.82,0.00,445.72,PRD-0003,PRD-8743,NEXUS All Purpose Cleaner 250 ML,NEXUS All Purpose Cleaner 250 ML,574.07,128.35,4.92,1.10,116.68,116.68,445.72,445.72,445.72,0.00,0.00,0.00,445.72
TXN-A-001640-L3263,TXN-A-001640,TXN-B-001677-L3449,TXN-B-001677,EXACT_BARCODE,97.00,IDENTITY_MATCHED,QUANTITY_SHORTAGE,PRICE_MATCHED,AMOUNT_VARIANCE,QUANTITY_AND_AMOUNT_DIFFERENCE,Y,-1.42,0.00,-36.45,PRD-0096,PRD-0096,NEXUS Lotion 1 KG,NEXUS Lotion 1 KG,168.91,205.36,6.58,8.00,25.67,25.67,-36.45,36.45,36.45,0.00,0.00,0.00,36.45
TXN-A-001640-L3264,TXN-A-001640,TXN-B-001959-L4013,TXN-B-001959,EXACT_BARCODE,97.00,IDENTITY_MATCHED,QUANTITY_EXCESS,PRICE_MATCHED,AMOUNT_VARIANCE,QUANTITY_AND_AMOUNT_DIFFERENCE,Y,0.81,0.00,36.74,PRD-0052,PRD-0052,ZENITH Power Adapter 20 W,ZENITH Power Adapter 20 W,122.45,85.71,2.70,1.89,45.35,45.35,36.74,36.74,36.73,0.00,0.01,0.00,36.74
TXN-A-001641-L3266,TXN-A-001641,,,GENERIC_STRENGTH_EQUIVALENT,85.00,IDENTITY_UNMATCHED,QUANTITY_NOT_APPLICABLE,PRICE_NOT_APPLICABLE,AMOUNT_NOT_APPLICABLE,UNRESOLVED,Y,,,,PRD-0148,,ZENITH Wrench Set 30 CM,,236.28,0.00,2.02,,116.97,,236.28,236.28,0.00,0.00,236.28,236.28,236.28
TXN-A-001641-L3267,TXN-A-001641,TXN-B-001164-L2328,TXN-B-001164,EXACT_PRODUCT_CODE,95.00,IDENTITY_MATCHED,QUANTITY_EXCESS,PRICE_MATCHED,AMOUNT_VARIANCE,QUANTITY_AND_AMOUNT_DIFFERENCE,Y,0.81,0.00,36.73,PRD-0052,PRD-8853,ZENITH Power Adapter 20 W,ZENITH Power Adapter 20 W,224.48,187.75,4.95,4.14,45.35,45.35,36.73,36.73,36.73,0.00,0.00,0.00,36.73
TXN-A-001642-L3269,TXN-A-001642,TXN-B-002042-L4284,TXN-B-002042,EXACT_BARCODE,97.00,IDENTITY_MATCHED,QUANTITY_SHORTAGE,PRICE_MATCHED,AMOUNT_VARIANCE,QUANTITY_AND_AMOUNT_DIFFERENCE,Y,-6.00,0.00,-504.54,PRD-0006,PRD-0006,NEXUS Glass Spray 9 V,NEXUS Glass Spray 9 V,307.77,812.31,3.66,9.66,84.09,84.09,-504.54,504.54,504.54,0.00,0.00,0.00,504.54
TXN-A-001642-L3270,TXN-A-001642,TXN-B-001697-L3489,TXN-B-001697,EXACT_BARCODE,97.00,IDENTITY_MATCHED,QUANTITY_SHORTAGE,PRICE_MATCHED,AMOUNT_VARIANCE,QUANTITY_AND_AMOUNT_DIFFERENCE,Y,-3.14,0.00,-279.49,PRD-0150,PRD-0150,NEXUS Wrench Set 9 V,NEXUS Wrench Set 9 V,91.68,371.17,1.03,4.17,89.01,89.01,-279.49,279.49,279.49,0.00,0.00,0.00,279.49
TXN-A-001643-L3272,TXN-A-001643,TXN-B-001157-L2314,TXN-B-001157,EXACT_PRODUCT_CODE,95.00,IDENTITY_MATCHED,QUANTITY_EXCESS,PRICE_MATCHED,AMOUNT_VARIANCE,QUANTITY_AND_AMOUNT_DIFFERENCE,Y,0.52,0.00,8.67,PRD-0056,PRD-8727,AURORA Phone Case 20 W,AURORA Phone Case 20 W,145.45,136.78,8.72,8.20,16.68,16.68,8.67,8.67,8.67,0.00,0.00,0.00,8.67
TXN-A-001643-L3273,TXN-A-001643,TXN-B-001960-L4015,TXN-B-001960,EXACT_BARCODE,97.00,IDENTITY_MATCHED,QUANTITY_SHORTAGE,PRICE_MATCHED,AMOUNT_VARIANCE,QUANTITY_AND_AMOUNT_DIFFERENCE,Y,-2.56,0.00,-151.50,PRD-0041,PRD-0041,AURORA File Folder Pack 9 V,AURORA File Folder Pack 9 V,98.24,249.74,1.66,4.22,59.18,59.18,-151.50,151.50,151.50,0.00,0.00,0.00,151.50
TXN-A-001644-L3275,TXN-A-001644,TXN-B-002033-L4266,TXN-B-002033,EXACT_BARCODE,97.00,IDENTITY_MATCHED,QUANTITY_EXCESS,PRICE_MATCHED,AMOUNT_VARIANCE,QUANTITY_AND_AMOUNT_DIFFERENCE,Y,0.01,0.00,0.15,PRD-0123,PRD-0123,NEXUS Notebook 3 V,NEXUS Notebook 3 V,89.20,89.05,5.80,5.79,15.38,15.38,0.15,0.15,0.15,0.00,0.00,0.00,0.15
TXN-A-001644-L3276,TXN-A-001644,TXN-B-001287-L2574,TXN-B-001287,NORMALIZED_NAME,90.00,IDENTITY_MATCHED,QUANTITY_SHORTAGE,PRICE_MATCHED,AMOUNT_VARIANCE,QUANTITY_AND_AMOUNT_DIFFERENCE,Y,-2.26,0.00,-252.80,PRD-0008,PRD-7839,AURORA Dish Liquid 10000 MAH,AURORA Dish Liquid 10000 MAH,394.87,647.67,3.53,5.79,111.86,111.86,-252.80,252.80,252.80,0.00,0.00,0.00,252.80
TXN-A-001645-L3278,TXN-A-001645,TXN-B-001605-L3280,TXN-B-001605,EXACT_PRIMARY_ID,100.00,IDENTITY_MATCHED,QUANTITY_MATCHED,PRICE_MATCHED,AMOUNT_MATCHED,MATCHED,N,0.00,0.00,0.00,PRD-0054,PRD-0054,NEXUS Power Adapter 500 ML,NEXUS Power Adapter 500 ML,147.43,147.43,8.93,8.93,16.51,16.51,0.00,0.00,0.00,0.00,0.00,0.00,0.00
TXN-A-001645-L3279,TXN-A-001645,,,POSSIBLE_SUBSTITUTE,70.00,IDENTITY_UNMATCHED,QUANTITY_NOT_APPLICABLE,PRICE_NOT_APPLICABLE,AMOUNT_NOT_APPLICABLE,UNRESOLVED,Y,,,,PRD-0048,,NEXUS Tape Dispenser 3 V,,113.72,0.00,1.77,,64.25,,113.72,113.72,0.00,0.00,113.72,113.72,113.72
TXN-A-001646-L3281,TXN-A-001646,TXN-B-002019-L4238,TXN-B-002019,EXACT_BARCODE,97.00,IDENTITY_MATCHED,QUANTITY_SHORTAGE,PRICE_MATCHED,AMOUNT_VARIANCE,QUANTITY_AND_AMOUNT_DIFFERENCE,Y,-6.44,0.00,-152.63,PRD-0106,PRD-0106,ZENITH Spatula Set 1 KG,ZENITH Spatula Set 1 KG,54.27,206.90,2.29,8.73,23.70,23.70,-152.63,152.63,152.63,0.00,0.00,0.00,152.63
TXN-A-001646-L3282,TXN-A-001646,,,POSSIBLE_SUBSTITUTE,70.00,IDENTITY_UNMATCHED,QUANTITY_NOT_APPLICABLE,PRICE_NOT_APPLICABLE,AMOUNT_NOT_APPLICABLE,UNRESOLVED,Y,,,,PRD-0037,,ZENITH Desk Organizer 5 W,,47.16,0.00,4.09,,11.53,,47.16,47.16,0.00,0.00,47.16,47.16,47.16
TXN-A-001647-L3284,TXN-A-001647,TXN-B-002094-L4388,TXN-B-002094,EXACT_BARCODE,97.00,IDENTITY_MATCHED,QUANTITY_SHORTAGE,PRICE_MATCHED,AMOUNT_VARIANCE,QUANTITY_AND_AMOUNT_DIFFERENCE,Y,-1.59,0.00,-178.07,PRD-0014,PRD-0014,AURORA Fabric Softener 250 MG,AURORA Fabric Softener 250 MG,655.14,833.21,5.85,7.44,111.99,111.99,-178.07,178.07,178.06,0.00,0.01,0.00,178.07
TXN-A-001647-L3285,TXN-A-001647,TXN-B-001244-L2488,TXN-B-001244,NORMALIZED_NAME,90.00,IDENTITY_MATCHED,QUANTITY_EXCESS,PRICE_MATCHED,AMOUNT_VARIANCE,QUANTITY_AND_AMOUNT_DIFFERENCE,Y,2.81,0.00,48.72,PRD-0035,PRD-7680,AURORA Stapler 10 W,AURORA Stapler 10 W,82.71,33.99,4.77,1.96,17.34,17.34,48.72,48.72,48.73,0.00,0.00,0.00,48.72
TXN-A-001648-L3287,TXN-A-001648,TXN-B-001886-L3867,TXN-B-001886,EXACT_BARCODE,97.00,IDENTITY_MATCHED,QUANTITY_EXCESS,PRICE_MATCHED,AMOUNT_VARIANCE,QUANTITY_AND_AMOUNT_DIFFERENCE,Y,6.82,0.00,668.16,PRD-0011,PRD-0011,AURORA Laundry Detergent 2000 MAH,AURORA Laundry Detergent 2000 MAH,917.00,248.84,9.36,2.54,97.97,97.97,668.16,668.16,668.16,0.00,0.00,0.00,668.16
TXN-A-001648-L3288,TXN-A-001648,TXN-B-001291-L2582,TXN-B-001291,NORMALIZED_NAME,90.00,IDENTITY_MATCHED,QUANTITY_SHORTAGE,PRICE_MATCHED,AMOUNT_VARIANCE,QUANTITY_AND_AMOUNT_DIFFERENCE,Y,-1.61,0.00,-96.89,PRD-0064,PRD-7413,ZENITH Charging Dock 15 W,ZENITH Charging Dock 15 W,278.03,374.92,4.62,6.23,60.18,60.18,-96.89,96.89,96.89,0.00,0.00,0.00,96.89
TXN-A-001649-L3290,TXN-A-001649,TXN-B-001772-L3639,TXN-B-001772,EXACT_BARCODE,97.00,IDENTITY_MATCHED,QUANTITY_SHORTAGE,PRICE_VARIANCE,AMOUNT_VARIANCE,QUANTITY_AND_AMOUNT_DIFFERENCE,Y,-2.59,-3.77,-40.56,PRD-0103,PRD-0103,ZENITH Measuring Cup 10000 MAH,ZENITH Measuring Cup 10000 MAH,22.61,63.17,3.01,5.60,7.51,11.28,-40.56,40.56,29.22,11.35,0.00,0.00,40.56
TXN-A-001649-L3291,TXN-A-001649,TXN-B-001822-L3739,TXN-B-001822,EXACT_BARCODE,97.00,IDENTITY_MATCHED,QUANTITY_SHORTAGE,PRICE_MATCHED,AMOUNT_VARIANCE,QUANTITY_AND_AMOUNT_DIFFERENCE,Y,-1.83,0.00,-102.02,PRD-0049,PRD-0049,ZENITH USB Cable 1 KG,ZENITH USB Cable 1 KG,130.72,232.74,2.59,4.42,50.47,50.47,-102.02,102.02,92.36,0.00,9.66,0.00,102.02
TXN-A-001650-L3293,TXN-A-001650,TXN-B-001933-L3961,TXN-B-001933,EXACT_BARCODE,97.00,IDENTITY_MATCHED,QUANTITY_EXCESS,PRICE_MATCHED,AMOUNT_VARIANCE,QUANTITY_AND_AMOUNT_DIFFERENCE,Y,6.36,0.00,210.26,PRD-0084,PRD-0084,NEXUS Toothpaste 15 W,NEXUS Toothpaste 15 W,291.59,81.33,8.82,2.46,33.06,33.06,210.26,210.26,210.26,0.00,0.00,0.00,210.26
TXN-A-001650-L3294,TXN-A-001650,,,GENERIC_STRENGTH_EQUIVALENT,85.00,IDENTITY_UNMATCHED,QUANTITY_NOT_APPLICABLE,PRICE_NOT_APPLICABLE,AMOUNT_NOT_APPLICABLE,UNRESOLVED,Y,,,,PRD-0148,,ZENITH Wrench Set 30 CM,,419.92,0.00,3.59,,116.97,,419.92,419.92,0.00,0.00,419.92,419.92,419.92
TXN-A-001651-L3296,TXN-A-001651,TXN-B-001646-L3387,TXN-B-001646,EXACT_BARCODE,97.00,IDENTITY_MATCHED,QUANTITY_SHORTAGE,PRICE_MATCHED,AMOUNT_VARIANCE,QUANTITY_AND_AMOUNT_DIFFERENCE,Y,-8.35,0.00,-989.23,PRD-0078,PRD-0078,NEXUS Shampoo 500 ML,NEXUS Shampoo 500 ML,585.24,1574.47,4.94,13.29,118.47,118.47,-989.23,989.23,989.22,0.00,0.01,0.00,989.23
TXN-A-001651-L3297,TXN-A-001651,TXN-B-001225-L2450,TXN-B-001225,EXACT_PRODUCT_CODE,95.00,IDENTITY_MATCHED,QUANTITY_EXCESS,PRICE_MATCHED,AMOUNT_VARIANCE,QUANTITY_AND_AMOUNT_DIFFERENCE,Y,2.13,0.00,70.41,PRD-0084,PRD-8975,NEXUS Toothpaste 15 W,NEXUS Toothpaste 15 W,139.51,69.10,4.22,2.09,33.06,33.06,70.41,70.41,70.42,0.00,0.00,0.00,70.41
TXN-A-001652-L3299,TXN-A-001652,,,POSSIBLE_SUBSTITUTE,70.00,IDENTITY_UNMATCHED,QUANTITY_NOT_APPLICABLE,PRICE_NOT_APPLICABLE,AMOUNT_NOT_APPLICABLE,UNRESOLVED,Y,,,,PRD-0066,,NEXUS Charging Dock 5000 MAH,,537.55,0.00,9.74,,55.19,,537.55,537.55,0.00,0.00,537.55,537.55,537.55
TXN-A-001652-L3300,TXN-A-001652,TXN-B-001205-L2410,TXN-B-001205,EXACT_PRODUCT_CODE,95.00,IDENTITY_MATCHED,QUANTITY_SHORTAGE,PRICE_MATCHED,AMOUNT_VARIANCE,QUANTITY_AND_AMOUNT_DIFFERENCE,Y,-2.94,0.00,-49.04,PRD-0056,PRD-8584,AURORA Phone Case 20 W,AURORA Phone Case 20 W,68.55,117.59,4.11,7.05,16.68,16.68,-49.04,49.04,49.04,0.00,0.00,0.00,49.04
TXN-A-001653-L3302,TXN-A-001653,TXN-B-001726-L3547,TXN-B-001726,EXACT_BARCODE,97.00,IDENTITY_MATCHED,QUANTITY_SHORTAGE,PRICE_MATCHED,AMOUNT_VARIANCE,QUANTITY_AND_AMOUNT_DIFFERENCE,Y,-3.95,0.00,-81.88,PRD-0132,PRD-0132,NEXUS Ruler Set 60 CM,NEXUS Ruler Set 60 CM,60.12,142.00,2.90,6.85,20.73,20.73,-81.88,81.88,81.88,0.00,0.00,0.00,81.88
TXN-A-001653-L3303,TXN-A-001653,TXN-B-001656-L3407,TXN-B-001656,EXACT_BARCODE,97.00,IDENTITY_MATCHED,QUANTITY_SHORTAGE,PRICE_MATCHED,AMOUNT_VARIANCE,QUANTITY_AND_AMOUNT_DIFFERENCE,Y,-10.69,0.00,-1214.17,PRD-0101,PRD-0101,AURORA Mixing Bowl Set 100 MG,AURORA Mixing Bowl Set 100 MG,430.47,1644.64,3.79,14.48,113.58,113.58,-1214.17,1214.17,1214.17,0.00,0.00,0.00,1214.17
TXN-A-001654-L3305,TXN-A-001654,TXN-B-001668-L3431,TXN-B-001668,EXACT_BARCODE,97.00,IDENTITY_MATCHED,QUANTITY_SHORTAGE,PRICE_MATCHED,AMOUNT_VARIANCE,QUANTITY_AND_AMOUNT_DIFFERENCE,Y,-1.99,0.00,-235.75,PRD-0078,PRD-0078,NEXUS Shampoo 500 ML,NEXUS Shampoo 500 ML,838.77,1074.52,7.08,9.07,118.47,118.47,-235.75,235.75,235.76,0.00,0.00,0.00,235.75
TXN-A-001654-L3306,TXN-A-001654,TXN-B-001219-L2438,TXN-B-001219,EXACT_PRODUCT_CODE,95.00,IDENTITY_MATCHED,QUANTITY_EXCESS,PRICE_MATCHED,AMOUNT_VARIANCE,QUANTITY_AND_AMOUNT_DIFFERENCE,Y,1.35,0.00,81.63,PRD-0117,PRD-8626,NEXUS Can Opener 5 W,NEXUS Can Opener 5 W,217.66,136.03,3.60,2.25,60.46,60.46,81.63,81.63,81.62,0.00,0.01,0.00,81.63
TXN-A-001655-L3308,TXN-A-001655,TXN-B-001867-L3829,TXN-B-001867,EXACT_BARCODE,97.00,IDENTITY_MATCHED,QUANTITY_SHORTAGE,PRICE_VARIANCE,AMOUNT_VARIANCE,QUANTITY_AND_AMOUNT_DIFFERENCE,Y,-8.43,-2.80,-176.19,PRD-0098,PRD-0098,AURORA Cutting Board 10 IN,AURORA Cutting Board 10 IN,51.95,228.14,3.04,11.47,17.09,19.89,-176.19,176.19,167.67,8.51,0.01,0.00,176.19
TXN-A-001655-L3309,TXN-A-001655,TXN-B-001757-L3609,TXN-B-001757,EXACT_BARCODE,97.00,IDENTITY_MATCHED,QUANTITY_SHORTAGE,PRICE_VARIANCE,AMOUNT_VARIANCE,QUANTITY_AND_AMOUNT_DIFFERENCE,Y,-5.28,-2.66,-622.18,PRD-0101,PRD-0101,AURORA Mixing Bowl Set 100 MG,AURORA Mixing Bowl Set 100 MG,360.05,982.23,3.17,8.45,113.58,116.24,-622.18,622.18,613.75,8.43,0.00,0.00,622.18
TXN-A-001656-L3311,TXN-A-001656,TXN-B-002087-L4374,TXN-B-002087,EXACT_BARCODE,97.00,IDENTITY_MATCHED,QUANTITY_SHORTAGE,PRICE_MATCHED,AMOUNT_VARIANCE,QUANTITY_AND_AMOUNT_DIFFERENCE,Y,-0.89,0.00,-19.82,PRD-0012,PRD-0012,NEXUS Laundry Detergent 3 V,NEXUS Laundry Detergent 3 V,157.23,177.05,7.06,7.95,22.27,22.27,-19.82,19.82,19.82,0.00,0.00,0.00,19.82
TXN-A-001656-L3312,TXN-A-001656,TXN-B-001930-L3955,TXN-B-001930,EXACT_BARCODE,97.00,IDENTITY_MATCHED,QUANTITY_SHORTAGE,PRICE_MATCHED,AMOUNT_VARIANCE,QUANTITY_AND_AMOUNT_DIFFERENCE,Y,-0.63,0.00,-44.87,PRD-0136,PRD-0136,ZENITH Scissors 3 V,ZENITH Scissors 3 V,133.18,178.05,1.87,2.50,71.22,71.22,-44.87,44.87,44.87,0.00,0.00,0.00,44.87
TXN-A-001657-L3314,TXN-A-001657,TXN-B-001954-L4003,TXN-B-001954,EXACT_BARCODE,97.00,IDENTITY_MATCHED,QUANTITY_EXCESS,PRICE_MATCHED,AMOUNT_VARIANCE,QUANTITY_AND_AMOUNT_DIFFERENCE,Y,4.69,0.00,334.02,PRD-0136,PRD-0136,ZENITH Scissors 3 V,ZENITH Scissors 3 V,588.99,254.97,8.27,3.58,71.22,71.22,334.02,334.02,334.02,0.00,0.00,0.00,334.02
TXN-A-001657-L3315,TXN-A-001657,TXN-B-001740-L3575,TXN-B-001740,EXACT_BARCODE,97.00,IDENTITY_MATCHED,QUANTITY_EXCESS,PRICE_MATCHED,AMOUNT_VARIANCE,QUANTITY_AND_AMOUNT_DIFFERENCE,Y,0.28,0.00,28.10,PRD-0004,PRD-0004,ZENITH Glass Spray 750 ML,ZENITH Glass Spray 750 ML,444.64,416.54,4.43,4.15,100.37,100.37,28.10,28.10,28.10,0.00,0.00,0.00,28.10
TXN-A-001658-L3317,TXN-A-001658,TXN-B-001809-L3713,TXN-B-001809,EXACT_BARCODE,97.00,IDENTITY_MATCHED,QUANTITY_SHORTAGE,PRICE_MATCHED,AMOUNT_VARIANCE,QUANTITY_AND_AMOUNT_DIFFERENCE,Y,-0.23,0.00,-19.06,PRD-0102,PRD-0102,NEXUS Mixing Bowl Set 15 W,NEXUS Mixing Bowl Set 15 W,254.91,273.97,4.35,4.58,58.60,58.60,-19.06,19.06,13.48,0.00,5.58,0.00,19.06
TXN-A-001658-L3318,TXN-A-001658,TXN-B-001923-L3941,TXN-B-001923,EXACT_BARCODE,97.00,IDENTITY_MATCHED,QUANTITY_SHORTAGE,PRICE_MATCHED,AMOUNT_VARIANCE,QUANTITY_AND_AMOUNT_DIFFERENCE,Y,-0.35,0.00,-24.30,PRD-0075,PRD-0075,NEXUS Hand Soap 10000 MAH,NEXUS Hand Soap 10000 MAH,249.33,273.63,3.59,3.94,69.45,69.45,-24.30,24.30,24.31,0.00,0.00,0.00,24.30
TXN-A-001659-L3320,TXN-A-001659,TXN-B-001181-L2362,TXN-B-001181,EXACT_PRODUCT_CODE,95.00,IDENTITY_MATCHED,QUANTITY_SHORTAGE,PRICE_MATCHED,AMOUNT_VARIANCE,QUANTITY_AND_AMOUNT_DIFFERENCE,Y,-3.65,0.00,-259.95,PRD-0136,PRD-8335,ZENITH Scissors 3 V,ZENITH Scissors 3 V,267.79,527.74,3.76,7.41,71.22,71.22,-259.95,259.95,259.95,0.00,0.00,0.00,259.95
TXN-A-001659-L3321,TXN-A-001659,TXN-B-001823-L3741,TXN-B-001823,EXACT_BARCODE,97.00,IDENTITY_MATCHED,QUANTITY_SHORTAGE,PRICE_MATCHED,AMOUNT_VARIANCE,QUANTITY_AND_AMOUNT_DIFFERENCE,Y,-2.22,0.00,-52.85,PRD-0073,PRD-0073,ZENITH Hand Soap 250 MG,ZENITH Hand Soap 250 MG,41.58,94.43,1.84,4.06,22.60,22.60,-52.85,52.85,50.17,0.00,2.68,0.00,52.85
TXN-A-001660-L3323,TXN-A-001660,TXN-B-001901-L3897,TXN-B-001901,EXACT_BARCODE,97.00,IDENTITY_MATCHED,QUANTITY_SHORTAGE,PRICE_MATCHED,AMOUNT_VARIANCE,QUANTITY_AND_AMOUNT_DIFFERENCE,Y,-2.94,0.00,-17.40,PRD-0022,PRD-0022,ZENITH Floor Polish 2000 MAH,ZENITH Floor Polish 2000 MAH,6.22,23.62,1.05,3.99,5.92,5.92,-17.40,17.40,17.40,0.00,0.00,0.00,17.40
TXN-A-001660-L3324,TXN-A-001660,TXN-B-001561-L3076,TXN-B-001561,EXACT_BARCODE,97.00,IDENTITY_MATCHED,QUANTITY_EXCESS,PRICE_MATCHED,AMOUNT_VARIANCE,QUANTITY_AND_AMOUNT_DIFFERENCE,Y,0.53,0.00,41.17,PRD-0134,PRD-0134,AURORA Glue Stick 9 V,AURORA Glue Stick 9 V,222.14,180.97,2.86,2.33,77.67,77.67,41.17,41.17,41.17,0.00,0.00,0.00,41.17
TXN-A-001661-L3326,TXN-A-001661,TXN-B-001212-L2424,TXN-B-001212,EXACT_PRODUCT_CODE,95.00,IDENTITY_MATCHED,QUANTITY_EXCESS,PRICE_MATCHED,AMOUNT_VARIANCE,QUANTITY_AND_AMOUNT_DIFFERENCE,Y,2.18,0.00,85.69,PRD-0018,PRD-8461,NEXUS Surface Wipes 500 MG,NEXUS Surface Wipes 500 MG,193.01,107.32,4.91,2.73,39.31,39.31,85.69,85.69,85.70,0.00,0.00,0.00,85.69
TXN-A-001661-L3327,TXN-A-001661,,,POSSIBLE_SUBSTITUTE,70.00,IDENTITY_UNMATCHED,QUANTITY_NOT_APPLICABLE,PRICE_NOT_APPLICABLE,AMOUNT_NOT_APPLICABLE,UNRESOLVED,Y,,,,PRD-0056,,AURORA Phone Case 20 W,,42.37,0.00,2.54,,16.68,,42.37,42.37,0.00,0.00,42.37,42.37,42.37
TXN-A-001662-L3329,TXN-A-001662,TXN-B-001316-L2632,TXN-B-001316,NORMALIZED_NAME,90.00,IDENTITY_MATCHED,QUANTITY_EXCESS,PRICE_MATCHED,AMOUNT_VARIANCE,QUANTITY_AND_AMOUNT_DIFFERENCE,Y,2.04,0.00,176.23,PRD-0085,PRD-7565,ZENITH Deodorant 200 G,ZENITH Deodorant 200 G,438.86,262.63,5.08,3.04,86.39,86.39,176.23,176.23,176.24,0.00,0.00,0.00,176.23
TXN-A-001662-L3330,TXN-A-001662,TXN-B-001161-L2322,TXN-B-001161,EXACT_PRODUCT_CODE,95.00,IDENTITY_MATCHED,QUANTITY_SHORTAGE,PRICE_MATCHED,AMOUNT_VARIANCE,QUANTITY_AND_AMOUNT_DIFFERENCE,Y,-1.86,0.00,-28.05,PRD-0131,PRD-8225,AURORA Ruler Set 60 CM,AURORA Ruler Set 60 CM,53.08,81.13,3.52,5.38,15.08,15.08,-28.05,28.05,28.05,0.00,0.00,0.00,28.05
TXN-A-001663-L3332,TXN-A-001663,TXN-B-001319-L2638,TXN-B-001319,NORMALIZED_NAME,90.00,IDENTITY_MATCHED,QUANTITY_SHORTAGE,PRICE_MATCHED,AMOUNT_VARIANCE,QUANTITY_AND_AMOUNT_DIFFERENCE,Y,-0.29,0.00,-29.11,PRD-0004,PRD-7702,ZENITH Glass Spray 750 ML,ZENITH Glass Spray 750 ML,477.76,506.87,4.76,5.05,100.37,100.37,-29.11,29.11,29.11,0.00,0.00,0.00,29.11
TXN-A-001663-L3333,TXN-A-001663,TXN-B-001436-L2872,TXN-B-001436,FUZZY_NAME,85.70,IDENTITY_SUBSTITUTE,QUANTITY_SHORTAGE,PRICE_MATCHED,AMOUNT_VARIANCE,QUANTITY_AND_AMOUNT_DIFFERENCE,Y,-3.81,0.00,-230.36,PRD-0117,PRD-5537,NEXUS Can Opener 5 W,SPECTRA Can Opener 5 W,168.68,399.04,2.79,6.60,60.46,60.46,-230.36,230.36,230.35,0.00,0.01,0.00,230.36
TXN-A-001664-L3335,TXN-A-001664,,,POSSIBLE_SUBSTITUTE,70.00,IDENTITY_UNMATCHED,QUANTITY_NOT_APPLICABLE,PRICE_NOT_APPLICABLE,AMOUNT_NOT_APPLICABLE,UNRESOLVED,Y,,,,PRD-0044,,AURORA Whiteboard Marker 12 IN,,323.12,0.00,8.30,,38.93,,323.12,323.12,0.00,0.00,323.12,323.12,323.12
TXN-A-001664-L3336,TXN-A-001664,TXN-B-001914-L3923,TXN-B-001914,EXACT_BARCODE,97.00,IDENTITY_MATCHED,QUANTITY_EXCESS,PRICE_MATCHED,AMOUNT_VARIANCE,QUANTITY_AND_AMOUNT_DIFFERENCE,Y,0.81,0.00,83.40,PRD-0125,PRD-0125,AURORA Sketch Pad 1.5 V,AURORA Sketch Pad 1.5 V,397.43,314.03,3.86,3.05,102.96,102.96,83.40,83.40,83.40,0.00,0.00,0.00,83.40
TXN-A-001665-L3338,TXN-A-001665,TXN-B-001298-L2596,TXN-B-001298,NORMALIZED_NAME,90.00,IDENTITY_MATCHED,QUANTITY_SHORTAGE,PRICE_MATCHED,AMOUNT_VARIANCE,QUANTITY_AND_AMOUNT_DIFFERENCE,Y,-2.75,0.00,-222.01,PRD-0017,PRD-7881,AURORA Surface Wipes 9 V,AURORA Surface Wipes 9 V,268.83,490.84,3.33,6.08,80.73,80.73,-222.01,222.01,222.01,0.00,0.00,0.00,222.01
TXN-A-001665-L3339,TXN-A-001665,TXN-B-001154-L2308,TXN-B-001154,EXACT_PRODUCT_CODE,95.00,IDENTITY_MATCHED,QUANTITY_SHORTAGE,PRICE_MATCHED,AMOUNT_VARIANCE,QUANTITY_AND_AMOUNT_DIFFERENCE,Y,-0.58,0.00,-16.11,PRD-0046,PRD-8333,ZENITH Tape Dispenser 250 ML,ZENITH Tape Dispenser 250 ML,122.79,138.90,4.42,5.00,27.78,27.78,-16.11,16.11,16.11,0.00,0.00,0.00,16.11
TXN-A-001666-L3341,TXN-A-001666,TXN-B-002062-L4324,TXN-B-002062,EXACT_BARCODE,97.00,IDENTITY_MATCHED,QUANTITY_SHORTAGE,PRICE_MATCHED,AMOUNT_VARIANCE,QUANTITY_AND_AMOUNT_DIFFERENCE,Y,-7.48,0.00,-851.15,PRD-0070,PRD-0070,ZENITH Mouse Pad 200 G,ZENITH Mouse Pad 200 G,266.27,1117.42,2.34,9.82,113.79,113.79,-851.15,851.15,851.15,0.00,0.00,0.00,851.15
TXN-A-001666-L3342,TXN-A-001666,TXN-B-001438-L2876,TXN-B-001438,FUZZY_NAME,88.20,IDENTITY_SUBSTITUTE,QUANTITY_EXCESS,PRICE_MATCHED,AMOUNT_VARIANCE,QUANTITY_AND_AMOUNT_DIFFERENCE,Y,1.75,0.00,139.90,PRD-0034,PRD-5644,ZENITH Stapler 100 MG,APEX Stapler 100 MG,255.81,115.91,3.20,1.45,79.94,79.94,139.90,139.90,139.89,0.00,0.01,0.00,139.90
TXN-A-001667-L3344,TXN-A-001667,TXN-B-002023-L4246,TXN-B-002023,EXACT_BARCODE,97.00,IDENTITY_MATCHED,QUANTITY_EXCESS,PRICE_MATCHED,AMOUNT_VARIANCE,QUANTITY_AND_AMOUNT_DIFFERENCE,Y,0.27,0.00,16.69,PRD-0059,PRD-0059,AURORA Screen Protector 45 CM,AURORA Screen Protector 45 CM,458.56,441.87,7.42,7.15,61.80,61.80,16.69,16.69,16.69,0.00,0.00,0.00,16.69
TXN-A-001667-L3345,TXN-A-001667,TXN-B-001405-L2810,TXN-B-001405,FUZZY_NAME,88.90,IDENTITY_SUBSTITUTE,QUANTITY_SHORTAGE,PRICE_MATCHED,AMOUNT_VARIANCE,QUANTITY_AND_AMOUNT_DIFFERENCE,Y,-0.56,0.00,-61.17,PRD-0105,PRD-5229,NEXUS Measuring Cup 100 G,SUMMIT Measuring Cup 100 G,382.38,443.55,3.50,4.06,109.25,109.25,-61.17,61.17,61.18,0.00,0.00,0.00,61.17
TXN-A-001668-L3347,TXN-A-001668,TXN-B-001814-L3723,TXN-B-001814,EXACT_BARCODE,97.00,IDENTITY_MATCHED,QUANTITY_EXCESS,PRICE_MATCHED,AMOUNT_VARIANCE,QUANTITY_AND_AMOUNT_DIFFERENCE,Y,1.54,0.00,62.99,PRD-0139,PRD-0139,ZENITH Eraser Pack 500 G,ZENITH Eraser Pack 500 G,347.69,284.70,7.66,6.12,45.39,45.39,62.99,62.99,69.90,0.00,0.00,0.00,62.99
TXN-A-001668-L3348,TXN-A-001668,TXN-B-001859-L3813,TXN-B-001859,EXACT_BARCODE,97.00,IDENTITY_MATCHED,QUANTITY_SHORTAGE,PRICE_VARIANCE,AMOUNT_VARIANCE,QUANTITY_AND_AMOUNT_DIFFERENCE,Y,-7.86,-0.61,-226.92,PRD-0118,PRD-0118,ZENITH Peeler 750 ML,ZENITH Peeler 750 ML,76.02,302.94,2.71,10.57,28.05,28.66,-226.92,226.92,225.27,1.65,0.00,0.00,226.92
TXN-A-001669-L3350,TXN-A-001669,TXN-B-001240-L2480,TXN-B-001240,EXACT_PRODUCT_CODE,95.00,IDENTITY_MATCHED,QUANTITY_EXCESS,PRICE_MATCHED,AMOUNT_VARIANCE,QUANTITY_AND_AMOUNT_DIFFERENCE,Y,5.04,0.00,563.73,PRD-0140,PRD-8839,AURORA Eraser Pack 2000 MAH,AURORA Eraser Pack 2000 MAH,733.74,170.01,6.56,1.52,111.85,111.85,563.73,563.73,563.72,0.00,0.01,0.00,563.73
TXN-A-001669-L3351,TXN-A-001669,TXN-B-001223-L2446,TXN-B-001223,EXACT_PRODUCT_CODE,95.00,IDENTITY_MATCHED,QUANTITY_SHORTAGE,PRICE_MATCHED,AMOUNT_VARIANCE,QUANTITY_AND_AMOUNT_DIFFERENCE,Y,-3.70,0.00,-280.13,PRD-0024,PRD-8384,NEXUS Floor Polish 100 MG,NEXUS Floor Polish 100 MG,208.20,488.33,2.75,6.45,75.71,75.71,-280.13,280.13,280.13,0.00,0.00,0.00,280.13
TXN-A-001670-L3353,TXN-A-001670,TXN-B-001800-L3695,TXN-B-001800,EXACT_BARCODE,97.00,IDENTITY_MATCHED,QUANTITY_EXCESS,PRICE_MATCHED,AMOUNT_VARIANCE,QUANTITY_AND_AMOUNT_DIFFERENCE,Y,4.11,0.00,112.75,PRD-0045,PRD-0045,NEXUS Whiteboard Marker 45 CM,NEXUS Whiteboard Marker 45 CM,192.37,79.62,6.51,2.40,29.55,29.55,112.75,112.75,121.45,0.00,0.00,0.00,112.75
TXN-A-001670-L3354,TXN-A-001670,TXN-B-001236-L2472,TXN-B-001236,EXACT_PRODUCT_CODE,95.00,IDENTITY_MATCHED,QUANTITY_SHORTAGE,PRICE_MATCHED,AMOUNT_VARIANCE,QUANTITY_AND_AMOUNT_DIFFERENCE,Y,-2.06,0.00,-27.40,PRD-0119,PRD-8765,AURORA Peeler 100 MG,AURORA Peeler 100 MG,26.60,54.00,2.00,4.06,13.30,13.30,-27.40,27.40,27.40,0.00,0.00,0.00,27.40
TXN-A-001671-L3356,TXN-A-001671,TXN-B-001143-L2286,TXN-B-001143,EXACT_PRODUCT_CODE,95.00,IDENTITY_MATCHED,QUANTITY_SHORTAGE,PRICE_MATCHED,AMOUNT_VARIANCE,QUANTITY_AND_AMOUNT_DIFFERENCE,Y,-3.50,0.00,-156.17,PRD-0110,PRD-8376,AURORA Storage Container 5 W,AURORA Storage Container 5 W,240.06,396.23,5.38,8.88,44.62,44.62,-156.17,156.17,156.17,0.00,0.00,0.00,156.17
TXN-A-001672-L3358,TXN-A-001672,TXN-B-001803-L3701,TXN-B-001803,EXACT_BARCODE,97.00,IDENTITY_MATCHED,QUANTITY_EXCESS,PRICE_MATCHED,AMOUNT_VARIANCE,QUANTITY_AND_AMOUNT_DIFFERENCE,Y,0.66,0.00,8.86,PRD-0071,PRD-0071,AURORA Mouse Pad 50 G,AURORA Mouse Pad 50 G,169.39,160.53,9.78,9.12,17.32,17.32,8.86,8.86,11.43,0.00,0.00,0.00,8.86
TXN-A-001673-L3360,TXN-A-001673,TXN-B-001851-L3797,TXN-B-001851,EXACT_BARCODE,97.00,IDENTITY_MATCHED,QUANTITY_SHORTAGE,PRICE_VARIANCE,AMOUNT_VARIANCE,QUANTITY_AND_AMOUNT_DIFFERENCE,Y,-3.00,-2.07,-223.48,PRD-0042,PRD-0042,NEXUS File Folder Pack 500 G,NEXUS File Folder Pack 500 G,425.69,649.17,6.25,9.25,68.11,70.18,-223.48,223.48,210.54,12.94,0.00,0.00,223.48
TXN-A-001674-L3362,TXN-A-001674,TXN-B-001703-L3501,TXN-B-001703,EXACT_BARCODE,97.00,IDENTITY_MATCHED,QUANTITY_EXCESS,PRICE_MATCHED,AMOUNT_VARIANCE,QUANTITY_AND_AMOUNT_DIFFERENCE,Y,0.41,0.00,37.50,PRD-0146,PRD-0146,AURORA Screwdriver Set 500 ML,AURORA Screwdriver Set 500 ML,1066.42,1028.92,11.66,11.25,91.46,91.46,37.50,37.50,37.50,0.00,0.00,0.00,37.50
TXN-A-001675-L3364,TXN-A-001675,TXN-B-002048-L4296,TXN-B-002048,EXACT_BARCODE,97.00,IDENTITY_MATCHED,QUANTITY_EXCESS,PRICE_MATCHED,AMOUNT_VARIANCE,QUANTITY_AND_AMOUNT_DIFFERENCE,Y,2.96,0.00,149.39,PRD-0049,PRD-0049,ZENITH USB Cable 1 KG,ZENITH USB Cable 1 KG,241.75,92.36,4.79,1.83,50.47,50.47,149.39,149.39,149.39,0.00,0.00,0.00,149.39
TXN-A-001676-L3366,TXN-A-001676,TXN-B-001922-L3939,TXN-B-001922,EXACT_BARCODE,97.00,IDENTITY_MATCHED,QUANTITY_EXCESS,PRICE_MATCHED,AMOUNT_VARIANCE,QUANTITY_AND_AMOUNT_DIFFERENCE,Y,4.28,0.00,126.47,PRD-0045,PRD-0045,NEXUS Whiteboard Marker 45 CM,NEXUS Whiteboard Marker 45 CM,250.58,124.11,8.48,4.20,29.55,29.55,126.47,126.47,126.47,0.00,0.00,0.00,126.47
TXN-A-001677-L3368,TXN-A-001677,TXN-B-001787-L3669,TXN-B-001787,EXACT_BARCODE,97.00,IDENTITY_MATCHED,QUANTITY_EXCESS,PRICE_VARIANCE,AMOUNT_VARIANCE,QUANTITY_AND_AMOUNT_DIFFERENCE,Y,2.36,-2.46,126.42,PRD-0007,PRD-0007,ZENITH Dish Liquid 5000 MAH,ZENITH Dish Liquid 5000 MAH,369.79,243.37,6.40,4.04,57.78,60.24,126.42,126.42,142.17,15.74,0.00,0.00,126.42
TXN-A-001678-L3370,TXN-A-001678,TXN-B-002031-L4262,TXN-B-002031,EXACT_BARCODE,97.00,IDENTITY_MATCHED,QUANTITY_EXCESS,PRICE_MATCHED,AMOUNT_VARIANCE,QUANTITY_AND_AMOUNT_DIFFERENCE,Y,1.52,0.00,39.73,PRD-0029,PRD-0029,AURORA Highlighter Set 9 V,AURORA Highlighter Set 9 V,195.00,155.27,7.46,5.94,26.14,26.14,39.73,39.73,39.73,0.00,0.00,0.00,39.73
TXN-A-001679-L3372,TXN-A-001679,TXN-B-001830-L3755,TXN-B-001830,EXACT_BARCODE,97.00,IDENTITY_MATCHED,QUANTITY_EXCESS,PRICE_MATCHED,AMOUNT_VARIANCE,QUANTITY_AND_AMOUNT_DIFFERENCE,Y,5.39,0.00,242.95,PRD-0069,PRD-0069,NEXUS HDMI Cable 1.5 L,NEXUS HDMI Cable 1.5 L,453.19,210.24,9.98,4.59,45.41,45.41,242.95,242.95,244.76,0.00,0.00,0.00,242.95
TXN-A-001680-L3374,TXN-A-001680,TXN-B-001671-L3437,TXN-B-001671,EXACT_BARCODE,97.00,IDENTITY_MATCHED,QUANTITY_EXCESS,PRICE_MATCHED,AMOUNT_VARIANCE,QUANTITY_AND_AMOUNT_DIFFERENCE,Y,2.67,0.00,154.09,PRD-0031,PRD-0031,ZENITH Binder Clip Box 3 V,ZENITH Binder Clip Box 3 V,569.60,415.51,9.87,7.20,57.71,57.71,154.09,154.09,154.09,0.00,0.00,0.00,154.09
TXN-A-001681-L3376,TXN-A-001681,TXN-B-001493-L2986,TXN-B-001493,FUZZY_NAME,92.30,IDENTITY_SUBSTITUTE,QUANTITY_SHORTAGE,PRICE_VARIANCE,AMOUNT_VARIANCE,QUANTITY_AND_AMOUNT_DIFFERENCE,Y,-4.49,47.38,165.69,PRD-0049,PRD-4011,ZENITH USB Cable 1 KG,ZENITH USB Cable 10000 5000 MAH,191.28,25.59,3.79,8.28,50.47,3.09,165.69,165.69,13.87,179.57,0.00,0.00,165.69
TXN-A-001682-L3378,TXN-A-001682,TXN-B-001642-L3379,TXN-B-001642,EXACT_PRIMARY_ID,100.00,IDENTITY_MATCHED,QUANTITY_SHORTAGE,PRICE_MATCHED,AMOUNT_VARIANCE,QUANTITY_AND_AMOUNT_DIFFERENCE,Y,-1.84,0.00,-4.90,PRD-0088,PRD-0088,ZENITH Face Cream 30 CM,ZENITH Face Cream 30 CM,15.37,20.27,5.78,7.62,2.66,2.66,-4.90,4.90,4.89,0.00,0.01,0.00,4.90
TXN-A-001683-L3380,TXN-A-001683,TXN-B-001998-L4171,TXN-B-001998,FUZZY_NAME,82.80,IDENTITY_SUBSTITUTE,QUANTITY_EXCESS,PRICE_MATCHED,AMOUNT_VARIANCE,QUANTITY_AND_AMOUNT_DIFFERENCE,Y,1.67,0.00,178.02,PRD-0077,PRD-3043,AURORA Shampoo 1 KG,AURX Shampoo KG,340.05,162.03,3.19,1.52,106.60,106.60,178.02,178.02,178.02,0.00,0.00,0.00,178.02
TXN-A-001684-L3382,TXN-A-001684,TXN-B-001735-L3565,TXN-B-001735,EXACT_BARCODE,97.00,IDENTITY_MATCHED,QUANTITY_EXCESS,PRICE_MATCHED,AMOUNT_VARIANCE,QUANTITY_AND_AMOUNT_DIFFERENCE,Y,0.63,0.00,36.36,PRD-0031,PRD-0031,ZENITH Binder Clip Box 3 V,ZENITH Binder Clip Box 3 V,745.04,708.68,12.91,12.28,57.71,57.71,36.36,36.36,36.36,0.00,0.00,0.00,36.36
TXN-A-001685-L3384,TXN-A-001685,TXN-B-001980-L4135,TXN-B-001980,EXACT_BARCODE,97.00,IDENTITY_MATCHED,QUANTITY_SHORTAGE,PRICE_MATCHED,AMOUNT_VARIANCE,QUANTITY_AND_AMOUNT_DIFFERENCE,Y,-188.37,0.00,-582.07,PRD-0050,PRD-0050,AURORA USB Cable 10000 MAH,AURORA USB Cable 10000 MAH,38.59,620.66,12.49,200.86,3.09,3.09,-582.07,582.07,582.06,0.00,0.01,0.00,582.07
TXN-A-001686-L3386,TXN-A-001686,TXN-B-001974-L4123,TXN-B-001974,EXACT_BARCODE,97.00,IDENTITY_MATCHED,QUANTITY_SHORTAGE,PRICE_MATCHED,AMOUNT_VARIANCE,QUANTITY_AND_AMOUNT_DIFFERENCE,Y,-446.34,0.00,-52877.90,PRD-0078,PRD-0078,NEXUS Shampoo 500 ML,NEXUS Shampoo 500 ML,1224.98,54102.88,10.34,456.68,118.47,118.47,-52877.90,52877.90,52877.90,0.00,0.00,0.00,52877.90
TXN-A-001687-L3388,TXN-A-001687,TXN-B-001931-L3957,TXN-B-001931,EXACT_BARCODE,97.00,IDENTITY_MATCHED,QUANTITY_EXCESS,PRICE_MATCHED,AMOUNT_VARIANCE,QUANTITY_AND_AMOUNT_DIFFERENCE,Y,6.87,0.00,326.32,PRD-0124,PRD-0124,ZENITH Sketch Pad 500 MG,ZENITH Sketch Pad 500 MG,532.00,205.68,11.20,4.33,47.50,47.50,326.32,326.32,326.32,0.00,0.00,0.00,326.32
TXN-A-001688-L3390,TXN-A-001688,TXN-B-001231-L2462,TXN-B-001231,EXACT_PRODUCT_CODE,95.00,IDENTITY_MATCHED,QUANTITY_EXCESS,PRICE_MATCHED,AMOUNT_VARIANCE,QUANTITY_AND_AMOUNT_DIFFERENCE,Y,1.76,0.00,159.93,PRD-0130,PRD-8298,ZENITH Ruler Set 45 CM,ZENITH Ruler Set 45 CM,388.01,228.08,4.27,2.51,90.87,90.87,159.93,159.93,159.93,0.00,0.00,0.00,159.93
TXN-A-001689-L3392,TXN-A-001689,TXN-B-001934-L3963,TXN-B-001934,EXACT_BARCODE,97.00,IDENTITY_MATCHED,QUANTITY_SHORTAGE,PRICE_MATCHED,AMOUNT_VARIANCE,QUANTITY_AND_AMOUNT_DIFFERENCE,Y,-1.19,0.00,-20.33,PRD-0098,PRD-0098,AURORA Cutting Board 10 IN,AURORA Cutting Board 10 IN,43.07,63.40,2.52,3.71,17.09,17.09,-20.33,20.33,20.34,0.00,0.00,0.00,20.33
TXN-A-001690-L3394,TXN-A-001690,TXN-B-001256-L2512,TXN-B-001256,NORMALIZED_NAME,90.00,IDENTITY_MATCHED,QUANTITY_SHORTAGE,PRICE_MATCHED,AMOUNT_VARIANCE,QUANTITY_AND_AMOUNT_DIFFERENCE,Y,-2.89,0.00,-50.11,PRD-0035,PRD-7281,AURORA Stapler 10 W,AURORA Stapler 10 W,45.95,96.06,2.65,5.54,17.34,17.34,-50.11,50.11,50.11,0.00,0.00,0.00,50.11
TXN-A-001691-L3396,TXN-A-001691,TXN-B-001813-L3721,TXN-B-001813,EXACT_BARCODE,97.00,IDENTITY_MATCHED,QUANTITY_EXCESS,PRICE_MATCHED,AMOUNT_VARIANCE,QUANTITY_AND_AMOUNT_DIFFERENCE,Y,0.33,0.00,10.68,PRD-0023,PRD-0023,AURORA Floor Polish 100 MG,AURORA Floor Polish 100 MG,285.75,275.07,5.49,5.16,52.05,52.05,10.68,10.68,17.18,0.00,0.00,0.00,10.68
TXN-A-001692-L3398,TXN-A-001692,TXN-B-001652-L3399,TXN-B-001652,EXACT_PRIMARY_ID,100.00,IDENTITY_MATCHED,QUANTITY_SHORTAGE,PRICE_MATCHED,AMOUNT_VARIANCE,QUANTITY_AND_AMOUNT_DIFFERENCE,Y,-1.23,0.00,-39.24,PRD-0122,PRD-0122,AURORA Notebook 5000 MAH,AURORA Notebook 5000 MAH,181.19,220.43,5.68,6.91,31.90,31.90,-39.24,39.24,39.24,0.00,0.00,0.00,39.24
TXN-A-001693-L3400,TXN-A-001693,TXN-B-001653-L3401,TXN-B-001653,EXACT_PRIMARY_ID,100.00,IDENTITY_MATCHED,QUANTITY_SHORTAGE,PRICE_MATCHED,AMOUNT_VARIANCE,QUANTITY_AND_AMOUNT_DIFFERENCE,Y,-1.93,0.00,-194.04,PRD-0112,PRD-0112,ZENITH Kitchen Towel 30 CM,ZENITH Kitchen Towel 30 CM,878.72,1072.76,8.74,10.67,100.54,100.54,-194.04,194.04,194.04,0.00,0.00,0.00,194.04
TXN-A-001694-L3402,TXN-A-001694,TXN-B-001266-L2532,TXN-B-001266,NORMALIZED_NAME,90.00,IDENTITY_MATCHED,QUANTITY_EXCESS,PRICE_MATCHED,AMOUNT_VARIANCE,QUANTITY_AND_AMOUNT_DIFFERENCE,Y,8.79,0.00,341.32,PRD-0068,PRD-7845,AURORA HDMI Cable 10000 MAH,AURORA HDMI Cable 10000 MAH,480.33,139.01,12.37,3.58,38.83,38.83,341.32,341.32,341.32,0.00,0.00,0.00,341.32
TXN-A-001695-L3404,TXN-A-001695,TXN-B-001702-L3499,TXN-B-001702,EXACT_BARCODE,97.00,IDENTITY_MATCHED,QUANTITY_EXCESS,PRICE_MATCHED,AMOUNT_VARIANCE,QUANTITY_AND_AMOUNT_DIFFERENCE,Y,2.18,0.00,75.40,PRD-0001,PRD-0001,ZENITH All Purpose Cleaner 10 IN,ZENITH All Purpose Cleaner 10 IN,228.29,152.89,6.60,4.42,34.59,34.59,75.40,75.40,75.41,0.00,0.00,0.00,75.40
TXN-A-001696-L3406,TXN-A-001696,TXN-B-001837-L3769,TXN-B-001837,EXACT_BARCODE,97.00,IDENTITY_MATCHED,QUANTITY_EXCESS,PRICE_MATCHED,AMOUNT_VARIANCE,QUANTITY_AND_AMOUNT_DIFFERENCE,Y,8.51,0.00,964.61,PRD-0101,PRD-0101,AURORA Mixing Bowl Set 100 MG,AURORA Mixing Bowl Set 100 MG,1397.03,432.42,12.30,3.79,113.58,113.58,964.61,964.61,966.57,0.00,0.00,0.00,964.61
TXN-A-001697-L3408,TXN-A-001697,TXN-B-001193-L2386,TXN-B-001193,EXACT_PRODUCT_CODE,95.00,IDENTITY_MATCHED,QUANTITY_SHORTAGE,PRICE_MATCHED,AMOUNT_VARIANCE,QUANTITY_AND_AMOUNT_DIFFERENCE,Y,-3.90,0.00,-176.86,PRD-0052,PRD-8181,ZENITH Power Adapter 20 W,ZENITH Power Adapter 20 W,174.60,351.46,3.85,7.75,45.35,45.35,-176.86,176.86,176.87,0.00,0.00,0.00,176.86
TXN-A-001698-L3410,TXN-A-001698,TXN-B-001198-L2396,TXN-B-001198,EXACT_PRODUCT_CODE,95.00,IDENTITY_MATCHED,QUANTITY_EXCESS,PRICE_MATCHED,AMOUNT_VARIANCE,QUANTITY_AND_AMOUNT_DIFFERENCE,Y,2.93,0.00,130.74,PRD-0110,PRD-8712,AURORA Storage Container 5 W,AURORA Storage Container 5 W,199.45,68.71,4.47,1.54,44.62,44.62,130.74,130.74,130.74,0.00,0.00,0.00,130.74
TXN-A-001699-L3412,TXN-A-001699,TXN-B-001401-L2802,TXN-B-001401,FUZZY_NAME,87.20,IDENTITY_SUBSTITUTE,QUANTITY_SHORTAGE,PRICE_MATCHED,AMOUNT_VARIANCE,QUANTITY_AND_AMOUNT_DIFFERENCE,Y,-0.61,0.00,-62.25,PRD-0009,PRD-5677,NEXUS Dish Liquid 10 W,SPECTRA Dish Liquid 10 W,464.33,526.58,4.55,5.16,102.05,102.05,-62.25,62.25,62.25,0.00,0.00,0.00,62.25
TXN-A-001700-L3414,TXN-A-001700,TXN-B-001283-L2566,TXN-B-001283,NORMALIZED_NAME,90.00,IDENTITY_MATCHED,QUANTITY_EXCESS,PRICE_MATCHED,AMOUNT_VARIANCE,QUANTITY_AND_AMOUNT_DIFFERENCE,Y,3.36,0.00,111.08,PRD-0084,PRD-7838,NEXUS Toothpaste 15 W,NEXUS Toothpaste 15 W,226.79,115.71,6.86,3.50,33.06,33.06,111.08,111.08,111.08,0.00,0.00,0.00,111.08
TXN-A-001701-L3416,TXN-A-001701,TXN-B-001670-L3435,TXN-B-001670,EXACT_BARCODE,97.00,IDENTITY_MATCHED,QUANTITY_SHORTAGE,PRICE_MATCHED,AMOUNT_VARIANCE,QUANTITY_AND_AMOUNT_DIFFERENCE,Y,-1.95,0.00,-141.12,PRD-0074,PRD-0074,AURORA Hand Soap 1.5 V,AURORA Hand Soap 1.5 V,269.22,410.34,3.72,5.67,72.37,72.37,-141.12,141.12,141.12,0.00,0.00,0.00,141.12
TXN-A-001702-L3418,TXN-A-001702,TXN-B-001262-L2524,TXN-B-001262,NORMALIZED_NAME,90.00,IDENTITY_MATCHED,QUANTITY_SHORTAGE,PRICE_MATCHED,AMOUNT_VARIANCE,QUANTITY_AND_AMOUNT_DIFFERENCE,Y,-3.73,0.00,-64.68,PRD-0035,PRD-7212,AURORA Stapler 10 W,AURORA Stapler 10 W,106.47,171.15,6.14,9.87,17.34,17.34,-64.68,64.68,64.68,0.00,0.00,0.00,64.68
TXN-A-001703-L3420,TXN-A-001703,TXN-B-001902-L3899,TXN-B-001902,EXACT_BARCODE,97.00,IDENTITY_MATCHED,QUANTITY_EXCESS,PRICE_MATCHED,AMOUNT_VARIANCE,QUANTITY_AND_AMOUNT_DIFFERENCE,Y,2.85,0.00,34.94,PRD-0076,PRD-0076,ZENITH Shampoo 200 G,ZENITH Shampoo 200 G,89.74,54.80,7.32,4.47,12.26,12.26,34.94,34.94,34.94,0.00,0.00,0.00,34.94
TXN-A-001704-L3422,TXN-A-001704,TXN-B-001423-L2846,TXN-B-001423,FUZZY_NAME,87.50,IDENTITY_SUBSTITUTE,QUANTITY_EXCESS,PRICE_MATCHED,AMOUNT_VARIANCE,QUANTITY_AND_AMOUNT_DIFFERENCE,Y,3.60,0.00,139.50,PRD-0019,PRD-5459,ZENITH Air Freshener 45 CM,VERTEX Air Freshener 45 CM,307.29,167.79,7.93,4.33,38.75,38.75,139.50,139.50,139.50,0.00,0.00,0.00,139.50
TXN-A-001705-L3424,TXN-A-001705,TXN-B-001462-L2924,TXN-B-001462,FUZZY_NAME,86.40,IDENTITY_SUBSTITUTE,QUANTITY_EXCESS,PRICE_MATCHED,AMOUNT_VARIANCE,QUANTITY_AND_AMOUNT_DIFFERENCE,Y,1.44,0.00,72.08,PRD-0089,PRD-5020,AURORA Face Cream 500 ML,QUANTUM Face Cream 500 ML,470.56,398.48,9.40,7.96,50.06,50.06,72.08,72.08,72.09,0.00,0.00,0.00,72.08
TXN-A-001706-L3426,TXN-A-001706,TXN-B-001967-L4109,TXN-B-001967,EXACT_BARCODE,97.00,IDENTITY_MATCHED,QUANTITY_EXCESS,PRICE_MATCHED,AMOUNT_VARIANCE,QUANTITY_AND_AMOUNT_DIFFERENCE,Y,10.96,0.00,189.82,PRD-0071,PRD-0071,AURORA Mouse Pad 50 G,AURORA Mouse Pad 50 G,211.30,21.48,12.20,1.24,17.32,17.32,189.82,189.82,189.83,0.00,0.00,0.00,189.82
TXN-A-001707-L3428,TXN-A-001707,TXN-B-001667-L3429,TXN-B-001667,EXACT_PRIMARY_ID,100.00,IDENTITY_MATCHED,QUANTITY_SHORTAGE,PRICE_MATCHED,AMOUNT_VARIANCE,QUANTITY_AND_AMOUNT_DIFFERENCE,Y,-2.13,0.00,-174.68,PRD-0126,PRD-0126,NEXUS Sketch Pad 250 ML,NEXUS Sketch Pad 250 ML,395.29,569.97,4.82,6.95,82.01,82.01,-174.68,174.68,174.68,0.00,0.00,0.00,174.68
TXN-A-001708-L3430,TXN-A-001708,TXN-B-001409-L2818,TXN-B-001409,FUZZY_NAME,89.50,IDENTITY_SUBSTITUTE,QUANTITY_EXCESS,PRICE_MATCHED,AMOUNT_VARIANCE,QUANTITY_AND_AMOUNT_DIFFERENCE,Y,2.59,0.00,306.83,PRD-0078,PRD-5872,NEXUS Shampoo 500 ML,APEX Shampoo 500 ML,898.00,591.17,7.58,4.99,118.47,118.47,306.83,306.83,306.84,0.00,0.00,0.00,306.83
TXN-A-001709-L3432,TXN-A-001709,TXN-B-001694-L3483,TXN-B-001694,EXACT_BARCODE,97.00,IDENTITY_MATCHED,QUANTITY_EXCESS,PRICE_MATCHED,AMOUNT_VARIANCE,QUANTITY_AND_AMOUNT_DIFFERENCE,Y,2.70,0.00,254.50,PRD-0051,PRD-0051,NEXUS USB Cable 500 MG,NEXUS USB Cable 500 MG,546.71,292.21,5.80,3.10,94.26,94.26,254.50,254.50,254.50,0.00,0.00,0.00,254.50
TXN-A-001710-L3434,TXN-A-001710,TXN-B-001765-L3625,TXN-B-001765,EXACT_BARCODE,97.00,IDENTITY_MATCHED,QUANTITY_EXCESS,PRICE_VARIANCE,AMOUNT_VARIANCE,QUANTITY_AND_AMOUNT_DIFFERENCE,Y,2.06,-2.24,145.63,PRD-0074,PRD-0074,AURORA Hand Soap 1.5 V,AURORA Hand Soap 1.5 V,260.53,114.90,3.60,1.54,72.37,74.61,145.63,145.63,153.70,8.06,0.00,0.00,145.63
TXN-A-001711-L3436,TXN-A-001711,TXN-B-001818-L3731,TXN-B-001818,EXACT_BARCODE,97.00,IDENTITY_MATCHED,QUANTITY_SHORTAGE,PRICE_MATCHED,AMOUNT_VARIANCE,QUANTITY_AND_AMOUNT_DIFFERENCE,Y,-1.81,0.00,-111.65,PRD-0031,PRD-0031,ZENITH Binder Clip Box 3 V,ZENITH Binder Clip Box 3 V,346.84,458.49,6.01,7.82,57.71,57.71,-111.65,111.65,104.46,0.00,7.19,0.00,111.65
TXN-A-001712-L3438,TXN-A-001712,TXN-B-001844-L3783,TXN-B-001844,EXACT_BARCODE,97.00,IDENTITY_MATCHED,QUANTITY_EXCESS,PRICE_VARIANCE,AMOUNT_VARIANCE,QUANTITY_AND_AMOUNT_DIFFERENCE,Y,2.96,-2.24,77.65,PRD-0145,PRD-0145,ZENITH Screwdriver Set 10 W,ZENITH Screwdriver Set 10 W,335.37,257.72,10.50,7.54,31.94,34.18,77.65,77.65,101.17,23.52,0.00,0.00,77.65
TXN-A-001713-L3440,TXN-A-001713,TXN-B-001165-L2330,TXN-B-001165,EXACT_PRODUCT_CODE,95.00,IDENTITY_MATCHED,QUANTITY_EXCESS,PRICE_MATCHED,AMOUNT_VARIANCE,QUANTITY_AND_AMOUNT_DIFFERENCE,Y,5.59,0.00,538.60,PRD-0138,PRD-8514,NEXUS Scissors 500 MG,NEXUS Scissors 500 MG,1078.16,539.56,11.19,5.60,96.35,96.35,538.60,538.60,538.60,0.00,0.00,0.00,538.60
TXN-A-001714-L3442,TXN-A-001714,TXN-B-001696-L3487,TXN-B-001696,EXACT_BARCODE,97.00,IDENTITY_MATCHED,QUANTITY_EXCESS,PRICE_MATCHED,AMOUNT_VARIANCE,QUANTITY_AND_AMOUNT_DIFFERENCE,Y,7.65,0.00,243.96,PRD-0133,PRD-0133,ZENITH Glue Stick 250 MG,ZENITH Glue Stick 250 MG,392.57,148.61,12.31,4.66,31.89,31.89,243.96,243.96,243.96,0.00,0.00,0.00,243.96
TXN-A-001715-L3444,TXN-A-001715,TXN-B-002079-L4358,TXN-B-002079,EXACT_BARCODE,97.00,IDENTITY_MATCHED,QUANTITY_EXCESS,PRICE_MATCHED,AMOUNT_VARIANCE,QUANTITY_AND_AMOUNT_DIFFERENCE,Y,2.79,0.00,70.59,PRD-0010,PRD-0010,ZENITH Laundry Detergent 1.5 V,ZENITH Laundry Detergent 1.5 V,141.68,71.09,5.60,2.81,25.30,25.30,70.59,70.59,70.59,0.00,0.00,0.00,70.59
TXN-A-001716-L3446,TXN-A-001716,TXN-B-001676-L3447,TXN-B-001676,EXACT_PRIMARY_ID,100.00,IDENTITY_MATCHED,QUANTITY_SHORTAGE,PRICE_MATCHED,AMOUNT_VARIANCE,QUANTITY_AND_AMOUNT_DIFFERENCE,Y,-2.16,0.00,-68.90,PRD-0122,PRD-0122,AURORA Notebook 5000 MAH,AURORA Notebook 5000 MAH,108.78,177.68,3.41,5.57,31.90,31.90,-68.90,68.90,68.90,0.00,0.00,0.00,68.90
TXN-A-001717-L3448,TXN-A-001717,TXN-B-001260-L2520,TXN-B-001260,NORMALIZED_NAME,90.00,IDENTITY_MATCHED,QUANTITY_SHORTAGE,PRICE_MATCHED,AMOUNT_VARIANCE,QUANTITY_AND_AMOUNT_DIFFERENCE,Y,-1.49,0.00,-38.24,PRD-0096,PRD-7336,NEXUS Lotion 1 KG,NEXUS Lotion 1 KG,173.02,211.26,6.74,8.23,25.67,25.67,-38.24,38.24,38.25,0.00,0.00,0.00,38.24
TXN-A-001718-L3450,TXN-A-001718,TXN-B-002089-L4378,TXN-B-002089,EXACT_BARCODE,97.00,IDENTITY_MATCHED,QUANTITY_EXCESS,PRICE_MATCHED,AMOUNT_VARIANCE,QUANTITY_AND_AMOUNT_DIFFERENCE,Y,8.27,0.00,756.38,PRD-0146,PRD-0146,AURORA Screwdriver Set 500 ML,AURORA Screwdriver Set 500 ML,1055.45,299.07,11.54,3.27,91.46,91.46,756.38,756.38,756.37,0.00,0.01,0.00,756.38
TXN-A-001719-L3452,TXN-A-001719,,,GENERIC_STRENGTH_EQUIVALENT,85.00,IDENTITY_UNMATCHED,QUANTITY_NOT_APPLICABLE,PRICE_NOT_APPLICABLE,AMOUNT_NOT_APPLICABLE,UNRESOLVED,Y,,,,PRD-0148,,ZENITH Wrench Set 30 CM,,871.43,0.00,7.45,,116.97,,871.43,871.43,0.00,0.00,871.43,871.43,871.43
TXN-A-001720-L3454,TXN-A-001720,TXN-B-001906-L3907,TXN-B-001906,EXACT_BARCODE,97.00,IDENTITY_MATCHED,QUANTITY_EXCESS,PRICE_MATCHED,AMOUNT_VARIANCE,QUANTITY_AND_AMOUNT_DIFFERENCE,Y,6.16,0.00,603.49,PRD-0011,PRD-0011,AURORA Laundry Detergent 2000 MAH,AURORA Laundry Detergent 2000 MAH,900.34,296.85,9.19,3.03,97.97,97.97,603.49,603.49,603.50,0.00,0.00,0.00,603.49
TXN-A-001721-L3456,TXN-A-001721,TXN-B-001903-L3901,TXN-B-001903,EXACT_BARCODE,97.00,IDENTITY_MATCHED,QUANTITY_EXCESS,PRICE_MATCHED,AMOUNT_VARIANCE,QUANTITY_AND_AMOUNT_DIFFERENCE,Y,4.53,0.00,97.03,PRD-0121,PRD-0121,ZENITH Notebook 1 L,ZENITH Notebook 1 L,200.92,103.89,9.38,4.85,21.42,21.42,97.03,97.03,97.03,0.00,0.00,0.00,97.03
TXN-A-001722-L3458,TXN-A-001722,TXN-B-001191-L2382,TXN-B-001191,EXACT_PRODUCT_CODE,95.00,IDENTITY_MATCHED,QUANTITY_EXCESS,PRICE_MATCHED,AMOUNT_VARIANCE,QUANTITY_AND_AMOUNT_DIFFERENCE,Y,1.72,0.00,122.50,PRD-0136,PRD-8546,ZENITH Scissors 3 V,ZENITH Scissors 3 V,223.63,101.13,3.14,1.42,71.22,71.22,122.50,122.50,122.50,0.00,0.00,0.00,122.50
TXN-A-001723-L3460,TXN-A-001723,TXN-B-001882-L3859,TXN-B-001882,EXACT_BARCODE,97.00,IDENTITY_MATCHED,QUANTITY_EXCESS,PRICE_MATCHED,AMOUNT_VARIANCE,QUANTITY_AND_AMOUNT_DIFFERENCE,Y,7.62,0.00,888.80,PRD-0087,PRD-0087,NEXUS Deodorant 9 V,NEXUS Deodorant 9 V,1435.84,547.04,12.31,4.69,116.64,116.64,888.80,888.80,888.80,0.00,0.00,0.00,888.80
TXN-A-001724-L3462,TXN-A-001724,TXN-B-001684-L3463,TXN-B-001684,EXACT_PRIMARY_ID,100.00,IDENTITY_MATCHED,QUANTITY_SHORTAGE,PRICE_MATCHED,AMOUNT_VARIANCE,QUANTITY_AND_AMOUNT_DIFFERENCE,Y,-3.00,0.00,-218.91,PRD-0058,PRD-0058,ZENITH Screen Protector 3 V,ZENITH Screen Protector 3 V,296.26,515.17,4.06,7.06,72.97,72.97,-218.91,218.91,218.91,0.00,0.00,0.00,218.91
TXN-A-001725-L3464,TXN-A-001725,TXN-B-001685-L3465,TXN-B-001685,EXACT_PRIMARY_ID,100.00,IDENTITY_MATCHED,QUANTITY_SHORTAGE,PRICE_MATCHED,AMOUNT_VARIANCE,QUANTITY_AND_AMOUNT_DIFFERENCE,Y,-2.60,0.00,-261.40,PRD-0112,PRD-0112,ZENITH Kitchen Towel 30 CM,ZENITH Kitchen Towel 30 CM,677.64,939.04,6.74,9.34,100.54,100.54,-261.40,261.40,261.40,0.00,0.00,0.00,261.40
TXN-A-001726-L3466,TXN-A-001726,TXN-B-001729-L3553,TXN-B-001729,EXACT_BARCODE,97.00,IDENTITY_MATCHED,QUANTITY_EXCESS,PRICE_MATCHED,AMOUNT_VARIANCE,QUANTITY_AND_AMOUNT_DIFFERENCE,Y,4.89,0.00,155.94,PRD-0133,PRD-0133,ZENITH Glue Stick 250 MG,ZENITH Glue Stick 250 MG,434.02,278.08,13.61,8.72,31.89,31.89,155.94,155.94,155.94,0.00,0.00,0.00,155.94
TXN-A-001727-L3468,TXN-A-001727,TXN-B-001178-L2356,TXN-B-001178,EXACT_PRODUCT_CODE,95.00,IDENTITY_MATCHED,QUANTITY_SHORTAGE,PRICE_MATCHED,AMOUNT_VARIANCE,QUANTITY_AND_AMOUNT_DIFFERENCE,Y,-0.99,0.00,-27.50,PRD-0046,PRD-8327,ZENITH Tape Dispenser 250 ML,ZENITH Tape Dispenser 250 ML,221.96,249.46,7.99,8.98,27.78,27.78,-27.50,27.50,27.50,0.00,0.00,0.00,27.50
TXN-A-001728-L3470,TXN-A-001728,TXN-B-001406-L2812,TXN-B-001406,FUZZY_NAME,91.20,IDENTITY_SUBSTITUTE,QUANTITY_EXCESS,PRICE_MATCHED,AMOUNT_VARIANCE,QUANTITY_AND_AMOUNT_DIFFERENCE,Y,8.34,0.00,791.14,PRD-0129,PRD-5853,NEXUS Colored Pencil Set 750 ML,SUMMIT Colored Pencil Set 750 ML,1249.31,458.17,13.17,4.83,94.86,94.86,791.14,791.14,791.13,0.00,0.01,0.00,791.14
TXN-A-001729-L3472,TXN-A-001729,TXN-B-001434-L2868,TXN-B-001434,FUZZY_NAME,89.80,IDENTITY_SUBSTITUTE,QUANTITY_EXCESS,PRICE_MATCHED,AMOUNT_VARIANCE,QUANTITY_AND_AMOUNT_DIFFERENCE,Y,5.58,0.00,216.67,PRD-0068,PRD-5605,AURORA HDMI Cable 10000 MAH,PRISM HDMI Cable 10000 MAH,551.77,335.10,14.21,8.63,38.83,38.83,216.67,216.67,216.67,0.00,0.00,0.00,216.67
TXN-A-001730-L3474,TXN-A-001730,,,POSSIBLE_SUBSTITUTE,70.00,IDENTITY_UNMATCHED,QUANTITY_NOT_APPLICABLE,PRICE_NOT_APPLICABLE,AMOUNT_NOT_APPLICABLE,UNRESOLVED,Y,,,,PRD-0085,,ZENITH Deodorant 200 G,,1252.65,0.00,14.50,,86.39,,1252.65,1252.65,0.00,0.00,1252.65,1252.65,1252.65
TXN-A-001731-L3476,TXN-A-001731,TXN-B-001450-L2900,TXN-B-001450,FUZZY_NAME,80.00,IDENTITY_SUBSTITUTE,QUANTITY_EXCESS,PRICE_VARIANCE,AMOUNT_VARIANCE,QUANTITY_AND_AMOUNT_DIFFERENCE,Y,12.32,-20.13,717.29,PRD-0117,PRD-5665,NEXUS Can Opener 5 W,HELIX Can Opener 500 MG,827.70,110.41,13.69,1.37,60.46,80.59,717.29,717.29,992.87,275.58,0.00,0.00,717.29
TXN-A-001732-L3478,TXN-A-001732,TXN-B-001328-L2656,TXN-B-001328,NORMALIZED_NAME,90.00,IDENTITY_MATCHED,QUANTITY_EXCESS,PRICE_MATCHED,AMOUNT_VARIANCE,QUANTITY_AND_AMOUNT_DIFFERENCE,Y,7.41,0.00,98.55,PRD-0119,PRD-7483,AURORA Peeler 100 MG,AURORA Peeler 100 MG,177.42,78.87,13.34,5.93,13.30,13.30,98.55,98.55,98.55,0.00,0.00,0.00,98.55
TXN-A-001733-L3480,TXN-A-001733,TXN-B-001294-L2588,TXN-B-001294,NORMALIZED_NAME,90.00,IDENTITY_MATCHED,QUANTITY_EXCESS,PRICE_MATCHED,AMOUNT_VARIANCE,QUANTITY_AND_AMOUNT_DIFFERENCE,Y,1.09,0.00,43.66,PRD-0144,PRD-7986,NEXUS Marker Set 250 ML,NEXUS Marker Set 250 ML,341.23,297.57,8.52,7.43,40.05,40.05,43.66,43.66,43.65,0.00,0.01,0.00,43.66
TXN-A-001734-L3482,TXN-A-001734,TXN-B-001137-L2274,TXN-B-001137,EXACT_PRODUCT_CODE,95.00,IDENTITY_MATCHED,QUANTITY_SHORTAGE,PRICE_MATCHED,AMOUNT_VARIANCE,QUANTITY_AND_AMOUNT_DIFFERENCE,Y,-3.98,0.00,-375.16,PRD-0051,PRD-8349,NEXUS USB Cable 500 MG,NEXUS USB Cable 500 MG,511.83,886.99,5.43,9.41,94.26,94.26,-375.16,375.16,375.15,0.00,0.01,0.00,375.16
TXN-A-001735-L3484,TXN-A-001735,,,GENERIC_STRENGTH_EQUIVALENT,85.00,IDENTITY_UNMATCHED,QUANTITY_NOT_APPLICABLE,PRICE_NOT_APPLICABLE,AMOUNT_NOT_APPLICABLE,UNRESOLVED,Y,,,,PRD-0119,,AURORA Peeler 100 MG,,152.68,0.00,11.48,,13.30,,152.68,152.68,0.00,0.00,152.68,152.68,152.68
TXN-A-001736-L3486,TXN-A-001736,TXN-B-001763-L3621,TXN-B-001763,EXACT_BARCODE,97.00,IDENTITY_MATCHED,QUANTITY_EXCESS,PRICE_VARIANCE,AMOUNT_VARIANCE,QUANTITY_AND_AMOUNT_DIFFERENCE,Y,2.81,-2.30,78.89,PRD-0133,PRD-0133,ZENITH Glue Stick 250 MG,ZENITH Glue Stick 250 MG,238.22,159.33,7.47,4.66,31.89,34.19,78.89,78.89,96.07,17.18,0.00,0.00,78.89
TXN-A-001737-L3488,TXN-A-001737,TXN-B-001739-L3573,TXN-B-001739,EXACT_BARCODE,97.00,IDENTITY_MATCHED,QUANTITY_SHORTAGE,PRICE_MATCHED,AMOUNT_VARIANCE,QUANTITY_AND_AMOUNT_DIFFERENCE,Y,-6.55,0.00,-583.02,PRD-0150,PRD-0150,NEXUS Wrench Set 9 V,NEXUS Wrench Set 9 V,571.44,1154.46,6.42,12.97,89.01,89.01,-583.02,583.02,583.02,0.00,0.00,0.00,583.02
TXN-A-001738-L3490,TXN-A-001738,TXN-B-001926-L3947,TXN-B-001926,EXACT_BARCODE,97.00,IDENTITY_MATCHED,QUANTITY_EXCESS,PRICE_MATCHED,AMOUNT_VARIANCE,QUANTITY_AND_AMOUNT_DIFFERENCE,Y,6.02,0.00,73.81,PRD-0076,PRD-0076,ZENITH Shampoo 200 G,ZENITH Shampoo 200 G,113.65,39.84,9.27,3.25,12.26,12.26,73.81,73.81,73.81,0.00,0.00,0.00,73.81
TXN-A-001739-L3492,TXN-A-001739,TXN-B-001699-L3493,TXN-B-001699,EXACT_PRIMARY_ID,100.00,IDENTITY_MATCHED,QUANTITY_EXCESS,PRICE_MATCHED,AMOUNT_VARIANCE,QUANTITY_AND_AMOUNT_DIFFERENCE,Y,2.66,0.00,267.44,PRD-0112,PRD-0112,ZENITH Kitchen Towel 30 CM,ZENITH Kitchen Towel 30 CM,703.78,436.34,7.00,4.34,100.54,100.54,267.44,267.44,267.44,0.00,0.00,0.00,267.44
TXN-A-001740-L3494,TXN-A-001740,TXN-B-001229-L2458,TXN-B-001229,EXACT_PRODUCT_CODE,95.00,IDENTITY_MATCHED,QUANTITY_EXCESS,PRICE_MATCHED,AMOUNT_VARIANCE,QUANTITY_AND_AMOUNT_DIFFERENCE,Y,7.14,0.00,833.09,PRD-0003,PRD-8760,NEXUS All Purpose Cleaner 250 ML,NEXUS All Purpose Cleaner 250 ML,1607.85,774.76,13.78,6.64,116.68,116.68,833.09,833.09,833.10,0.00,0.00,0.00,833.09
TXN-A-001741-L3496,TXN-A-001741,TXN-B-001920-L3935,TXN-B-001920,EXACT_BARCODE,97.00,IDENTITY_MATCHED,QUANTITY_EXCESS,PRICE_MATCHED,AMOUNT_VARIANCE,QUANTITY_AND_AMOUNT_DIFFERENCE,Y,3.54,0.00,80.00,PRD-0073,PRD-0073,ZENITH Hand Soap 250 MG,ZENITH Hand Soap 250 MG,185.77,105.77,8.22,4.68,22.60,22.60,80.00,80.00,80.00,0.00,0.00,0.00,80.00
TXN-A-001742-L3498,TXN-A-001742,TXN-B-001868-L3831,TXN-B-001868,EXACT_BARCODE,97.00,IDENTITY_MATCHED,QUANTITY_SHORTAGE,PRICE_VARIANCE,AMOUNT_VARIANCE,QUANTITY_AND_AMOUNT_DIFFERENCE,Y,-3.51,-1.37,-135.27,PRD-0001,PRD-0001,ZENITH All Purpose Cleaner 10 IN,ZENITH All Purpose Cleaner 10 IN,228.29,363.56,6.60,10.11,34.59,35.96,-135.27,135.27,126.22,9.04,0.01,0.00,135.27
TXN-A-001743-L3500,TXN-A-001743,TXN-B-001330-L2660,TXN-B-001330,NORMALIZED_NAME,90.00,IDENTITY_MATCHED,QUANTITY_EXCESS,PRICE_MATCHED,AMOUNT_VARIANCE,QUANTITY_AND_AMOUNT_DIFFERENCE,Y,5.59,0.00,511.26,PRD-0146,PRD-7564,AURORA Screwdriver Set 500 ML,AURORA Screwdriver Set 500 ML,1274.04,762.78,13.93,8.34,91.46,91.46,511.26,511.26,511.26,0.00,0.00,0.00,511.26
TXN-A-001744-L3502,TXN-A-001744,TXN-B-001160-L2320,TXN-B-001160,EXACT_PRODUCT_CODE,95.00,IDENTITY_MATCHED,QUANTITY_EXCESS,PRICE_MATCHED,AMOUNT_VARIANCE,QUANTITY_AND_AMOUNT_DIFFERENCE,Y,1.64,0.00,52.38,PRD-0145,PRD-8201,ZENITH Screwdriver Set 10 W,ZENITH Screwdriver Set 10 W,160.34,107.96,5.02,3.38,31.94,31.94,52.38,52.38,52.38,0.00,0.00,0.00,52.38
TXN-A-001745-L3504,TXN-A-001745,TXN-B-001176-L2352,TXN-B-001176,FUZZY_NAME,84.00,IDENTITY_SUBSTITUTE,QUANTITY_EXCESS,PRICE_VARIANCE,AMOUNT_VARIANCE,QUANTITY_AND_AMOUNT_DIFFERENCE,Y,2.85,-64.61,-467.78,PRD-0015,PRD-8664,NEXUS Fabric Softener 200 G,AURORA Fabric Softener 250 MG,577.09,1044.87,12.18,9.33,47.38,111.99,-467.78,467.78,319.17,786.95,0.00,0.00,467.78
TXN-A-001746-L3506,TXN-A-001746,TXN-B-001447-L2894,TXN-B-001447,FUZZY_NAME,92.90,IDENTITY_SUBSTITUTE,QUANTITY_EXCESS,PRICE_MATCHED,AMOUNT_VARIANCE,QUANTITY_AND_AMOUNT_DIFFERENCE,Y,8.71,0.00,595.94,PRD-0104,PRD-5831,AURORA Measuring Cup 10000 MAH,SPECTRA Measuring Cup 10000 MAH,791.62,195.68,11.57,2.86,68.42,68.42,595.94,595.94,595.94,0.00,0.00,0.00,595.94
TXN-A-001747-L3508,TXN-A-001747,TXN-B-001885-L3865,TXN-B-001885,EXACT_BARCODE,97.00,IDENTITY_MATCHED,QUANTITY_EXCESS,PRICE_MATCHED,AMOUNT_VARIANCE,QUANTITY_AND_AMOUNT_DIFFERENCE,Y,3.67,0.00,166.58,PRD-0139,PRD-0139,ZENITH Eraser Pack 500 G,ZENITH Eraser Pack 500 G,233.30,66.72,5.14,1.47,45.39,45.39,166.58,166.58,166.58,0.00,0.00,0.00,166.58
TXN-A-001748-L3510,TXN-A-001748,TXN-B-001419-L2838,TXN-B-001419,FUZZY_NAME,90.50,IDENTITY_SUBSTITUTE,QUANTITY_EXCESS,PRICE_MATCHED,AMOUNT_VARIANCE,QUANTITY_AND_AMOUNT_DIFFERENCE,Y,3.86,0.00,84.77,PRD-0033,PRD-5901,NEXUS Binder Clip Box 45 CM,TITAN Binder Clip Box 45 CM,276.04,191.27,12.57,8.71,21.96,21.96,84.77,84.77,84.77,0.00,0.00,0.00,84.77
TXN-A-001749-L3512,TXN-A-001749,TXN-B-001451-L2902,TXN-B-001451,FUZZY_NAME,91.20,IDENTITY_SUBSTITUTE,QUANTITY_EXCESS,PRICE_MATCHED,AMOUNT_VARIANCE,QUANTITY_AND_AMOUNT_DIFFERENCE,Y,11.20,0.00,1062.44,PRD-0129,PRD-5790,NEXUS Colored Pencil Set 750 ML,SPECTRA Colored Pencil Set 750 ML,1296.74,234.30,13.67,2.47,94.86,94.86,1062.44,1062.44,1062.43,0.00,0.01,0.00,1062.44
TXN-A-001750-L3514,TXN-A-001750,TXN-B-001928-L3951,TXN-B-001928,EXACT_BARCODE,97.00,IDENTITY_MATCHED,QUANTITY_EXCESS,PRICE_MATCHED,AMOUNT_VARIANCE,QUANTITY_AND_AMOUNT_DIFFERENCE,Y,7.09,0.00,412.22,PRD-0016,PRD-0016,ZENITH Surface Wipes 60 CM,ZENITH Surface Wipes 60 CM,667.45,255.23,11.48,4.39,58.14,58.14,412.22,412.22,412.21,0.00,0.01,0.00,412.22
TXN-A-001751-L3516,TXN-A-001751,TXN-B-001876-L3847,TXN-B-001876,EXACT_BARCODE,97.00,IDENTITY_MATCHED,QUANTITY_EXCESS,PRICE_VARIANCE,AMOUNT_VARIANCE,QUANTITY_AND_AMOUNT_DIFFERENCE,Y,4.00,-2.08,243.55,PRD-0100,PRD-0100,ZENITH Mixing Bowl Set 250 ML,ZENITH Mixing Bowl Set 250 ML,527.30,283.75,8.35,4.35,63.15,65.23,243.55,243.55,260.92,17.37,0.00,0.00,243.55
TXN-A-001752-L3518,TXN-A-001752,,,POSSIBLE_SUBSTITUTE,70.00,IDENTITY_UNMATCHED,QUANTITY_NOT_APPLICABLE,PRICE_NOT_APPLICABLE,AMOUNT_NOT_APPLICABLE,UNRESOLVED,Y,,,,PRD-0025,,ZENITH Ballpoint Pen 1 KG,,302.20,0.00,8.15,,37.08,,302.20,302.20,0.00,0.00,302.20,302.20,302.20
TXN-A-001753-L3520,TXN-A-001753,TXN-B-001713-L3521,TXN-B-001713,EXACT_PRIMARY_ID,100.00,IDENTITY_MATCHED,QUANTITY_EXCESS,PRICE_MATCHED,AMOUNT_VARIANCE,QUANTITY_AND_AMOUNT_DIFFERENCE,Y,1.83,0.00,58.06,PRD-0057,PRD-0057,NEXUS Phone Case 1 L,NEXUS Phone Case 1 L,373.46,315.40,11.77,9.94,31.73,31.73,58.06,58.06,58.07,0.00,0.00,0.00,58.06
TXN-A-001754-L3522,TXN-A-001754,TXN-B-002061-L4322,TXN-B-002061,EXACT_BARCODE,97.00,IDENTITY_MATCHED,QUANTITY_EXCESS,PRICE_MATCHED,AMOUNT_VARIANCE,QUANTITY_AND_AMOUNT_DIFFERENCE,Y,4.47,0.00,89.40,PRD-0090,PRD-0090,NEXUS Face Cream 100 MG,NEXUS Face Cream 100 MG,116.00,26.60,5.80,1.33,20.00,20.00,89.40,89.40,89.40,0.00,0.00,0.00,89.40
TXN-A-001755-L3524,TXN-A-001755,TXN-B-001435-L2870,TXN-B-001435,FUZZY_NAME,84.20,IDENTITY_SUBSTITUTE,QUANTITY_EXCESS,PRICE_VARIANCE,AMOUNT_VARIANCE,QUANTITY_AND_AMOUNT_DIFFERENCE,Y,3.69,-17.92,180.09,PRD-0081,PRD-5553,NEXUS Body Wash 500 G,PRISM Body Wash 200 G,296.00,115.91,5.25,1.56,56.38,74.30,180.09,180.09,274.17,94.08,0.00,0.00,180.09
TXN-A-001756-L3526,TXN-A-001756,TXN-B-001476-L2952,TXN-B-001476,FUZZY_NAME,95.50,IDENTITY_SUBSTITUTE,QUANTITY_EXCESS,PRICE_VARIANCE,AMOUNT_VARIANCE,QUANTITY_AND_AMOUNT_DIFFERENCE,Y,3.65,-44.73,-310.40,PRD-0080,PRD-4158,AURORA Body Wash 500 MG,AURORA Body Wash 500 100 G,134.44,444.84,11.54,7.89,11.65,56.38,-310.40,310.40,205.79,516.18,0.00,0.00,310.40
TXN-A-001757-L3528,TXN-A-001757,TXN-B-001905-L3905,TXN-B-001905,EXACT_BARCODE,97.00,IDENTITY_MATCHED,QUANTITY_EXCESS,PRICE_MATCHED,AMOUNT_VARIANCE,QUANTITY_AND_AMOUNT_DIFFERENCE,Y,4.27,0.00,41.20,PRD-0013,PRD-0013,ZENITH Fabric Softener 1 L,ZENITH Fabric Softener 1 L,69.67,28.47,7.22,2.95,9.65,9.65,41.20,41.20,41.21,0.00,0.00,0.00,41.20
TXN-A-001758-L3530,TXN-A-001758,TXN-B-002052-L4304,TXN-B-002052,EXACT_BARCODE,97.00,IDENTITY_MATCHED,QUANTITY_EXCESS,PRICE_MATCHED,AMOUNT_VARIANCE,QUANTITY_AND_AMOUNT_DIFFERENCE,Y,3.07,0.00,65.76,PRD-0121,PRD-0121,ZENITH Notebook 1 L,ZENITH Notebook 1 L,219.13,153.37,10.23,7.16,21.42,21.42,65.76,65.76,65.76,0.00,0.00,0.00,65.76
TXN-A-001759-L3532,TXN-A-001759,TXN-B-001441-L2882,TXN-B-001441,FUZZY_NAME,86.30,IDENTITY_SUBSTITUTE,QUANTITY_EXCESS,PRICE_VARIANCE,AMOUNT_VARIANCE,QUANTITY_AND_AMOUNT_DIFFERENCE,Y,5.64,54.08,814.76,PRD-0008,PRD-5045,AURORA Dish Liquid 10000 MAH,SPECTRA Dish Liquid 5000 MAH,1011.21,196.45,9.04,3.40,111.86,57.78,814.76,814.76,325.88,488.88,0.00,0.00,814.76
TXN-A-001760-L3534,TXN-A-001760,,,GENERIC_STRENGTH_EQUIVALENT,85.00,IDENTITY_UNMATCHED,QUANTITY_NOT_APPLICABLE,PRICE_NOT_APPLICABLE,AMOUNT_NOT_APPLICABLE,UNRESOLVED,Y,,,,PRD-0080,,AURORA Body Wash 500 MG,,88.31,0.00,7.58,,11.65,,88.31,88.31,0.00,0.00,88.31,88.31,88.31
TXN-A-001761-L3536,TXN-A-001761,TXN-B-001466-L2932,TXN-B-001466,FUZZY_NAME,86.40,IDENTITY_SUBSTITUTE,QUANTITY_EXCESS,PRICE_MATCHED,AMOUNT_VARIANCE,QUANTITY_AND_AMOUNT_DIFFERENCE,Y,12.54,0.00,568.69,PRD-0052,PRD-5835,ZENITH Power Adapter 20 W,AURORA Power Adapter 20 W,618.12,49.43,13.63,1.09,45.35,45.35,568.69,568.69,568.69,0.00,0.00,0.00,568.69
TXN-A-001762-L3538,TXN-A-001762,,,GENERIC_STRENGTH_EQUIVALENT,85.00,IDENTITY_UNMATCHED,QUANTITY_NOT_APPLICABLE,PRICE_NOT_APPLICABLE,AMOUNT_NOT_APPLICABLE,UNRESOLVED,Y,,,,PRD-0082,,ZENITH Toothpaste 500 MG,,1038.13,0.00,11.24,,92.36,,1038.13,1038.13,0.00,0.00,1038.13,1038.13,1038.13
TXN-A-001763-L3540,TXN-A-001763,TXN-B-001909-L3913,TXN-B-001909,EXACT_BARCODE,97.00,IDENTITY_MATCHED,QUANTITY_EXCESS,PRICE_MATCHED,AMOUNT_VARIANCE,QUANTITY_AND_AMOUNT_DIFFERENCE,Y,10.59,0.00,285.19,PRD-0026,PRD-0026,AURORA Ballpoint Pen 250 ML,AURORA Ballpoint Pen 250 ML,391.56,106.37,14.54,3.95,26.93,26.93,285.19,285.19,285.19,0.00,0.00,0.00,285.19
TXN-A-001764-L3542,TXN-A-001764,TXN-B-001839-L3773,TXN-B-001839,EXACT_BARCODE,97.00,IDENTITY_MATCHED,QUANTITY_EXCESS,PRICE_MATCHED,AMOUNT_VARIANCE,QUANTITY_AND_AMOUNT_DIFFERENCE,Y,4.00,0.00,374.97,PRD-0137,PRD-0137,AURORA Scissors 100 MG,AURORA Scissors 100 MG,523.75,148.78,5.57,1.57,94.03,94.03,374.97,374.97,376.12,0.00,0.00,0.00,374.97
TXN-A-001765-L3544,TXN-A-001765,TXN-B-001311-L2622,TXN-B-001311,NORMALIZED_NAME,90.00,IDENTITY_MATCHED,QUANTITY_EXCESS,PRICE_MATCHED,AMOUNT_VARIANCE,QUANTITY_AND_AMOUNT_DIFFERENCE,Y,3.25,0.00,147.52,PRD-0139,PRD-7412,ZENITH Eraser Pack 500 G,ZENITH Eraser Pack 500 G,551.94,404.42,12.16,8.91,45.39,45.39,147.52,147.52,147.52,0.00,0.00,0.00,147.52
TXN-A-001766-L3546,TXN-A-001766,TXN-B-001734-L3563,TXN-B-001734,EXACT_BARCODE,97.00,IDENTITY_MATCHED,QUANTITY_EXCESS,PRICE_MATCHED,AMOUNT_VARIANCE,QUANTITY_AND_AMOUNT_DIFFERENCE,Y,4.19,0.00,86.86,PRD-0132,PRD-0132,NEXUS Ruler Set 60 CM,NEXUS Ruler Set 60 CM,182.22,95.36,8.79,4.60,20.73,20.73,86.86,86.86,86.86,0.00,0.00,0.00,86.86
TXN-A-001767-L3548,TXN-A-001767,TXN-B-001908-L3911,TXN-B-001908,EXACT_BARCODE,97.00,IDENTITY_MATCHED,QUANTITY_EXCESS,PRICE_MATCHED,AMOUNT_VARIANCE,QUANTITY_AND_AMOUNT_DIFFERENCE,Y,8.35,0.00,489.31,PRD-0102,PRD-0102,NEXUS Mixing Bowl Set 15 W,NEXUS Mixing Bowl Set 15 W,631.12,141.81,10.77,2.42,58.60,58.60,489.31,489.31,489.31,0.00,0.00,0.00,489.31
TXN-A-001768-L3550,TXN-A-001768,,,POSSIBLE_SUBSTITUTE,70.00,IDENTITY_UNMATCHED,QUANTITY_NOT_APPLICABLE,PRICE_NOT_APPLICABLE,AMOUNT_NOT_APPLICABLE,UNRESOLVED,Y,,,,PRD-0009,,NEXUS Dish Liquid 10 W,,918.45,0.00,9.00,,102.05,,918.45,918.45,0.00,0.00,918.45,918.45,918.45
TXN-A-001769-L3552,TXN-A-001769,TXN-B-001819-L3733,TXN-B-001819,EXACT_BARCODE,97.00,IDENTITY_MATCHED,QUANTITY_EXCESS,PRICE_MATCHED,AMOUNT_VARIANCE,QUANTITY_AND_AMOUNT_DIFFERENCE,Y,1.67,0.00,48.33,PRD-0133,PRD-0133,ZENITH Glue Stick 250 MG,ZENITH Glue Stick 250 MG,331.97,283.64,10.41,8.74,31.89,31.89,48.33,48.33,53.26,0.00,0.00,0.00,48.33
TXN-A-001770-L3554,TXN-A-001770,TXN-B-001241-L2482,TXN-B-001241,NORMALIZED_NAME,90.00,IDENTITY_MATCHED,QUANTITY_EXCESS,PRICE_MATCHED,AMOUNT_VARIANCE,QUANTITY_AND_AMOUNT_DIFFERENCE,Y,5.66,0.00,147.95,PRD-0029,PRD-7423,AURORA Highlighter Set 9 V,AURORA Highlighter Set 9 V,185.33,37.38,7.09,1.43,26.14,26.14,147.95,147.95,147.95,0.00,0.00,0.00,147.95
TXN-A-001771-L3556,TXN-A-001771,TXN-B-001413-L2826,TXN-B-001413,FUZZY_NAME,90.20,IDENTITY_SUBSTITUTE,QUANTITY_EXCESS,PRICE_MATCHED,AMOUNT_VARIANCE,QUANTITY_AND_AMOUNT_DIFFERENCE,Y,8.33,0.00,224.33,PRD-0026,PRD-5385,AURORA Ballpoint Pen 250 ML,VANGUARD Ballpoint Pen 250 ML,319.93,95.60,11.88,3.55,26.93,26.93,224.33,224.33,224.33,0.00,0.00,0.00,224.33
TXN-A-001772-L3558,TXN-A-001772,TXN-B-001303-L2606,TXN-B-001303,NORMALIZED_NAME,90.00,IDENTITY_MATCHED,QUANTITY_EXCESS,PRICE_MATCHED,AMOUNT_VARIANCE,QUANTITY_AND_AMOUNT_DIFFERENCE,Y,0.66,0.00,77.38,PRD-0095,PRD-7134,AURORA Lotion 1 KG,AURORA Lotion 1 KG,1150.22,1072.84,9.81,9.15,117.25,117.25,77.38,77.38,77.39,0.00,0.00,0.00,77.38
TXN-A-001773-L3560,TXN-A-001773,,,POSSIBLE_SUBSTITUTE,70.00,IDENTITY_UNMATCHED,QUANTITY_NOT_APPLICABLE,PRICE_NOT_APPLICABLE,AMOUNT_NOT_APPLICABLE,UNRESOLVED,Y,,,,PRD-0060,,NEXUS Screen Protector 10 IN,,553.73,0.00,6.49,,85.32,,553.73,553.73,0.00,0.00,553.73,553.73,553.73
TXN-A-001774-L3562,TXN-A-001774,TXN-B-001877-L3849,TXN-B-001877,EXACT_BARCODE,97.00,IDENTITY_MATCHED,QUANTITY_SHORTAGE,PRICE_VARIANCE,AMOUNT_VARIANCE,QUANTITY_AND_AMOUNT_DIFFERENCE,Y,-4.02,-1.79,-103.02,PRD-0132,PRD-0132,NEXUS Ruler Set 60 CM,NEXUS Ruler Set 60 CM,144.70,247.72,6.98,11.00,20.73,22.52,-103.02,103.02,90.53,12.49,0.00,0.00,103.02
TXN-A-001775-L3564,TXN-A-001775,TXN-B-001206-L2412,TXN-B-001206,EXACT_PRODUCT_CODE,95.00,IDENTITY_MATCHED,QUANTITY_EXCESS,PRICE_MATCHED,AMOUNT_VARIANCE,QUANTITY_AND_AMOUNT_DIFFERENCE,Y,6.48,0.00,373.96,PRD-0031,PRD-8627,ZENITH Binder Clip Box 3 V,ZENITH Binder Clip Box 3 V,825.25,451.29,14.30,7.82,57.71,57.71,373.96,373.96,373.96,0.00,0.00,0.00,373.96
TXN-A-001776-L3566,TXN-A-001776,,,GENERIC_STRENGTH_EQUIVALENT,85.00,IDENTITY_UNMATCHED,QUANTITY_NOT_APPLICABLE,PRICE_NOT_APPLICABLE,AMOUNT_NOT_APPLICABLE,UNRESOLVED,Y,,,,PRD-0067,,ZENITH HDMI Cable 1 KG,,629.19,0.00,10.95,,57.46,,629.19,629.19,0.00,0.00,629.19,629.19,629.19
TXN-A-001777-L3568,TXN-A-001777,TXN-B-001849-L3793,TXN-B-001849,EXACT_BARCODE,97.00,IDENTITY_MATCHED,QUANTITY_EXCESS,PRICE_VARIANCE,AMOUNT_VARIANCE,QUANTITY_AND_AMOUNT_DIFFERENCE,Y,0.97,-1.80,74.47,PRD-0039,PRD-0039,NEXUS Desk Organizer 250 ML,NEXUS Desk Organizer 250 ML,738.57,664.10,8.19,7.22,90.18,91.98,74.47,74.47,89.22,14.74,0.00,0.00,74.47
TXN-A-001778-L3570,TXN-A-001778,TXN-B-001284-L2568,TXN-B-001284,NORMALIZED_NAME,90.00,IDENTITY_MATCHED,QUANTITY_EXCESS,PRICE_MATCHED,AMOUNT_VARIANCE,QUANTITY_AND_AMOUNT_DIFFERENCE,Y,5.09,0.00,168.28,PRD-0084,PRD-7597,NEXUS Toothpaste 15 W,NEXUS Toothpaste 15 W,262.50,94.22,7.94,2.85,33.06,33.06,168.28,168.28,168.28,0.00,0.00,0.00,168.28
TXN-A-001779-L3572,TXN-A-001779,TXN-B-001991-L4157,TXN-B-001991,FUZZY_NAME,80.00,IDENTITY_SUBSTITUTE,QUANTITY_EXCESS,PRICE_MATCHED,AMOUNT_VARIANCE,QUANTITY_AND_AMOUNT_DIFFERENCE,Y,12.43,0.00,1106.40,PRD-0150,PRD-3209,NEXUS Wrench Set 9 V,NEXX Wrench 9 V,1307.56,201.16,14.69,2.26,89.01,89.01,1106.40,1106.40,1106.39,0.00,0.01,0.00,1106.40
TXN-A-001780-L3574,TXN-A-001780,TXN-B-001507-L3014,TXN-B-001507,FUZZY_NAME,82.60,IDENTITY_SUBSTITUTE,QUANTITY_EXCESS,PRICE_VARIANCE,AMOUNT_VARIANCE,QUANTITY_AND_AMOUNT_DIFFERENCE,Y,1.33,16.28,210.34,PRD-0004,PRD-4506,ZENITH Glass Spray 750 ML,AURORA Glass Spray 9 750 ML,607.24,396.90,6.05,4.72,100.37,84.09,210.34,210.34,111.84,98.49,0.01,0.00,210.34
TXN-A-001781-L3576,TXN-A-001781,TXN-B-002090-L4380,TXN-B-002090,EXACT_BARCODE,97.00,IDENTITY_MATCHED,QUANTITY_EXCESS,PRICE_MATCHED,AMOUNT_VARIANCE,QUANTITY_AND_AMOUNT_DIFFERENCE,Y,4.64,0.00,293.02,PRD-0100,PRD-0100,ZENITH Mixing Bowl Set 250 ML,ZENITH Mixing Bowl Set 250 ML,564.56,271.54,8.94,4.30,63.15,63.15,293.02,293.02,293.02,0.00,0.00,0.00,293.02
TXN-A-001782-L3578,TXN-A-001782,,,POSSIBLE_SUBSTITUTE,70.00,IDENTITY_UNMATCHED,QUANTITY_NOT_APPLICABLE,PRICE_NOT_APPLICABLE,AMOUNT_NOT_APPLICABLE,UNRESOLVED,Y,,,,PRD-0017,,AURORA Surface Wipes 9 V,,263.99,0.00,3.27,,80.73,,263.99,263.99,0.00,0.00,263.99,263.99,263.99
TXN-A-001783-L3580,TXN-A-001783,TXN-B-001853-L3801,TXN-B-001853,EXACT_BARCODE,97.00,IDENTITY_MATCHED,QUANTITY_SHORTAGE,PRICE_VARIANCE,AMOUNT_VARIANCE,QUANTITY_AND_AMOUNT_DIFFERENCE,Y,-6.51,-2.27,-361.26,PRD-0055,PRD-0055,ZENITH Phone Case 250 MG,ZENITH Phone Case 250 MG,91.03,452.29,1.73,8.24,52.62,54.89,-361.26,361.26,357.33,3.93,0.00,0.00,361.26
TXN-A-001784-L3582,TXN-A-001784,TXN-B-002074-L4348,TXN-B-002074,EXACT_BARCODE,97.00,IDENTITY_MATCHED,QUANTITY_EXCESS,PRICE_MATCHED,AMOUNT_VARIANCE,QUANTITY_AND_AMOUNT_DIFFERENCE,Y,0.28,0.00,1.66,PRD-0022,PRD-0022,ZENITH Floor Polish 2000 MAH,ZENITH Floor Polish 2000 MAH,21.73,20.07,3.67,3.39,5.92,5.92,1.66,1.66,1.66,0.00,0.00,0.00,1.66
TXN-A-001785-L3584,TXN-A-001785,TXN-B-001313-L2626,TXN-B-001313,NORMALIZED_NAME,90.00,IDENTITY_MATCHED,QUANTITY_SHORTAGE,PRICE_MATCHED,AMOUNT_VARIANCE,QUANTITY_AND_AMOUNT_DIFFERENCE,Y,-3.15,0.00,-104.14,PRD-0084,PRD-7774,NEXUS Toothpaste 15 W,NEXUS Toothpaste 15 W,171.91,276.05,5.20,8.35,33.06,33.06,-104.14,104.14,104.14,0.00,0.00,0.00,104.14
TXN-A-001786-L3586,TXN-A-001786,TXN-B-001746-L3587,TXN-B-001746,EXACT_PRIMARY_ID,100.00,IDENTITY_MATCHED,QUANTITY_MATCHED,PRICE_VARIANCE,AMOUNT_VARIANCE,PRICE_DIFFERENCE,Y,0.00,-3.99,-27.77,PRD-0112,PRD-0112,ZENITH Kitchen Towel 30 CM,ZENITH Kitchen Towel 30 CM,699.76,727.53,6.96,6.96,100.54,104.53,-27.77,27.77,0.00,27.77,0.00,0.00,27.77
TXN-A-001787-L3588,TXN-A-001787,TXN-B-001747-L3589,TXN-B-001747,EXACT_PRIMARY_ID,100.00,IDENTITY_MATCHED,QUANTITY_MATCHED,PRICE_VARIANCE,AMOUNT_VARIANCE,PRICE_DIFFERENCE,Y,0.00,-4.13,-10.08,PRD-0126,PRD-0126,NEXUS Sketch Pad 250 ML,NEXUS Sketch Pad 250 ML,200.10,210.18,2.44,2.44,82.01,86.14,-10.08,10.08,0.00,10.08,0.00,0.00,10.08
TXN-A-001788-L3590,TXN-A-001788,TXN-B-001944-L3983,TXN-B-001944,EXACT_BARCODE,97.00,IDENTITY_MATCHED,QUANTITY_SHORTAGE,PRICE_MATCHED,AMOUNT_VARIANCE,QUANTITY_AND_AMOUNT_DIFFERENCE,Y,-2.20,0.00,-21.23,PRD-0013,PRD-0013,ZENITH Fabric Softener 1 L,ZENITH Fabric Softener 1 L,25.09,46.32,2.60,4.80,9.65,9.65,-21.23,21.23,21.23,0.00,0.00,0.00,21.23
TXN-A-001789-L3592,TXN-A-001789,,,GENERIC_STRENGTH_EQUIVALENT,85.00,IDENTITY_UNMATCHED,QUANTITY_NOT_APPLICABLE,PRICE_NOT_APPLICABLE,AMOUNT_NOT_APPLICABLE,UNRESOLVED,Y,,,,PRD-0089,,AURORA Face Cream 500 ML,,231.28,0.00,4.62,,50.06,,231.28,231.28,0.00,0.00,231.28,231.28,231.28
TXN-A-001790-L3594,TXN-A-001790,TXN-B-001308-L2616,TXN-B-001308,NORMALIZED_NAME,90.00,IDENTITY_MATCHED,QUANTITY_EXCESS,PRICE_MATCHED,AMOUNT_VARIANCE,QUANTITY_AND_AMOUNT_DIFFERENCE,Y,2.24,0.00,250.85,PRD-0014,PRD-7202,AURORA Fabric Softener 250 MG,AURORA Fabric Softener 250 MG,1082.94,832.09,9.67,7.43,111.99,111.99,250.85,250.85,250.86,0.00,0.00,0.00,250.85
TXN-A-001791-L3596,TXN-A-001791,TXN-B-002018-L4236,TXN-B-002018,EXACT_BARCODE,97.00,IDENTITY_MATCHED,QUANTITY_SHORTAGE,PRICE_MATCHED,AMOUNT_VARIANCE,QUANTITY_AND_AMOUNT_DIFFERENCE,Y,-3.80,0.00,-111.27,PRD-0149,PRD-0149,AURORA Wrench Set 45 CM,AURORA Wrench Set 45 CM,168.65,279.92,5.76,9.56,29.28,29.28,-111.27,111.27,111.26,0.00,0.01,0.00,111.27
TXN-A-001792-L3598,TXN-A-001792,TXN-B-001752-L3599,TXN-B-001752,EXACT_PRIMARY_ID,100.00,IDENTITY_MATCHED,QUANTITY_MATCHED,PRICE_VARIANCE,AMOUNT_VARIANCE,PRICE_DIFFERENCE,Y,0.00,-4.55,-9.78,PRD-0112,PRD-0112,ZENITH Kitchen Towel 30 CM,ZENITH Kitchen Towel 30 CM,216.16,225.94,2.15,2.15,100.54,105.09,-9.78,9.78,0.00,9.78,0.00,0.00,9.78
TXN-A-001793-L3600,TXN-A-001793,TXN-B-001870-L3835,TXN-B-001870,EXACT_BARCODE,97.00,IDENTITY_MATCHED,QUANTITY_SHORTAGE,PRICE_VARIANCE,AMOUNT_VARIANCE,QUANTITY_AND_AMOUNT_DIFFERENCE,Y,-6.91,-2.46,-214.04,PRD-0118,PRD-0118,ZENITH Peeler 750 ML,ZENITH Peeler 750 ML,36.75,250.79,1.31,8.22,28.05,30.51,-214.04,214.04,210.82,3.22,0.00,0.00,214.04
TXN-A-001794-L3602,TXN-A-001794,TXN-B-001754-L3603,TXN-B-001754,EXACT_PRIMARY_ID,100.00,IDENTITY_MATCHED,QUANTITY_MATCHED,PRICE_VARIANCE,AMOUNT_VARIANCE,PRICE_DIFFERENCE,Y,0.00,-4.17,-28.94,PRD-0030,PRD-0030,NEXUS Highlighter Set 12 IN,NEXUS Highlighter Set 12 IN,482.54,511.48,6.94,6.94,69.53,73.70,-28.94,28.94,0.00,28.94,0.00,0.00,28.94
TXN-A-001795-L3604,TXN-A-001795,TXN-B-001755-L3605,TXN-B-001755,EXACT_PRIMARY_ID,100.00,IDENTITY_MATCHED,QUANTITY_MATCHED,PRICE_VARIANCE,AMOUNT_VARIANCE,PRICE_DIFFERENCE,Y,0.00,-2.90,-25.58,PRD-0122,PRD-0122,AURORA Notebook 5000 MAH,AURORA Notebook 5000 MAH,281.36,306.94,8.82,8.82,31.90,34.80,-25.58,25.58,0.00,25.58,0.00,0.00,25.58
TXN-A-001796-L3606,TXN-A-001796,TXN-B-002063-L4326,TXN-B-002063,EXACT_BARCODE,97.00,IDENTITY_MATCHED,QUANTITY_SHORTAGE,PRICE_MATCHED,AMOUNT_VARIANCE,QUANTITY_AND_AMOUNT_DIFFERENCE,Y,-1.58,0.00,-27.37,PRD-0071,PRD-0071,AURORA Mouse Pad 50 G,AURORA Mouse Pad 50 G,21.65,49.02,1.25,2.83,17.32,17.32,-27.37,27.37,27.37,0.00,0.00,0.00,27.37
TXN-A-001797-L3608,TXN-A-001797,TXN-B-001924-L3943,TXN-B-001924,EXACT_BARCODE,97.00,IDENTITY_MATCHED,QUANTITY_EXCESS,PRICE_MATCHED,AMOUNT_VARIANCE,QUANTITY_AND_AMOUNT_DIFFERENCE,Y,5.14,0.00,583.80,PRD-0101,PRD-0101,AURORA Mixing Bowl Set 100 MG,AURORA Mixing Bowl Set 100 MG,959.75,375.95,8.45,3.31,113.58,113.58,583.80,583.80,583.80,0.00,0.00,0.00,583.80
TXN-A-001798-L3610,TXN-A-001798,TXN-B-001936-L3967,TXN-B-001936,EXACT_BARCODE,97.00,IDENTITY_MATCHED,QUANTITY_EXCESS,PRICE_MATCHED,AMOUNT_VARIANCE,QUANTITY_AND_AMOUNT_DIFFERENCE,Y,0.62,0.00,27.16,PRD-0053,PRD-0053,AURORA Power Adapter 1 L,AURORA Power Adapter 1 L,119.14,91.98,2.72,2.10,43.80,43.80,27.16,27.16,27.16,0.00,0.00,0.00,27.16
TXN-A-001799-L3612,TXN-A-001799,TXN-B-001503-L3006,TXN-B-001503,FUZZY_NAME,80.00,IDENTITY_SUBSTITUTE,QUANTITY_EXCESS,PRICE_MATCHED,AMOUNT_VARIANCE,QUANTITY_AND_AMOUNT_DIFFERENCE,Y,0.04,0.00,2.42,PRD-0117,PRD-4319,NEXUS Can Opener 5 W,QUANTUM Can Opener 5 100 G,585.25,582.83,9.68,9.64,60.46,60.46,2.42,2.42,2.42,0.00,0.00,0.00,2.42
TXN-A-001800-L3614,TXN-A-001800,TXN-B-001760-L3615,TXN-B-001760,EXACT_PRIMARY_ID,100.00,IDENTITY_MATCHED,QUANTITY_MATCHED,PRICE_VARIANCE,AMOUNT_VARIANCE,PRICE_DIFFERENCE,Y,0.00,-1.25,-9.00,PRD-0088,PRD-0088,ZENITH Face Cream 30 CM,ZENITH Face Cream 30 CM,19.15,28.15,7.20,7.20,2.66,3.91,-9.00,9.00,0.00,9.00,0.00,0.00,9.00
TXN-A-001801-L3616,TXN-A-001801,TXN-B-001278-L2556,TXN-B-001278,NORMALIZED_NAME,90.00,IDENTITY_MATCHED,QUANTITY_EXCESS,PRICE_MATCHED,AMOUNT_VARIANCE,QUANTITY_AND_AMOUNT_DIFFERENCE,Y,4.09,0.00,24.22,PRD-0022,PRD-7428,ZENITH Floor Polish 2000 MAH,ZENITH Floor Polish 2000 MAH,55.00,30.78,9.29,5.20,5.92,5.92,24.22,24.22,24.21,0.00,0.01,0.00,24.22
TXN-A-001802-L3618,TXN-A-001802,TXN-B-001762-L3619,TXN-B-001762,EXACT_PRIMARY_ID,100.00,IDENTITY_MATCHED,QUANTITY_MATCHED,PRICE_VARIANCE,AMOUNT_VARIANCE,PRICE_DIFFERENCE,Y,0.00,-3.86,-18.91,PRD-0054,PRD-0054,NEXUS Power Adapter 500 ML,NEXUS Power Adapter 500 ML,80.90,99.81,4.90,4.90,16.51,20.37,-18.91,18.91,0.00,18.91,0.00,0.00,18.91
TXN-A-001803-L3620,TXN-A-001803,TXN-B-001826-L3747,TXN-B-001826,EXACT_BARCODE,97.00,IDENTITY_MATCHED,QUANTITY_EXCESS,PRICE_MATCHED,AMOUNT_VARIANCE,QUANTITY_AND_AMOUNT_DIFFERENCE,Y,1.68,0.00,45.16,PRD-0133,PRD-0133,ZENITH Glue Stick 250 MG,ZENITH Glue Stick 250 MG,148.61,103.45,4.66,2.98,31.89,31.89,45.16,45.16,53.58,0.00,0.00,0.00,45.16
TXN-A-001804-L3622,TXN-A-001804,TXN-B-001245-L2490,TXN-B-001245,NORMALIZED_NAME,90.00,IDENTITY_MATCHED,QUANTITY_EXCESS,PRICE_MATCHED,AMOUNT_VARIANCE,QUANTITY_AND_AMOUNT_DIFFERENCE,Y,0.03,0.00,0.37,PRD-0076,PRD-7383,ZENITH Shampoo 200 G,ZENITH Shampoo 200 G,104.58,104.21,8.53,8.50,12.26,12.26,0.37,0.37,0.37,0.00,0.00,0.00,0.37
TXN-A-001805-L3624,TXN-A-001805,TXN-B-001840-L3775,TXN-B-001840,EXACT_BARCODE,97.00,IDENTITY_MATCHED,QUANTITY_SHORTAGE,PRICE_MATCHED,AMOUNT_VARIANCE,QUANTITY_AND_AMOUNT_DIFFERENCE,Y,-6.21,0.00,-458.31,PRD-0074,PRD-0074,AURORA Hand Soap 1.5 V,AURORA Hand Soap 1.5 V,111.45,569.76,1.54,7.75,72.37,72.37,-458.31,458.31,449.42,0.00,8.89,0.00,458.31
TXN-A-001806-L3626,TXN-A-001806,TXN-B-001155-L2310,TXN-B-001155,EXACT_PRODUCT_CODE,95.00,IDENTITY_MATCHED,QUANTITY_EXCESS,PRICE_MATCHED,AMOUNT_VARIANCE,QUANTITY_AND_AMOUNT_DIFFERENCE,Y,0.81,0.00,78.01,PRD-0063,PRD-8282,NEXUS Battery Pack 10 W,NEXUS Battery Pack 10 W,418.95,340.94,4.35,3.54,96.31,96.31,78.01,78.01,78.01,0.00,0.00,0.00,78.01
TXN-A-001807-L3628,TXN-A-001807,TXN-B-001767-L3629,TXN-B-001767,EXACT_PRIMARY_ID,100.00,IDENTITY_MATCHED,QUANTITY_MATCHED,PRICE_VARIANCE,AMOUNT_VARIANCE,PRICE_DIFFERENCE,Y,0.00,-4.83,-33.77,PRD-0088,PRD-0088,ZENITH Face Cream 30 CM,ZENITH Face Cream 30 CM,18.59,52.36,6.99,6.99,2.66,7.49,-33.77,33.77,0.00,33.76,0.01,0.00,33.77
TXN-A-001808-L3630,TXN-A-001808,TXN-B-001267-L2534,TXN-B-001267,NORMALIZED_NAME,90.00,IDENTITY_MATCHED,QUANTITY_EXCESS,PRICE_MATCHED,AMOUNT_VARIANCE,QUANTITY_AND_AMOUNT_DIFFERENCE,Y,3.57,0.00,369.93,PRD-0108,PRD-7657,NEXUS Spatula Set 500 MG,NEXUS Spatula Set 500 MG,968.85,598.92,9.35,5.78,103.62,103.62,369.93,369.93,369.92,0.00,0.01,0.00,369.93
TXN-A-001809-L3632,TXN-A-001809,TXN-B-002075-L4350,TXN-B-002075,EXACT_BARCODE,97.00,IDENTITY_MATCHED,QUANTITY_SHORTAGE,PRICE_MATCHED,AMOUNT_VARIANCE,QUANTITY_AND_AMOUNT_DIFFERENCE,Y,-0.85,0.00,-24.89,PRD-0149,PRD-0149,AURORA Wrench Set 45 CM,AURORA Wrench Set 45 CM,38.06,62.95,1.30,2.15,29.28,29.28,-24.89,24.89,24.89,0.00,0.00,0.00,24.89
TXN-A-001810-L3634,TXN-A-001810,TXN-B-001247-L2494,TXN-B-001247,NORMALIZED_NAME,90.00,IDENTITY_MATCHED,QUANTITY_SHORTAGE,PRICE_MATCHED,AMOUNT_VARIANCE,QUANTITY_AND_AMOUNT_DIFFERENCE,Y,-1.28,0.00,-80.84,PRD-0100,PRD-7771,ZENITH Mixing Bowl Set 250 ML,ZENITH Mixing Bowl Set 250 ML,258.28,339.12,4.09,5.37,63.15,63.15,-80.84,80.84,80.83,0.00,0.01,0.00,80.84
TXN-A-001811-L3636,TXN-A-001811,TXN-B-002030-L4260,TXN-B-002030,EXACT_BARCODE,97.00,IDENTITY_MATCHED,QUANTITY_SHORTAGE,PRICE_MATCHED,AMOUNT_VARIANCE,QUANTITY_AND_AMOUNT_DIFFERENCE,Y,-1.24,0.00,-9.31,PRD-0103,PRD-0103,ZENITH Measuring Cup 10000 MAH,ZENITH Measuring Cup 10000 MAH,27.04,36.35,3.60,4.84,7.51,7.51,-9.31,9.31,9.31,0.00,0.00,0.00,9.31
TXN-A-001812-L3638,TXN-A-001812,TXN-B-002073-L4346,TXN-B-002073,EXACT_BARCODE,97.00,IDENTITY_MATCHED,QUANTITY_EXCESS,PRICE_MATCHED,AMOUNT_VARIANCE,QUANTITY_AND_AMOUNT_DIFFERENCE,Y,3.43,0.00,25.76,PRD-0103,PRD-0103,ZENITH Measuring Cup 10000 MAH,ZENITH Measuring Cup 10000 MAH,42.06,16.30,5.60,2.17,7.51,7.51,25.76,25.76,25.76,0.00,0.00,0.00,25.76
TXN-A-001813-L3640,TXN-A-001813,TXN-B-001163-L2326,TXN-B-001163,EXACT_PRODUCT_CODE,95.00,IDENTITY_MATCHED,QUANTITY_EXCESS,PRICE_MATCHED,AMOUNT_VARIANCE,QUANTITY_AND_AMOUNT_DIFFERENCE,Y,0.04,0.00,2.56,PRD-0061,PRD-8629,ZENITH Battery Pack 200 G,ZENITH Battery Pack 200 G,187.78,185.22,2.93,2.89,64.09,64.09,2.56,2.56,2.56,0.00,0.00,0.00,2.56
TXN-A-001814-L3642,TXN-A-001814,TXN-B-001327-L2654,TXN-B-001327,NORMALIZED_NAME,90.00,IDENTITY_MATCHED,QUANTITY_EXCESS,PRICE_MATCHED,AMOUNT_VARIANCE,QUANTITY_AND_AMOUNT_DIFFERENCE,Y,2.22,0.00,201.73,PRD-0130,PRD-7183,ZENITH Ruler Set 45 CM,ZENITH Ruler Set 45 CM,488.88,287.15,5.38,3.16,90.87,90.87,201.73,201.73,201.73,0.00,0.00,0.00,201.73
TXN-A-001815-L3644,TXN-A-001815,TXN-B-002082-L4364,TXN-B-002082,EXACT_BARCODE,97.00,IDENTITY_MATCHED,QUANTITY_EXCESS,PRICE_MATCHED,AMOUNT_VARIANCE,QUANTITY_AND_AMOUNT_DIFFERENCE,Y,4.02,0.00,232.28,PRD-0007,PRD-0007,ZENITH Dish Liquid 5000 MAH,ZENITH Dish Liquid 5000 MAH,355.35,123.07,6.15,2.13,57.78,57.78,232.28,232.28,232.28,0.00,0.00,0.00,232.28
TXN-A-001816-L3646,TXN-A-001816,TXN-B-001188-L2376,TXN-B-001188,EXACT_PRODUCT_CODE,95.00,IDENTITY_MATCHED,QUANTITY_EXCESS,PRICE_MATCHED,AMOUNT_VARIANCE,QUANTITY_AND_AMOUNT_DIFFERENCE,Y,5.51,0.00,130.59,PRD-0106,PRD-8860,ZENITH Spatula Set 1 KG,ZENITH Spatula Set 1 KG,204.53,73.94,8.63,3.12,23.70,23.70,130.59,130.59,130.59,0.00,0.00,0.00,130.59
TXN-A-001817-L3648,TXN-A-001817,,,GENERIC_STRENGTH_EQUIVALENT,85.00,IDENTITY_UNMATCHED,QUANTITY_NOT_APPLICABLE,PRICE_NOT_APPLICABLE,AMOUNT_NOT_APPLICABLE,UNRESOLVED,Y,,,,PRD-0119,,AURORA Peeler 100 MG,,97.22,0.00,7.31,,13.30,,97.22,97.22,0.00,0.00,97.22,97.22,97.22
TXN-A-001818-L3650,TXN-A-001818,TXN-B-001461-L2922,TXN-B-001461,FUZZY_NAME,85.20,IDENTITY_SUBSTITUTE,QUANTITY_EXCESS,PRICE_VARIANCE,AMOUNT_VARIANCE,QUANTITY_AND_AMOUNT_DIFFERENCE,Y,4.50,44.51,630.76,PRD-0109,PRD-5918,ZENITH Storage Container 20 W,SUMMIT Storage Container 5 W,861.00,230.24,9.66,5.16,89.13,44.62,630.76,630.76,200.79,429.97,0.00,0.00,630.76
TXN-A-001819-L3652,TXN-A-001819,TXN-B-001779-L3653,TXN-B-001779,EXACT_PRIMARY_ID,100.00,IDENTITY_MATCHED,QUANTITY_MATCHED,PRICE_VARIANCE,AMOUNT_VARIANCE,PRICE_DIFFERENCE,Y,0.00,-4.02,-22.19,PRD-0030,PRD-0030,NEXUS Highlighter Set 12 IN,NEXUS Highlighter Set 12 IN,383.81,406.00,5.52,5.52,69.53,73.55,-22.19,22.19,0.00,22.19,0.00,0.00,22.19
TXN-A-001820-L3654,TXN-A-001820,TXN-B-001446-L2892,TXN-B-001446,FUZZY_NAME,86.50,IDENTITY_SUBSTITUTE,QUANTITY_SHORTAGE,PRICE_MATCHED,AMOUNT_VARIANCE,QUANTITY_AND_AMOUNT_DIFFERENCE,Y,-3.74,0.00,-339.85,PRD-0130,PRD-5166,ZENITH Ruler Set 45 CM,NEXUS Ruler Set 45 CM,216.27,556.12,2.38,6.12,90.87,90.87,-339.85,339.85,339.85,0.00,0.00,0.00,339.85
TXN-A-001821-L3656,TXN-A-001821,TXN-B-001306-L2612,TXN-B-001306,FUZZY_NAME,80.00,IDENTITY_SUBSTITUTE,QUANTITY_EXCESS,PRICE_VARIANCE,AMOUNT_VARIANCE,QUANTITY_AND_AMOUNT_DIFFERENCE,Y,2.28,24.85,276.22,PRD-0019,PRD-7518,ZENITH Air Freshener 45 CM,NEXUS Air Freshener 30 CM,381.30,105.08,9.84,7.56,38.75,13.90,276.22,276.22,31.69,244.52,0.00,0.00,276.22
TXN-A-001822-L3658,TXN-A-001822,TXN-B-002058-L4316,TXN-B-002058,EXACT_BARCODE,97.00,IDENTITY_MATCHED,QUANTITY_SHORTAGE,PRICE_MATCHED,AMOUNT_VARIANCE,QUANTITY_AND_AMOUNT_DIFFERENCE,Y,-6.80,0.00,-402.42,PRD-0041,PRD-0041,AURORA File Folder Pack 9 V,AURORA File Folder Pack 9 V,164.52,566.94,2.78,9.58,59.18,59.18,-402.42,402.42,402.42,0.00,0.00,0.00,402.42
TXN-A-001823-L3660,TXN-A-001823,TXN-B-001443-L2886,TXN-B-001443,FUZZY_NAME,87.00,IDENTITY_SUBSTITUTE,QUANTITY_SHORTAGE,PRICE_MATCHED,AMOUNT_VARIANCE,QUANTITY_AND_AMOUNT_DIFFERENCE,Y,-7.11,0.00,-457.95,PRD-0115,PRD-5261,ZENITH Can Opener 2000 MAH,VANGUARD Can Opener 2000 MAH,166.18,624.13,2.58,9.69,64.41,64.41,-457.95,457.95,457.96,0.00,0.00,0.00,457.95
TXN-A-001824-L3662,TXN-A-001824,TXN-B-001862-L3819,TXN-B-001862,EXACT_BARCODE,97.00,IDENTITY_MATCHED,QUANTITY_SHORTAGE,PRICE_VARIANCE,AMOUNT_VARIANCE,QUANTITY_AND_AMOUNT_DIFFERENCE,Y,-4.83,-2.15,-469.09,PRD-0137,PRD-0137,AURORA Scissors 100 MG,AURORA Scissors 100 MG,198.40,667.49,2.11,6.94,94.03,96.18,-469.09,469.09,464.55,4.54,0.00,0.00,469.09
TXN-A-001825-L3664,TXN-A-001825,TXN-B-001232-L2464,TXN-B-001232,EXACT_PRODUCT_CODE,95.00,IDENTITY_MATCHED,QUANTITY_EXCESS,PRICE_MATCHED,AMOUNT_VARIANCE,QUANTITY_AND_AMOUNT_DIFFERENCE,Y,4.04,0.00,180.26,PRD-0110,PRD-8014,AURORA Storage Container 5 W,AURORA Storage Container 5 W,428.35,248.09,9.60,5.56,44.62,44.62,180.26,180.26,180.26,0.00,0.00,0.00,180.26
TXN-A-001826-L3666,TXN-A-001826,TXN-B-001321-L2642,TXN-B-001321,NORMALIZED_NAME,90.00,IDENTITY_MATCHED,QUANTITY_SHORTAGE,PRICE_MATCHED,AMOUNT_VARIANCE,QUANTITY_AND_AMOUNT_DIFFERENCE,Y,-4.10,0.00,-236.90,PRD-0007,PRD-7756,ZENITH Dish Liquid 5000 MAH,ZENITH Dish Liquid 5000 MAH,296.41,533.31,5.13,9.23,57.78,57.78,-236.90,236.90,236.90,0.00,0.00,0.00,236.90
TXN-A-001827-L3668,TXN-A-001827,TXN-B-001464-L2928,TXN-B-001464,FUZZY_NAME,88.00,IDENTITY_SUBSTITUTE,QUANTITY_EXCESS,PRICE_MATCHED,AMOUNT_VARIANCE,QUANTITY_AND_AMOUNT_DIFFERENCE,Y,0.96,0.00,55.47,PRD-0007,PRD-5247,ZENITH Dish Liquid 5000 MAH,VERTEX Dish Liquid 5000 MAH,233.43,177.96,4.04,3.08,57.78,57.78,55.47,55.47,55.47,0.00,0.00,0.00,55.47
TXN-A-001828-L3670,TXN-A-001828,TXN-B-001942-L3979,TXN-B-001942,EXACT_BARCODE,97.00,IDENTITY_MATCHED,QUANTITY_EXCESS,PRICE_MATCHED,AMOUNT_VARIANCE,QUANTITY_AND_AMOUNT_DIFFERENCE,Y,3.10,0.00,211.14,PRD-0042,PRD-0042,NEXUS File Folder Pack 500 G,NEXUS File Folder Pack 500 G,422.96,211.82,6.21,3.11,68.11,68.11,211.14,211.14,211.14,0.00,0.00,0.00,211.14
TXN-A-001829-L3672,TXN-A-001829,TXN-B-001239-L2478,TXN-B-001239,EXACT_PRODUCT_CODE,95.00,IDENTITY_MATCHED,QUANTITY_EXCESS,PRICE_MATCHED,AMOUNT_VARIANCE,QUANTITY_AND_AMOUNT_DIFFERENCE,Y,1.05,0.00,28.61,PRD-0093,PRD-8233,NEXUS Hair Gel 10 W,NEXUS Hair Gel 10 W,246.34,217.73,9.04,7.99,27.25,27.25,28.61,28.61,28.61,0.00,0.00,0.00,28.61
TXN-A-001830-L3674,TXN-A-001830,,,GENERIC_STRENGTH_EQUIVALENT,85.00,IDENTITY_UNMATCHED,QUANTITY_NOT_APPLICABLE,PRICE_NOT_APPLICABLE,AMOUNT_NOT_APPLICABLE,UNRESOLVED,Y,,,,PRD-0020,,AURORA Air Freshener 200 G,,176.13,0.00,1.69,,104.22,,176.13,176.13,0.00,0.00,176.13,176.13,176.13
TXN-A-001831-L3676,TXN-A-001831,TXN-B-001299-L2598,TXN-B-001299,NORMALIZED_NAME,90.00,IDENTITY_MATCHED,QUANTITY_SHORTAGE,PRICE_MATCHED,AMOUNT_VARIANCE,QUANTITY_AND_AMOUNT_DIFFERENCE,Y,-7.55,0.00,-777.35,PRD-0125,PRD-7664,AURORA Sketch Pad 1.5 V,AURORA Sketch Pad 1.5 V,155.47,932.82,1.51,9.06,102.96,102.96,-777.35,777.35,777.35,0.00,0.00,0.00,777.35
TXN-A-001832-L3678,TXN-A-001832,TXN-B-001444-L2888,TXN-B-001444,FUZZY_NAME,86.70,IDENTITY_SUBSTITUTE,QUANTITY_SHORTAGE,PRICE_MATCHED,AMOUNT_VARIANCE,QUANTITY_AND_AMOUNT_DIFFERENCE,Y,-2.62,0.00,-186.59,PRD-0136,PRD-5677,ZENITH Scissors 3 V,APEX Scissors 3 V,102.56,289.15,1.44,4.06,71.22,71.22,-186.59,186.59,186.60,0.00,0.00,0.00,186.59
TXN-A-001833-L3680,TXN-A-001833,,,POSSIBLE_SUBSTITUTE,70.00,IDENTITY_UNMATCHED,QUANTITY_NOT_APPLICABLE,PRICE_NOT_APPLICABLE,AMOUNT_NOT_APPLICABLE,UNRESOLVED,Y,,,,PRD-0099,,NEXUS Cutting Board 500 ML,,621.80,0.00,5.51,,112.85,,621.80,621.80,0.00,0.00,621.80,621.80,621.80
TXN-A-001834-L3682,TXN-A-001834,,,POSSIBLE_SUBSTITUTE,70.00,IDENTITY_UNMATCHED,QUANTITY_NOT_APPLICABLE,PRICE_NOT_APPLICABLE,AMOUNT_NOT_APPLICABLE,UNRESOLVED,Y,,,,PRD-0066,,NEXUS Charging Dock 5000 MAH,,391.30,0.00,7.09,,55.19,,391.30,391.30,0.00,0.00,391.30,391.30,391.30
TXN-A-001835-L3684,TXN-A-001835,TXN-B-001252-L2504,TXN-B-001252,NORMALIZED_NAME,90.00,IDENTITY_MATCHED,QUANTITY_EXCESS,PRICE_MATCHED,AMOUNT_VARIANCE,QUANTITY_AND_AMOUNT_DIFFERENCE,Y,6.05,0.00,164.87,PRD-0093,PRD-7805,NEXUS Hair Gel 10 W,NEXUS Hair Gel 10 W,206.56,41.69,7.58,1.53,27.25,27.25,164.87,164.87,164.86,0.00,0.01,0.00,164.87
TXN-A-001836-L3686,TXN-A-001836,TXN-B-001448-L2896,TXN-B-001448,FUZZY_NAME,83.60,IDENTITY_SUBSTITUTE,QUANTITY_SHORTAGE,PRICE_VARIANCE,AMOUNT_VARIANCE,QUANTITY_AND_AMOUNT_DIFFERENCE,Y,-6.33,27.99,-324.32,PRD-0109,PRD-5949,ZENITH Storage Container 20 W,SUMMIT Storage Container 500 G,199.65,523.97,2.24,8.57,89.13,61.14,-324.32,324.32,387.02,62.70,0.00,0.00,324.32
TXN-A-001837-L3688,TXN-A-001837,TXN-B-002053-L4306,TXN-B-002053,EXACT_BARCODE,97.00,IDENTITY_MATCHED,QUANTITY_SHORTAGE,PRICE_MATCHED,AMOUNT_VARIANCE,QUANTITY_AND_AMOUNT_DIFFERENCE,Y,-0.64,0.00,-37.09,PRD-0127,PRD-0127,ZENITH Colored Pencil Set 50 G,ZENITH Colored Pencil Set 50 G,363.28,400.37,6.27,6.91,57.94,57.94,-37.09,37.09,37.08,0.00,0.01,0.00,37.09
TXN-A-001838-L3690,TXN-A-001838,,,GENERIC_STRENGTH_EQUIVALENT,85.00,IDENTITY_UNMATCHED,QUANTITY_NOT_APPLICABLE,PRICE_NOT_APPLICABLE,AMOUNT_NOT_APPLICABLE,UNRESOLVED,Y,,,,PRD-0119,,AURORA Peeler 100 MG,,29.39,0.00,2.21,,13.30,,29.39,29.39,0.00,0.00,29.39,29.39,29.39
TXN-A-001839-L3692,TXN-A-001839,TXN-B-001869-L3833,TXN-B-001869,EXACT_BARCODE,97.00,IDENTITY_MATCHED,QUANTITY_SHORTAGE,PRICE_VARIANCE,AMOUNT_VARIANCE,QUANTITY_AND_AMOUNT_DIFFERENCE,Y,-5.55,-0.59,-506.33,PRD-0039,PRD-0039,NEXUS Desk Organizer 250 ML,NEXUS Desk Organizer 250 ML,390.48,896.81,4.33,9.88,90.18,90.77,-506.33,506.33,503.77,2.55,0.00,0.00,506.33
TXN-A-001840-L3694,TXN-A-001840,TXN-B-001952-L3999,TXN-B-001952,EXACT_BARCODE,97.00,IDENTITY_MATCHED,QUANTITY_EXCESS,PRICE_MATCHED,AMOUNT_VARIANCE,QUANTITY_AND_AMOUNT_DIFFERENCE,Y,1.21,0.00,35.76,PRD-0045,PRD-0045,NEXUS Whiteboard Marker 45 CM,NEXUS Whiteboard Marker 45 CM,70.92,35.16,2.40,1.19,29.55,29.55,35.76,35.76,35.76,0.00,0.00,0.00,35.76
TXN-A-001841-L3696,TXN-A-001841,TXN-B-001417-L2834,TXN-B-001417,FUZZY_NAME,92.00,IDENTITY_SUBSTITUTE,QUANTITY_EXCESS,PRICE_MATCHED,AMOUNT_VARIANCE,QUANTITY_AND_AMOUNT_DIFFERENCE,Y,1.98,0.00,44.09,PRD-0012,PRD-5926,NEXUS Laundry Detergent 3 V,HELIX Laundry Detergent 3 V,113.35,69.26,5.09,3.11,22.27,22.27,44.09,44.09,44.09,0.00,0.00,0.00,44.09
TXN-A-001842-L3698,TXN-A-001842,TXN-B-001824-L3743,TXN-B-001824,EXACT_BARCODE,97.00,IDENTITY_MATCHED,QUANTITY_SHORTAGE,PRICE_MATCHED,AMOUNT_VARIANCE,QUANTITY_AND_AMOUNT_DIFFERENCE,Y,-0.86,0.00,-38.28,PRD-0142,PRD-0142,ZENITH Marker Set 750 ML,ZENITH Marker Set 750 ML,146.90,185.18,4.35,5.21,33.77,33.77,-38.28,38.28,29.04,0.00,9.24,0.00,38.28
TXN-A-001843-L3700,TXN-A-001843,TXN-B-001148-L2296,TXN-B-001148,EXACT_PRODUCT_CODE,95.00,IDENTITY_MATCHED,QUANTITY_EXCESS,PRICE_MATCHED,AMOUNT_VARIANCE,QUANTITY_AND_AMOUNT_DIFFERENCE,Y,6.22,0.00,107.73,PRD-0071,PRD-8173,AURORA Mouse Pad 50 G,AURORA Mouse Pad 50 G,157.96,50.23,9.12,2.90,17.32,17.32,107.73,107.73,107.73,0.00,0.00,0.00,107.73
TXN-A-001844-L3702,TXN-A-001844,TXN-B-001300-L2600,TXN-B-001300,FUZZY_NAME,88.90,IDENTITY_SUBSTITUTE,QUANTITY_EXCESS,PRICE_VARIANCE,AMOUNT_VARIANCE,QUANTITY_AND_AMOUNT_DIFFERENCE,Y,5.08,23.66,428.38,PRD-0024,PRD-7866,NEXUS Floor Polish 100 MG,AURORA Floor Polish 100 MG,524.67,96.29,6.93,1.85,75.71,52.05,428.38,428.38,264.41,163.96,0.00,0.00,428.38
TXN-A-001845-L3704,TXN-A-001845,,,POSSIBLE_SUBSTITUTE,70.00,IDENTITY_UNMATCHED,QUANTITY_NOT_APPLICABLE,PRICE_NOT_APPLICABLE,AMOUNT_NOT_APPLICABLE,UNRESOLVED,Y,,,,PRD-0019,,ZENITH Air Freshener 45 CM,,71.30,0.00,1.84,,38.75,,71.30,71.30,0.00,0.00,71.30,71.30,71.30
TXN-A-001846-L3706,TXN-A-001846,,,POSSIBLE_SUBSTITUTE,70.00,IDENTITY_UNMATCHED,QUANTITY_NOT_APPLICABLE,PRICE_NOT_APPLICABLE,AMOUNT_NOT_APPLICABLE,UNRESOLVED,Y,,,,PRD-0019,,ZENITH Air Freshener 45 CM,,58.12,0.00,1.50,,38.75,,58.12,58.12,0.00,0.00,58.12,58.12,58.12
TXN-A-001847-L3708,TXN-A-001847,TXN-B-001233-L2466,TXN-B-001233,EXACT_PRODUCT_CODE,95.00,IDENTITY_MATCHED,QUANTITY_EXCESS,PRICE_MATCHED,AMOUNT_VARIANCE,QUANTITY_AND_AMOUNT_DIFFERENCE,Y,2.41,0.00,274.24,PRD-0070,PRD-8885,ZENITH Mouse Pad 200 G,ZENITH Mouse Pad 200 G,1124.25,850.01,9.88,7.47,113.79,113.79,274.24,274.24,274.23,0.00,0.01,0.00,274.24
TXN-A-001848-L3710,TXN-A-001848,TXN-B-001916-L3927,TXN-B-001916,EXACT_BARCODE,97.00,IDENTITY_MATCHED,QUANTITY_EXCESS,PRICE_MATCHED,AMOUNT_VARIANCE,QUANTITY_AND_AMOUNT_DIFFERENCE,Y,0.65,0.00,75.82,PRD-0087,PRD-0087,NEXUS Deodorant 9 V,NEXUS Deodorant 9 V,321.93,246.11,2.76,2.11,116.64,116.64,75.82,75.82,75.82,0.00,0.00,0.00,75.82
TXN-A-001849-L3712,TXN-A-001849,TXN-B-001196-L2392,TXN-B-001196,EXACT_PRODUCT_CODE,95.00,IDENTITY_MATCHED,QUANTITY_EXCESS,PRICE_MATCHED,AMOUNT_VARIANCE,QUANTITY_AND_AMOUNT_DIFFERENCE,Y,1.40,0.00,82.04,PRD-0102,PRD-8415,NEXUS Mixing Bowl Set 15 W,NEXUS Mixing Bowl Set 15 W,268.39,186.35,4.58,3.18,58.60,58.60,82.04,82.04,82.04,0.00,0.00,0.00,82.04
TXN-A-001850-L3714,TXN-A-001850,TXN-B-001982-L4139,TXN-B-001982,FUZZY_NAME,80.00,IDENTITY_SUBSTITUTE,QUANTITY_EXCESS,PRICE_MATCHED,AMOUNT_VARIANCE,QUANTITY_AND_AMOUNT_DIFFERENCE,Y,4.62,0.00,539.06,PRD-0003,PRD-3020,NEXUS All Purpose Cleaner 250 ML,NEXX All Purpose 250 ML,878.60,339.54,7.53,2.91,116.68,116.68,539.06,539.06,539.06,0.00,0.00,0.00,539.06
TXN-A-001851-L3716,TXN-A-001851,TXN-B-001912-L3919,TXN-B-001912,EXACT_BARCODE,97.00,IDENTITY_MATCHED,QUANTITY_EXCESS,PRICE_MATCHED,AMOUNT_VARIANCE,QUANTITY_AND_AMOUNT_DIFFERENCE,Y,6.49,0.00,729.15,PRD-0040,PRD-0040,ZENITH File Folder Pack 750 ML,ZENITH File Folder Pack 750 ML,952.73,223.58,8.48,1.99,112.35,112.35,729.15,729.15,729.15,0.00,0.00,0.00,729.15
TXN-A-001852-L3718,TXN-A-001852,TXN-B-001812-L3719,TXN-B-001812,EXACT_PRIMARY_ID,100.00,IDENTITY_MATCHED,QUANTITY_MATCHED,PRICE_MATCHED,AMOUNT_VARIANCE,AMOUNT_DIFFERENCE,Y,0.00,0.00,-5.09,PRD-0134,PRD-0134,AURORA Glue Stick 9 V,AURORA Glue Stick 9 V,742.53,747.62,9.56,9.56,77.67,77.67,-5.09,5.09,0.00,0.00,5.09,0.00,5.09
TXN-A-001853-L3720,TXN-A-001853,TXN-B-001469-L2938,TXN-B-001469,NORMALIZED_NAME,90.00,IDENTITY_MATCHED,QUANTITY_EXCESS,PRICE_VARIANCE,AMOUNT_VARIANCE,QUANTITY_AND_AMOUNT_DIFFERENCE,Y,0.72,-23.66,-67.57,PRD-0023,PRD-5582,AURORA Floor Polish 100 MG,AURORA Floor Polish 100 MG,268.58,336.15,5.16,4.44,52.05,75.71,-67.57,67.57,54.51,122.09,0.00,0.00,67.57
TXN-A-001854-L3722,TXN-A-001854,TXN-B-001496-L2992,TXN-B-001496,FUZZY_NAME,89.50,IDENTITY_SUBSTITUTE,QUANTITY_EXCESS,PRICE_VARIANCE,AMOUNT_VARIANCE,QUANTITY_AND_AMOUNT_DIFFERENCE,Y,0.20,-66.46,-384.36,PRD-0139,PRD-4546,ZENITH Eraser Pack 500 G,ZENITH Eraser Pack 2000 1 KG,277.79,662.15,6.12,5.92,45.39,111.85,-384.36,384.36,22.37,406.74,0.00,0.00,384.36
TXN-A-001855-L3724,TXN-A-001855,TXN-B-001937-L3969,TXN-B-001937,EXACT_BARCODE,97.00,IDENTITY_MATCHED,QUANTITY_EXCESS,PRICE_MATCHED,AMOUNT_VARIANCE,QUANTITY_AND_AMOUNT_DIFFERENCE,Y,1.24,0.00,65.25,PRD-0055,PRD-0055,ZENITH Phone Case 250 MG,ZENITH Phone Case 250 MG,316.77,251.52,6.02,4.78,52.62,52.62,65.25,65.25,65.25,0.00,0.00,0.00,65.25
TXN-A-001856-L3726,TXN-A-001856,TXN-B-001816-L3727,TXN-B-001816,EXACT_PRIMARY_ID,100.00,IDENTITY_MATCHED,QUANTITY_MATCHED,PRICE_MATCHED,AMOUNT_VARIANCE,AMOUNT_DIFFERENCE,Y,0.00,0.00,-1.47,PRD-0113,PRD-0113,AURORA Kitchen Towel 20 W,AURORA Kitchen Towel 20 W,573.73,575.20,8.04,8.04,71.36,71.36,-1.47,1.47,0.00,0.00,1.47,0.00,1.47
TXN-A-001857-L3728,TXN-A-001857,TXN-B-001415-L2830,TXN-B-001415,FUZZY_NAME,90.90,IDENTITY_SUBSTITUTE,QUANTITY_EXCESS,PRICE_MATCHED,AMOUNT_VARIANCE,QUANTITY_AND_AMOUNT_DIFFERENCE,Y,0.76,0.00,73.20,PRD-0063,PRD-5451,NEXUS Battery Pack 10 W,VERTEX Battery Pack 10 W,620.24,547.04,6.44,5.68,96.31,96.31,73.20,73.20,73.20,0.00,0.00,0.00,73.20
TXN-A-001858-L3730,TXN-A-001858,,,POSSIBLE_SUBSTITUTE,70.00,IDENTITY_UNMATCHED,QUANTITY_NOT_APPLICABLE,PRICE_NOT_APPLICABLE,AMOUNT_NOT_APPLICABLE,UNRESOLVED,Y,,,,PRD-0031,,ZENITH Binder Clip Box 3 V,,451.29,0.00,7.82,,57.71,,451.29,451.29,0.00,0.00,451.29,451.29,451.29
TXN-A-001859-L3732,TXN-A-001859,TXN-B-001832-L3759,TXN-B-001832,EXACT_BARCODE,97.00,IDENTITY_MATCHED,QUANTITY_SHORTAGE,PRICE_MATCHED,AMOUNT_VARIANCE,QUANTITY_AND_AMOUNT_DIFFERENCE,Y,-1.03,0.00,-42.41,PRD-0133,PRD-0133,ZENITH Glue Stick 250 MG,ZENITH Glue Stick 250 MG,278.72,321.13,8.74,9.77,31.89,31.89,-42.41,42.41,32.85,0.00,9.56,0.00,42.41
TXN-A-001860-L3734,TXN-A-001860,,,POSSIBLE_SUBSTITUTE,70.00,IDENTITY_UNMATCHED,QUANTITY_NOT_APPLICABLE,PRICE_NOT_APPLICABLE,AMOUNT_NOT_APPLICABLE,UNRESOLVED,Y,,,,PRD-0015,,NEXUS Fabric Softener 200 G,,198.05,0.00,4.18,,47.38,,198.05,198.05,0.00,0.00,198.05,198.05,198.05
TXN-A-001861-L3736,TXN-A-001861,,,POSSIBLE_SUBSTITUTE,70.00,IDENTITY_UNMATCHED,QUANTITY_NOT_APPLICABLE,PRICE_NOT_APPLICABLE,AMOUNT_NOT_APPLICABLE,UNRESOLVED,Y,,,,PRD-0052,,ZENITH Power Adapter 20 W,,417.67,0.00,9.21,,45.35,,417.67,417.67,0.00,0.00,417.67,417.67,417.67
TXN-A-001862-L3738,TXN-A-001862,,,GENERIC_STRENGTH_EQUIVALENT,85.00,IDENTITY_UNMATCHED,QUANTITY_NOT_APPLICABLE,PRICE_NOT_APPLICABLE,AMOUNT_NOT_APPLICABLE,UNRESOLVED,Y,,,,PRD-0049,,ZENITH USB Cable 1 KG,,223.08,0.00,4.42,,50.47,,223.08,223.08,0.00,0.00,223.08,223.08,223.08
TXN-A-001863-L3740,TXN-A-001863,TXN-B-001416-L2832,TXN-B-001416,FUZZY_NAME,85.00,IDENTITY_SUBSTITUTE,QUANTITY_EXCESS,PRICE_MATCHED,AMOUNT_VARIANCE,QUANTITY_AND_AMOUNT_DIFFERENCE,Y,2.38,0.00,53.79,PRD-0073,PRD-5306,ZENITH Hand Soap 250 MG,AURORA Hand Soap 250 MG,91.76,37.97,4.06,1.68,22.60,22.60,53.79,53.79,53.79,0.00,0.00,0.00,53.79
TXN-A-001864-L3742,TXN-A-001864,TXN-B-002093-L4386,TXN-B-002093,EXACT_BARCODE,97.00,IDENTITY_MATCHED,QUANTITY_SHORTAGE,PRICE_MATCHED,AMOUNT_VARIANCE,QUANTITY_AND_AMOUNT_DIFFERENCE,Y,-4.50,0.00,-151.97,PRD-0142,PRD-0142,ZENITH Marker Set 750 ML,ZENITH Marker Set 750 ML,175.94,327.91,5.21,9.71,33.77,33.77,-151.97,151.97,151.97,0.00,0.01,0.00,151.97
TXN-A-001865-L3744,TXN-A-001865,TXN-B-001487-L2974,TXN-B-001487,FUZZY_NAME,80.80,IDENTITY_SUBSTITUTE,QUANTITY_EXCESS,PRICE_MATCHED,AMOUNT_VARIANCE,QUANTITY_AND_AMOUNT_DIFFERENCE,Y,2.47,0.00,66.52,PRD-0026,PRD-4496,AURORA Ballpoint Pen 250 ML,PRISM Ballpoint Pen 250 750 ML,176.66,110.14,6.56,4.09,26.93,26.93,66.52,66.52,66.52,0.00,0.00,0.00,66.52
TXN-A-001866-L3746,TXN-A-001866,TXN-B-002011-L4222,TXN-B-002011,EXACT_BARCODE,97.00,IDENTITY_MATCHED,QUANTITY_SHORTAGE,PRICE_MATCHED,AMOUNT_VARIANCE,QUANTITY_AND_AMOUNT_DIFFERENCE,Y,-2.12,0.00,-67.61,PRD-0133,PRD-0133,ZENITH Glue Stick 250 MG,ZENITH Glue Stick 250 MG,95.03,162.64,2.98,5.10,31.89,31.89,-67.61,67.61,67.61,0.00,0.00,0.00,67.61
TXN-A-001867-L3748,TXN-A-001867,TXN-B-001213-L2426,TXN-B-001213,EXACT_PRODUCT_CODE,95.00,IDENTITY_MATCHED,QUANTITY_EXCESS,PRICE_MATCHED,AMOUNT_VARIANCE,QUANTITY_AND_AMOUNT_DIFFERENCE,Y,2.65,0.00,56.76,PRD-0121,PRD-8802,ZENITH Notebook 1 L,ZENITH Notebook 1 L,145.44,88.68,6.79,4.14,21.42,21.42,56.76,56.76,56.76,0.00,0.00,0.00,56.76
TXN-A-001868-L3750,TXN-A-001868,TXN-B-001929-L3953,TXN-B-001929,EXACT_BARCODE,97.00,IDENTITY_MATCHED,QUANTITY_EXCESS,PRICE_MATCHED,AMOUNT_VARIANCE,QUANTITY_AND_AMOUNT_DIFFERENCE,Y,2.47,0.00,216.71,PRD-0091,PRD-0091,ZENITH Hair Gel 1.5 L,ZENITH Hair Gel 1.5 L,562.41,345.70,6.41,3.94,87.74,87.74,216.71,216.71,216.72,0.00,0.00,0.00,216.71
TXN-A-001869-L3752,TXN-A-001869,TXN-B-001961-L4097,TXN-B-001961,EXACT_BARCODE,97.00,IDENTITY_MATCHED,QUANTITY_EXCESS,PRICE_MATCHED,AMOUNT_VARIANCE,QUANTITY_AND_AMOUNT_DIFFERENCE,Y,3.36,0.00,176.80,PRD-0055,PRD-0055,ZENITH Phone Case 250 MG,ZENITH Phone Case 250 MG,254.68,77.88,4.84,1.48,52.62,52.62,176.80,176.80,176.80,0.00,0.00,0.00,176.80
TXN-A-001870-L3754,TXN-A-001870,TXN-B-002065-L4330,TXN-B-002065,EXACT_BARCODE,97.00,IDENTITY_MATCHED,QUANTITY_SHORTAGE,PRICE_MATCHED,AMOUNT_VARIANCE,QUANTITY_AND_AMOUNT_DIFFERENCE,Y,-1.20,0.00,-54.49,PRD-0069,PRD-0069,NEXUS HDMI Cable 1.5 L,NEXUS HDMI Cable 1.5 L,208.43,262.92,4.59,5.79,45.41,45.41,-54.49,54.49,54.49,0.00,0.00,0.00,54.49
TXN-A-001871-L3756,TXN-A-001871,TXN-B-001831-L3757,TXN-B-001831,EXACT_PRIMARY_ID,100.00,IDENTITY_MATCHED,QUANTITY_MATCHED,PRICE_MATCHED,AMOUNT_VARIANCE,AMOUNT_DIFFERENCE,Y,0.00,0.00,-2.15,PRD-0054,PRD-0054,NEXUS Power Adapter 500 ML,NEXUS Power Adapter 500 ML,67.20,69.35,4.07,4.07,16.51,16.51,-2.15,2.15,0.00,0.00,2.15,0.00,2.15
TXN-A-001872-L3758,TXN-A-001872,TXN-B-001156-L2312,TXN-B-001156,EXACT_PRODUCT_CODE,95.00,IDENTITY_MATCHED,QUANTITY_EXCESS,PRICE_MATCHED,AMOUNT_VARIANCE,QUANTITY_AND_AMOUNT_DIFFERENCE,Y,3.31,0.00,105.56,PRD-0133,PRD-8300,ZENITH Glue Stick 250 MG,ZENITH Glue Stick 250 MG,311.57,206.01,9.77,6.46,31.89,31.89,105.56,105.56,105.56,0.00,0.00,0.00,105.56
TXN-A-001873-L3760,TXN-A-001873,TXN-B-001833-L3761,TXN-B-001833,EXACT_PRIMARY_ID,100.00,IDENTITY_MATCHED,QUANTITY_MATCHED,PRICE_MATCHED,AMOUNT_VARIANCE,AMOUNT_DIFFERENCE,Y,0.00,0.00,-5.28,PRD-0058,PRD-0058,ZENITH Screen Protector 3 V,ZENITH Screen Protector 3 V,299.18,304.46,4.10,4.10,72.97,72.97,-5.28,5.28,0.00,0.00,5.28,0.00,5.28
TXN-A-001874-L3762,TXN-A-001874,TXN-B-001950-L3995,TXN-B-001950,EXACT_BARCODE,97.00,IDENTITY_MATCHED,QUANTITY_SHORTAGE,PRICE_MATCHED,AMOUNT_VARIANCE,QUANTITY_AND_AMOUNT_DIFFERENCE,Y,-1.57,0.00,-109.03,PRD-0075,PRD-0075,NEXUS Hand Soap 10000 MAH,NEXUS Hand Soap 10000 MAH,178.49,287.52,2.57,4.14,69.45,69.45,-109.03,109.03,109.04,0.00,0.00,0.00,109.03
TXN-A-001875-L3764,TXN-A-001875,TXN-B-001237-L2474,TXN-B-001237,EXACT_PRODUCT_CODE,95.00,IDENTITY_MATCHED,QUANTITY_SHORTAGE,PRICE_MATCHED,AMOUNT_VARIANCE,QUANTITY_AND_AMOUNT_DIFFERENCE,Y,-2.22,0.00,-52.62,PRD-0106,PRD-8781,ZENITH Spatula Set 1 KG,ZENITH Spatula Set 1 KG,27.25,79.87,1.15,3.37,23.70,23.70,-52.62,52.62,52.61,0.00,0.01,0.00,52.62
TXN-A-001876-L3766,TXN-A-001876,TXN-B-001509-L3018,TXN-B-001509,FUZZY_NAME,83.00,IDENTITY_SUBSTITUTE,QUANTITY_EXCESS,PRICE_MATCHED,AMOUNT_VARIANCE,QUANTITY_AND_AMOUNT_DIFFERENCE,Y,2.52,0.00,112.44,PRD-0110,PRD-4829,AURORA Storage Container 5 W,APEX Storage Container 5 500 MG,373.47,261.03,8.37,5.85,44.62,44.62,112.44,112.44,112.44,0.00,0.00,0.00,112.44
TXN-A-001877-L3768,TXN-A-001877,TXN-B-001958-L4011,TXN-B-001958,EXACT_BARCODE,97.00,IDENTITY_MATCHED,QUANTITY_SHORTAGE,PRICE_MATCHED,AMOUNT_VARIANCE,QUANTITY_AND_AMOUNT_DIFFERENCE,Y,-0.39,0.00,-44.29,PRD-0101,PRD-0101,AURORA Mixing Bowl Set 100 MG,AURORA Mixing Bowl Set 100 MG,430.47,474.76,3.79,4.18,113.58,113.58,-44.29,44.29,44.30,0.00,0.00,0.00,44.29
TXN-A-001878-L3770,TXN-A-001878,TXN-B-001457-L2914,TXN-B-001457,FUZZY_NAME,87.50,IDENTITY_SUBSTITUTE,QUANTITY_SHORTAGE,PRICE_MATCHED,AMOUNT_VARIANCE,QUANTITY_AND_AMOUNT_DIFFERENCE,Y,-0.94,0.00,-1.96,PRD-0047,PRD-5661,AURORA Tape Dispenser 45 CM,ZENITH Tape Dispenser 45 CM,15.95,17.91,7.67,8.61,2.08,2.08,-1.96,1.96,1.96,0.00,0.00,0.00,1.96
TXN-A-001879-L3772,TXN-A-001879,TXN-B-001957-L4009,TXN-B-001957,EXACT_BARCODE,97.00,IDENTITY_MATCHED,QUANTITY_EXCESS,PRICE_MATCHED,AMOUNT_VARIANCE,QUANTITY_AND_AMOUNT_DIFFERENCE,Y,0.21,0.00,19.75,PRD-0137,PRD-0137,AURORA Scissors 100 MG,AURORA Scissors 100 MG,147.63,127.88,1.57,1.36,94.03,94.03,19.75,19.75,19.75,0.00,0.00,0.00,19.75
TXN-A-001880-L3774,TXN-A-001880,TXN-B-001915-L3925,TXN-B-001915,EXACT_BARCODE,97.00,IDENTITY_MATCHED,QUANTITY_EXCESS,PRICE_MATCHED,AMOUNT_VARIANCE,QUANTITY_AND_AMOUNT_DIFFERENCE,Y,6.03,0.00,436.39,PRD-0074,PRD-0074,AURORA Hand Soap 1.5 V,AURORA Hand Soap 1.5 V,560.87,124.48,7.75,1.72,72.37,72.37,436.39,436.39,436.39,0.00,0.00,0.00,436.39
TXN-A-001881-L3776,TXN-A-001881,TXN-B-001459-L2918,TXN-B-001459,FUZZY_NAME,90.50,IDENTITY_SUBSTITUTE,QUANTITY_SHORTAGE,PRICE_MATCHED,AMOUNT_VARIANCE,QUANTITY_AND_AMOUNT_DIFFERENCE,Y,-2.62,0.00,-269.75,PRD-0125,PRD-5143,AURORA Sketch Pad 1.5 V,ORBIT Sketch Pad 1.5 V,368.60,638.35,3.58,6.20,102.96,102.96,-269.75,269.75,269.76,0.00,0.00,0.00,269.75
TXN-A-001882-L3778,TXN-A-001882,TXN-B-001842-L3779,TXN-B-001842,EXACT_PRIMARY_ID,100.00,IDENTITY_MATCHED,QUANTITY_SHORTAGE,PRICE_VARIANCE,AMOUNT_VARIANCE,QUANTITY_AND_AMOUNT_DIFFERENCE,Y,-1.24,-2.07,-50.05,PRD-0057,PRD-0057,NEXUS Phone Case 1 L,NEXUS Phone Case 1 L,124.70,174.75,3.93,5.17,31.73,33.80,-50.05,50.05,41.91,8.14,0.00,0.00,50.05
TXN-A-001883-L3780,TXN-A-001883,,,POSSIBLE_SUBSTITUTE,70.00,IDENTITY_UNMATCHED,QUANTITY_NOT_APPLICABLE,PRICE_NOT_APPLICABLE,AMOUNT_NOT_APPLICABLE,UNRESOLVED,Y,,,,PRD-0014,,AURORA Fabric Softener 250 MG,,818.65,0.00,7.31,,111.99,,818.65,818.65,0.00,0.00,818.65,818.65,818.65
TXN-A-001884-L3782,TXN-A-001884,TXN-B-001437-L2874,TXN-B-001437,FUZZY_NAME,87.50,IDENTITY_SUBSTITUTE,QUANTITY_SHORTAGE,PRICE_MATCHED,AMOUNT_VARIANCE,QUANTITY_AND_AMOUNT_DIFFERENCE,Y,-3.21,0.00,-102.53,PRD-0145,PRD-5828,ZENITH Screwdriver Set 10 W,VANGUARD Screwdriver Set 10 W,173.75,276.28,5.44,8.65,31.94,31.94,-102.53,102.53,102.53,0.00,0.00,0.00,102.53
TXN-A-001885-L3784,TXN-A-001885,TXN-B-002069-L4338,TXN-B-002069,EXACT_BARCODE,97.00,IDENTITY_MATCHED,QUANTITY_EXCESS,PRICE_MATCHED,AMOUNT_VARIANCE,QUANTITY_AND_AMOUNT_DIFFERENCE,Y,2.75,0.00,169.95,PRD-0059,PRD-0059,AURORA Screen Protector 45 CM,AURORA Screen Protector 45 CM,265.12,95.17,4.29,1.54,61.80,61.80,169.95,169.95,169.95,0.00,0.00,0.00,169.95
TXN-A-001886-L3786,TXN-A-001886,TXN-B-001432-L2864,TXN-B-001432,FUZZY_NAME,86.70,IDENTITY_SUBSTITUTE,QUANTITY_SHORTAGE,PRICE_MATCHED,AMOUNT_VARIANCE,QUANTITY_AND_AMOUNT_DIFFERENCE,Y,-3.12,0.00,-300.49,PRD-0063,PRD-5308,NEXUS Battery Pack 10 W,NOVA Battery Pack 10 W,291.82,592.31,3.03,6.15,96.31,96.31,-300.49,300.49,300.49,0.00,0.00,0.00,300.49
TXN-A-001887-L3788,TXN-A-001887,TXN-B-001261-L2522,TXN-B-001261,NORMALIZED_NAME,90.00,IDENTITY_MATCHED,QUANTITY_EXCESS,PRICE_MATCHED,AMOUNT_VARIANCE,QUANTITY_AND_AMOUNT_DIFFERENCE,Y,4.65,0.00,62.64,PRD-0143,PRD-7578,AURORA Marker Set 10 IN,AURORA Marker Set 10 IN,121.50,58.86,9.02,4.37,13.47,13.47,62.64,62.64,62.64,0.00,0.00,0.00,62.64
TXN-A-001888-L3790,TXN-A-001888,TXN-B-001180-L2360,TXN-B-001180,EXACT_PRODUCT_CODE,95.00,IDENTITY_MATCHED,QUANTITY_EXCESS,PRICE_MATCHED,AMOUNT_VARIANCE,QUANTITY_AND_AMOUNT_DIFFERENCE,Y,4.56,0.00,269.86,PRD-0041,PRD-8326,AURORA File Folder Pack 9 V,AURORA File Folder Pack 9 V,478.77,208.91,8.09,3.53,59.18,59.18,269.86,269.86,269.86,0.00,0.00,0.00,269.86
TXN-A-001889-L3792,TXN-A-001889,,,POSSIBLE_SUBSTITUTE,70.00,IDENTITY_UNMATCHED,QUANTITY_NOT_APPLICABLE,PRICE_NOT_APPLICABLE,AMOUNT_NOT_APPLICABLE,UNRESOLVED,Y,,,,PRD-0039,,NEXUS Desk Organizer 250 ML,,464.43,0.00,5.15,,90.18,,464.43,464.43,0.00,0.00,464.43,464.43,464.43
TXN-A-001890-L3794,TXN-A-001890,TXN-B-001146-L2292,TXN-B-001146,EXACT_PRODUCT_CODE,95.00,IDENTITY_MATCHED,QUANTITY_SHORTAGE,PRICE_MATCHED,AMOUNT_VARIANCE,QUANTITY_AND_AMOUNT_DIFFERENCE,Y,-3.46,0.00,-200.47,PRD-0127,PRD-8192,ZENITH Colored Pencil Set 50 G,ZENITH Colored Pencil Set 50 G,375.45,575.92,6.48,9.94,57.94,57.94,-200.47,200.47,200.47,0.00,0.00,0.00,200.47
TXN-A-001891-L3796,TXN-A-001891,TXN-B-001292-L2584,TXN-B-001292,NORMALIZED_NAME,90.00,IDENTITY_MATCHED,QUANTITY_EXCESS,PRICE_MATCHED,AMOUNT_VARIANCE,QUANTITY_AND_AMOUNT_DIFFERENCE,Y,3.94,0.00,268.35,PRD-0042,PRD-7787,NEXUS File Folder Pack 500 G,NEXUS File Folder Pack 500 G,397.08,128.73,5.83,1.89,68.11,68.11,268.35,268.35,268.35,0.00,0.00,0.00,268.35
TXN-A-001892-L3798,TXN-A-001892,TXN-B-001242-L2484,TXN-B-001242,NORMALIZED_NAME,90.00,IDENTITY_MATCHED,QUANTITY_EXCESS,PRICE_MATCHED,AMOUNT_VARIANCE,QUANTITY_AND_AMOUNT_DIFFERENCE,Y,0.36,0.00,40.27,PRD-0140,PRD-7416,AURORA Eraser Pack 2000 MAH,AURORA Eraser Pack 2000 MAH,843.35,803.08,7.54,7.18,111.85,111.85,40.27,40.27,40.27,0.00,0.00,0.00,40.27
TXN-A-001893-L3800,TXN-A-001893,TXN-B-002056-L4312,TXN-B-002056,EXACT_BARCODE,97.00,IDENTITY_MATCHED,QUANTITY_EXCESS,PRICE_MATCHED,AMOUNT_VARIANCE,QUANTITY_AND_AMOUNT_DIFFERENCE,Y,3.33,0.00,175.22,PRD-0055,PRD-0055,ZENITH Phone Case 250 MG,ZENITH Phone Case 250 MG,283.62,108.40,5.39,2.06,52.62,52.62,175.22,175.22,175.22,0.00,0.00,0.00,175.22
TXN-A-001894-L3802,TXN-A-001894,TXN-B-001404-L2808,TXN-B-001404,FUZZY_NAME,84.00,IDENTITY_SUBSTITUTE,QUANTITY_SHORTAGE,PRICE_VARIANCE,AMOUNT_VARIANCE,QUANTITY_AND_AMOUNT_DIFFERENCE,Y,-2.46,40.83,-39.29,PRD-0105,PRD-5141,NEXUS Measuring Cup 100 G,VERTEX Measuring Cup 10000 MAH,345.23,384.52,3.16,5.62,109.25,68.42,-39.29,39.29,168.31,129.02,0.00,0.00,39.29
TXN-A-001895-L3804,TXN-A-001895,TXN-B-001855-L3805,TXN-B-001855,EXACT_PRIMARY_ID,100.00,IDENTITY_MATCHED,QUANTITY_SHORTAGE,PRICE_VARIANCE,AMOUNT_VARIANCE,QUANTITY_AND_AMOUNT_DIFFERENCE,Y,-3.54,-2.02,-314.17,PRD-0126,PRD-0126,NEXUS Sketch Pad 250 ML,NEXUS Sketch Pad 250 ML,678.22,992.39,8.27,11.81,82.01,84.03,-314.17,314.17,297.47,16.71,0.00,0.00,314.17
TXN-A-001896-L3806,TXN-A-001896,TXN-B-001856-L3807,TXN-B-001856,EXACT_PRIMARY_ID,100.00,IDENTITY_MATCHED,QUANTITY_SHORTAGE,PRICE_VARIANCE,AMOUNT_VARIANCE,QUANTITY_AND_AMOUNT_DIFFERENCE,Y,-3.22,-1.71,-109.06,PRD-0135,PRD-0135,NEXUS Glue Stick 5000 MAH,NEXUS Glue Stick 5000 MAH,223.76,332.82,8.02,11.24,27.90,29.61,-109.06,109.06,95.34,13.71,0.00,0.00,109.06
TXN-A-001897-L3808,TXN-A-001897,TXN-B-002029-L4258,TXN-B-002029,EXACT_BARCODE,97.00,IDENTITY_MATCHED,QUANTITY_SHORTAGE,PRICE_MATCHED,AMOUNT_VARIANCE,QUANTITY_AND_AMOUNT_DIFFERENCE,Y,-4.80,0.00,-470.26,PRD-0011,PRD-0011,AURORA Laundry Detergent 2000 MAH,AURORA Laundry Detergent 2000 MAH,481.03,951.29,4.91,9.71,97.97,97.97,-470.26,470.26,470.26,0.00,0.00,0.00,470.26
TXN-A-001898-L3810,TXN-A-001898,TXN-B-001971-L4117,TXN-B-001971,EXACT_BARCODE,97.00,IDENTITY_MATCHED,QUANTITY_SHORTAGE,PRICE_MATCHED,AMOUNT_VARIANCE,QUANTITY_AND_AMOUNT_DIFFERENCE,Y,-273.25,0.00,-2636.86,PRD-0013,PRD-0013,ZENITH Fabric Softener 1 L,ZENITH Fabric Softener 1 L,31.46,2668.32,3.26,276.51,9.65,9.65,-2636.86,2636.86,2636.86,0.00,0.00,0.00,2636.86
TXN-A-001899-L3812,TXN-A-001899,TXN-B-001271-L2542,TXN-B-001271,NORMALIZED_NAME,90.00,IDENTITY_MATCHED,QUANTITY_EXCESS,PRICE_MATCHED,AMOUNT_VARIANCE,QUANTITY_AND_AMOUNT_DIFFERENCE,Y,2.78,0.00,77.98,PRD-0118,PRD-7754,ZENITH Peeler 750 ML,ZENITH Peeler 750 ML,239.83,161.85,8.55,5.77,28.05,28.05,77.98,77.98,77.98,0.00,0.00,0.00,77.98
TXN-A-001900-L3814,TXN-A-001900,TXN-B-001860-L3815,TXN-B-001860,EXACT_PRIMARY_ID,100.00,IDENTITY_MATCHED,QUANTITY_SHORTAGE,PRICE_VARIANCE,AMOUNT_VARIANCE,QUANTITY_AND_AMOUNT_DIFFERENCE,Y,-1.55,-0.81,-53.26,PRD-0122,PRD-0122,AURORA Notebook 5000 MAH,AURORA Notebook 5000 MAH,100.80,154.06,3.16,4.71,31.90,32.71,-53.26,53.26,50.70,2.56,0.00,0.00,53.26
TXN-A-001901-L3816,TXN-A-001901,TXN-B-001861-L3817,TXN-B-001861,EXACT_PRIMARY_ID,100.00,IDENTITY_MATCHED,QUANTITY_SHORTAGE,PRICE_VARIANCE,AMOUNT_VARIANCE,QUANTITY_AND_AMOUNT_DIFFERENCE,Y,-2.53,-1.73,-17.65,PRD-0088,PRD-0088,ZENITH Face Cream 30 CM,ZENITH Face Cream 30 CM,10.05,27.70,3.78,6.31,2.66,4.39,-17.65,17.65,11.11,6.54,0.00,0.00,17.65
TXN-A-001902-L3818,TXN-A-001902,TXN-B-002064-L4328,TXN-B-002064,EXACT_BARCODE,97.00,IDENTITY_MATCHED,QUANTITY_EXCESS,PRICE_MATCHED,AMOUNT_VARIANCE,QUANTITY_AND_AMOUNT_DIFFERENCE,Y,3.29,0.00,309.36,PRD-0137,PRD-0137,AURORA Scissors 100 MG,AURORA Scissors 100 MG,490.84,181.48,5.22,1.93,94.03,94.03,309.36,309.36,309.36,0.00,0.00,0.00,309.36
TXN-A-001903-L3820,TXN-A-001903,TXN-B-001197-L2394,TXN-B-001197,EXACT_PRODUCT_CODE,95.00,IDENTITY_MATCHED,QUANTITY_EXCESS,PRICE_MATCHED,AMOUNT_VARIANCE,QUANTITY_AND_AMOUNT_DIFFERENCE,Y,1.06,0.00,85.42,PRD-0116,PRD-8098,AURORA Can Opener 500 MG,AURORA Can Opener 500 MG,352.98,267.56,4.38,3.32,80.59,80.59,85.42,85.42,85.43,0.00,0.00,0.00,85.42
TXN-A-001904-L3822,TXN-A-001904,TXN-B-001222-L2444,TXN-B-001222,EXACT_PRODUCT_CODE,95.00,IDENTITY_MATCHED,QUANTITY_SHORTAGE,PRICE_MATCHED,AMOUNT_VARIANCE,QUANTITY_AND_AMOUNT_DIFFERENCE,Y,-0.76,0.00,-73.23,PRD-0138,PRD-8634,NEXUS Scissors 500 MG,NEXUS Scissors 500 MG,851.73,924.96,8.84,9.60,96.35,96.35,-73.23,73.23,73.23,0.00,0.00,0.00,73.23
TXN-A-001905-L3824,TXN-A-001905,TXN-B-001318-L2636,TXN-B-001318,NORMALIZED_NAME,90.00,IDENTITY_MATCHED,QUANTITY_EXCESS,PRICE_MATCHED,AMOUNT_VARIANCE,QUANTITY_AND_AMOUNT_DIFFERENCE,Y,6.09,0.00,211.75,PRD-0141,PRD-7142,NEXUS Eraser Pack 3 V,NEXUS Eraser Pack 3 V,332.05,120.30,9.55,3.46,34.77,34.77,211.75,211.75,211.75,0.00,0.00,0.00,211.75
TXN-A-001906-L3826,TXN-A-001906,,,POSSIBLE_SUBSTITUTE,70.00,IDENTITY_UNMATCHED,QUANTITY_NOT_APPLICABLE,PRICE_NOT_APPLICABLE,AMOUNT_NOT_APPLICABLE,UNRESOLVED,Y,,,,PRD-0017,,AURORA Surface Wipes 9 V,,356.83,0.00,4.42,,80.73,,356.83,356.83,0.00,0.00,356.83,356.83,356.83
TXN-A-001907-L3828,TXN-A-001907,TXN-B-001939-L3973,TXN-B-001939,EXACT_BARCODE,97.00,IDENTITY_MATCHED,QUANTITY_EXCESS,PRICE_MATCHED,AMOUNT_VARIANCE,QUANTITY_AND_AMOUNT_DIFFERENCE,Y,7.91,0.00,135.18,PRD-0098,PRD-0098,AURORA Cutting Board 10 IN,AURORA Cutting Board 10 IN,154.15,18.97,9.02,1.11,17.09,17.09,135.18,135.18,135.18,0.00,0.00,0.00,135.18
TXN-A-001908-L3830,TXN-A-001908,TXN-B-001215-L2430,TXN-B-001215,EXACT_PRODUCT_CODE,95.00,IDENTITY_MATCHED,QUANTITY_SHORTAGE,PRICE_MATCHED,AMOUNT_VARIANCE,QUANTITY_AND_AMOUNT_DIFFERENCE,Y,-2.84,0.00,-98.24,PRD-0001,PRD-8454,ZENITH All Purpose Cleaner 10 IN,ZENITH All Purpose Cleaner 10 IN,213.42,311.66,6.17,9.01,34.59,34.59,-98.24,98.24,98.24,0.00,0.00,0.00,98.24
TXN-A-001909-L3832,TXN-A-001909,,,POSSIBLE_SUBSTITUTE,70.00,IDENTITY_UNMATCHED,QUANTITY_NOT_APPLICABLE,PRICE_NOT_APPLICABLE,AMOUNT_NOT_APPLICABLE,UNRESOLVED,Y,,,,PRD-0039,,NEXUS Desk Organizer 250 ML,,716.93,0.00,7.95,,90.18,,716.93,716.93,0.00,0.00,716.93,716.93,716.93
TXN-A-001910-L3834,TXN-A-001910,,,POSSIBLE_SUBSTITUTE,70.00,IDENTITY_UNMATCHED,QUANTITY_NOT_APPLICABLE,PRICE_NOT_APPLICABLE,AMOUNT_NOT_APPLICABLE,UNRESOLVED,Y,,,,PRD-0118,,ZENITH Peeler 750 ML,,126.51,0.00,4.51,,28.05,,126.51,126.51,0.00,0.00,126.51,126.51,126.51
TXN-A-001911-L3836,TXN-A-001911,TXN-B-001871-L3837,TXN-B-001871,EXACT_PRIMARY_ID,100.00,IDENTITY_MATCHED,QUANTITY_SHORTAGE,PRICE_VARIANCE,AMOUNT_VARIANCE,QUANTITY_AND_AMOUNT_DIFFERENCE,Y,-1.60,-2.73,-208.54,PRD-0036,PRD-0036,NEXUS Stapler 1.5 L,NEXUS Stapler 1.5 L,958.47,1167.01,8.47,10.07,113.16,115.89,-208.54,208.54,185.42,23.12,0.00,0.00,208.54
TXN-A-001912-L3838,TXN-A-001912,TXN-B-001872-L3839,TXN-B-001872,EXACT_PRIMARY_ID,100.00,IDENTITY_MATCHED,QUANTITY_SHORTAGE,PRICE_VARIANCE,AMOUNT_VARIANCE,QUANTITY_AND_AMOUNT_DIFFERENCE,Y,-1.34,-1.03,-32.86,PRD-0054,PRD-0054,NEXUS Power Adapter 500 ML,NEXUS Power Adapter 500 ML,150.08,182.94,9.09,10.43,16.51,17.54,-32.86,32.86,23.50,9.36,0.00,0.00,32.86
TXN-A-001913-L3840,TXN-A-001913,TXN-B-001972-L4119,TXN-B-001972,EXACT_BARCODE,97.00,IDENTITY_MATCHED,QUANTITY_SHORTAGE,PRICE_MATCHED,AMOUNT_VARIANCE,QUANTITY_AND_AMOUNT_DIFFERENCE,Y,-108.03,0.00,-12137.17,PRD-0040,PRD-0040,ZENITH File Folder Pack 750 ML,ZENITH File Folder Pack 750 ML,1116.76,13253.93,9.94,117.97,112.35,112.35,-12137.17,12137.17,12137.17,0.00,0.00,0.00,12137.17
TXN-A-001914-L3842,TXN-A-001914,TXN-B-002049-L4298,TXN-B-002049,EXACT_BARCODE,97.00,IDENTITY_MATCHED,QUANTITY_SHORTAGE,PRICE_MATCHED,AMOUNT_VARIANCE,QUANTITY_AND_AMOUNT_DIFFERENCE,Y,-2.24,0.00,-196.53,PRD-0091,PRD-0091,ZENITH Hair Gel 1.5 L,ZENITH Hair Gel 1.5 L,578.21,774.74,6.59,8.83,87.74,87.74,-196.53,196.53,196.54,0.00,0.00,0.00,196.53
TXN-A-001915-L3844,TXN-A-001915,,,GENERIC_STRENGTH_EQUIVALENT,85.00,IDENTITY_UNMATCHED,QUANTITY_NOT_APPLICABLE,PRICE_NOT_APPLICABLE,AMOUNT_NOT_APPLICABLE,UNRESOLVED,Y,,,,PRD-0097,,ZENITH Cutting Board 5 W,,72.91,0.00,4.56,,15.99,,72.91,72.91,0.00,0.00,72.91,72.91,72.91
TXN-A-001916-L3846,TXN-A-001916,TXN-B-001263-L2526,TXN-B-001263,NORMALIZED_NAME,90.00,IDENTITY_MATCHED,QUANTITY_EXCESS,PRICE_MATCHED,AMOUNT_VARIANCE,QUANTITY_AND_AMOUNT_DIFFERENCE,Y,1.07,0.00,67.57,PRD-0100,PRD-7477,ZENITH Mixing Bowl Set 250 ML,ZENITH Mixing Bowl Set 250 ML,210.29,142.72,3.33,2.26,63.15,63.15,67.57,67.57,67.57,0.00,0.00,0.00,67.57
TXN-A-001917-L3848,TXN-A-001917,TXN-B-001943-L3981,TXN-B-001943,EXACT_BARCODE,97.00,IDENTITY_MATCHED,QUANTITY_EXCESS,PRICE_MATCHED,AMOUNT_VARIANCE,QUANTITY_AND_AMOUNT_DIFFERENCE,Y,6.48,0.00,134.33,PRD-0132,PRD-0132,NEXUS Ruler Set 60 CM,NEXUS Ruler Set 60 CM,174.34,40.01,8.41,1.93,20.73,20.73,134.33,134.33,134.33,0.00,0.00,0.00,134.33
TXN-A-001918-L3850,TXN-A-001918,,,POSSIBLE_SUBSTITUTE,70.00,IDENTITY_UNMATCHED,QUANTITY_NOT_APPLICABLE,PRICE_NOT_APPLICABLE,AMOUNT_NOT_APPLICABLE,UNRESOLVED,Y,,,,PRD-0041,,AURORA File Folder Pack 9 V,,493.56,0.00,8.34,,59.18,,493.56,493.56,0.00,0.00,493.56,493.56,493.56
TXN-A-001919-L3852,TXN-A-001919,TXN-B-001279-L2558,TXN-B-001279,NORMALIZED_NAME,90.00,IDENTITY_MATCHED,QUANTITY_EXCESS,PRICE_MATCHED,AMOUNT_VARIANCE,QUANTITY_AND_AMOUNT_DIFFERENCE,Y,0.86,0.00,23.89,PRD-0046,PRD-7111,ZENITH Tape Dispenser 250 ML,ZENITH Tape Dispenser 250 ML,153.90,130.01,5.54,4.68,27.78,27.78,23.89,23.89,23.89,0.00,0.00,0.00,23.89
TXN-A-001920-L3854,TXN-A-001920,,,GENERIC_STRENGTH_EQUIVALENT,85.00,IDENTITY_UNMATCHED,QUANTITY_NOT_APPLICABLE,PRICE_NOT_APPLICABLE,AMOUNT_NOT_APPLICABLE,UNRESOLVED,Y,,,,PRD-0033,,NEXUS Binder Clip Box 45 CM,,150.21,0.00,6.84,,21.96,,150.21,150.21,0.00,0.00,150.21,150.21,150.21
TXN-A-001921-L3856,TXN-A-001921,,,POSSIBLE_SUBSTITUTE,70.00,IDENTITY_UNMATCHED,QUANTITY_NOT_APPLICABLE,PRICE_NOT_APPLICABLE,AMOUNT_NOT_APPLICABLE,CREDIT,N,,,,PRD-0117,,NEXUS Can Opener 5 W,,62.88,0.00,1.04,,60.46,,62.88,62.88,0.00,0.00,62.88,0.00,0.00
TXN-A-001922-L3858,TXN-A-001922,TXN-B-001968-L4111,TXN-B-001968,EXACT_BARCODE,97.00,IDENTITY_MATCHED,QUANTITY_EXCESS,PRICE_MATCHED,AMOUNT_VARIANCE,CREDIT,N,1.37,0.00,159.80,PRD-0087,PRD-0087,NEXUS Deodorant 9 V,NEXUS Deodorant 9 V,547.04,387.24,4.69,3.32,116.64,116.64,159.80,159.80,159.80,0.00,0.00,0.00,0.00
TXN-A-001923-L3860,TXN-A-001923,TXN-B-001883-L3861,TXN-B-001883,EXACT_PRIMARY_ID,100.00,IDENTITY_MATCHED,QUANTITY_MATCHED,PRICE_MATCHED,AMOUNT_MATCHED,CREDIT,N,0.00,0.00,0.00,PRD-0135,PRD-0135,NEXUS Glue Stick 5000 MAH,NEXUS Glue Stick 5000 MAH,117.46,117.46,4.21,4.21,27.90,27.90,0.00,0.00,0.00,0.00,0.00,0.00,0.00
TXN-A-001924-L3862,TXN-A-001924,TXN-B-001449-L2898,TXN-B-001449,FUZZY_NAME,88.40,IDENTITY_SUBSTITUTE,QUANTITY_SHORTAGE,PRICE_VARIANCE,AMOUNT_VARIANCE,CREDIT,N,-5.14,26.58,39.47,PRD-0144,PRD-5625,NEXUS Marker Set 250 ML,NEXUS Marker Set 10 IN,163.80,124.33,4.09,9.23,40.05,13.47,39.47,39.47,69.24,108.71,0.00,0.00,0.00
TXN-A-001925-L3864,TXN-A-001925,TXN-B-001439-L2878,TXN-B-001439,FUZZY_NAME,83.30,IDENTITY_SUBSTITUTE,QUANTITY_SHORTAGE,PRICE_MATCHED,AMOUNT_VARIANCE,CREDIT,N,-3.33,0.00,-151.15,PRD-0139,PRD-5067,ZENITH Eraser Pack 500 G,QUANTUM Eraser Pack 500 G,66.72,217.87,1.47,4.80,45.39,45.39,-151.15,151.15,151.15,0.00,0.00,0.00,0.00
TXN-A-001926-L3866,TXN-A-001926,TXN-B-001142-L2284,TXN-B-001142,EXACT_PRODUCT_CODE,95.00,IDENTITY_MATCHED,QUANTITY_SHORTAGE,PRICE_MATCHED,AMOUNT_VARIANCE,CREDIT,N,-2.96,0.00,-290.00,PRD-0011,PRD-8344,AURORA Laundry Detergent 2000 MAH,AURORA Laundry Detergent 2000 MAH,248.84,538.84,2.54,5.50,97.97,97.97,-290.00,290.00,289.99,0.00,0.01,0.00,0.00
TXN-A-001927-L3868,TXN-A-001927,TXN-B-001965-L4105,TXN-B-001965,EXACT_BARCODE,97.00,IDENTITY_MATCHED,QUANTITY_EXCESS,PRICE_MATCHED,AMOUNT_VARIANCE,CREDIT,N,3.48,0.00,196.93,PRD-0043,PRD-0043,ZENITH Whiteboard Marker 20 W,ZENITH Whiteboard Marker 20 W,276.16,79.23,4.88,1.40,56.59,56.59,196.93,196.93,196.93,0.00,0.00,0.00,0.00
TXN-A-001928-L3870,TXN-A-001928,TXN-B-001302-L2604,TXN-B-001302,NORMALIZED_NAME,90.00,IDENTITY_MATCHED,QUANTITY_SHORTAGE,PRICE_MATCHED,AMOUNT_VARIANCE,CREDIT,N,-5.25,0.00,-544.01,PRD-0108,PRD-7963,NEXUS Spatula Set 500 MG,NEXUS Spatula Set 500 MG,394.79,938.80,3.81,9.06,103.62,103.62,-544.01,544.01,544.00,0.00,0.00,0.00,0.00
TXN-A-001929-L3872,TXN-A-001929,TXN-B-001889-L3873,TXN-B-001889,EXACT_PRIMARY_ID,100.00,IDENTITY_MATCHED,QUANTITY_MATCHED,PRICE_MATCHED,AMOUNT_MATCHED,CREDIT,N,0.00,0.00,0.00,PRD-0054,PRD-0054,NEXUS Power Adapter 500 ML,NEXUS Power Adapter 500 ML,45.07,45.07,2.73,2.73,16.51,16.51,0.00,0.00,0.00,0.00,0.00,0.00,0.00
TXN-A-001930-L3874,TXN-A-001930,,,GENERIC_STRENGTH_EQUIVALENT,85.00,IDENTITY_UNMATCHED,QUANTITY_NOT_APPLICABLE,PRICE_NOT_APPLICABLE,AMOUNT_NOT_APPLICABLE,CREDIT,N,,,,PRD-0008,,AURORA Dish Liquid 10000 MAH,,366.90,0.00,3.28,,111.86,,366.90,366.90,0.00,0.00,366.90,0.00,0.00
TXN-A-001931-L3876,TXN-A-001931,,,POSSIBLE_SUBSTITUTE,70.00,IDENTITY_UNMATCHED,QUANTITY_NOT_APPLICABLE,PRICE_NOT_APPLICABLE,AMOUNT_NOT_APPLICABLE,CREDIT,N,,,,PRD-0066,,NEXUS Charging Dock 5000 MAH,,121.42,0.00,2.20,,55.19,,121.42,121.42,0.00,0.00,121.42,0.00,0.00
TXN-A-001932-L3878,TXN-A-001932,TXN-B-001452-L2904,TXN-B-001452,FUZZY_NAME,87.50,IDENTITY_SUBSTITUTE,QUANTITY_SHORTAGE,PRICE_MATCHED,AMOUNT_VARIANCE,CREDIT,N,-2.41,0.00,-65.68,PRD-0093,PRD-5812,NEXUS Hair Gel 10 W,NOVA Hair Gel 10 W,107.36,173.04,3.94,6.35,27.25,27.25,-65.68,65.68,65.67,0.00,0.01,0.00,0.00
TXN-A-001933-L3880,TXN-A-001933,,,POSSIBLE_SUBSTITUTE,70.00,IDENTITY_UNMATCHED,QUANTITY_NOT_APPLICABLE,PRICE_NOT_APPLICABLE,AMOUNT_NOT_APPLICABLE,CREDIT,N,,,,PRD-0041,,AURORA File Folder Pack 9 V,,226.07,0.00,3.82,,59.18,,226.07,226.07,0.00,0.00,226.07,0.00,0.00
TXN-A-001934-L3882,TXN-A-001934,TXN-B-001512-L3024,TXN-B-001512,FUZZY_NAME,92.30,IDENTITY_SUBSTITUTE,QUANTITY_EXCESS,PRICE_VARIANCE,AMOUNT_VARIANCE,CREDIT,N,0.74,-59.30,-97.69,PRD-0084,PRD-4023,NEXUS Toothpaste 15 W,NEXUS Toothpaste 500 1.5 L,92.57,190.26,2.80,2.06,33.06,92.36,-97.69,97.69,68.35,166.04,0.00,0.00,0.00
TXN-A-001935-L3884,TXN-A-001935,TXN-B-001307-L2614,TXN-B-001307,NORMALIZED_NAME,90.00,IDENTITY_MATCHED,QUANTITY_EXCESS,PRICE_MATCHED,AMOUNT_VARIANCE,CREDIT,N,0.98,0.00,78.97,PRD-0116,PRD-7471,AURORA Can Opener 500 MG,AURORA Can Opener 500 MG,380.38,301.41,4.72,3.74,80.59,80.59,78.97,78.97,78.98,0.00,0.00,0.00,0.00
TXN-A-001936-L3886,TXN-A-001936,TXN-B-001185-L2370,TXN-B-001185,EXACT_PRODUCT_CODE,95.00,IDENTITY_MATCHED,QUANTITY_SHORTAGE,PRICE_MATCHED,AMOUNT_VARIANCE,CREDIT,N,-1.70,0.00,-41.99,PRD-0128,PRD-8564,AURORA Colored Pencil Set 5 W,AURORA Colored Pencil Set 5 W,122.51,164.50,4.96,6.66,24.70,24.70,-41.99,41.99,41.99,0.00,0.00,0.00,0.00
TXN-A-001937-L3888,TXN-A-001937,,,POSSIBLE_SUBSTITUTE,70.00,IDENTITY_UNMATCHED,QUANTITY_NOT_APPLICABLE,PRICE_NOT_APPLICABLE,AMOUNT_NOT_APPLICABLE,CREDIT,N,,,,PRD-0024,,NEXUS Floor Polish 100 MG,,210.47,0.00,2.78,,75.71,,210.47,210.47,0.00,0.00,210.47,0.00,0.00
TXN-A-001938-L3890,TXN-A-001938,,,GENERIC_STRENGTH_EQUIVALENT,85.00,IDENTITY_UNMATCHED,QUANTITY_NOT_APPLICABLE,PRICE_NOT_APPLICABLE,AMOUNT_NOT_APPLICABLE,CREDIT,N,,,,PRD-0022,,ZENITH Floor Polish 2000 MAH,,6.45,0.00,1.09,,5.92,,6.45,6.45,0.00,0.00,6.45,0.00,0.00
TXN-A-001939-L3892,TXN-A-001939,TXN-B-001169-L2338,TXN-B-001169,EXACT_PRODUCT_CODE,95.00,IDENTITY_MATCHED,QUANTITY_EXCESS,PRICE_MATCHED,AMOUNT_VARIANCE,CREDIT,N,0.11,0.00,2.78,PRD-0010,PRD-8401,ZENITH Laundry Detergent 1.5 V,ZENITH Laundry Detergent 1.5 V,49.08,46.30,1.94,1.83,25.30,25.30,2.78,2.78,2.78,0.00,0.00,0.00,0.00
TXN-A-001940-L3894,TXN-A-001940,TXN-B-001900-L3895,TXN-B-001900,EXACT_PRIMARY_ID,100.00,IDENTITY_MATCHED,QUANTITY_MATCHED,PRICE_MATCHED,AMOUNT_MATCHED,CREDIT,N,0.00,0.00,0.00,PRD-0112,PRD-0112,ZENITH Kitchen Towel 30 CM,ZENITH Kitchen Towel 30 CM,332.79,332.79,3.31,3.31,100.54,100.54,0.00,0.00,0.00,0.00,0.00,0.00,0.00
TXN-A-001941-L3896,TXN-A-001941,,,GENERIC_STRENGTH_EQUIVALENT,85.00,IDENTITY_UNMATCHED,QUANTITY_NOT_APPLICABLE,PRICE_NOT_APPLICABLE,AMOUNT_NOT_APPLICABLE,CREDIT,N,,,,PRD-0022,,ZENITH Floor Polish 2000 MAH,,23.62,0.00,3.99,,5.92,,23.62,23.62,0.00,0.00,23.62,0.00,0.00
TXN-A-001942-L3898,TXN-A-001942,TXN-B-001295-L2590,TXN-B-001295,NORMALIZED_NAME,90.00,IDENTITY_MATCHED,QUANTITY_SHORTAGE,PRICE_MATCHED,AMOUNT_VARIANCE,CREDIT,N,-3.78,0.00,-46.34,PRD-0076,PRD-7741,ZENITH Shampoo 200 G,ZENITH Shampoo 200 G,54.80,101.14,4.47,8.25,12.26,12.26,-46.34,46.34,46.34,0.00,0.00,0.00,0.00
TXN-A-001943-L3900,TXN-A-001943,TXN-B-001463-L2926,TXN-B-001463,FUZZY_NAME,88.20,IDENTITY_SUBSTITUTE,QUANTITY_SHORTAGE,PRICE_MATCHED,AMOUNT_VARIANCE,CREDIT,N,-0.86,0.00,-18.42,PRD-0121,PRD-5826,ZENITH Notebook 1 L,ORBIT Notebook 1 L,103.89,122.31,4.85,5.71,21.42,21.42,-18.42,18.42,18.42,0.00,0.00,0.00,0.00
TXN-A-001944-L3902,TXN-A-001944,,,POSSIBLE_SUBSTITUTE,70.00,IDENTITY_UNMATCHED,QUANTITY_NOT_APPLICABLE,PRICE_NOT_APPLICABLE,AMOUNT_NOT_APPLICABLE,CREDIT,N,,,,PRD-0059,,AURORA Screen Protector 45 CM,,165.62,0.00,2.68,,61.80,,165.62,165.62,0.00,0.00,165.62,0.00,0.00
TXN-A-001945-L3904,TXN-A-001945,TXN-B-001141-L2282,TXN-B-001141,EXACT_PRODUCT_CODE,95.00,IDENTITY_MATCHED,QUANTITY_SHORTAGE,PRICE_MATCHED,AMOUNT_VARIANCE,CREDIT,N,-2.58,0.00,-24.89,PRD-0013,PRD-8353,ZENITH Fabric Softener 1 L,ZENITH Fabric Softener 1 L,28.47,53.36,2.95,5.53,9.65,9.65,-24.89,24.89,24.90,0.00,0.00,0.00,0.00
TXN-A-001946-L3906,TXN-A-001946,TXN-B-001217-L2434,TXN-B-001217,EXACT_PRODUCT_CODE,95.00,IDENTITY_MATCHED,QUANTITY_SHORTAGE,PRICE_MATCHED,AMOUNT_VARIANCE,CREDIT,N,-3.07,0.00,-300.77,PRD-0011,PRD-8993,AURORA Laundry Detergent 2000 MAH,AURORA Laundry Detergent 2000 MAH,296.85,597.62,3.03,6.10,97.97,97.97,-300.77,300.77,300.77,0.00,0.00,0.00,0.00
TXN-A-001947-L3908,TXN-A-001947,TXN-B-001907-L3909,TXN-B-001907,EXACT_PRIMARY_ID,100.00,IDENTITY_MATCHED,QUANTITY_MATCHED,PRICE_MATCHED,AMOUNT_MATCHED,CREDIT,N,0.00,0.00,0.00,PRD-0120,PRD-0120,NEXUS Peeler 30 CM,NEXUS Peeler 30 CM,276.05,276.05,2.88,2.88,95.85,95.85,0.00,0.00,0.00,0.00,0.00,0.00,0.00
TXN-A-001948-L3910,TXN-A-001948,TXN-B-001276-L2552,TXN-B-001276,NORMALIZED_NAME,90.00,IDENTITY_MATCHED,QUANTITY_EXCESS,PRICE_MATCHED,AMOUNT_VARIANCE,CREDIT,N,0.72,0.00,42.19,PRD-0102,PRD-7748,NEXUS Mixing Bowl Set 15 W,NEXUS Mixing Bowl Set 15 W,141.81,99.62,2.42,1.70,58.60,58.60,42.19,42.19,42.19,0.00,0.00,0.00,0.00
TXN-A-001949-L3912,TXN-A-001949,,,POSSIBLE_SUBSTITUTE,70.00,IDENTITY_UNMATCHED,QUANTITY_NOT_APPLICABLE,PRICE_NOT_APPLICABLE,AMOUNT_NOT_APPLICABLE,CREDIT,N,,,,PRD-0026,,AURORA Ballpoint Pen 250 ML,,106.37,0.00,3.95,,26.93,,106.37,106.37,0.00,0.00,106.37,0.00,0.00
TXN-A-001950-L3914,TXN-A-001950,TXN-B-001259-L2518,TXN-B-001259,NORMALIZED_NAME,90.00,IDENTITY_MATCHED,QUANTITY_SHORTAGE,PRICE_MATCHED,AMOUNT_VARIANCE,CREDIT,N,-5.83,0.00,-329.92,PRD-0043,PRD-7520,ZENITH Whiteboard Marker 20 W,ZENITH Whiteboard Marker 20 W,58.85,388.77,1.04,6.87,56.59,56.59,-329.92,329.92,329.92,0.00,0.00,0.00,0.00
TXN-A-001951-L3916,TXN-A-001951,TXN-B-001258-L2516,TXN-B-001258,NORMALIZED_NAME,90.00,IDENTITY_MATCHED,QUANTITY_SHORTAGE,PRICE_MATCHED,AMOUNT_VARIANCE,CREDIT,N,-0.76,0.00,-48.70,PRD-0061,PRD-7594,ZENITH Battery Pack 200 G,ZENITH Battery Pack 200 G,217.91,266.61,3.40,4.16,64.09,64.09,-48.70,48.70,48.71,0.00,0.00,0.00,0.00
TXN-A-001952-L3918,TXN-A-001952,TXN-B-001238-L2476,TXN-B-001238,EXACT_PRODUCT_CODE,95.00,IDENTITY_MATCHED,QUANTITY_SHORTAGE,PRICE_MATCHED,AMOUNT_VARIANCE,CREDIT,N,-5.95,0.00,-668.48,PRD-0040,PRD-8458,ZENITH File Folder Pack 750 ML,ZENITH File Folder Pack 750 ML,223.58,892.06,1.99,7.94,112.35,112.35,-668.48,668.48,668.48,0.00,0.00,0.00,0.00
TXN-A-001953-L3920,TXN-A-001953,TXN-B-001913-L3921,TXN-B-001913,EXACT_PRIMARY_ID,100.00,IDENTITY_MATCHED,QUANTITY_MATCHED,PRICE_MATCHED,AMOUNT_MATCHED,CREDIT,N,0.00,0.00,0.00,PRD-0036,PRD-0036,NEXUS Stapler 1.5 L,NEXUS Stapler 1.5 L,244.43,244.43,2.16,2.16,113.16,113.16,0.00,0.00,0.00,0.00,0.00,0.00,0.00
TXN-A-001954-L3922,TXN-A-001954,,,POSSIBLE_SUBSTITUTE,70.00,IDENTITY_UNMATCHED,QUANTITY_NOT_APPLICABLE,PRICE_NOT_APPLICABLE,AMOUNT_NOT_APPLICABLE,CREDIT,N,,,,PRD-0125,,AURORA Sketch Pad 1.5 V,,314.03,0.00,3.05,,102.96,,314.03,314.03,0.00,0.00,314.03,0.00,0.00
TXN-A-001955-L3924,TXN-A-001955,,,POSSIBLE_SUBSTITUTE,70.00,IDENTITY_UNMATCHED,QUANTITY_NOT_APPLICABLE,PRICE_NOT_APPLICABLE,AMOUNT_NOT_APPLICABLE,CREDIT,N,,,,PRD-0074,,AURORA Hand Soap 1.5 V,,124.48,0.00,1.72,,72.37,,124.48,124.48,0.00,0.00,124.48,0.00,0.00
TXN-A-001956-L3926,TXN-A-001956,TXN-B-001999-L4173,TXN-B-001999,FUZZY_NAME,87.50,IDENTITY_SUBSTITUTE,QUANTITY_SHORTAGE,PRICE_MATCHED,AMOUNT_VARIANCE,CREDIT,N,-0.42,0.00,-48.99,PRD-0087,PRD-3354,NEXUS Deodorant 9 V,NEXX Deodorant V,246.11,295.10,2.11,2.53,116.64,116.64,-48.99,48.99,48.99,0.00,0.00,0.00,0.00
TXN-A-001957-L3928,TXN-A-001957,,,POSSIBLE_SUBSTITUTE,70.00,IDENTITY_UNMATCHED,QUANTITY_NOT_APPLICABLE,PRICE_NOT_APPLICABLE,AMOUNT_NOT_APPLICABLE,CREDIT,N,,,,PRD-0052,,ZENITH Power Adapter 20 W,,154.19,0.00,3.40,,45.35,,154.19,154.19,0.00,0.00,154.19,0.00,0.00
TXN-A-001958-L3930,TXN-A-001958,,,POSSIBLE_SUBSTITUTE,70.00,IDENTITY_UNMATCHED,QUANTITY_NOT_APPLICABLE,PRICE_NOT_APPLICABLE,AMOUNT_NOT_APPLICABLE,CREDIT,N,,,,PRD-0041,,AURORA File Folder Pack 9 V,,179.91,0.00,3.04,,59.18,,179.91,179.91,0.00,0.00,179.91,0.00,0.00
TXN-A-001959-L3932,TXN-A-001959,,,GENERIC_STRENGTH_EQUIVALENT,85.00,IDENTITY_UNMATCHED,QUANTITY_NOT_APPLICABLE,PRICE_NOT_APPLICABLE,AMOUNT_NOT_APPLICABLE,CREDIT,N,,,,PRD-0093,,NEXUS Hair Gel 10 W,,60.50,0.00,2.22,,27.25,,60.50,60.50,0.00,0.00,60.50,0.00,0.00
TXN-A-001960-L3934,TXN-A-001960,,,POSSIBLE_SUBSTITUTE,70.00,IDENTITY_UNMATCHED,QUANTITY_NOT_APPLICABLE,PRICE_NOT_APPLICABLE,AMOUNT_NOT_APPLICABLE,CREDIT,N,,,,PRD-0073,,ZENITH Hand Soap 250 MG,,105.77,0.00,4.68,,22.60,,105.77,105.77,0.00,0.00,105.77,0.00,0.00
TXN-A-001961-L3936,TXN-A-001961,TXN-B-001921-L3937,TXN-B-001921,EXACT_PRIMARY_ID,100.00,IDENTITY_MATCHED,QUANTITY_MATCHED,PRICE_MATCHED,AMOUNT_MATCHED,CREDIT,N,0.00,0.00,0.00,PRD-0135,PRD-0135,NEXUS Glue Stick 5000 MAH,NEXUS Glue Stick 5000 MAH,73.38,73.38,2.63,2.63,27.90,27.90,0.00,0.00,0.00,0.00,0.00,0.00,0.00
TXN-A-001962-L3938,TXN-A-001962,TXN-B-002080-L4360,TXN-B-002080,EXACT_BARCODE,97.00,IDENTITY_MATCHED,QUANTITY_SHORTAGE,PRICE_MATCHED,AMOUNT_VARIANCE,CREDIT,N,-0.72,0.00,-21.28,PRD-0045,PRD-0045,NEXUS Whiteboard Marker 45 CM,NEXUS Whiteboard Marker 45 CM,124.11,145.39,4.20,4.92,29.55,29.55,-21.28,21.28,21.28,0.00,0.00,0.00,0.00
TXN-A-001963-L3940,TXN-A-001963,TXN-B-002086-L4372,TXN-B-002086,EXACT_BARCODE,97.00,IDENTITY_MATCHED,QUANTITY_SHORTAGE,PRICE_MATCHED,AMOUNT_VARIANCE,CREDIT,N,-0.23,0.00,-15.98,PRD-0075,PRD-0075,NEXUS Hand Soap 10000 MAH,NEXUS Hand Soap 10000 MAH,273.63,289.61,3.94,4.17,69.45,69.45,-15.98,15.98,15.97,0.00,0.01,0.00,0.00
TXN-A-001964-L3942,TXN-A-001964,,,POSSIBLE_SUBSTITUTE,70.00,IDENTITY_UNMATCHED,QUANTITY_NOT_APPLICABLE,PRICE_NOT_APPLICABLE,AMOUNT_NOT_APPLICABLE,CREDIT,N,,,,PRD-0101,,AURORA Mixing Bowl Set 100 MG,,375.95,0.00,3.31,,113.58,,375.95,375.95,0.00,0.00,375.95,0.00,0.00
TXN-A-001965-L3944,TXN-A-001965,TXN-B-001221-L2442,TXN-B-001221,EXACT_PRODUCT_CODE,95.00,IDENTITY_MATCHED,QUANTITY_SHORTAGE,PRICE_MATCHED,AMOUNT_VARIANCE,CREDIT,N,-3.37,0.00,-98.68,PRD-0149,PRD-8946,AURORA Wrench Set 45 CM,AURORA Wrench Set 45 CM,135.27,233.95,4.62,7.99,29.28,29.28,-98.68,98.68,98.67,0.00,0.01,0.00,0.00
TXN-A-001966-L3946,TXN-A-001966,TXN-B-001296-L2592,TXN-B-001296,NORMALIZED_NAME,90.00,IDENTITY_MATCHED,QUANTITY_SHORTAGE,PRICE_MATCHED,AMOUNT_VARIANCE,REVERSAL,N,-6.45,0.00,-79.08,PRD-0076,PRD-7993,ZENITH Shampoo 200 G,ZENITH Shampoo 200 G,39.84,118.92,3.25,9.70,12.26,12.26,-79.08,79.08,79.08,0.00,0.00,0.00,0.00
TXN-A-001967-L3948,TXN-A-001967,,,GENERIC_STRENGTH_EQUIVALENT,85.00,IDENTITY_UNMATCHED,QUANTITY_NOT_APPLICABLE,PRICE_NOT_APPLICABLE,AMOUNT_NOT_APPLICABLE,REVERSAL,N,,,,PRD-0119,,AURORA Peeler 100 MG,,56.79,0.00,4.27,,13.30,,56.79,56.79,0.00,0.00,56.79,0.00,0.00
TXN-A-001968-L3950,TXN-A-001968,TXN-B-002068-L4336,TXN-B-002068,EXACT_BARCODE,97.00,IDENTITY_MATCHED,QUANTITY_SHORTAGE,PRICE_MATCHED,AMOUNT_VARIANCE,REVERSAL,N,-3.66,0.00,-212.80,PRD-0016,PRD-0016,ZENITH Surface Wipes 60 CM,ZENITH Surface Wipes 60 CM,255.23,468.03,4.39,8.05,58.14,58.14,-212.80,212.80,212.79,0.00,0.01,0.00,0.00
TXN-A-001969-L3952,TXN-A-001969,TXN-B-002067-L4334,TXN-B-002067,EXACT_BARCODE,97.00,IDENTITY_MATCHED,QUANTITY_EXCESS,PRICE_MATCHED,AMOUNT_VARIANCE,REVERSAL,N,0.06,0.00,5.27,PRD-0091,PRD-0091,ZENITH Hair Gel 1.5 L,ZENITH Hair Gel 1.5 L,345.70,340.43,3.94,3.88,87.74,87.74,5.27,5.27,5.26,0.00,0.01,0.00,0.00
TXN-A-001970-L3954,TXN-A-001970,,,POSSIBLE_SUBSTITUTE,70.00,IDENTITY_UNMATCHED,QUANTITY_NOT_APPLICABLE,PRICE_NOT_APPLICABLE,AMOUNT_NOT_APPLICABLE,REVERSAL,N,,,,PRD-0136,,ZENITH Scissors 3 V,,178.05,0.00,2.50,,71.22,,178.05,178.05,0.00,0.00,178.05,0.00,0.00
TXN-A-001971-L3956,TXN-A-001971,TXN-B-001949-L3993,TXN-B-001949,EXACT_BARCODE,97.00,IDENTITY_MATCHED,QUANTITY_EXCESS,PRICE_MATCHED,AMOUNT_VARIANCE,REVERSAL,N,0.58,0.00,27.56,PRD-0124,PRD-0124,ZENITH Sketch Pad 500 MG,ZENITH Sketch Pad 500 MG,205.68,178.12,4.33,3.75,47.50,47.50,27.56,27.56,27.55,0.00,0.01,0.00,0.00
TXN-A-001972-L3958,TXN-A-001972,TXN-B-001422-L2844,TXN-B-001422,FUZZY_NAME,86.50,IDENTITY_SUBSTITUTE,QUANTITY_EXCESS,PRICE_MATCHED,AMOUNT_VARIANCE,REVERSAL,N,0.05,0.00,1.66,PRD-0084,PRD-5541,NEXUS Toothpaste 15 W,SUMMIT Toothpaste 15 W,102.49,100.83,3.10,3.05,33.06,33.06,1.66,1.66,1.65,0.00,0.01,0.00,0.00
TXN-A-001973-L3960,TXN-A-001973,TXN-B-001508-L3016,TXN-B-001508,FUZZY_NAME,81.00,IDENTITY_SUBSTITUTE,QUANTITY_EXCESS,PRICE_MATCHED,AMOUNT_VARIANCE,REVERSAL,N,0.22,0.00,7.28,PRD-0084,PRD-4427,NEXUS Toothpaste 15 W,VANGUARD Toothpaste 15 20 W,81.33,74.05,2.46,2.24,33.06,33.06,7.28,7.28,7.27,0.00,0.01,0.00,0.00
TXN-A-001974-L3962,TXN-A-001974,TXN-B-001211-L2422,TXN-B-001211,EXACT_PRODUCT_CODE,95.00,IDENTITY_MATCHED,QUANTITY_SHORTAGE,PRICE_MATCHED,AMOUNT_VARIANCE,REVERSAL,N,-4.82,0.00,-82.38,PRD-0098,PRD-8665,AURORA Cutting Board 10 IN,AURORA Cutting Board 10 IN,63.40,145.78,3.71,8.53,17.09,17.09,-82.38,82.38,82.37,0.00,0.01,0.00,0.00
TXN-A-001975-L3964,TXN-A-001975,,,GENERIC_STRENGTH_EQUIVALENT,85.00,IDENTITY_UNMATCHED,QUANTITY_NOT_APPLICABLE,PRICE_NOT_APPLICABLE,AMOUNT_NOT_APPLICABLE,REVERSAL,N,,,,PRD-0119,,AURORA Peeler 100 MG,,26.87,0.00,2.02,,13.30,,26.87,26.87,0.00,0.00,26.87,0.00,0.00
TXN-A-001976-L3966,TXN-A-001976,TXN-B-002040-L4280,TXN-B-002040,EXACT_BARCODE,97.00,IDENTITY_MATCHED,QUANTITY_SHORTAGE,PRICE_MATCHED,AMOUNT_VARIANCE,REVERSAL,N,-2.60,0.00,-113.88,PRD-0053,PRD-0053,AURORA Power Adapter 1 L,AURORA Power Adapter 1 L,91.98,205.86,2.10,4.70,43.80,43.80,-113.88,113.88,113.88,0.00,0.00,0.00,0.00
TXN-A-001977-L3968,TXN-A-001977,TXN-B-001216-L2432,TXN-B-001216,EXACT_PRODUCT_CODE,95.00,IDENTITY_MATCHED,QUANTITY_SHORTAGE,PRICE_MATCHED,AMOUNT_VARIANCE,REVERSAL,N,-0.36,0.00,-18.95,PRD-0055,PRD-8146,ZENITH Phone Case 250 MG,ZENITH Phone Case 250 MG,251.52,270.47,4.78,5.14,52.62,52.62,-18.95,18.95,18.94,0.00,0.01,0.00,0.00
TXN-A-001978-L3970,TXN-A-001978,TXN-B-001938-L3971,TXN-B-001938,EXACT_PRIMARY_ID,100.00,IDENTITY_MATCHED,QUANTITY_MATCHED,PRICE_MATCHED,AMOUNT_MATCHED,REVERSAL,N,0.00,0.00,0.00,PRD-0030,PRD-0030,NEXUS Highlighter Set 12 IN,NEXUS Highlighter Set 12 IN,82.74,82.74,1.19,1.19,69.53,69.53,0.00,0.00,0.00,0.00,0.00,0.00,0.00
TXN-A-001979-L3972,TXN-A-001979,,,POSSIBLE_SUBSTITUTE,70.00,IDENTITY_UNMATCHED,QUANTITY_NOT_APPLICABLE,PRICE_NOT_APPLICABLE,AMOUNT_NOT_APPLICABLE,REVERSAL,N,,,,PRD-0098,,AURORA Cutting Board 10 IN,,18.97,0.00,1.11,,17.09,,18.97,18.97,0.00,0.00,18.97,0.00,0.00
TXN-A-001980-L3974,TXN-A-001980,TXN-B-002071-L4342,TXN-B-002071,EXACT_BARCODE,97.00,IDENTITY_MATCHED,QUANTITY_SHORTAGE,PRICE_MATCHED,AMOUNT_VARIANCE,REVERSAL,N,-2.90,0.00,-328.75,PRD-0028,PRD-0028,ZENITH Highlighter Set 500 ML,ZENITH Highlighter Set 500 ML,406.96,735.71,3.59,6.49,113.36,113.36,-328.75,328.75,328.74,0.00,0.01,0.00,0.00
TXN-A-001981-L3976,TXN-A-001981,TXN-B-001250-L2500,TXN-B-001250,NORMALIZED_NAME,90.00,IDENTITY_MATCHED,QUANTITY_SHORTAGE,PRICE_MATCHED,AMOUNT_VARIANCE,REVERSAL,N,-4.60,0.00,-116.38,PRD-0010,PRD-7268,ZENITH Laundry Detergent 1.5 V,ZENITH Laundry Detergent 1.5 V,57.18,173.56,2.26,6.86,25.30,25.30,-116.38,116.38,116.38,0.00,0.00,0.00,0.00
TXN-A-001982-L3978,TXN-A-001982,TXN-B-001421-L2842,TXN-B-001421,FUZZY_NAME,87.80,IDENTITY_SUBSTITUTE,QUANTITY_SHORTAGE,PRICE_MATCHED,AMOUNT_VARIANCE,REVERSAL,N,-4.12,0.00,-280.62,PRD-0042,PRD-5242,NEXUS File Folder Pack 500 G,SUMMIT File Folder Pack 500 G,211.82,492.44,3.11,7.23,68.11,68.11,-280.62,280.62,280.61,0.00,0.01,0.00,0.00
TXN-A-001983-L3980,TXN-A-001983,TXN-B-001992-L4159,TXN-B-001992,FUZZY_NAME,81.10,IDENTITY_SUBSTITUTE,QUANTITY_SHORTAGE,PRICE_MATCHED,AMOUNT_VARIANCE,REVERSAL,N,-1.12,0.00,-23.22,PRD-0132,PRD-3723,NEXUS Ruler Set 60 CM,NEXX Ruler 60 CM,40.01,63.23,1.93,3.05,20.73,20.73,-23.22,23.22,23.22,0.00,0.00,0.00,0.00
TXN-A-001984-L3982,TXN-A-001984,TXN-B-001194-L2388,TXN-B-001194,EXACT_PRODUCT_CODE,95.00,IDENTITY_MATCHED,QUANTITY_SHORTAGE,PRICE_MATCHED,AMOUNT_VARIANCE,REVERSAL,N,-2.58,0.00,-24.90,PRD-0013,PRD-8446,ZENITH Fabric Softener 1 L,ZENITH Fabric Softener 1 L,46.32,71.22,4.80,7.38,9.65,9.65,-24.90,24.90,24.90,0.00,0.00,0.00,0.00
TXN-A-001985-L3984,TXN-A-001985,TXN-B-001458-L2916,TXN-B-001458,FUZZY_NAME,80.00,IDENTITY_SUBSTITUTE,QUANTITY_SHORTAGE,PRICE_VARIANCE,AMOUNT_VARIANCE,REVERSAL,N,-0.81,-62.60,-250.04,PRD-0035,PRD-5560,AURORA Stapler 10 W,NOVA Stapler 100 MG,51.33,301.37,2.96,3.77,17.34,79.94,-250.04,250.04,64.75,185.30,0.00,0.00,0.00
TXN-A-001986-L3986,TXN-A-001986,TXN-B-001946-L3987,TXN-B-001946,EXACT_PRIMARY_ID,100.00,IDENTITY_MATCHED,QUANTITY_MATCHED,PRICE_MATCHED,AMOUNT_MATCHED,REVERSAL,N,0.00,0.00,0.00,PRD-0134,PRD-0134,AURORA Glue Stick 9 V,AURORA Glue Stick 9 V,357.28,357.28,4.60,4.60,77.67,77.67,0.00,0.00,0.00,0.00,0.00,0.00,0.00
TXN-A-001987-L3988,TXN-A-001987,,,POSSIBLE_SUBSTITUTE,70.00,IDENTITY_UNMATCHED,QUANTITY_NOT_APPLICABLE,PRICE_NOT_APPLICABLE,AMOUNT_NOT_APPLICABLE,REVERSAL,N,,,,PRD-0037,,ZENITH Desk Organizer 5 W,,50.50,0.00,4.38,,11.53,,50.50,50.50,0.00,0.00,50.50,0.00,0.00
TXN-A-001988-L3990,TXN-A-001988,,,POSSIBLE_SUBSTITUTE,70.00,IDENTITY_UNMATCHED,QUANTITY_NOT_APPLICABLE,PRICE_NOT_APPLICABLE,AMOUNT_NOT_APPLICABLE,REVERSAL,N,,,,PRD-0034,,ZENITH Stapler 100 MG,,312.57,0.00,3.91,,79.94,,312.57,312.57,0.00,0.00,312.57,0.00,0.00
TXN-A-001989-L3992,TXN-A-001989,TXN-B-001970-L4115,TXN-B-001970,EXACT_BARCODE,97.00,IDENTITY_MATCHED,QUANTITY_SHORTAGE,PRICE_MATCHED,AMOUNT_VARIANCE,REVERSAL,N,-465.12,0.00,-22093.21,PRD-0124,PRD-0124,ZENITH Sketch Pad 500 MG,ZENITH Sketch Pad 500 MG,178.12,22271.33,3.75,468.87,47.50,47.50,-22093.21,22093.21,22093.20,0.00,0.01,0.00,0.00
TXN-A-001990-L3994,TXN-A-001990,TXN-B-001460-L2920,TXN-B-001460,FUZZY_NAME,91.30,IDENTITY_SUBSTITUTE,QUANTITY_SHORTAGE,PRICE_MATCHED,AMOUNT_VARIANCE,REVERSAL,N,-4.06,0.00,-281.97,PRD-0075,PRD-5892,NEXUS Hand Soap 10000 MAH,PRISM Hand Soap 10000 MAH,287.52,569.49,4.14,8.20,69.45,69.45,-281.97,281.97,281.97,0.00,0.00,0.00,0.00
TXN-A-001991-L3996,TXN-A-001991,TXN-B-001951-L3997,TXN-B-001951,EXACT_PRIMARY_ID,100.00,IDENTITY_MATCHED,QUANTITY_MATCHED,PRICE_MATCHED,AMOUNT_MATCHED,REVERSAL,N,0.00,0.00,0.00,PRD-0113,PRD-0113,AURORA Kitchen Towel 20 W,AURORA Kitchen Towel 20 W,74.93,74.93,1.05,1.05,71.36,71.36,0.00,0.00,0.00,0.00,0.00,0.00,0.00
TXN-A-001992-L3998,TXN-A-001992,TXN-B-001210-L2420,TXN-B-001210,EXACT_PRODUCT_CODE,95.00,IDENTITY_MATCHED,QUANTITY_SHORTAGE,PRICE_MATCHED,AMOUNT_VARIANCE,REVERSAL,N,-2.91,0.00,-85.99,PRD-0045,PRD-8800,NEXUS Whiteboard Marker 45 CM,NEXUS Whiteboard Marker 45 CM,35.16,121.15,1.19,4.10,29.55,29.55,-85.99,85.99,85.99,0.00,0.00,0.00,0.00
TXN-A-001993-L4000,TXN-A-001993,TXN-B-001270-L2540,TXN-B-001270,NORMALIZED_NAME,90.00,IDENTITY_MATCHED,QUANTITY_SHORTAGE,PRICE_MATCHED,AMOUNT_VARIANCE,REVERSAL,N,-5.92,0.00,-379.41,PRD-0061,PRD-7752,ZENITH Battery Pack 200 G,ZENITH Battery Pack 200 G,218.55,597.96,3.41,9.33,64.09,64.09,-379.41,379.41,379.41,0.00,0.00,0.00,0.00
TXN-A-001994-L4002,TXN-A-001994,,,POSSIBLE_SUBSTITUTE,70.00,IDENTITY_UNMATCHED,QUANTITY_NOT_APPLICABLE,PRICE_NOT_APPLICABLE,AMOUNT_NOT_APPLICABLE,REVERSAL,N,,,,PRD-0136,,ZENITH Scissors 3 V,,254.97,0.00,3.58,,71.22,,254.97,254.97,0.00,0.00,254.97,0.00,0.00
TXN-A-001995-L4004,TXN-A-001995,,,POSSIBLE_SUBSTITUTE,70.00,IDENTITY_UNMATCHED,QUANTITY_NOT_APPLICABLE,PRICE_NOT_APPLICABLE,AMOUNT_NOT_APPLICABLE,REVERSAL,N,,,,PRD-0052,,ZENITH Power Adapter 20 W,,206.80,0.00,4.56,,45.35,,206.80,206.80,0.00,0.00,206.80,0.00,0.00
TXN-A-001996-L4006,TXN-A-001996,,,POSSIBLE_SUBSTITUTE,70.00,IDENTITY_UNMATCHED,QUANTITY_NOT_APPLICABLE,PRICE_NOT_APPLICABLE,AMOUNT_NOT_APPLICABLE,REVERSAL,N,,,,PRD-0037,,ZENITH Desk Organizer 5 W,,18.45,0.00,1.60,,11.53,,18.45,18.45,0.00,0.00,18.45,0.00,0.00
TXN-A-001997-L4008,TXN-A-001997,TXN-B-001254-L2508,TXN-B-001254,NORMALIZED_NAME,90.00,IDENTITY_MATCHED,QUANTITY_SHORTAGE,PRICE_MATCHED,AMOUNT_VARIANCE,REVERSAL,N,-5.57,0.00,-523.75,PRD-0137,PRD-7957,AURORA Scissors 100 MG,AURORA Scissors 100 MG,127.88,651.63,1.36,6.93,94.03,94.03,-523.75,523.75,523.75,0.00,0.00,0.00,0.00
TXN-A-001998-L4010,TXN-A-001998,,,POSSIBLE_SUBSTITUTE,70.00,IDENTITY_UNMATCHED,QUANTITY_NOT_APPLICABLE,PRICE_NOT_APPLICABLE,AMOUNT_NOT_APPLICABLE,REVERSAL,N,,,,PRD-0101,,AURORA Mixing Bowl Set 100 MG,,474.76,0.00,4.18,,113.58,,474.76,474.76,0.00,0.00,474.76,0.00,0.00
TXN-A-001999-L4012,TXN-A-001999,,,POSSIBLE_SUBSTITUTE,70.00,IDENTITY_UNMATCHED,QUANTITY_NOT_APPLICABLE,PRICE_NOT_APPLICABLE,AMOUNT_NOT_APPLICABLE,REVERSAL,N,,,,PRD-0052,,ZENITH Power Adapter 20 W,,85.71,0.00,1.89,,45.35,,85.71,85.71,0.00,0.00,85.71,0.00,0.00
TXN-A-002000-L4014,TXN-A-002000,,,POSSIBLE_SUBSTITUTE,70.00,IDENTITY_UNMATCHED,QUANTITY_NOT_APPLICABLE,PRICE_NOT_APPLICABLE,AMOUNT_NOT_APPLICABLE,REVERSAL,N,,,,PRD-0041,,AURORA File Folder Pack 9 V,,249.74,0.00,4.22,,59.18,,249.74,249.74,0.00,0.00,249.74,0.00,0.00
TXN-A-002001-L01,TXN-A-002001,,,UNMATCHED,0.00,IDENTITY_MISSING_IN_SOURCE_B,QUANTITY_NOT_APPLICABLE,PRICE_NOT_APPLICABLE,AMOUNT_NOT_APPLICABLE,MISSING_IN_SOURCE_B,Y,,,,PRD-0073,,ZENITH Hand Soap 250 MG,,141.25,0.00,6.25,,22.60,,141.25,141.25,0.00,0.00,141.25,141.25,141.25
TXN-A-002001-L02,TXN-A-002001,,,UNMATCHED,0.00,IDENTITY_MISSING_IN_SOURCE_B,QUANTITY_NOT_APPLICABLE,PRICE_NOT_APPLICABLE,AMOUNT_NOT_APPLICABLE,MISSING_IN_SOURCE_B,Y,,,,PRD-0073,,ZENITH Hand Soap 250 MG,,141.25,0.00,6.25,,22.60,,141.25,141.25,0.00,0.00,141.25,141.25,141.25
TXN-A-002002-L01,TXN-A-002002,,,UNMATCHED,0.00,IDENTITY_MISSING_IN_SOURCE_B,QUANTITY_NOT_APPLICABLE,PRICE_NOT_APPLICABLE,AMOUNT_NOT_APPLICABLE,MISSING_IN_SOURCE_B,Y,,,,PRD-0074,,AURORA Hand Soap 1.5 V,,501.52,0.00,6.93,,72.37,,501.52,501.52,0.00,0.00,501.52,501.52,501.52
TXN-A-002002-L02,TXN-A-002002,,,UNMATCHED,0.00,IDENTITY_MISSING_IN_SOURCE_B,QUANTITY_NOT_APPLICABLE,PRICE_NOT_APPLICABLE,AMOUNT_NOT_APPLICABLE,MISSING_IN_SOURCE_B,Y,,,,PRD-0074,,AURORA Hand Soap 1.5 V,,501.52,0.00,6.93,,72.37,,501.52,501.52,0.00,0.00,501.52,501.52,501.52
TXN-A-002003-L01,TXN-A-002003,TXN-B-001273-L2546,TXN-B-001273,NORMALIZED_NAME,90.00,IDENTITY_MATCHED,QUANTITY_SHORTAGE,PRICE_MATCHED,AMOUNT_VARIANCE,QUANTITY_AND_AMOUNT_DIFFERENCE,Y,-5.04,0.00,-13.41,PRD-0088,PRD-7379,ZENITH Face Cream 30 CM,ZENITH Face Cream 30 CM,5.16,18.57,1.94,6.98,2.66,2.66,-13.41,13.41,13.41,0.00,0.00,0.00,13.41
TXN-A-002003-L02,TXN-A-002003,TXN-B-001495-L2990,TXN-B-001495,FUZZY_NAME,82.60,IDENTITY_SUBSTITUTE,QUANTITY_SHORTAGE,PRICE_VARIANCE,AMOUNT_VARIANCE,QUANTITY_AND_AMOUNT_DIFFERENCE,Y,-4.72,-47.40,-328.24,PRD-0088,PRD-4973,ZENITH Face Cream 30 CM,SUMMIT Face Cream 500 30 CM,5.16,333.40,1.94,6.66,2.66,50.06,-328.24,328.24,236.28,91.96,0.00,0.00,328.24
TXN-A-002004-L01,TXN-A-002004,TXN-B-001418-L2836,TXN-B-001418,FUZZY_NAME,81.00,IDENTITY_SUBSTITUTE,QUANTITY_SHORTAGE,PRICE_VARIANCE,AMOUNT_VARIANCE,QUANTITY_AND_AMOUNT_DIFFERENCE,Y,-2.84,34.51,-90.38,PRD-0126,PRD-5864,NEXUS Sketch Pad 250 ML,TITAN Sketch Pad 500 MG,105.79,196.17,1.29,4.13,82.01,47.50,-90.38,90.38,134.90,44.52,0.00,0.00,90.38
TXN-A-002004-L02,TXN-A-002004,,,POSSIBLE_SUBSTITUTE,70.00,IDENTITY_UNMATCHED,QUANTITY_NOT_APPLICABLE,PRICE_NOT_APPLICABLE,AMOUNT_NOT_APPLICABLE,UNRESOLVED,Y,,,,PRD-0126,,NEXUS Sketch Pad 250 ML,,105.79,0.00,1.29,,82.01,,105.79,105.79,0.00,0.00,105.79,105.79,105.79
TXN-A-002005-L01,TXN-A-002005,,,GENERIC_STRENGTH_EQUIVALENT,85.00,IDENTITY_UNMATCHED,QUANTITY_NOT_APPLICABLE,PRICE_NOT_APPLICABLE,AMOUNT_NOT_APPLICABLE,UNRESOLVED,Y,,,,PRD-0008,,AURORA Dish Liquid 10000 MAH,,171.15,0.00,1.53,,111.86,,171.15,171.15,0.00,0.00,171.15,171.15,171.15
TXN-A-002005-L02,TXN-A-002005,,,GENERIC_STRENGTH_EQUIVALENT,85.00,IDENTITY_UNMATCHED,QUANTITY_NOT_APPLICABLE,PRICE_NOT_APPLICABLE,AMOUNT_NOT_APPLICABLE,UNRESOLVED,Y,,,,PRD-0008,,AURORA Dish Liquid 10000 MAH,,171.15,0.00,1.53,,111.86,,171.15,171.15,0.00,0.00,171.15,171.15,171.15
TXN-A-002006-L01,TXN-A-002006,,,UNMATCHED,0.00,IDENTITY_MISSING_IN_SOURCE_B,QUANTITY_NOT_APPLICABLE,PRICE_NOT_APPLICABLE,AMOUNT_NOT_APPLICABLE,MISSING_IN_SOURCE_B,Y,,,,PRD-0110,,AURORA Storage Container 5 W,,197.22,0.00,4.42,,44.62,,197.22,197.22,0.00,0.00,197.22,197.22,197.22
TXN-A-002006-L02,TXN-A-002006,,,UNMATCHED,0.00,IDENTITY_MISSING_IN_SOURCE_B,QUANTITY_NOT_APPLICABLE,PRICE_NOT_APPLICABLE,AMOUNT_NOT_APPLICABLE,MISSING_IN_SOURCE_B,Y,,,,PRD-0110,,AURORA Storage Container 5 W,,197.22,0.00,4.42,,44.62,,197.22,197.22,0.00,0.00,197.22,197.22,197.22
TXN-A-002007-L01,TXN-A-002007,,,POSSIBLE_SUBSTITUTE,70.00,IDENTITY_UNMATCHED,QUANTITY_NOT_APPLICABLE,PRICE_NOT_APPLICABLE,AMOUNT_NOT_APPLICABLE,UNRESOLVED,Y,,,,PRD-0002,,AURORA All Purpose Cleaner 30 CM,,90.78,0.00,2.03,,44.72,,90.78,90.78,0.00,0.00,90.78,90.78,90.78
TXN-A-002007-L02,TXN-A-002007,,,POSSIBLE_SUBSTITUTE,70.00,IDENTITY_UNMATCHED,QUANTITY_NOT_APPLICABLE,PRICE_NOT_APPLICABLE,AMOUNT_NOT_APPLICABLE,UNRESOLVED,Y,,,,PRD-0002,,AURORA All Purpose Cleaner 30 CM,,90.78,0.00,2.03,,44.72,,90.78,90.78,0.00,0.00,90.78,90.78,90.78
TXN-A-002008-L01,TXN-A-002008,TXN-B-001272-L2544,TXN-B-001272,NORMALIZED_NAME,90.00,IDENTITY_MATCHED,QUANTITY_SHORTAGE,PRICE_MATCHED,AMOUNT_VARIANCE,QUANTITY_AND_AMOUNT_DIFFERENCE,Y,-2.22,0.00,-87.27,PRD-0018,PRD-7903,NEXUS Surface Wipes 500 MG,NEXUS Surface Wipes 500 MG,69.58,156.85,1.77,3.99,39.31,39.31,-87.27,87.27,87.27,0.00,0.00,0.00,87.27
TXN-A-002008-L02,TXN-A-002008,TXN-B-001324-L2648,TXN-B-001324,NORMALIZED_NAME,90.00,IDENTITY_MATCHED,QUANTITY_SHORTAGE,PRICE_MATCHED,AMOUNT_VARIANCE,QUANTITY_AND_AMOUNT_DIFFERENCE,Y,-6.62,0.00,-260.23,PRD-0018,PRD-7592,NEXUS Surface Wipes 500 MG,NEXUS Surface Wipes 500 MG,69.58,329.81,1.77,8.39,39.31,39.31,-260.23,260.23,260.23,0.00,0.00,0.00,260.23
TXN-A-002009-L01,TXN-A-002009,TXN-B-002085-L4370,TXN-B-002085,EXACT_BARCODE,97.00,IDENTITY_MATCHED,QUANTITY_EXCESS,PRICE_MATCHED,AMOUNT_VARIANCE,QUANTITY_AND_AMOUNT_DIFFERENCE,Y,1.59,0.00,176.82,PRD-0005,PRD-0005,AURORA Glass Spray 500 G,AURORA Glass Spray 500 G,656.14,479.32,5.90,4.31,111.21,111.21,176.82,176.82,176.82,0.00,0.00,0.00,176.82
TXN-A-002009-L02,TXN-A-002009,TXN-B-001209-L2418,TXN-B-001209,EXACT_PRODUCT_CODE,95.00,IDENTITY_MATCHED,QUANTITY_EXCESS,PRICE_MATCHED,AMOUNT_VARIANCE,QUANTITY_AND_AMOUNT_DIFFERENCE,Y,4.20,0.00,467.08,PRD-0005,PRD-8720,AURORA Glass Spray 500 G,AURORA Glass Spray 500 G,656.14,189.06,5.90,1.70,111.21,111.21,467.08,467.08,467.08,0.00,0.00,0.00,467.08
TXN-A-002010-L01,TXN-A-002010,,,POSSIBLE_SUBSTITUTE,70.00,IDENTITY_UNMATCHED,QUANTITY_NOT_APPLICABLE,PRICE_NOT_APPLICABLE,AMOUNT_NOT_APPLICABLE,UNRESOLVED,Y,,,,PRD-0137,,AURORA Scissors 100 MG,,427.84,0.00,4.55,,94.03,,427.84,427.84,0.00,0.00,427.84,427.84,427.84
TXN-A-002010-L02,TXN-A-002010,,,POSSIBLE_SUBSTITUTE,70.00,IDENTITY_UNMATCHED,QUANTITY_NOT_APPLICABLE,PRICE_NOT_APPLICABLE,AMOUNT_NOT_APPLICABLE,UNRESOLVED,Y,,,,PRD-0137,,AURORA Scissors 100 MG,,427.84,0.00,4.55,,94.03,,427.84,427.84,0.00,0.00,427.84,427.84,427.84
TXN-A-002011-L01,TXN-A-002011,,,POSSIBLE_SUBSTITUTE,70.00,IDENTITY_UNMATCHED,QUANTITY_NOT_APPLICABLE,PRICE_NOT_APPLICABLE,AMOUNT_NOT_APPLICABLE,UNRESOLVED,Y,,,,PRD-0089,,AURORA Face Cream 500 ML,,480.58,0.00,9.60,,50.06,,480.58,480.58,0.00,0.00,480.58,480.58,480.58
TXN-A-002011-L02,TXN-A-002011,,,POSSIBLE_SUBSTITUTE,70.00,IDENTITY_UNMATCHED,QUANTITY_NOT_APPLICABLE,PRICE_NOT_APPLICABLE,AMOUNT_NOT_APPLICABLE,UNRESOLVED,Y,,,,PRD-0089,,AURORA Face Cream 500 ML,,480.58,0.00,9.60,,50.06,,480.58,480.58,0.00,0.00,480.58,480.58,480.58
TXN-A-002012-L01,TXN-A-002012,,,POSSIBLE_SUBSTITUTE,70.00,IDENTITY_UNMATCHED,QUANTITY_NOT_APPLICABLE,PRICE_NOT_APPLICABLE,AMOUNT_NOT_APPLICABLE,UNRESOLVED,Y,,,,PRD-0143,,AURORA Marker Set 10 IN,,19.26,0.00,1.43,,13.47,,19.26,19.26,0.00,0.00,19.26,19.26,19.26
TXN-A-002012-L02,TXN-A-002012,,,POSSIBLE_SUBSTITUTE,70.00,IDENTITY_UNMATCHED,QUANTITY_NOT_APPLICABLE,PRICE_NOT_APPLICABLE,AMOUNT_NOT_APPLICABLE,UNRESOLVED,Y,,,,PRD-0143,,AURORA Marker Set 10 IN,,19.26,0.00,1.43,,13.47,,19.26,19.26,0.00,0.00,19.26,19.26,19.26
TXN-A-002013-L01,TXN-A-002013,TXN-B-001502-L3004,TXN-B-001502,FUZZY_NAME,85.70,IDENTITY_SUBSTITUTE,QUANTITY_EXCESS,PRICE_VARIANCE,AMOUNT_VARIANCE,QUANTITY_AND_AMOUNT_DIFFERENCE,Y,4.74,-47.38,-181.98,PRD-0050,PRD-4304,AURORA USB Cable 10000 MAH,AURORA USB Cable 1 1.5 L,27.47,209.45,8.89,4.15,3.09,50.47,-181.98,181.98,239.23,421.21,0.00,0.00,181.98
TXN-A-002013-L02,TXN-A-002013,,,POSSIBLE_SUBSTITUTE,70.00,IDENTITY_UNMATCHED,QUANTITY_NOT_APPLICABLE,PRICE_NOT_APPLICABLE,AMOUNT_NOT_APPLICABLE,UNRESOLVED,Y,,,,PRD-0050,,AURORA USB Cable 10000 MAH,,27.47,0.00,8.89,,3.09,,27.47,27.47,0.00,0.00,27.47,27.47,27.47
TXN-A-002014-L01,TXN-A-002014,,,POSSIBLE_SUBSTITUTE,70.00,IDENTITY_UNMATCHED,QUANTITY_NOT_APPLICABLE,PRICE_NOT_APPLICABLE,AMOUNT_NOT_APPLICABLE,UNRESOLVED,Y,,,,PRD-0136,,ZENITH Scissors 3 V,,677.30,0.00,9.51,,71.22,,677.30,677.30,0.00,0.00,677.30,677.30,677.30
TXN-A-002014-L02,TXN-A-002014,,,POSSIBLE_SUBSTITUTE,70.00,IDENTITY_UNMATCHED,QUANTITY_NOT_APPLICABLE,PRICE_NOT_APPLICABLE,AMOUNT_NOT_APPLICABLE,UNRESOLVED,Y,,,,PRD-0136,,ZENITH Scissors 3 V,,677.30,0.00,9.51,,71.22,,677.30,677.30,0.00,0.00,677.30,677.30,677.30
TXN-A-002015-L01,TXN-A-002015,TXN-B-001465-L2930,TXN-B-001465,FUZZY_NAME,90.00,IDENTITY_SUBSTITUTE,QUANTITY_EXCESS,PRICE_MATCHED,AMOUNT_VARIANCE,QUANTITY_AND_AMOUNT_DIFFERENCE,Y,2.22,0.00,74.97,PRD-0142,PRD-5903,ZENITH Marker Set 750 ML,APEX Marker Set 750 ML,221.53,146.56,6.56,4.34,33.77,33.77,74.97,74.97,74.97,0.00,0.00,0.00,74.97
TXN-A-002015-L02,TXN-A-002015,,,UNMATCHED,0.00,IDENTITY_MISSING_IN_SOURCE_B,QUANTITY_NOT_APPLICABLE,PRICE_NOT_APPLICABLE,AMOUNT_NOT_APPLICABLE,MISSING_IN_SOURCE_B,Y,,,,PRD-0142,,ZENITH Marker Set 750 ML,,221.53,0.00,6.56,,33.77,,221.53,221.53,0.00,0.00,221.53,221.53,221.53
TXN-A-002016-L01,TXN-A-002016,,,POSSIBLE_SUBSTITUTE,70.00,IDENTITY_UNMATCHED,QUANTITY_NOT_APPLICABLE,PRICE_NOT_APPLICABLE,AMOUNT_NOT_APPLICABLE,UNRESOLVED,Y,,,,PRD-0141,,NEXUS Eraser Pack 3 V,,139.08,0.00,4.00,,34.77,,139.08,139.08,0.00,0.00,139.08,139.08,139.08
TXN-A-002016-L02,TXN-A-002016,,,POSSIBLE_SUBSTITUTE,70.00,IDENTITY_UNMATCHED,QUANTITY_NOT_APPLICABLE,PRICE_NOT_APPLICABLE,AMOUNT_NOT_APPLICABLE,UNRESOLVED,Y,,,,PRD-0141,,NEXUS Eraser Pack 3 V,,139.08,0.00,4.00,,34.77,,139.08,139.08,0.00,0.00,139.08,139.08,139.08
TXN-A-002017-L01,TXN-A-002017,TXN-B-001323-L2646,TXN-B-001323,NORMALIZED_NAME,90.00,IDENTITY_MATCHED,QUANTITY_SHORTAGE,PRICE_MATCHED,AMOUNT_VARIANCE,QUANTITY_AND_AMOUNT_DIFFERENCE,Y,-5.44,0.00,-108.80,PRD-0090,PRD-7043,NEXUS Face Cream 100 MG,NEXUS Face Cream 100 MG,78.00,186.80,3.90,9.34,20.00,20.00,-108.80,108.80,108.80,0.00,0.00,0.00,108.80
TXN-A-002017-L02,TXN-A-002017,,,POSSIBLE_SUBSTITUTE,70.00,IDENTITY_UNMATCHED,QUANTITY_NOT_APPLICABLE,PRICE_NOT_APPLICABLE,AMOUNT_NOT_APPLICABLE,UNRESOLVED,Y,,,,PRD-0090,,NEXUS Face Cream 100 MG,,78.00,0.00,3.90,,20.00,,78.00,78.00,0.00,0.00,78.00,78.00,78.00
TXN-A-002018-L01,TXN-A-002018,TXN-B-001490-L2980,TXN-B-001490,FUZZY_NAME,83.30,IDENTITY_SUBSTITUTE,QUANTITY_EXCESS,PRICE_MATCHED,AMOUNT_VARIANCE,QUANTITY_AND_AMOUNT_DIFFERENCE,Y,2.85,0.00,311.37,PRD-0105,PRD-4279,NEXUS Measuring Cup 100 G,NOVA Measuring Cup 100 3 V,504.74,193.37,4.62,1.77,109.25,109.25,311.37,311.37,311.36,0.00,0.01,0.00,311.37
TXN-A-002018-L02,TXN-A-002018,TXN-B-001208-L2416,TXN-B-001208,FUZZY_NAME,80.00,IDENTITY_SUBSTITUTE,QUANTITY_SHORTAGE,PRICE_VARIANCE,AMOUNT_VARIANCE,QUANTITY_AND_AMOUNT_DIFFERENCE,Y,-5.07,101.74,431.97,PRD-0105,PRD-8934,NEXUS Measuring Cup 100 G,ZENITH Measuring Cup 10000 MAH,504.74,72.77,4.62,9.69,109.25,7.51,431.97,431.97,38.08,470.04,0.00,0.00,431.97
TXN-A-002019-L01,TXN-A-002019,,,UNMATCHED,0.00,IDENTITY_MISSING_IN_SOURCE_B,QUANTITY_NOT_APPLICABLE,PRICE_NOT_APPLICABLE,AMOUNT_NOT_APPLICABLE,MISSING_IN_SOURCE_B,Y,,,,PRD-0087,,NEXUS Deodorant 9 V,,465.39,0.00,3.99,,116.64,,465.39,465.39,0.00,0.00,465.39,465.39,465.39
TXN-A-002019-L02,TXN-A-002019,,,UNMATCHED,0.00,IDENTITY_MISSING_IN_SOURCE_B,QUANTITY_NOT_APPLICABLE,PRICE_NOT_APPLICABLE,AMOUNT_NOT_APPLICABLE,MISSING_IN_SOURCE_B,Y,,,,PRD-0087,,NEXUS Deodorant 9 V,,465.39,0.00,3.99,,116.64,,465.39,465.39,0.00,0.00,465.39,465.39,465.39
TXN-A-002020-L01,TXN-A-002020,TXN-B-001249-L2498,TXN-B-001249,NORMALIZED_NAME,90.00,IDENTITY_MATCHED,QUANTITY_EXCESS,PRICE_MATCHED,AMOUNT_VARIANCE,QUANTITY_AND_AMOUNT_DIFFERENCE,Y,2.20,0.00,64.41,PRD-0149,PRD-7699,AURORA Wrench Set 45 CM,AURORA Wrench Set 45 CM,258.54,194.13,8.83,6.63,29.28,29.28,64.41,64.41,64.42,0.00,0.00,0.00,64.41
TXN-A-002020-L02,TXN-A-002020,TXN-B-001310-L2620,TXN-B-001310,NORMALIZED_NAME,90.00,IDENTITY_MATCHED,QUANTITY_EXCESS,PRICE_MATCHED,AMOUNT_VARIANCE,QUANTITY_AND_AMOUNT_DIFFERENCE,Y,6.55,0.00,191.78,PRD-0149,PRD-7383,AURORA Wrench Set 45 CM,AURORA Wrench Set 45 CM,258.54,66.76,8.83,2.28,29.28,29.28,191.78,191.78,191.78,0.00,0.00,0.00,191.78
TXN-A-002021-L01,TXN-A-002021,TXN-B-002000-L4175,TXN-B-002000,FUZZY_NAME,80.00,IDENTITY_SUBSTITUTE,QUANTITY_SHORTAGE,PRICE_MATCHED,AMOUNT_VARIANCE,QUANTITY_AND_AMOUNT_DIFFERENCE,Y,-1.42,0.00,-41.58,PRD-0149,PRD-3332,AURORA Wrench Set 45 CM,AURX Wrench 45 CM,147.28,188.86,5.03,6.45,29.28,29.28,-41.58,41.58,41.58,0.00,0.00,0.00,41.58
TXN-A-002021-L01,TXN-A-002021,,,POSSIBLE_SUBSTITUTE,70.00,IDENTITY_UNMATCHED,QUANTITY_NOT_APPLICABLE,PRICE_NOT_APPLICABLE,AMOUNT_NOT_APPLICABLE,UNRESOLVED,Y,,,,PRD-0149,,AURORA Wrench Set 45 CM,,147.28,0.00,5.03,,29.28,,147.28,147.28,0.00,0.00,147.28,147.28,147.28
TXN-A-002022-L01,TXN-A-002022,,,POSSIBLE_SUBSTITUTE,70.00,IDENTITY_UNMATCHED,QUANTITY_NOT_APPLICABLE,PRICE_NOT_APPLICABLE,AMOUNT_NOT_APPLICABLE,UNRESOLVED,Y,,,,PRD-0021,,NEXUS Air Freshener 30 CM,,107.73,0.00,7.75,,13.90,,107.73,107.73,0.00,0.00,107.73,107.73,107.73
TXN-A-002022-L01,TXN-A-002022,,,POSSIBLE_SUBSTITUTE,70.00,IDENTITY_UNMATCHED,QUANTITY_NOT_APPLICABLE,PRICE_NOT_APPLICABLE,AMOUNT_NOT_APPLICABLE,UNRESOLVED,Y,,,,PRD-0021,,NEXUS Air Freshener 30 CM,,107.73,0.00,7.75,,13.90,,107.73,107.73,0.00,0.00,107.73,107.73,107.73
TXN-A-002023-L01,TXN-A-002023,TXN-B-001286-L2572,TXN-B-001286,NORMALIZED_NAME,90.00,IDENTITY_MATCHED,QUANTITY_EXCESS,PRICE_MATCHED,AMOUNT_VARIANCE,QUANTITY_AND_AMOUNT_DIFFERENCE,Y,0.70,0.00,18.30,PRD-0029,PRD-7790,AURORA Highlighter Set 9 V,AURORA Highlighter Set 9 V,54.63,36.33,2.09,1.39,26.14,26.14,18.30,18.30,18.30,0.00,0.00,0.00,18.30
TXN-A-002023-L01,TXN-A-002023,,,GENERIC_STRENGTH_EQUIVALENT,85.00,IDENTITY_UNMATCHED,QUANTITY_NOT_APPLICABLE,PRICE_NOT_APPLICABLE,AMOUNT_NOT_APPLICABLE,UNRESOLVED,Y,,,,PRD-0029,,AURORA Highlighter Set 9 V,,54.63,0.00,2.09,,26.14,,54.63,54.63,0.00,0.00,54.63,54.63,54.63
TXN-A-002024-L01,TXN-A-002024,,,POSSIBLE_SUBSTITUTE,70.00,IDENTITY_UNMATCHED,QUANTITY_NOT_APPLICABLE,PRICE_NOT_APPLICABLE,AMOUNT_NOT_APPLICABLE,UNRESOLVED,Y,,,,PRD-0121,,ZENITH Notebook 1 L,,114.17,0.00,5.33,,21.42,,114.17,114.17,0.00,0.00,114.17,114.17,114.17
TXN-A-002024-L01,TXN-A-002024,,,POSSIBLE_SUBSTITUTE,70.00,IDENTITY_UNMATCHED,QUANTITY_NOT_APPLICABLE,PRICE_NOT_APPLICABLE,AMOUNT_NOT_APPLICABLE,UNRESOLVED,Y,,,,PRD-0121,,ZENITH Notebook 1 L,,114.17,0.00,5.33,,21.42,,114.17,114.17,0.00,0.00,114.17,114.17,114.17
TXN-A-002025-L01,TXN-A-002025,,,GENERIC_STRENGTH_EQUIVALENT,85.00,IDENTITY_UNMATCHED,QUANTITY_NOT_APPLICABLE,PRICE_NOT_APPLICABLE,AMOUNT_NOT_APPLICABLE,UNRESOLVED,Y,,,,PRD-0020,,AURORA Air Freshener 200 G,,879.62,0.00,8.44,,104.22,,879.62,879.62,0.00,0.00,879.62,879.62,879.62
TXN-A-002025-L01,TXN-A-002025,,,GENERIC_STRENGTH_EQUIVALENT,85.00,IDENTITY_UNMATCHED,QUANTITY_NOT_APPLICABLE,PRICE_NOT_APPLICABLE,AMOUNT_NOT_APPLICABLE,UNRESOLVED,Y,,,,PRD-0020,,AURORA Air Freshener 200 G,,879.62,0.00,8.44,,104.22,,879.62,879.62,0.00,0.00,879.62,879.62,879.62
TXN-A-002026-L01,TXN-A-002026,TXN-B-001420-L2840,TXN-B-001420,FUZZY_NAME,87.20,IDENTITY_SUBSTITUTE,QUANTITY_SHORTAGE,PRICE_MATCHED,AMOUNT_VARIANCE,QUANTITY_AND_AMOUNT_DIFFERENCE,Y,-0.86,0.00,-97.86,PRD-0070,PRD-5091,ZENITH Mouse Pad 200 G,COBALT Mouse Pad 200 G,725.98,823.84,6.38,7.24,113.79,113.79,-97.86,97.86,97.86,0.00,0.00,0.00,97.86
TXN-A-002026-L01,TXN-A-002026,,,GENERIC_STRENGTH_EQUIVALENT,85.00,IDENTITY_UNMATCHED,QUANTITY_NOT_APPLICABLE,PRICE_NOT_APPLICABLE,AMOUNT_NOT_APPLICABLE,UNRESOLVED,Y,,,,PRD-0070,,ZENITH Mouse Pad 200 G,,725.98,0.00,6.38,,113.79,,725.98,725.98,0.00,0.00,725.98,725.98,725.98
TXN-A-002027-L01,TXN-A-002027,TXN-B-002050-L4300,TXN-B-002050,EXACT_BARCODE,97.00,IDENTITY_MATCHED,QUANTITY_EXCESS,PRICE_MATCHED,AMOUNT_VARIANCE,QUANTITY_AND_AMOUNT_DIFFERENCE,Y,6.88,0.00,113.59,PRD-0054,PRD-0054,NEXUS Power Adapter 500 ML,NEXUS Power Adapter 500 ML,160.15,46.56,9.70,2.82,16.51,16.51,113.59,113.59,113.59,0.00,0.00,0.00,113.59
TXN-A-002027-L01,TXN-A-002027,,,POSSIBLE_SUBSTITUTE,70.00,IDENTITY_UNMATCHED,QUANTITY_NOT_APPLICABLE,PRICE_NOT_APPLICABLE,AMOUNT_NOT_APPLICABLE,UNRESOLVED,Y,,,,PRD-0054,,NEXUS Power Adapter 500 ML,,160.15,0.00,9.70,,16.51,,160.15,160.15,0.00,0.00,160.15,160.15,160.15
TXN-A-002028-L01,TXN-A-002028,,,POSSIBLE_SUBSTITUTE,70.00,IDENTITY_UNMATCHED,QUANTITY_NOT_APPLICABLE,PRICE_NOT_APPLICABLE,AMOUNT_NOT_APPLICABLE,UNRESOLVED,Y,,,,PRD-0084,,NEXUS Toothpaste 15 W,,205.30,0.00,6.21,,33.06,,205.30,205.30,0.00,0.00,205.30,205.30,205.30
TXN-A-002028-L01,TXN-A-002028,,,POSSIBLE_SUBSTITUTE,70.00,IDENTITY_UNMATCHED,QUANTITY_NOT_APPLICABLE,PRICE_NOT_APPLICABLE,AMOUNT_NOT_APPLICABLE,UNRESOLVED,Y,,,,PRD-0084,,NEXUS Toothpaste 15 W,,205.30,0.00,6.21,,33.06,,205.30,205.30,0.00,0.00,205.30,205.30,205.30
TXN-A-002029-L01,TXN-A-002029,TXN-B-002021-L4242,TXN-B-002021,EXACT_BARCODE,97.00,IDENTITY_MATCHED,QUANTITY_SHORTAGE,PRICE_MATCHED,AMOUNT_VARIANCE,QUANTITY_AND_AMOUNT_DIFFERENCE,Y,-2.67,0.00,-66.59,PRD-0114,PRD-0114,NEXUS Kitchen Towel 10 W,NEXUS Kitchen Towel 10 W,166.85,233.44,6.69,9.36,24.94,24.94,-66.59,66.59,66.59,0.00,0.00,0.00,66.59
TXN-A-002029-L01,TXN-A-002029,TXN-B-002034-L4268,TXN-B-002034,EXACT_BARCODE,97.00,IDENTITY_MATCHED,QUANTITY_EXCESS,PRICE_MATCHED,AMOUNT_VARIANCE,QUANTITY_AND_AMOUNT_DIFFERENCE,Y,4.36,0.00,108.74,PRD-0114,PRD-0114,NEXUS Kitchen Towel 10 W,NEXUS Kitchen Towel 10 W,166.85,58.11,6.69,2.33,24.94,24.94,108.74,108.74,108.74,0.00,0.00,0.00,108.74
TXN-A-002030-L01,TXN-A-002030,,,POSSIBLE_SUBSTITUTE,70.00,IDENTITY_UNMATCHED,QUANTITY_NOT_APPLICABLE,PRICE_NOT_APPLICABLE,AMOUNT_NOT_APPLICABLE,UNRESOLVED,Y,,,,PRD-0023,,AURORA Floor Polish 100 MG,,128.56,0.00,2.47,,52.05,,128.56,128.56,0.00,0.00,128.56,128.56,128.56
TXN-A-002030-L01,TXN-A-002030,,,POSSIBLE_SUBSTITUTE,70.00,IDENTITY_UNMATCHED,QUANTITY_NOT_APPLICABLE,PRICE_NOT_APPLICABLE,AMOUNT_NOT_APPLICABLE,UNRESOLVED,Y,,,,PRD-0023,,AURORA Floor Polish 100 MG,,128.56,0.00,2.47,,52.05,,128.56,128.56,0.00,0.00,128.56,128.56,128.56
TXN-A-002031-L01,TXN-A-002031,,,POSSIBLE_SUBSTITUTE,70.00,IDENTITY_UNMATCHED,QUANTITY_NOT_APPLICABLE,PRICE_NOT_APPLICABLE,AMOUNT_NOT_APPLICABLE,UNRESOLVED,Y,,,,PRD-0113,,AURORA Kitchen Towel 20 W,,196.95,0.00,2.76,,71.36,,196.95,196.95,0.00,0.00,196.95,196.95,196.95
TXN-A-002031-L01,TXN-A-002031,,,POSSIBLE_SUBSTITUTE,70.00,IDENTITY_UNMATCHED,QUANTITY_NOT_APPLICABLE,PRICE_NOT_APPLICABLE,AMOUNT_NOT_APPLICABLE,UNRESOLVED,Y,,,,PRD-0113,,AURORA Kitchen Towel 20 W,,196.95,0.00,2.76,,71.36,,196.95,196.95,0.00,0.00,196.95,196.95,196.95
TXN-A-002032-L01,TXN-A-002032,,,POSSIBLE_SUBSTITUTE,70.00,IDENTITY_UNMATCHED,QUANTITY_NOT_APPLICABLE,PRICE_NOT_APPLICABLE,AMOUNT_NOT_APPLICABLE,UNRESOLVED,Y,,,,PRD-0054,,NEXUS Power Adapter 500 ML,,16.51,0.00,1.00,,16.51,,16.51,16.51,0.00,0.00,16.51,16.51,16.51
TXN-A-002032-L01,TXN-A-002032,,,POSSIBLE_SUBSTITUTE,70.00,IDENTITY_UNMATCHED,QUANTITY_NOT_APPLICABLE,PRICE_NOT_APPLICABLE,AMOUNT_NOT_APPLICABLE,UNRESOLVED,Y,,,,PRD-0054,,NEXUS Power Adapter 500 ML,,16.51,0.00,1.00,,16.51,,16.51,16.51,0.00,0.00,16.51,16.51,16.51
TXN-A-002033-L01,TXN-A-002033,,,UNMATCHED,0.00,IDENTITY_MISSING_IN_SOURCE_B,QUANTITY_NOT_APPLICABLE,PRICE_NOT_APPLICABLE,AMOUNT_NOT_APPLICABLE,MISSING_IN_SOURCE_B,Y,,,,PRD-0073,,ZENITH Hand Soap 250 MG,,171.76,0.00,7.60,,22.60,,171.76,171.76,0.00,0.00,171.76,171.76,171.76
TXN-A-002033-L01,TXN-A-002033,,,UNMATCHED,0.00,IDENTITY_MISSING_IN_SOURCE_B,QUANTITY_NOT_APPLICABLE,PRICE_NOT_APPLICABLE,AMOUNT_NOT_APPLICABLE,MISSING_IN_SOURCE_B,Y,,,,PRD-0073,,ZENITH Hand Soap 250 MG,,171.76,0.00,7.60,,22.60,,171.76,171.76,0.00,0.00,171.76,171.76,171.76
TXN-A-002034-L01,TXN-A-002034,TXN-B-002091-L4382,TXN-B-002091,EXACT_BARCODE,97.00,IDENTITY_MATCHED,QUANTITY_SHORTAGE,PRICE_MATCHED,AMOUNT_VARIANCE,QUANTITY_AND_AMOUNT_DIFFERENCE,Y,-0.61,0.00,-47.38,PRD-0134,PRD-0134,AURORA Glue Stick 9 V,AURORA Glue Stick 9 V,246.21,293.59,3.17,3.78,77.67,77.67,-47.38,47.38,47.38,0.00,0.00,0.00,47.38
TXN-A-002034-L01,TXN-A-002034,,,POSSIBLE_SUBSTITUTE,70.00,IDENTITY_UNMATCHED,QUANTITY_NOT_APPLICABLE,PRICE_NOT_APPLICABLE,AMOUNT_NOT_APPLICABLE,UNRESOLVED,Y,,,,PRD-0134,,AURORA Glue Stick 9 V,,246.21,0.00,3.17,,77.67,,246.21,246.21,0.00,0.00,246.21,246.21,246.21
TXN-A-002035-L01,TXN-A-002035,TXN-B-001207-L2414,TXN-B-001207,EXACT_PRODUCT_CODE,95.00,IDENTITY_MATCHED,QUANTITY_SHORTAGE,PRICE_MATCHED,AMOUNT_VARIANCE,QUANTITY_AND_AMOUNT_DIFFERENCE,Y,-2.06,0.00,-194.17,PRD-0051,PRD-8115,NEXUS USB Cable 500 MG,NEXUS USB Cable 500 MG,136.68,330.85,1.45,3.51,94.26,94.26,-194.17,194.17,194.18,0.00,0.00,0.00,194.17
TXN-A-002035-L01,TXN-A-002035,,,POSSIBLE_SUBSTITUTE,70.00,IDENTITY_UNMATCHED,QUANTITY_NOT_APPLICABLE,PRICE_NOT_APPLICABLE,AMOUNT_NOT_APPLICABLE,UNRESOLVED,Y,,,,PRD-0051,,NEXUS USB Cable 500 MG,,136.68,0.00,1.45,,94.26,,136.68,136.68,0.00,0.00,136.68,136.68,136.68
TXN-A-002036-L01,TXN-A-002036,TXN-B-002059-L4318,TXN-B-002059,EXACT_BARCODE,97.00,IDENTITY_MATCHED,QUANTITY_SHORTAGE,PRICE_MATCHED,AMOUNT_VARIANCE,QUANTITY_AND_AMOUNT_DIFFERENCE,Y,-0.19,0.00,-6.03,PRD-0057,PRD-0057,NEXUS Phone Case 1 L,NEXUS Phone Case 1 L,124.06,130.09,3.91,4.10,31.73,31.73,-6.03,6.03,6.03,0.00,0.00,0.00,6.03
TXN-A-002036-L01,TXN-A-002036,,,POSSIBLE_SUBSTITUTE,70.00,IDENTITY_UNMATCHED,QUANTITY_NOT_APPLICABLE,PRICE_NOT_APPLICABLE,AMOUNT_NOT_APPLICABLE,UNRESOLVED,Y,,,,PRD-0057,,NEXUS Phone Case 1 L,,124.06,0.00,3.91,,31.73,,124.06,124.06,0.00,0.00,124.06,124.06,124.06
TXN-A-002037-L01,TXN-A-002037,,,GENERIC_STRENGTH_EQUIVALENT,85.00,IDENTITY_UNMATCHED,QUANTITY_NOT_APPLICABLE,PRICE_NOT_APPLICABLE,AMOUNT_NOT_APPLICABLE,UNRESOLVED,Y,,,,PRD-0049,,ZENITH USB Cable 1 KG,,128.19,0.00,2.54,,50.47,,128.19,128.19,0.00,0.00,128.19,128.19,128.19
TXN-A-002037-L01,TXN-A-002037,,,GENERIC_STRENGTH_EQUIVALENT,85.00,IDENTITY_UNMATCHED,QUANTITY_NOT_APPLICABLE,PRICE_NOT_APPLICABLE,AMOUNT_NOT_APPLICABLE,UNRESOLVED,Y,,,,PRD-0049,,ZENITH USB Cable 1 KG,,128.19,0.00,2.54,,50.47,,128.19,128.19,0.00,0.00,128.19,128.19,128.19
TXN-A-002038-L01,TXN-A-002038,,,POSSIBLE_SUBSTITUTE,70.00,IDENTITY_UNMATCHED,QUANTITY_NOT_APPLICABLE,PRICE_NOT_APPLICABLE,AMOUNT_NOT_APPLICABLE,UNRESOLVED,Y,,,,PRD-0101,,AURORA Mixing Bowl Set 100 MG,,230.57,0.00,2.03,,113.58,,230.57,230.57,0.00,0.00,230.57,230.57,230.57
TXN-A-002038-L01,TXN-A-002038,,,POSSIBLE_SUBSTITUTE,70.00,IDENTITY_UNMATCHED,QUANTITY_NOT_APPLICABLE,PRICE_NOT_APPLICABLE,AMOUNT_NOT_APPLICABLE,UNRESOLVED,Y,,,,PRD-0101,,AURORA Mixing Bowl Set 100 MG,,230.57,0.00,2.03,,113.58,,230.57,230.57,0.00,0.00,230.57,230.57,230.57
TXN-A-002039-L01,TXN-A-002039,,,POSSIBLE_SUBSTITUTE,70.00,IDENTITY_UNMATCHED,QUANTITY_NOT_APPLICABLE,PRICE_NOT_APPLICABLE,AMOUNT_NOT_APPLICABLE,UNRESOLVED,Y,,,,PRD-0052,,ZENITH Power Adapter 20 W,,422.21,0.00,9.31,,45.35,,422.21,422.21,0.00,0.00,422.21,422.21,422.21
TXN-A-002039-L01,TXN-A-002039,,,POSSIBLE_SUBSTITUTE,70.00,IDENTITY_UNMATCHED,QUANTITY_NOT_APPLICABLE,PRICE_NOT_APPLICABLE,AMOUNT_NOT_APPLICABLE,UNRESOLVED,Y,,,,PRD-0052,,ZENITH Power Adapter 20 W,,422.21,0.00,9.31,,45.35,,422.21,422.21,0.00,0.00,422.21,422.21,422.21
TXN-A-002040-L01,TXN-A-002040,TXN-B-001138-L2276,TXN-B-001138,FUZZY_NAME,88.90,IDENTITY_SUBSTITUTE,QUANTITY_EXCESS,PRICE_VARIANCE,AMOUNT_VARIANCE,QUANTITY_AND_AMOUNT_DIFFERENCE,Y,1.57,60.91,474.70,PRD-0104,PRD-8085,AURORA Measuring Cup 10000 MAH,ZENITH Measuring Cup 10000 MAH,519.99,45.29,7.60,6.03,68.42,7.51,474.70,474.70,11.79,462.92,0.00,0.00,474.70
TXN-A-002040-L01,TXN-A-002040,,,UNMATCHED,0.00,IDENTITY_MISSING_IN_SOURCE_B,QUANTITY_NOT_APPLICABLE,PRICE_NOT_APPLICABLE,AMOUNT_NOT_APPLICABLE,MISSING_IN_SOURCE_B,Y,,,,PRD-0104,,AURORA Measuring Cup 10000 MAH,,519.99,0.00,7.60,,68.42,,519.99,519.99,0.00,0.00,519.99,519.99,519.99
TXN-A-002041-L01,TXN-A-002041,TXN-B-001983-L4141,TXN-B-001983,FUZZY_NAME,85.10,IDENTITY_SUBSTITUTE,QUANTITY_EXCESS,PRICE_MATCHED,AMOUNT_VARIANCE,QUANTITY_AND_AMOUNT_DIFFERENCE,Y,6.98,0.00,345.72,PRD-0027,PRD-3816,NEXUS Ballpoint Pen 500 ML,NEXX Ballpoint 500 ML,489.85,144.13,9.89,2.91,49.53,49.53,345.72,345.72,345.72,0.00,0.00,0.00,345.72
TXN-A-002041-L01,TXN-A-002041,,,UNMATCHED,0.00,IDENTITY_MISSING_IN_SOURCE_B,QUANTITY_NOT_APPLICABLE,PRICE_NOT_APPLICABLE,AMOUNT_NOT_APPLICABLE,MISSING_IN_SOURCE_B,Y,,,,PRD-0027,,NEXUS Ballpoint Pen 500 ML,,489.85,0.00,9.89,,49.53,,489.85,489.85,0.00,0.00,489.85,489.85,489.85
TXN-A-002042-L01,TXN-A-002042,,,POSSIBLE_SUBSTITUTE,70.00,IDENTITY_UNMATCHED,QUANTITY_NOT_APPLICABLE,PRICE_NOT_APPLICABLE,AMOUNT_NOT_APPLICABLE,UNRESOLVED,Y,,,,PRD-0059,,AURORA Screen Protector 45 CM,,452.38,0.00,7.32,,61.80,,452.38,452.38,0.00,0.00,452.38,452.38,452.38
TXN-A-002042-L01,TXN-A-002042,,,POSSIBLE_SUBSTITUTE,70.00,IDENTITY_UNMATCHED,QUANTITY_NOT_APPLICABLE,PRICE_NOT_APPLICABLE,AMOUNT_NOT_APPLICABLE,UNRESOLVED,Y,,,,PRD-0059,,AURORA Screen Protector 45 CM,,452.38,0.00,7.32,,61.80,,452.38,452.38,0.00,0.00,452.38,452.38,452.38
TXN-A-002043-L01,TXN-A-002043,,,POSSIBLE_SUBSTITUTE,70.00,IDENTITY_UNMATCHED,QUANTITY_NOT_APPLICABLE,PRICE_NOT_APPLICABLE,AMOUNT_NOT_APPLICABLE,UNRESOLVED,Y,,,,PRD-0009,,NEXUS Dish Liquid 10 W,,792.93,0.00,7.77,,102.05,,792.93,792.93,0.00,0.00,792.93,792.93,792.93
TXN-A-002043-L01,TXN-A-002043,,,POSSIBLE_SUBSTITUTE,70.00,IDENTITY_UNMATCHED,QUANTITY_NOT_APPLICABLE,PRICE_NOT_APPLICABLE,AMOUNT_NOT_APPLICABLE,UNRESOLVED,Y,,,,PRD-0009,,NEXUS Dish Liquid 10 W,,792.93,0.00,7.77,,102.05,,792.93,792.93,0.00,0.00,792.93,792.93,792.93
TXN-A-002044-L01,TXN-A-002044,,,GENERIC_STRENGTH_EQUIVALENT,85.00,IDENTITY_UNMATCHED,QUANTITY_NOT_APPLICABLE,PRICE_NOT_APPLICABLE,AMOUNT_NOT_APPLICABLE,UNRESOLVED,Y,,,,PRD-0022,,ZENITH Floor Polish 2000 MAH,,42.74,0.00,7.22,,5.92,,42.74,42.74,0.00,0.00,42.74,42.74,42.74
TXN-A-002044-L01,TXN-A-002044,,,GENERIC_STRENGTH_EQUIVALENT,85.00,IDENTITY_UNMATCHED,QUANTITY_NOT_APPLICABLE,PRICE_NOT_APPLICABLE,AMOUNT_NOT_APPLICABLE,UNRESOLVED,Y,,,,PRD-0022,,ZENITH Floor Polish 2000 MAH,,42.74,0.00,7.22,,5.92,,42.74,42.74,0.00,0.00,42.74,42.74,42.74
TXN-A-002045-L01,TXN-A-002045,,,POSSIBLE_SUBSTITUTE,70.00,IDENTITY_UNMATCHED,QUANTITY_NOT_APPLICABLE,PRICE_NOT_APPLICABLE,AMOUNT_NOT_APPLICABLE,UNRESOLVED,Y,,,,PRD-0126,,NEXUS Sketch Pad 250 ML,,123.02,0.00,1.50,,82.01,,123.02,123.02,0.00,0.00,123.02,123.02,123.02
TXN-A-002045-L01,TXN-A-002045,,,POSSIBLE_SUBSTITUTE,70.00,IDENTITY_UNMATCHED,QUANTITY_NOT_APPLICABLE,PRICE_NOT_APPLICABLE,AMOUNT_NOT_APPLICABLE,UNRESOLVED,Y,,,,PRD-0126,,NEXUS Sketch Pad 250 ML,,123.02,0.00,1.50,,82.01,,123.02,123.02,0.00,0.00,123.02,123.02,123.02
TXN-A-002046-L4016,TXN-A-002046,,,UNMATCHED,0.00,IDENTITY_MISSING_IN_SOURCE_B,QUANTITY_NOT_APPLICABLE,PRICE_NOT_APPLICABLE,AMOUNT_NOT_APPLICABLE,MISSING_IN_SOURCE_B,Y,,,,PRD-ORPH7013,,Unknown Product,,707.18,0.00,8.06,,87.74,,707.18,707.18,0.00,0.00,707.18,707.18,707.18
TXN-A-002047-L4017,TXN-A-002047,,,UNMATCHED,0.00,IDENTITY_MISSING_IN_SOURCE_B,QUANTITY_NOT_APPLICABLE,PRICE_NOT_APPLICABLE,AMOUNT_NOT_APPLICABLE,MISSING_IN_SOURCE_B,Y,,,,PRD-ORPH7366,,Unknown Product,,349.12,0.00,3.78,,92.36,,349.12,349.12,0.00,0.00,349.12,349.12,349.12
TXN-A-002048-L4018,TXN-A-002048,,,UNMATCHED,0.00,IDENTITY_MISSING_IN_SOURCE_B,QUANTITY_NOT_APPLICABLE,PRICE_NOT_APPLICABLE,AMOUNT_NOT_APPLICABLE,MISSING_IN_SOURCE_B,Y,,,,PRD-ORPH6989,,Unknown Product,,682.60,0.00,8.47,,80.59,,682.60,682.60,0.00,0.00,682.60,682.60,682.60
TXN-A-002049-L4019,TXN-A-002049,,,UNMATCHED,0.00,IDENTITY_MISSING_IN_SOURCE_B,QUANTITY_NOT_APPLICABLE,PRICE_NOT_APPLICABLE,AMOUNT_NOT_APPLICABLE,MISSING_IN_SOURCE_B,Y,,,,PRD-ORPH5315,,Unknown Product,,294.21,0.00,4.20,,70.05,,294.21,294.21,0.00,0.00,294.21,294.21,294.21
TXN-A-002050-L4020,TXN-A-002050,,,UNMATCHED,0.00,IDENTITY_MISSING_IN_SOURCE_B,QUANTITY_NOT_APPLICABLE,PRICE_NOT_APPLICABLE,AMOUNT_NOT_APPLICABLE,MISSING_IN_SOURCE_B,Y,,,,PRD-ORPH3521,,Unknown Product,,331.68,0.00,5.66,,58.60,,331.68,331.68,0.00,0.00,331.68,331.68,331.68
TXN-A-002051-L4021,TXN-A-002051,,,UNMATCHED,0.00,IDENTITY_MISSING_IN_SOURCE_B,QUANTITY_NOT_APPLICABLE,PRICE_NOT_APPLICABLE,AMOUNT_NOT_APPLICABLE,MISSING_IN_SOURCE_B,Y,,,,PRD-ORPH7129,,Unknown Product,,430.89,0.00,7.16,,60.18,,430.89,430.89,0.00,0.00,430.89,430.89,430.89
TXN-A-002052-L4022,TXN-A-002052,,,UNMATCHED,0.00,IDENTITY_MISSING_IN_SOURCE_B,QUANTITY_NOT_APPLICABLE,PRICE_NOT_APPLICABLE,AMOUNT_NOT_APPLICABLE,MISSING_IN_SOURCE_B,Y,,,,PRD-ORPH6319,,Unknown Product,,97.20,0.00,2.21,,43.98,,97.20,97.20,0.00,0.00,97.20,97.20,97.20
TXN-A-002053-L4023,TXN-A-002053,,,UNMATCHED,0.00,IDENTITY_MISSING_IN_SOURCE_B,QUANTITY_NOT_APPLICABLE,PRICE_NOT_APPLICABLE,AMOUNT_NOT_APPLICABLE,MISSING_IN_SOURCE_B,Y,,,,PRD-ORPH4212,,Unknown Product,,489.46,0.00,7.92,,61.80,,489.46,489.46,0.00,0.00,489.46,489.46,489.46
TXN-A-002054-L4024,TXN-A-002054,,,UNMATCHED,0.00,IDENTITY_MISSING_IN_SOURCE_B,QUANTITY_NOT_APPLICABLE,PRICE_NOT_APPLICABLE,AMOUNT_NOT_APPLICABLE,MISSING_IN_SOURCE_B,Y,,,,PRD-ORPH3090,,Unknown Product,,241.03,0.00,2.13,,113.16,,241.03,241.03,0.00,0.00,241.03,241.03,241.03
TXN-A-002055-L4025,TXN-A-002055,,,UNMATCHED,0.00,IDENTITY_MISSING_IN_SOURCE_B,QUANTITY_NOT_APPLICABLE,PRICE_NOT_APPLICABLE,AMOUNT_NOT_APPLICABLE,MISSING_IN_SOURCE_B,Y,,,,PRD-ORPH4711,,Unknown Product,,752.26,0.00,8.44,,89.13,,752.26,752.26,0.00,0.00,752.26,752.26,752.26
TXN-A-002056-L4026,TXN-A-002056,,,UNMATCHED,0.00,IDENTITY_MISSING_IN_SOURCE_B,QUANTITY_NOT_APPLICABLE,PRICE_NOT_APPLICABLE,AMOUNT_NOT_APPLICABLE,MISSING_IN_SOURCE_B,Y,,,,PRD-ORPH7953,,Unknown Product,,181.07,0.00,6.49,,27.90,,181.07,181.07,0.00,0.00,181.07,181.07,181.07
TXN-A-002057-L4027,TXN-A-002057,,,UNMATCHED,0.00,IDENTITY_MISSING_IN_SOURCE_B,QUANTITY_NOT_APPLICABLE,PRICE_NOT_APPLICABLE,AMOUNT_NOT_APPLICABLE,MISSING_IN_SOURCE_B,Y,,,,PRD-ORPH6574,,Unknown Product,,142.33,0.00,1.51,,94.26,,142.33,142.33,0.00,0.00,142.33,142.33,142.33
TXN-A-002058-L4028,TXN-A-002058,,,UNMATCHED,0.00,IDENTITY_MISSING_IN_SOURCE_B,QUANTITY_NOT_APPLICABLE,PRICE_NOT_APPLICABLE,AMOUNT_NOT_APPLICABLE,MISSING_IN_SOURCE_B,Y,,,,PRD-ORPH7242,,Unknown Product,,999.64,0.00,9.15,,109.25,,999.64,999.64,0.00,0.00,999.64,999.64,999.64
TXN-A-002059-L4029,TXN-A-002059,,,UNMATCHED,0.00,IDENTITY_MISSING_IN_SOURCE_B,QUANTITY_NOT_APPLICABLE,PRICE_NOT_APPLICABLE,AMOUNT_NOT_APPLICABLE,MISSING_IN_SOURCE_B,Y,,,,PRD-ORPH3618,,Unknown Product,,492.38,0.00,8.32,,59.18,,492.38,492.38,0.00,0.00,492.38,492.38,492.38
TXN-A-002060-L4030,TXN-A-002060,,,UNMATCHED,0.00,IDENTITY_MISSING_IN_SOURCE_B,QUANTITY_NOT_APPLICABLE,PRICE_NOT_APPLICABLE,AMOUNT_NOT_APPLICABLE,MISSING_IN_SOURCE_B,Y,,,,PRD-ORPH1902,,Unknown Product,,223.48,0.00,5.58,,40.05,,223.48,223.48,0.00,0.00,223.48,223.48,223.48
TXN-A-002061-L4031,TXN-A-002061,,,UNMATCHED,0.00,IDENTITY_MISSING_IN_SOURCE_B,QUANTITY_NOT_APPLICABLE,PRICE_NOT_APPLICABLE,AMOUNT_NOT_APPLICABLE,MISSING_IN_SOURCE_B,Y,,,,PRD-ORPH1096,,Unknown Product,,325.85,0.00,6.86,,47.50,,325.85,325.85,0.00,0.00,325.85,325.85,325.85
TXN-A-002062-L4032,TXN-A-002062,,,UNMATCHED,0.00,IDENTITY_MISSING_IN_SOURCE_B,QUANTITY_NOT_APPLICABLE,PRICE_NOT_APPLICABLE,AMOUNT_NOT_APPLICABLE,MISSING_IN_SOURCE_B,Y,,,,PRD-ORPH2055,,Unknown Product,,485.92,0.00,6.54,,74.30,,485.92,485.92,0.00,0.00,485.92,485.92,485.92
TXN-A-002063-L4033,TXN-A-002063,,,UNMATCHED,0.00,IDENTITY_MISSING_IN_SOURCE_B,QUANTITY_NOT_APPLICABLE,PRICE_NOT_APPLICABLE,AMOUNT_NOT_APPLICABLE,MISSING_IN_SOURCE_B,Y,,,,PRD-ORPH6081,,Unknown Product,,327.41,0.00,7.21,,45.41,,327.41,327.41,0.00,0.00,327.41,327.41,327.41
TXN-A-002064-L4034,TXN-A-002064,,,UNMATCHED,0.00,IDENTITY_MISSING_IN_SOURCE_B,QUANTITY_NOT_APPLICABLE,PRICE_NOT_APPLICABLE,AMOUNT_NOT_APPLICABLE,MISSING_IN_SOURCE_B,Y,,,,PRD-ORPH8357,,Unknown Product,,146.28,0.00,9.70,,15.08,,146.28,146.28,0.00,0.00,146.28,146.28,146.28
TXN-A-002065-L4035,TXN-A-002065,,,UNMATCHED,0.00,IDENTITY_MISSING_IN_SOURCE_B,QUANTITY_NOT_APPLICABLE,PRICE_NOT_APPLICABLE,AMOUNT_NOT_APPLICABLE,MISSING_IN_SOURCE_B,Y,,,,PRD-ORPH4328,,Unknown Product,,903.85,0.00,8.99,,100.54,,903.85,903.85,0.00,0.00,903.85,903.85,903.85
TXN-A-002066-L4036,TXN-A-002066,,,UNMATCHED,0.00,IDENTITY_MISSING_IN_SOURCE_B,QUANTITY_NOT_APPLICABLE,PRICE_NOT_APPLICABLE,AMOUNT_NOT_APPLICABLE,MISSING_IN_SOURCE_B,Y,,,,PRD-ORPH8787,,Unknown Product,,65.64,0.00,2.34,,28.05,,65.64,65.64,0.00,0.00,65.64,65.64,65.64
TXN-A-002067-L4037,TXN-A-002067,,,UNMATCHED,0.00,IDENTITY_MISSING_IN_SOURCE_B,QUANTITY_NOT_APPLICABLE,PRICE_NOT_APPLICABLE,AMOUNT_NOT_APPLICABLE,MISSING_IN_SOURCE_B,Y,,,,PRD-ORPH9535,,Unknown Product,,15.83,0.00,1.19,,13.30,,15.83,15.83,0.00,0.00,15.83,15.83,15.83
TXN-A-002068-L4038,TXN-A-002068,,,UNMATCHED,0.00,IDENTITY_MISSING_IN_SOURCE_B,QUANTITY_NOT_APPLICABLE,PRICE_NOT_APPLICABLE,AMOUNT_NOT_APPLICABLE,MISSING_IN_SOURCE_B,Y,,,,PRD-ORPH1092,,Unknown Product,,232.12,0.00,8.88,,26.14,,232.12,232.12,0.00,0.00,232.12,232.12,232.12
TXN-A-002069-L4039,TXN-A-002069,,,UNMATCHED,0.00,IDENTITY_MISSING_IN_SOURCE_B,QUANTITY_NOT_APPLICABLE,PRICE_NOT_APPLICABLE,AMOUNT_NOT_APPLICABLE,MISSING_IN_SOURCE_B,Y,,,,PRD-ORPH3067,,Unknown Product,,572.01,0.00,6.03,,94.86,,572.01,572.01,0.00,0.00,572.01,572.01,572.01
TXN-A-002070-L4040,TXN-A-002070,,,UNMATCHED,0.00,IDENTITY_MISSING_IN_SOURCE_B,QUANTITY_NOT_APPLICABLE,PRICE_NOT_APPLICABLE,AMOUNT_NOT_APPLICABLE,MISSING_IN_SOURCE_B,Y,,,,PRD-ORPH5488,,Unknown Product,,33.90,0.00,2.94,,11.53,,33.90,33.90,0.00,0.00,33.90,33.90,33.90
TXN-A-002071-L4041,TXN-A-002071,,,UNMATCHED,0.00,IDENTITY_MISSING_IN_SOURCE_B,QUANTITY_NOT_APPLICABLE,PRICE_NOT_APPLICABLE,AMOUNT_NOT_APPLICABLE,MISSING_IN_SOURCE_B,Y,,,,PRD-ORPH7021,,Unknown Product,,213.54,0.00,4.53,,47.14,,213.54,213.54,0.00,0.00,213.54,213.54,213.54
TXN-A-002072-L4042,TXN-A-002072,,,UNMATCHED,0.00,IDENTITY_MISSING_IN_SOURCE_B,QUANTITY_NOT_APPLICABLE,PRICE_NOT_APPLICABLE,AMOUNT_NOT_APPLICABLE,MISSING_IN_SOURCE_B,Y,,,,PRD-ORPH5410,,Unknown Product,,301.71,0.00,7.75,,38.93,,301.71,301.71,0.00,0.00,301.71,301.71,301.71
TXN-A-002073-L4043,TXN-A-002073,,,UNMATCHED,0.00,IDENTITY_MISSING_IN_SOURCE_B,QUANTITY_NOT_APPLICABLE,PRICE_NOT_APPLICABLE,AMOUNT_NOT_APPLICABLE,MISSING_IN_SOURCE_B,Y,,,,PRD-ORPH8230,,Unknown Product,,539.35,0.00,8.34,,64.67,,539.35,539.35,0.00,0.00,539.35,539.35,539.35
TXN-A-002074-L4044,TXN-A-002074,,,UNMATCHED,0.00,IDENTITY_MISSING_IN_SOURCE_B,QUANTITY_NOT_APPLICABLE,PRICE_NOT_APPLICABLE,AMOUNT_NOT_APPLICABLE,MISSING_IN_SOURCE_B,Y,,,,PRD-ORPH5321,,Unknown Product,,64.89,0.00,1.12,,57.94,,64.89,64.89,0.00,0.00,64.89,64.89,64.89
TXN-A-002075-L4045,TXN-A-002075,,,UNMATCHED,0.00,IDENTITY_MISSING_IN_SOURCE_B,QUANTITY_NOT_APPLICABLE,PRICE_NOT_APPLICABLE,AMOUNT_NOT_APPLICABLE,MISSING_IN_SOURCE_B,Y,,,,PRD-ORPH5342,,Unknown Product,,130.52,0.00,3.52,,37.08,,130.52,130.52,0.00,0.00,130.52,130.52,130.52
TXN-A-002076-L4046,TXN-A-002076,,,GENERIC_STRENGTH_EQUIVALENT,85.00,IDENTITY_UNMATCHED,QUANTITY_NOT_APPLICABLE,PRICE_NOT_APPLICABLE,AMOUNT_NOT_APPLICABLE,UNRESOLVED,Y,,,,PRD!94#,,ZENITH USB Cable 1 KG,,200.37,0.00,3.97,,50.47,,200.37,200.37,0.00,0.00,200.37,200.37,200.37
TXN-A-002077-L4047,TXN-A-002077,,,POSSIBLE_SUBSTITUTE,70.00,IDENTITY_UNMATCHED,QUANTITY_NOT_APPLICABLE,PRICE_NOT_APPLICABLE,AMOUNT_NOT_APPLICABLE,UNRESOLVED,Y,,,,PRD!16#,,AURORA Floor Polish 100 MG,,384.13,0.00,7.38,,52.05,,384.13,384.13,0.00,0.00,384.13,384.13,384.13
TXN-A-002078-L4048,TXN-A-002078,,,POSSIBLE_SUBSTITUTE,70.00,IDENTITY_UNMATCHED,QUANTITY_NOT_APPLICABLE,PRICE_NOT_APPLICABLE,AMOUNT_NOT_APPLICABLE,UNRESOLVED,Y,,,,PRD!05#,,NEXUS Air Freshener 30 CM,,93.83,0.00,6.75,,13.90,,93.83,93.83,0.00,0.00,93.83,93.83,93.83
TXN-A-002079-L4049,TXN-A-002079,TXN-B-001314-L2628,TXN-B-001314,NORMALIZED_NAME,90.00,IDENTITY_MATCHED,QUANTITY_SHORTAGE,PRICE_MATCHED,AMOUNT_VARIANCE,QUANTITY_AND_AMOUNT_DIFFERENCE,Y,-3.44,0.00,-33.20,PRD!64#,PRD-7255,ZENITH Fabric Softener 1 L,ZENITH Fabric Softener 1 L,36.96,70.16,3.83,7.27,9.65,9.65,-33.20,33.20,33.20,0.00,0.00,0.00,33.20
TXN-A-002080-L4050,TXN-A-002080,TXN-B-001411-L2822,TXN-B-001411,FUZZY_NAME,85.70,IDENTITY_SUBSTITUTE,QUANTITY_EXCESS,PRICE_MATCHED,AMOUNT_VARIANCE,QUANTITY_AND_AMOUNT_DIFFERENCE,Y,1.79,0.00,30.52,PRD!96#,PRD-5670,AURORA Charging Dock 3 V,SUMMIT Charging Dock 3 V,87.98,57.46,5.16,3.37,17.05,17.05,30.52,30.52,30.52,0.00,0.00,0.00,30.52
TXN-A-002081-L4051,TXN-A-002081,,,GENERIC_STRENGTH_EQUIVALENT,85.00,IDENTITY_UNMATCHED,QUANTITY_NOT_APPLICABLE,PRICE_NOT_APPLICABLE,AMOUNT_NOT_APPLICABLE,UNRESOLVED,Y,,,,PRD!68#,,AURORA Peeler 100 MG,,126.48,0.00,9.51,,13.30,,126.48,126.48,0.00,0.00,126.48,126.48,126.48
TXN-A-002082-L4052,TXN-A-002082,,,POSSIBLE_SUBSTITUTE,70.00,IDENTITY_UNMATCHED,QUANTITY_NOT_APPLICABLE,PRICE_NOT_APPLICABLE,AMOUNT_NOT_APPLICABLE,UNRESOLVED,Y,,,,PRD!12#,,AURORA Tape Dispenser 45 CM,,8.63,0.00,4.15,,2.08,,8.63,8.63,0.00,0.00,8.63,8.63,8.63
TXN-A-002083-L4053,TXN-A-002083,TXN-B-001402-L2804,TXN-B-001402,FUZZY_NAME,90.50,IDENTITY_SUBSTITUTE,QUANTITY_SHORTAGE,PRICE_MATCHED,AMOUNT_VARIANCE,QUANTITY_AND_AMOUNT_DIFFERENCE,Y,-6.91,0.00,-484.05,PRD!92#,PRD-5298,AURORA Battery Pack 2000 MAH,SPECTRA Battery Pack 2000 MAH,87.56,571.61,1.25,8.16,70.05,70.05,-484.05,484.05,484.05,0.00,0.00,0.00,484.05
TXN-A-002084-L4054,TXN-A-002084,TXN-B-001430-L2860,TXN-B-001430,FUZZY_NAME,85.70,IDENTITY_SUBSTITUTE,QUANTITY_EXCESS,PRICE_MATCHED,AMOUNT_VARIANCE,QUANTITY_AND_AMOUNT_DIFFERENCE,Y,0.61,0.00,9.38,PRD!82#,PRD-5405,NEXUS Notebook 3 V,QUANTUM Notebook 3 V,53.21,43.83,3.46,2.85,15.38,15.38,9.38,9.38,9.38,0.00,0.00,0.00,9.38
TXN-A-002085-L4055,TXN-A-002085,,,POSSIBLE_SUBSTITUTE,70.00,IDENTITY_UNMATCHED,QUANTITY_NOT_APPLICABLE,PRICE_NOT_APPLICABLE,AMOUNT_NOT_APPLICABLE,UNRESOLVED,Y,,,,PRD!51#,,AURORA Tape Dispenser 45 CM,,7.20,0.00,3.46,,2.08,,7.20,7.20,0.00,0.00,7.20,7.20,7.20
TXN-A-002086-L4056,TXN-A-002086,,,POSSIBLE_SUBSTITUTE,70.00,IDENTITY_UNMATCHED,QUANTITY_NOT_APPLICABLE,PRICE_NOT_APPLICABLE,AMOUNT_NOT_APPLICABLE,UNRESOLVED,Y,,,,PRD!79#,,AURORA Floor Polish 100 MG,,417.96,0.00,8.03,,52.05,,417.96,417.96,0.00,0.00,417.96,417.96,417.96
TXN-A-002087-L4057,TXN-A-002087,TXN-B-001220-L2440,TXN-B-001220,EXACT_PRODUCT_CODE,95.00,IDENTITY_MATCHED,QUANTITY_EXCESS,PRICE_MATCHED,AMOUNT_VARIANCE,QUANTITY_AND_AMOUNT_DIFFERENCE,Y,1.10,0.00,124.48,PRD!70#,PRD-8784,NEXUS Stapler 1.5 L,NEXUS Stapler 1.5 L,534.12,409.64,4.72,3.62,113.16,113.16,124.48,124.48,124.48,0.00,0.00,0.00,124.48
TXN-A-002088-L4058,TXN-A-002088,,,POSSIBLE_SUBSTITUTE,70.00,IDENTITY_UNMATCHED,QUANTITY_NOT_APPLICABLE,PRICE_NOT_APPLICABLE,AMOUNT_NOT_APPLICABLE,UNRESOLVED,Y,,,,PRD!37#,,NEXUS Kitchen Towel 10 W,,222.46,0.00,8.92,,24.94,,222.46,222.46,0.00,0.00,222.46,222.46,222.46
TXN-A-002089-L4059,TXN-A-002089,,,UNMATCHED,0.00,IDENTITY_MISSING_IN_SOURCE_B,QUANTITY_NOT_APPLICABLE,PRICE_NOT_APPLICABLE,AMOUNT_NOT_APPLICABLE,MISSING_IN_SOURCE_B,Y,,,,PRD!31#,,NEXUS Deodorant 9 V,,1062.59,0.00,9.11,,116.64,,1062.59,1062.59,0.00,0.00,1062.59,1062.59,1062.59
TXN-A-002090-L4060,TXN-A-002090,,,POSSIBLE_SUBSTITUTE,70.00,IDENTITY_UNMATCHED,QUANTITY_NOT_APPLICABLE,PRICE_NOT_APPLICABLE,AMOUNT_NOT_APPLICABLE,UNRESOLVED,Y,,,,PRD!03#,,ZENITH Binder Clip Box 3 V,,244.69,0.00,4.24,,57.71,,244.69,244.69,0.00,0.00,244.69,244.69,244.69
TXN-A-002091-L4061,TXN-A-002091,,,UNMATCHED,0.00,IDENTITY_MISSING_IN_SOURCE_B,QUANTITY_NOT_APPLICABLE,PRICE_NOT_APPLICABLE,AMOUNT_NOT_APPLICABLE,MISSING_IN_SOURCE_B,Y,,,,PRD!37#,,AURORA Marker Set 10 IN,,15.49,0.00,1.15,,13.47,,15.49,15.49,0.00,0.00,15.49,15.49,15.49
TXN-A-002092-L4062,TXN-A-002092,TXN-B-001492-L2984,TXN-B-001492,FUZZY_NAME,82.60,IDENTITY_SUBSTITUTE,QUANTITY_SHORTAGE,PRICE_VARIANCE,AMOUNT_VARIANCE,QUANTITY_AND_AMOUNT_DIFFERENCE,Y,-2.23,-44.24,-327.96,PRD!87#,PRD-4054,NEXUS File Folder Pack 500 G,VERTEX File Folder Pack 750 1 KG,119.19,447.15,1.75,3.98,68.11,112.35,-327.96,327.96,250.54,77.42,0.00,0.00,327.96
TXN-A-002093-L4063,TXN-A-002093,,,GENERIC_STRENGTH_EQUIVALENT,85.00,IDENTITY_UNMATCHED,QUANTITY_NOT_APPLICABLE,PRICE_NOT_APPLICABLE,AMOUNT_NOT_APPLICABLE,UNRESOLVED,Y,,,,PRD!87#,,ZENITH Cutting Board 5 W,,80.75,0.00,5.05,,15.99,,80.75,80.75,0.00,0.00,80.75,80.75,80.75
TXN-A-002094-L4064,TXN-A-002094,,,UNMATCHED,0.00,IDENTITY_MISSING_IN_SOURCE_B,QUANTITY_NOT_APPLICABLE,PRICE_NOT_APPLICABLE,AMOUNT_NOT_APPLICABLE,MISSING_IN_SOURCE_B,Y,,,,PRD!94#,,NEXUS Marker Set 250 ML,,201.85,0.00,5.04,,40.05,,201.85,201.85,0.00,0.00,201.85,201.85,201.85
TXN-A-002095-L4065,TXN-A-002095,TXN-B-001177-L2354,TXN-B-001177,EXACT_PRODUCT_CODE,95.00,IDENTITY_MATCHED,QUANTITY_EXCESS,PRICE_MATCHED,AMOUNT_VARIANCE,QUANTITY_AND_AMOUNT_DIFFERENCE,Y,5.60,0.00,245.28,PRD!39#,PRD-8851,AURORA Power Adapter 1 L,AURORA Power Adapter 1 L,321.49,76.21,7.34,1.74,43.80,43.80,245.28,245.28,245.28,0.00,0.00,0.00,245.28
TXN-A-002096-L4066,TXN-A-002096,,,POSSIBLE_SUBSTITUTE,70.00,IDENTITY_UNMATCHED,QUANTITY_NOT_APPLICABLE,PRICE_NOT_APPLICABLE,AMOUNT_NOT_APPLICABLE,UNRESOLVED,Y,,,,PRD!27#,,AURORA Shampoo 1 KG,,658.79,0.00,6.18,,106.60,,658.79,658.79,0.00,0.00,658.79,658.79,658.79
TXN-A-002097-L4067,TXN-A-002097,TXN-B-001976-L4127,TXN-B-001976,EXACT_BARCODE,97.00,IDENTITY_MATCHED,QUANTITY_SHORTAGE,PRICE_MATCHED,AMOUNT_VARIANCE,QUANTITY_AND_AMOUNT_DIFFERENCE,Y,-471.15,0.00,-15029.69,PRD!03#,PRD-0122,AURORA Notebook 5000 MAH,AURORA Notebook 5000 MAH,226.17,15255.86,7.09,478.24,31.90,31.90,-15029.69,15029.69,15029.68,0.00,0.01,0.00,15029.69
TXN-A-002098-L4068,TXN-A-002098,,,UNMATCHED,0.00,IDENTITY_MISSING_IN_SOURCE_B,QUANTITY_NOT_APPLICABLE,PRICE_NOT_APPLICABLE,AMOUNT_NOT_APPLICABLE,MISSING_IN_SOURCE_B,Y,,,,PRD!68#,,ZENITH Power Adapter 20 W,,101.13,0.00,2.23,,45.35,,101.13,101.13,0.00,0.00,101.13,101.13,101.13
TXN-A-002099-L4069,TXN-A-002099,,,UNMATCHED,0.00,IDENTITY_MISSING_IN_SOURCE_B,QUANTITY_NOT_APPLICABLE,PRICE_NOT_APPLICABLE,AMOUNT_NOT_APPLICABLE,MISSING_IN_SOURCE_B,Y,,,,PRD!37#,,NEXUS Power Adapter 500 ML,,124.98,0.00,7.57,,16.51,,124.98,124.98,0.00,0.00,124.98,124.98,124.98
TXN-A-002100-L4070,TXN-A-002100,,,UNMATCHED,0.00,IDENTITY_MISSING_IN_SOURCE_B,QUANTITY_NOT_APPLICABLE,PRICE_NOT_APPLICABLE,AMOUNT_NOT_APPLICABLE,MISSING_IN_SOURCE_B,Y,,,,PRD!49#,,AURORA Hand Soap 1.5 V,,301.06,0.00,4.16,,72.37,,301.06,301.06,0.00,0.00,301.06,301.06,301.06
TXN-A-002101-L4071,TXN-A-002101,,,GENERIC_STRENGTH_EQUIVALENT,85.00,IDENTITY_UNMATCHED,QUANTITY_NOT_APPLICABLE,PRICE_NOT_APPLICABLE,AMOUNT_NOT_APPLICABLE,UNRESOLVED,Y,,,,PRD-0148,,ZENITH Wrench Set 30 CM,,,0.00,,,116.97,,0.00,0.00,0.00,0.00,0.00,0.00,0.00
TXN-A-002102-L4072,TXN-A-002102,,,GENERIC_STRENGTH_EQUIVALENT,85.00,IDENTITY_UNMATCHED,QUANTITY_NOT_APPLICABLE,PRICE_NOT_APPLICABLE,AMOUNT_NOT_APPLICABLE,UNRESOLVED,Y,,,,PRD-0097,,ZENITH Cutting Board 5 W,,,0.00,1.44,,,,0.00,0.00,0.00,0.00,0.00,0.00,0.00
TXN-A-002103-L4073,TXN-A-002103,TXN-B-001455-L2910,TXN-B-001455,FUZZY_NAME,86.50,IDENTITY_SUBSTITUTE,QUANTITY_EXCESS,PRICE_MATCHED,AMOUNT_VARIANCE,QUANTITY_AND_AMOUNT_DIFFERENCE,Y,,0.00,,PRD-0072,PRD-5087,NEXUS Mouse Pad 100 G,AURORA Mouse Pad 100 G,,53.66,,1.22,43.98,43.98,-53.66,53.66,0.00,0.00,53.66,0.00,53.66
TXN-A-002104-L4074,TXN-A-002104,,,POSSIBLE_SUBSTITUTE,70.00,IDENTITY_UNMATCHED,QUANTITY_NOT_APPLICABLE,PRICE_NOT_APPLICABLE,AMOUNT_NOT_APPLICABLE,UNRESOLVED,Y,,,,PRD-0113,,AURORA Kitchen Towel 20 W,,,0.00,,,71.36,,0.00,0.00,0.00,0.00,0.00,0.00,0.00
TXN-A-002105-L4075,TXN-A-002105,,,POSSIBLE_SUBSTITUTE,70.00,IDENTITY_UNMATCHED,QUANTITY_NOT_APPLICABLE,PRICE_NOT_APPLICABLE,AMOUNT_NOT_APPLICABLE,UNRESOLVED,Y,,,,PRD-0084,,NEXUS Toothpaste 15 W,,,0.00,7.55,,,,0.00,0.00,0.00,0.00,0.00,0.00,0.00
TXN-A-002106-L4076,TXN-A-002106,,,POSSIBLE_SUBSTITUTE,70.00,IDENTITY_UNMATCHED,QUANTITY_NOT_APPLICABLE,PRICE_NOT_APPLICABLE,AMOUNT_NOT_APPLICABLE,UNRESOLVED,Y,,,,PRD-0137,,AURORA Scissors 100 MG,,,0.00,,,94.03,,0.00,0.00,0.00,0.00,0.00,0.00,0.00
TXN-A-002107-L4077,TXN-A-002107,,,GENERIC_STRENGTH_EQUIVALENT,85.00,IDENTITY_UNMATCHED,QUANTITY_NOT_APPLICABLE,PRICE_NOT_APPLICABLE,AMOUNT_NOT_APPLICABLE,UNRESOLVED,Y,,,,PRD-0093,,NEXUS Hair Gel 10 W,,,0.00,6.11,,,,0.00,0.00,0.00,0.00,0.00,0.00,0.00
TXN-A-002108-L4078,TXN-A-002108,,,POSSIBLE_SUBSTITUTE,70.00,IDENTITY_UNMATCHED,QUANTITY_NOT_APPLICABLE,PRICE_NOT_APPLICABLE,AMOUNT_NOT_APPLICABLE,UNRESOLVED,Y,,,,PRD-0125,,AURORA Sketch Pad 1.5 V,,,0.00,9.67,,,,0.00,0.00,0.00,0.00,0.00,0.00,0.00
TXN-A-002109-L4079,TXN-A-002109,,,UNMATCHED,0.00,IDENTITY_MISSING_IN_SOURCE_B,QUANTITY_NOT_APPLICABLE,PRICE_NOT_APPLICABLE,AMOUNT_NOT_APPLICABLE,MISSING_IN_SOURCE_B,Y,,,,PRD-0109,,ZENITH Storage Container 20 W,,,0.00,3.74,,,,0.00,0.00,0.00,0.00,0.00,0.00,0.00
TXN-A-002110-L4080,TXN-A-002110,,,UNMATCHED,0.00,IDENTITY_MISSING_IN_SOURCE_B,QUANTITY_NOT_APPLICABLE,PRICE_NOT_APPLICABLE,AMOUNT_NOT_APPLICABLE,MISSING_IN_SOURCE_B,Y,,,,PRD-0087,,NEXUS Deodorant 9 V,,,0.00,,,116.64,,0.00,0.00,0.00,0.00,0.00,0.00,0.00
TXN-A-002111-L4081,TXN-A-002111,TXN-B-001969-L4113,TXN-B-001969,EXACT_BARCODE,97.00,IDENTITY_MATCHED,QUANTITY_SHORTAGE,PRICE_VARIANCE,AMOUNT_VARIANCE,QUANTITY_AND_AMOUNT_DIFFERENCE,Y,-426.71,,,PRD-0112,PRD-0112,ZENITH Kitchen Towel 30 CM,ZENITH Kitchen Towel 30 CM,,43016.04,1.14,427.85,,100.54,-43016.04,43016.04,42901.42,0.00,114.62,0.00,43016.04
TXN-A-002112-L4082,TXN-A-002112,,,GENERIC_STRENGTH_EQUIVALENT,85.00,IDENTITY_UNMATCHED,QUANTITY_NOT_APPLICABLE,PRICE_NOT_APPLICABLE,AMOUNT_NOT_APPLICABLE,UNRESOLVED,Y,,,,PRD-0083,,AURORA Toothpaste 3 V,,,0.00,,,47.14,,0.00,0.00,0.00,0.00,0.00,0.00,0.00
TXN-A-002113-L4083,TXN-A-002113,,,POSSIBLE_SUBSTITUTE,70.00,IDENTITY_UNMATCHED,QUANTITY_NOT_APPLICABLE,PRICE_NOT_APPLICABLE,AMOUNT_NOT_APPLICABLE,UNRESOLVED,Y,,,,PRD-0009,,NEXUS Dish Liquid 10 W,,,0.00,1.05,,,,0.00,0.00,0.00,0.00,0.00,0.00,0.00
TXN-A-002114-L4084,TXN-A-002114,,,POSSIBLE_SUBSTITUTE,70.00,IDENTITY_UNMATCHED,QUANTITY_NOT_APPLICABLE,PRICE_NOT_APPLICABLE,AMOUNT_NOT_APPLICABLE,UNRESOLVED,Y,,,,PRD-0048,,NEXUS Tape Dispenser 3 V,,,0.00,,,64.25,,0.00,0.00,0.00,0.00,0.00,0.00,0.00
TXN-A-002115-L4085,TXN-A-002115,TXN-B-001173-L2346,TXN-B-001173,EXACT_PRODUCT_CODE,95.00,IDENTITY_MATCHED,QUANTITY_EXCESS,PRICE_MATCHED,AMOUNT_VARIANCE,QUANTITY_AND_AMOUNT_DIFFERENCE,Y,,0.00,,PRD-0071,PRD-8044,AURORA Mouse Pad 50 G,AURORA Mouse Pad 50 G,,156.23,,9.02,17.32,17.32,-156.23,156.23,0.00,0.00,156.23,0.00,156.23
TXN-A-002116-L4086,TXN-A-002116,,,POSSIBLE_SUBSTITUTE,70.00,IDENTITY_UNMATCHED,QUANTITY_NOT_APPLICABLE,PRICE_NOT_APPLICABLE,AMOUNT_NOT_APPLICABLE,UNRESOLVED,Y,,,,PRD-0082,,ZENITH Toothpaste 500 MG,,,0.00,,,92.36,,0.00,0.00,0.00,0.00,0.00,0.00,0.00
TXN-A-002117-L4087,TXN-A-002117,,,POSSIBLE_SUBSTITUTE,70.00,IDENTITY_UNMATCHED,QUANTITY_NOT_APPLICABLE,PRICE_NOT_APPLICABLE,AMOUNT_NOT_APPLICABLE,UNRESOLVED,Y,,,,PRD-0002,,AURORA All Purpose Cleaner 30 CM,,,0.00,,,44.72,,0.00,0.00,0.00,0.00,0.00,0.00,0.00
TXN-A-002118-L4088,TXN-A-002118,,,UNMATCHED,0.00,IDENTITY_MISSING_IN_SOURCE_B,QUANTITY_NOT_APPLICABLE,PRICE_NOT_APPLICABLE,AMOUNT_NOT_APPLICABLE,MISSING_IN_SOURCE_B,Y,,,,PRD-0040,,ZENITH File Folder Pack 750 ML,,,0.00,,,112.35,,0.00,0.00,0.00,0.00,0.00,0.00,0.00
TXN-A-002119-L4089,TXN-A-002119,,,GENERIC_STRENGTH_EQUIVALENT,85.00,IDENTITY_UNMATCHED,QUANTITY_NOT_APPLICABLE,PRICE_NOT_APPLICABLE,AMOUNT_NOT_APPLICABLE,UNRESOLVED,Y,,,,PRD-0132,,NEXUS Ruler Set 60 CM,,,0.00,1.60,,,,0.00,0.00,0.00,0.00,0.00,0.00,0.00
TXN-A-002120-L4090,TXN-A-002120,,,POSSIBLE_SUBSTITUTE,70.00,IDENTITY_UNMATCHED,QUANTITY_NOT_APPLICABLE,PRICE_NOT_APPLICABLE,AMOUNT_NOT_APPLICABLE,UNRESOLVED,Y,,,,PRD-0031,,ZENITH Binder Clip Box 3 V,,,0.00,2.34,,,,0.00,0.00,0.00,0.00,0.00,0.00,0.00
TXN-A-002121-L4091,TXN-A-002121,,,GENERIC_STRENGTH_EQUIVALENT,85.00,IDENTITY_UNMATCHED,QUANTITY_NOT_APPLICABLE,PRICE_NOT_APPLICABLE,AMOUNT_NOT_APPLICABLE,UNRESOLVED,Y,,,,PRD-0020,,AURORA Air Freshener 200 G,,,0.00,,,104.22,,0.00,0.00,0.00,0.00,0.00,0.00,0.00
TXN-A-002122-L4092,TXN-A-002122,,,POSSIBLE_SUBSTITUTE,70.00,IDENTITY_UNMATCHED,QUANTITY_NOT_APPLICABLE,PRICE_NOT_APPLICABLE,AMOUNT_NOT_APPLICABLE,UNRESOLVED,Y,,,,PRD-0126,,NEXUS Sketch Pad 250 ML,,,0.00,,,82.01,,0.00,0.00,0.00,0.00,0.00,0.00,0.00
TXN-A-002123-L4093,TXN-A-002123,TXN-B-001994-L4163,TXN-B-001994,FUZZY_NAME,87.70,IDENTITY_SUBSTITUTE,QUANTITY_EXCESS,PRICE_VARIANCE,AMOUNT_VARIANCE,QUANTITY_AND_AMOUNT_DIFFERENCE,Y,1.24,,,PRD-0129,PRD-3267,NEXUS Colored Pencil Set 750 ML,NEXX Colored Pencil 750 ML,,723.78,8.87,7.63,,94.86,-723.78,723.78,117.63,0.00,606.15,0.00,723.78
TXN-A-002124-L4094,TXN-A-002124,,,POSSIBLE_SUBSTITUTE,70.00,IDENTITY_UNMATCHED,QUANTITY_NOT_APPLICABLE,PRICE_NOT_APPLICABLE,AMOUNT_NOT_APPLICABLE,UNRESOLVED,Y,,,,PRD-0060,,NEXUS Screen Protector 10 IN,,,0.00,,,85.32,,0.00,0.00,0.00,0.00,0.00,0.00,0.00
TXN-A-002125-L4095,TXN-A-002125,,,POSSIBLE_SUBSTITUTE,70.00,IDENTITY_UNMATCHED,QUANTITY_NOT_APPLICABLE,PRICE_NOT_APPLICABLE,AMOUNT_NOT_APPLICABLE,UNRESOLVED,Y,,,,PRD-0077,,AURORA Shampoo 1 KG,,,0.00,1.19,,,,0.00,0.00,0.00,0.00,0.00,0.00,0.00
TXN-A-002126-L4096,TXN-A-002126,TXN-B-001289-L2578,TXN-B-001289,NORMALIZED_NAME,90.00,IDENTITY_MATCHED,QUANTITY_SHORTAGE,PRICE_VARIANCE,AMOUNT_VARIANCE,QUANTITY_AND_AMOUNT_DIFFERENCE,Y,-6.24,-52.09,-405.45,PRD-0055,PRD-7944,ZENITH Phone Case 250 MG,ZENITH Phone Case 250 MG,0.78,406.23,1.48,7.72,0.53,52.62,-405.45,405.45,328.35,77.09,0.01,0.00,405.45
TXN-A-002127-L4098,TXN-A-002127,,,POSSIBLE_SUBSTITUTE,70.00,IDENTITY_UNMATCHED,QUANTITY_NOT_APPLICABLE,PRICE_NOT_APPLICABLE,AMOUNT_NOT_APPLICABLE,UNRESOLVED,Y,,,,PRD-0123,,NEXUS Notebook 3 V,,3798.86,0.00,4.94,,769.00,,3798.86,3798.86,0.00,0.00,3798.86,3798.86,3798.86
TXN-A-002128-L4100,TXN-A-002128,,,POSSIBLE_SUBSTITUTE,70.00,IDENTITY_UNMATCHED,QUANTITY_NOT_APPLICABLE,PRICE_NOT_APPLICABLE,AMOUNT_NOT_APPLICABLE,UNRESOLVED,Y,,,,PRD-0060,,NEXUS Screen Protector 10 IN,,26278.56,0.00,3.08,,8532.00,,26278.56,26278.56,0.00,0.00,26278.56,26278.56,26278.56
TXN-A-002129-L4102,TXN-A-002129,TXN-B-001442-L2884,TXN-B-001442,FUZZY_NAME,92.30,IDENTITY_SUBSTITUTE,QUANTITY_SHORTAGE,PRICE_VARIANCE,AMOUNT_VARIANCE,QUANTITY_AND_AMOUNT_DIFFERENCE,Y,-1.60,-27.50,-145.10,PRD-0046,PRD-5095,ZENITH Tape Dispenser 250 ML,SUMMIT Tape Dispenser 250 ML,1.02,146.12,3.66,5.26,0.28,27.78,-145.10,145.10,44.45,100.65,0.00,0.00,145.10
TXN-A-002130-L4104,TXN-A-002130,,,POSSIBLE_SUBSTITUTE,70.00,IDENTITY_UNMATCHED,QUANTITY_NOT_APPLICABLE,PRICE_NOT_APPLICABLE,AMOUNT_NOT_APPLICABLE,UNRESOLVED,Y,,,,PRD-0043,,ZENITH Whiteboard Marker 20 W,,3961.30,0.00,1.40,,2829.50,,3961.30,3961.30,0.00,0.00,3961.30,3961.30,3961.30
TXN-A-002131-L4106,TXN-A-002131,TXN-B-001966-L4107,TXN-B-001966,EXACT_PRIMARY_ID,100.00,IDENTITY_MATCHED,QUANTITY_MATCHED,PRICE_VARIANCE,AMOUNT_VARIANCE,PRICE_DIFFERENCE,Y,0.00,6883.47,30562.61,PRD-0030,PRD-0030,NEXUS Highlighter Set 12 IN,NEXUS Highlighter Set 12 IN,30871.32,308.71,4.44,4.44,6953.00,69.53,30562.61,30562.61,0.00,30562.61,0.00,0.00,30562.61
TXN-A-002132-L4108,TXN-A-002132,,,GENERIC_STRENGTH_EQUIVALENT,85.00,IDENTITY_UNMATCHED,QUANTITY_NOT_APPLICABLE,PRICE_NOT_APPLICABLE,AMOUNT_NOT_APPLICABLE,UNRESOLVED,Y,,,,PRD-0071,,AURORA Mouse Pad 50 G,,2147.68,0.00,1.24,,1732.00,,2147.68,2147.68,0.00,0.00,2147.68,2147.68,2147.68
TXN-A-002133-L4110,TXN-A-002133,,,UNMATCHED,0.00,IDENTITY_MISSING_IN_SOURCE_B,QUANTITY_NOT_APPLICABLE,PRICE_NOT_APPLICABLE,AMOUNT_NOT_APPLICABLE,MISSING_IN_SOURCE_B,Y,,,,PRD-0087,,NEXUS Deodorant 9 V,,19362.24,0.00,3.32,,5832.00,,19362.24,19362.24,0.00,0.00,19362.24,19362.24,19362.24
TXN-A-002134-L4112,TXN-A-002134,TXN-B-001277-L2554,TXN-B-001277,NORMALIZED_NAME,90.00,IDENTITY_MATCHED,QUANTITY_EXCESS,PRICE_MATCHED,AMOUNT_VARIANCE,QUANTITY_AND_AMOUNT_DIFFERENCE,Y,424.52,0.00,42681.24,PRD-0112,PRD-7467,ZENITH Kitchen Towel 30 CM,ZENITH Kitchen Towel 30 CM,43016.04,334.80,427.85,3.33,100.54,100.54,42681.24,42681.24,42681.24,0.00,0.00,0.00,42681.24
TXN-A-002135-L4114,TXN-A-002135,TXN-B-002047-L4294,TXN-B-002047,EXACT_BARCODE,97.00,IDENTITY_MATCHED,QUANTITY_EXCESS,PRICE_MATCHED,AMOUNT_VARIANCE,QUANTITY_AND_AMOUNT_DIFFERENCE,Y,461.67,0.00,21929.33,PRD-0124,PRD-0124,ZENITH Sketch Pad 500 MG,ZENITH Sketch Pad 500 MG,22271.33,342.00,468.87,7.20,47.50,47.50,21929.33,21929.33,21929.33,0.00,0.01,0.00,21929.33
TXN-A-002136-L4116,TXN-A-002136,TXN-B-001467-L2934,TXN-B-001467,FUZZY_NAME,87.50,IDENTITY_SUBSTITUTE,QUANTITY_EXCESS,PRICE_MATCHED,AMOUNT_VARIANCE,QUANTITY_AND_AMOUNT_DIFFERENCE,Y,273.51,0.00,2639.37,PRD-0013,PRD-5957,ZENITH Fabric Softener 1 L,VERTEX Fabric Softener 1 L,2668.32,28.95,276.51,3.00,9.65,9.65,2639.37,2639.37,2639.37,0.00,0.00,0.00,2639.37
TXN-A-002137-L4118,TXN-A-002137,,,UNMATCHED,0.00,IDENTITY_MISSING_IN_SOURCE_B,QUANTITY_NOT_APPLICABLE,PRICE_NOT_APPLICABLE,AMOUNT_NOT_APPLICABLE,MISSING_IN_SOURCE_B,Y,,,,PRD-0040,,ZENITH File Folder Pack 750 ML,,13253.93,0.00,117.97,,112.35,,13253.93,13253.93,0.00,0.00,13253.93,13253.93,13253.93
TXN-A-002138-L4120,TXN-A-002138,TXN-B-001288-L2576,TXN-B-001288,FUZZY_NAME,84.40,IDENTITY_SUBSTITUTE,QUANTITY_EXCESS,PRICE_VARIANCE,AMOUNT_VARIANCE,QUANTITY_AND_AMOUNT_DIFFERENCE,Y,290.72,-41.80,19983.30,PRD-0062,PRD-7216,AURORA Battery Pack 2000 MAH,AURORA Eraser Pack 2000 MAH,21004.49,1021.19,299.85,9.13,70.05,111.85,19983.30,19983.30,32517.03,12533.73,0.00,0.00,19983.30
TXN-A-002139-L4122,TXN-A-002139,,,GENERIC_STRENGTH_EQUIVALENT,85.00,IDENTITY_UNMATCHED,QUANTITY_NOT_APPLICABLE,PRICE_NOT_APPLICABLE,AMOUNT_NOT_APPLICABLE,UNRESOLVED,Y,,,,PRD-0078,,NEXUS Shampoo 500 ML,,54102.88,0.00,456.68,,118.47,,54102.88,54102.88,0.00,0.00,54102.88,54102.88,54102.88
TXN-A-002140-L4124,TXN-A-002140,,,GENERIC_STRENGTH_EQUIVALENT,85.00,IDENTITY_UNMATCHED,QUANTITY_NOT_APPLICABLE,PRICE_NOT_APPLICABLE,AMOUNT_NOT_APPLICABLE,UNRESOLVED,Y,,,,PRD-0006,,NEXUS Glass Spray 9 V,,15951.87,0.00,189.70,,84.09,,15951.87,15951.87,0.00,0.00,15951.87,15951.87,15951.87
TXN-A-002141-L4126,TXN-A-002141,TXN-B-001426-L2852,TXN-B-001426,FUZZY_NAME,86.40,IDENTITY_SUBSTITUTE,QUANTITY_EXCESS,PRICE_MATCHED,AMOUNT_VARIANCE,QUANTITY_AND_AMOUNT_DIFFERENCE,Y,473.95,0.00,15119.01,PRD-0122,PRD-5652,AURORA Notebook 5000 MAH,VERTEX Notebook 5000 MAH,15255.86,136.85,478.24,4.29,31.90,31.90,15119.01,15119.01,15119.00,0.00,0.01,0.00,15119.01
TXN-A-002142-L4128,TXN-A-002142,TXN-B-001977-L4129,TXN-B-001977,EXACT_PRIMARY_ID,100.00,IDENTITY_MATCHED,QUANTITY_MATCHED,PRICE_MATCHED,AMOUNT_MATCHED,MATCHED,N,0.00,0.00,0.00,PRD-0092,PRD-0092,AURORA Hair Gel 100 MG,AURORA Hair Gel 100 MG,22197.33,22197.33,343.24,343.24,64.67,64.67,0.00,0.00,0.00,0.00,0.00,0.00,0.00
TXN-A-002143-L4130,TXN-A-002143,,,UNMATCHED,0.00,IDENTITY_MISSING_IN_SOURCE_B,QUANTITY_NOT_APPLICABLE,PRICE_NOT_APPLICABLE,AMOUNT_NOT_APPLICABLE,MISSING_IN_SOURCE_B,Y,,,,PRD-0095,,AURORA Lotion 1 KG,,26560.64,0.00,226.53,,117.25,,26560.64,26560.64,0.00,0.00,26560.64,26560.64,26560.64
TXN-A-002144-L4132,TXN-A-002144,TXN-B-001301-L2602,TXN-B-001301,NORMALIZED_NAME,90.00,IDENTITY_MATCHED,QUANTITY_EXCESS,PRICE_MATCHED,AMOUNT_VARIANCE,QUANTITY_AND_AMOUNT_DIFFERENCE,Y,411.88,0.00,24786.94,PRD-0064,PRD-7267,ZENITH Charging Dock 15 W,ZENITH Charging Dock 15 W,25109.50,322.56,417.24,5.36,60.18,60.18,24786.94,24786.94,24786.94,0.00,0.00,0.00,24786.94
TXN-A-002145-L4134,TXN-A-002145,,,POSSIBLE_SUBSTITUTE,70.00,IDENTITY_UNMATCHED,QUANTITY_NOT_APPLICABLE,PRICE_NOT_APPLICABLE,AMOUNT_NOT_APPLICABLE,UNRESOLVED,Y,,,,PRD-0050,,AURORA USB Cable 10000 MAH,,620.66,0.00,200.86,,3.09,,620.66,620.66,0.00,0.00,620.66,620.66,620.66
TXN-A-002146-L4136,TXN-A-002146,,,GENERIC_STRENGTH_EQUIVALENT,85.00,IDENTITY_UNMATCHED,QUANTITY_NOT_APPLICABLE,PRICE_NOT_APPLICABLE,AMOUNT_NOT_APPLICABLE,UNRESOLVED,Y,,,,PRD-0093,,NEXUS Hair Gel 10 W,,113.36,0.00,4.16,,27.25,,113.36,113.36,0.00,0.00,113.36,113.36,113.36
TXN-A-002147-L4138,TXN-A-002147,,,POSSIBLE_SUBSTITUTE,70.00,IDENTITY_UNMATCHED,QUANTITY_NOT_APPLICABLE,PRICE_NOT_APPLICABLE,AMOUNT_NOT_APPLICABLE,UNRESOLVED,Y,,,,PRD-0003,,NEXUS All Purpose Cleaner 250 ML,,339.54,0.00,2.91,,116.68,,339.54,339.54,0.00,0.00,339.54,339.54,339.54
TXN-A-002148-L4140,TXN-A-002148,,,UNMATCHED,0.00,IDENTITY_MISSING_IN_SOURCE_B,QUANTITY_NOT_APPLICABLE,PRICE_NOT_APPLICABLE,AMOUNT_NOT_APPLICABLE,MISSING_IN_SOURCE_B,Y,,,,PRD-0027,,NEXUS Ballpoint Pen 500 ML,,144.13,0.00,2.91,,49.53,,144.13,144.13,0.00,0.00,144.13,144.13,144.13
TXN-A-002149-L4142,TXN-A-002149,TXN-B-001984-L4143,TXN-B-001984,FUZZY_NAME,86.30,IDENTITY_SUBSTITUTE,QUANTITY_MATCHED,PRICE_MATCHED,AMOUNT_MATCHED,MATCHED_WITH_SUBSTITUTE,Y,0.00,0.00,0.00,PRD-0147,PRD-3954,NEXUS Screwdriver Set 100 MG,NEXX Screwdriver 100 MG,570.72,570.72,9.46,9.46,60.33,60.33,0.00,0.00,0.00,0.00,0.00,0.00,0.00
TXN-A-002150-L4144,TXN-A-002150,TXN-B-001985-L4145,TXN-B-001985,FUZZY_NAME,89.50,IDENTITY_SUBSTITUTE,QUANTITY_MATCHED,PRICE_MATCHED,AMOUNT_MATCHED,MATCHED_WITH_SUBSTITUTE,Y,0.00,0.00,0.00,PRD-0061,PRD-3095,ZENITH Battery Pack 200 G,ZENX Battery 200 G,492.21,492.21,7.68,7.68,64.09,64.09,0.00,0.00,0.00,0.00,0.00,0.00,0.00
TXN-A-002151-L4146,TXN-A-002151,TXN-B-001312-L2624,TXN-B-001312,NORMALIZED_NAME,90.00,IDENTITY_MATCHED,QUANTITY_SHORTAGE,PRICE_MATCHED,AMOUNT_VARIANCE,QUANTITY_AND_AMOUNT_DIFFERENCE,Y,-1.74,0.00,-152.67,PRD-0091,PRD-7965,ZENITH Hair Gel 1.5 L,ZENITH Hair Gel 1.5 L,572.06,724.73,6.52,8.26,87.74,87.74,-152.67,152.67,152.67,0.00,0.00,0.00,152.67
TXN-A-002152-L4148,TXN-A-002152,TXN-B-001554-L3069,TXN-B-001554,EXACT_BARCODE,97.00,IDENTITY_MATCHED,QUANTITY_EXCESS,PRICE_MATCHED,AMOUNT_VARIANCE,QUANTITY_AND_AMOUNT_DIFFERENCE,Y,3.36,0.00,322.05,PRD-0120,PRD-0120,NEXUS Peeler 30 CM,NEXUS Peeler 30 CM,752.42,430.37,7.85,4.49,95.85,95.85,322.05,322.05,322.06,0.00,0.00,0.00,322.05
TXN-A-002153-L4150,TXN-A-002153,,,GENERIC_STRENGTH_EQUIVALENT,85.00,IDENTITY_UNMATCHED,QUANTITY_NOT_APPLICABLE,PRICE_NOT_APPLICABLE,AMOUNT_NOT_APPLICABLE,UNRESOLVED,Y,,,,PRD-0071,,AURORA Mouse Pad 50 G,,135.10,0.00,7.80,,17.32,,135.10,135.10,0.00,0.00,135.10,135.10,135.10
TXN-A-002154-L4152,TXN-A-002154,,,GENERIC_STRENGTH_EQUIVALENT,85.00,IDENTITY_UNMATCHED,QUANTITY_NOT_APPLICABLE,PRICE_NOT_APPLICABLE,AMOUNT_NOT_APPLICABLE,UNRESOLVED,Y,,,,PRD-0133,,ZENITH Glue Stick 250 MG,,100.13,0.00,3.14,,31.89,,100.13,100.13,0.00,0.00,100.13,100.13,100.13
TXN-A-002155-L4154,TXN-A-002155,TXN-B-001539-L3054,TXN-B-001539,EXACT_BARCODE,97.00,IDENTITY_MATCHED,QUANTITY_EXCESS,PRICE_MATCHED,AMOUNT_VARIANCE,QUANTITY_AND_AMOUNT_DIFFERENCE,Y,6.81,0.00,496.93,PRD-0058,PRD-0058,ZENITH Screen Protector 3 V,ZENITH Screen Protector 3 V,707.81,210.88,9.70,2.89,72.97,72.97,496.93,496.93,496.93,0.00,0.00,0.00,496.93
TXN-A-002156-L4156,TXN-A-002156,,,POSSIBLE_SUBSTITUTE,70.00,IDENTITY_UNMATCHED,QUANTITY_NOT_APPLICABLE,PRICE_NOT_APPLICABLE,AMOUNT_NOT_APPLICABLE,UNRESOLVED,Y,,,,PRD-0150,,NEXUS Wrench Set 9 V,,201.16,0.00,2.26,,89.01,,201.16,201.16,0.00,0.00,201.16,201.16,201.16
TXN-A-002157-L4158,TXN-A-002157,,,GENERIC_STRENGTH_EQUIVALENT,85.00,IDENTITY_UNMATCHED,QUANTITY_NOT_APPLICABLE,PRICE_NOT_APPLICABLE,AMOUNT_NOT_APPLICABLE,UNRESOLVED,Y,,,,PRD-0132,,NEXUS Ruler Set 60 CM,,63.23,0.00,3.05,,20.73,,63.23,63.23,0.00,0.00,63.23,63.23,63.23
TXN-A-002158-L4160,TXN-A-002158,TXN-B-001993-L4161,TXN-B-001993,FUZZY_NAME,83.90,IDENTITY_SUBSTITUTE,QUANTITY_MATCHED,PRICE_MATCHED,AMOUNT_MATCHED,MATCHED_WITH_SUBSTITUTE,Y,0.00,0.00,0.00,PRD-0138,PRD-3860,NEXUS Scissors 500 MG,NEXX Scissors MG,525.11,525.11,5.45,5.45,96.35,96.35,0.00,0.00,0.00,0.00,0.00,0.00,0.00
TXN-A-002159-L4162,TXN-A-002159,TXN-B-001491-L2982,TXN-B-001491,FUZZY_NAME,86.70,IDENTITY_SUBSTITUTE,QUANTITY_SHORTAGE,PRICE_VARIANCE,AMOUNT_VARIANCE,QUANTITY_AND_AMOUNT_DIFFERENCE,Y,-1.55,36.92,191.89,PRD-0129,PRD-4441,NEXUS Colored Pencil Set 750 ML,SPECTRA Colored Pencil Set 50 750 ML,723.78,531.89,7.63,9.18,94.86,57.94,191.89,191.89,89.81,281.70,0.00,0.00,191.89
TXN-A-002160-L4164,TXN-A-002160,,,GENERIC_STRENGTH_EQUIVALENT,85.00,IDENTITY_UNMATCHED,QUANTITY_NOT_APPLICABLE,PRICE_NOT_APPLICABLE,AMOUNT_NOT_APPLICABLE,UNRESOLVED,Y,,,,PRD-0070,,ZENITH Mouse Pad 200 G,,316.34,0.00,2.78,,113.79,,316.34,316.34,0.00,0.00,316.34,316.34,316.34
TXN-A-002161-L4166,TXN-A-002161,TXN-B-001996-L4167,TXN-B-001996,FUZZY_NAME,80.00,IDENTITY_SUBSTITUTE,QUANTITY_MATCHED,PRICE_MATCHED,AMOUNT_MATCHED,MATCHED_WITH_SUBSTITUTE,Y,0.00,0.00,0.00,PRD-0018,PRD-3437,NEXUS Surface Wipes 500 MG,NEXX Surface 500 MG,318.02,318.02,8.09,8.09,39.31,39.31,0.00,0.00,0.00,0.00,0.00,0.00,0.00
TXN-A-002162-L4168,TXN-A-002162,,,GENERIC_STRENGTH_EQUIVALENT,85.00,IDENTITY_UNMATCHED,QUANTITY_NOT_APPLICABLE,PRICE_NOT_APPLICABLE,AMOUNT_NOT_APPLICABLE,UNRESOLVED,Y,,,,PRD-0088,,ZENITH Face Cream 30 CM,,25.03,0.00,9.41,,2.66,,25.03,25.03,0.00,0.00,25.03,25.03,25.03
TXN-A-002163-L4170,TXN-A-002163,,,POSSIBLE_SUBSTITUTE,70.00,IDENTITY_UNMATCHED,QUANTITY_NOT_APPLICABLE,PRICE_NOT_APPLICABLE,AMOUNT_NOT_APPLICABLE,UNRESOLVED,Y,,,,PRD-0077,,AURORA Shampoo 1 KG,,162.03,0.00,1.52,,106.60,,162.03,162.03,0.00,0.00,162.03,162.03,162.03
TXN-A-002164-L4172,TXN-A-002164,,,UNMATCHED,0.00,IDENTITY_MISSING_IN_SOURCE_B,QUANTITY_NOT_APPLICABLE,PRICE_NOT_APPLICABLE,AMOUNT_NOT_APPLICABLE,MISSING_IN_SOURCE_B,Y,,,,PRD-0087,,NEXUS Deodorant 9 V,,295.10,0.00,2.53,,116.64,,295.10,295.10,0.00,0.00,295.10,295.10,295.10
TXN-A-002165-L4174,TXN-A-002165,,,POSSIBLE_SUBSTITUTE,70.00,IDENTITY_UNMATCHED,QUANTITY_NOT_APPLICABLE,PRICE_NOT_APPLICABLE,AMOUNT_NOT_APPLICABLE,UNRESOLVED,Y,,,,PRD-0149,,AURORA Wrench Set 45 CM,,188.86,0.00,6.45,,29.28,,188.86,188.86,0.00,0.00,188.86,188.86,188.86
TXN-A-002166-L4176,TXN-A-002166,TXN-B-001265-L2530,TXN-B-001265,NORMALIZED_NAME,90.00,IDENTITY_MATCHED,QUANTITY_SHORTAGE,PRICE_MATCHED,AMOUNT_VARIANCE,QUANTITY_AND_AMOUNT_DIFFERENCE,Y,-2.42,0.00,-71.51,PRD-0045,PRD-7905,NEXUS Whiteboard Marker 45 CM,NEXUS Whiteboard Marker 45 CM,129.43,200.94,4.38,6.80,29.55,29.55,-71.51,71.51,71.51,0.00,0.00,0.00,71.51
TXN-A-002167-L4178,TXN-A-002167,,,GENERIC_STRENGTH_EQUIVALENT,85.00,IDENTITY_UNMATCHED,QUANTITY_NOT_APPLICABLE,PRICE_NOT_APPLICABLE,AMOUNT_NOT_APPLICABLE,UNRESOLVED,Y,,,,PRD-0131,,AURORA Ruler Set 60 CM,,131.20,0.00,8.70,,15.08,,131.20,131.20,0.00,0.00,131.20,131.20,131.20
TXN-A-002168-L4180,TXN-A-002168,TXN-B-002001-L4177,TXN-B-002001,FUZZY_NAME,82.10,IDENTITY_SUBSTITUTE,QUANTITY_SHORTAGE,PRICE_MATCHED,AMOUNT_VARIANCE,QUANTITY_AND_AMOUNT_DIFFERENCE,Y,-0.39,0.00,-11.53,PRD-0045,PRD-3927,NEXUS Whiteboard Marker 45 CM,NEXX Whiteboard 45 CM,117.90,129.43,3.99,4.38,29.55,29.55,-11.53,11.53,11.52,0.00,0.01,0.00,11.53
TXN-A-002169-L4182,TXN-A-002169,,,GENERIC_STRENGTH_EQUIVALENT,85.00,IDENTITY_UNMATCHED,QUANTITY_NOT_APPLICABLE,PRICE_NOT_APPLICABLE,AMOUNT_NOT_APPLICABLE,UNRESOLVED,Y,,,,PRD-0097,,ZENITH Cutting Board 5 W,,40.93,0.00,2.56,,15.99,,40.93,40.93,0.00,0.00,40.93,40.93,40.93
TXN-A-002170-L4184,TXN-A-002170,,,GENERIC_STRENGTH_EQUIVALENT,85.00,IDENTITY_UNMATCHED,QUANTITY_NOT_APPLICABLE,PRICE_NOT_APPLICABLE,AMOUNT_NOT_APPLICABLE,UNRESOLVED,Y,,,,PRD-0080,,AURORA Body Wash 500 MG,,14.45,0.00,1.24,,11.65,,14.45,14.45,0.00,0.00,14.45,14.45,14.45
TXN-A-002171-L4186,TXN-A-002171,TXN-B-002006-L4187,TXN-B-002006,FUZZY_NAME,80.00,IDENTITY_SUBSTITUTE,QUANTITY_MATCHED,PRICE_MATCHED,AMOUNT_MATCHED,MATCHED_WITH_SUBSTITUTE,Y,0.00,0.00,0.00,PRD-0018,PRD-3880,NEXUS Surface Wipes 500 MG,NEXX Surface 500 MG,50.32,50.32,1.28,1.28,39.31,39.31,0.00,0.00,0.00,0.00,0.00,0.00,0.00
TXN-A-002172-L4188,TXN-A-002172,,,GENERIC_STRENGTH_EQUIVALENT,85.00,IDENTITY_UNMATCHED,QUANTITY_NOT_APPLICABLE,PRICE_NOT_APPLICABLE,AMOUNT_NOT_APPLICABLE,UNRESOLVED,Y,,,,PRD-0071,,AURORA Mouse Pad 50 G,,21.82,0.00,1.26,,17.32,,21.82,21.82,0.00,0.00,21.82,21.82,21.82
TXN-A-002173-L4190,TXN-A-002173,,,GENERIC_STRENGTH_EQUIVALENT,85.00,IDENTITY_UNMATCHED,QUANTITY_NOT_APPLICABLE,PRICE_NOT_APPLICABLE,AMOUNT_NOT_APPLICABLE,UNRESOLVED,Y,,,,PRD-0033,,NEXUS Binder Clip Box 45 CM,,174.58,0.00,7.95,,21.96,,174.58,174.58,0.00,0.00,174.58,174.58,174.58
TXN-A-002174-L4192,TXN-A-002174,,,GENERIC_STRENGTH_EQUIVALENT,85.00,IDENTITY_UNMATCHED,QUANTITY_NOT_APPLICABLE,PRICE_NOT_APPLICABLE,AMOUNT_NOT_APPLICABLE,UNRESOLVED,Y,,,,PRD-0065,,AURORA Charging Dock 3 V,,53.20,0.00,3.12,,17.05,,53.20,53.20,0.00,0.00,53.20,53.20,53.20
TXN-A-002175-L4194,TXN-A-002175,TXN-B-002010-L4195,TXN-B-002010,FUZZY_NAME,83.90,IDENTITY_SUBSTITUTE,QUANTITY_MATCHED,PRICE_MATCHED,AMOUNT_MATCHED,MATCHED_WITH_SUBSTITUTE,Y,0.00,0.00,0.00,PRD-0138,PRD-3709,NEXUS Scissors 500 MG,NEXX Scissors MG,161.87,161.87,1.68,1.68,96.35,96.35,0.00,0.00,0.00,0.00,0.00,0.00,0.00
TXN-A-002176-L4196,TXN-A-002176,,,UNMATCHED,0.00,IDENTITY_MISSING_IN_SOURCE_B,QUANTITY_NOT_APPLICABLE,PRICE_NOT_APPLICABLE,AMOUNT_NOT_APPLICABLE,MISSING_IN_SOURCE_B,Y,,,,PRD-UNR9555,,Unregistered Item 379,,1104.34,0.00,8.19,,134.84,,1104.34,1104.34,0.00,0.00,1104.34,1104.34,1104.34
TXN-A-002177-L4197,TXN-A-002177,,,UNMATCHED,0.00,IDENTITY_MISSING_IN_SOURCE_B,QUANTITY_NOT_APPLICABLE,PRICE_NOT_APPLICABLE,AMOUNT_NOT_APPLICABLE,MISSING_IN_SOURCE_B,Y,,,,PRD-UNR6780,,Unregistered Item 495,,563.78,0.00,3.55,,158.81,,563.78,563.78,0.00,0.00,563.78,563.78,563.78
TXN-A-002178-L4198,TXN-A-002178,,,UNMATCHED,0.00,IDENTITY_MISSING_IN_SOURCE_B,QUANTITY_NOT_APPLICABLE,PRICE_NOT_APPLICABLE,AMOUNT_NOT_APPLICABLE,MISSING_IN_SOURCE_B,Y,,,,PRD-UNR8974,,Unregistered Item 650,,1086.96,0.00,6.85,,158.68,,1086.96,1086.96,0.00,0.00,1086.96,1086.96,1086.96
TXN-A-002179-L4199,TXN-A-002179,,,UNMATCHED,0.00,IDENTITY_MISSING_IN_SOURCE_B,QUANTITY_NOT_APPLICABLE,PRICE_NOT_APPLICABLE,AMOUNT_NOT_APPLICABLE,MISSING_IN_SOURCE_B,Y,,,,PRD-UNR9956,,Unregistered Item 316,,177.20,0.00,4.46,,39.73,,177.20,177.20,0.00,0.00,177.20,177.20,177.20
TXN-A-002180-L4200,TXN-A-002180,,,UNMATCHED,0.00,IDENTITY_MISSING_IN_SOURCE_B,QUANTITY_NOT_APPLICABLE,PRICE_NOT_APPLICABLE,AMOUNT_NOT_APPLICABLE,MISSING_IN_SOURCE_B,Y,,,,PRD-UNR5300,,Unregistered Item 889,,335.99,0.00,2.33,,144.20,,335.99,335.99,0.00,0.00,335.99,335.99,335.99
TXN-A-002181-L4201,TXN-A-002181,,,UNMATCHED,0.00,IDENTITY_MISSING_IN_SOURCE_B,QUANTITY_NOT_APPLICABLE,PRICE_NOT_APPLICABLE,AMOUNT_NOT_APPLICABLE,MISSING_IN_SOURCE_B,Y,,,,PRD-UNR8478,,Unregistered Item 601,,814.53,0.00,5.66,,143.91,,814.53,814.53,0.00,0.00,814.53,814.53,814.53
TXN-A-002182-L4202,TXN-A-002182,,,UNMATCHED,0.00,IDENTITY_MISSING_IN_SOURCE_B,QUANTITY_NOT_APPLICABLE,PRICE_NOT_APPLICABLE,AMOUNT_NOT_APPLICABLE,MISSING_IN_SOURCE_B,Y,,,,PRD-UNR7833,,Unregistered Item 9,,478.50,0.00,7.07,,67.68,,478.50,478.50,0.00,0.00,478.50,478.50,478.50
TXN-A-002183-L4203,TXN-A-002183,,,UNMATCHED,0.00,IDENTITY_MISSING_IN_SOURCE_B,QUANTITY_NOT_APPLICABLE,PRICE_NOT_APPLICABLE,AMOUNT_NOT_APPLICABLE,MISSING_IN_SOURCE_B,Y,,,,PRD-UNR7791,,Unregistered Item 820,,1270.87,0.00,7.66,,165.91,,1270.87,1270.87,0.00,0.00,1270.87,1270.87,1270.87
TXN-A-002184-L4204,TXN-A-002184,,,UNMATCHED,0.00,IDENTITY_MISSING_IN_SOURCE_B,QUANTITY_NOT_APPLICABLE,PRICE_NOT_APPLICABLE,AMOUNT_NOT_APPLICABLE,MISSING_IN_SOURCE_B,Y,,,,PRD-UNR6448,,Unregistered Item 753,,122.12,0.00,2.79,,43.77,,122.12,122.12,0.00,0.00,122.12,122.12,122.12
TXN-A-002185-L4205,TXN-A-002185,,,UNMATCHED,0.00,IDENTITY_MISSING_IN_SOURCE_B,QUANTITY_NOT_APPLICABLE,PRICE_NOT_APPLICABLE,AMOUNT_NOT_APPLICABLE,MISSING_IN_SOURCE_B,Y,,,,PRD-UNR9285,,Unregistered Item 199,,1224.91,0.00,7.26,,168.72,,1224.91,1224.91,0.00,0.00,1224.91,1224.91,1224.91
TXN-A-002186-L4206,TXN-A-002186,,,UNMATCHED,0.00,IDENTITY_MISSING_IN_SOURCE_B,QUANTITY_NOT_APPLICABLE,PRICE_NOT_APPLICABLE,AMOUNT_NOT_APPLICABLE,MISSING_IN_SOURCE_B,Y,,,,PRD-UNR9773,,Unregistered Item 849,,1474.58,0.00,7.56,,195.05,,1474.58,1474.58,0.00,0.00,1474.58,1474.58,1474.58
TXN-A-002187-L4207,TXN-A-002187,,,UNMATCHED,0.00,IDENTITY_MISSING_IN_SOURCE_B,QUANTITY_NOT_APPLICABLE,PRICE_NOT_APPLICABLE,AMOUNT_NOT_APPLICABLE,MISSING_IN_SOURCE_B,Y,,,,PRD-UNR9739,,Unregistered Item 906,,69.12,0.00,2.56,,27.00,,69.12,69.12,0.00,0.00,69.12,69.12,69.12
TXN-A-002188-L4208,TXN-A-002188,,,UNMATCHED,0.00,IDENTITY_MISSING_IN_SOURCE_B,QUANTITY_NOT_APPLICABLE,PRICE_NOT_APPLICABLE,AMOUNT_NOT_APPLICABLE,MISSING_IN_SOURCE_B,Y,,,,PRD-UNR5256,,Unregistered Item 712,,247.82,0.00,4.39,,56.45,,247.82,247.82,0.00,0.00,247.82,247.82,247.82
TXN-A-002189-L4209,TXN-A-002189,,,UNMATCHED,0.00,IDENTITY_MISSING_IN_SOURCE_B,QUANTITY_NOT_APPLICABLE,PRICE_NOT_APPLICABLE,AMOUNT_NOT_APPLICABLE,MISSING_IN_SOURCE_B,Y,,,,PRD-UNR6745,,Unregistered Item 367,,926.25,0.00,9.95,,93.09,,926.25,926.25,0.00,0.00,926.25,926.25,926.25
TXN-A-002190-L4210,TXN-A-002190,,,UNMATCHED,0.00,IDENTITY_MISSING_IN_SOURCE_B,QUANTITY_NOT_APPLICABLE,PRICE_NOT_APPLICABLE,AMOUNT_NOT_APPLICABLE,MISSING_IN_SOURCE_B,Y,,,,PRD-UNR6633,,Unregistered Item 779,,398.47,0.00,5.23,,76.19,,398.47,398.47,0.00,0.00,398.47,398.47,398.47
TXN-A-002191-L4211,TXN-A-002191,,,UNMATCHED,0.00,IDENTITY_MISSING_IN_SOURCE_B,QUANTITY_NOT_APPLICABLE,PRICE_NOT_APPLICABLE,AMOUNT_NOT_APPLICABLE,MISSING_IN_SOURCE_B,Y,,,,PRD-UNR3192,,Unregistered Item 401,,352.67,0.00,1.94,,181.79,,352.67,352.67,0.00,0.00,352.67,352.67,352.67
TXN-A-002192-L4212,TXN-A-002192,,,UNMATCHED,0.00,IDENTITY_MISSING_IN_SOURCE_B,QUANTITY_NOT_APPLICABLE,PRICE_NOT_APPLICABLE,AMOUNT_NOT_APPLICABLE,MISSING_IN_SOURCE_B,Y,,,,PRD-UNR6436,,Unregistered Item 494,,563.20,0.00,4.01,,140.45,,563.20,563.20,0.00,0.00,563.20,563.20,563.20
TXN-A-002193-L4213,TXN-A-002193,,,UNMATCHED,0.00,IDENTITY_MISSING_IN_SOURCE_B,QUANTITY_NOT_APPLICABLE,PRICE_NOT_APPLICABLE,AMOUNT_NOT_APPLICABLE,MISSING_IN_SOURCE_B,Y,,,,PRD-UNR6759,,Unregistered Item 61,,246.57,0.00,8.86,,27.83,,246.57,246.57,0.00,0.00,246.57,246.57,246.57
TXN-A-002194-L4214,TXN-A-002194,,,UNMATCHED,0.00,IDENTITY_MISSING_IN_SOURCE_B,QUANTITY_NOT_APPLICABLE,PRICE_NOT_APPLICABLE,AMOUNT_NOT_APPLICABLE,MISSING_IN_SOURCE_B,Y,,,,PRD-UNR4428,,Unregistered Item 907,,260.91,0.00,9.55,,27.32,,260.91,260.91,0.00,0.00,260.91,260.91,260.91
TXN-A-002195-L4215,TXN-A-002195,,,UNMATCHED,0.00,IDENTITY_MISSING_IN_SOURCE_B,QUANTITY_NOT_APPLICABLE,PRICE_NOT_APPLICABLE,AMOUNT_NOT_APPLICABLE,MISSING_IN_SOURCE_B,Y,,,,PRD-UNR9862,,Unregistered Item 715,,36.56,0.00,1.19,,30.72,,36.56,36.56,0.00,0.00,36.56,36.56,36.56
TXN-A-002196-L4216,TXN-A-002196,,,UNMATCHED,0.00,IDENTITY_MISSING_IN_SOURCE_B,QUANTITY_NOT_APPLICABLE,PRICE_NOT_APPLICABLE,AMOUNT_NOT_APPLICABLE,MISSING_IN_SOURCE_B,Y,,,,PRD-UNR7533,,Unregistered Item 770,,696.83,0.00,7.37,,94.55,,696.83,696.83,0.00,0.00,696.83,696.83,696.83
TXN-A-002197-L4217,TXN-A-002197,,,UNMATCHED,0.00,IDENTITY_MISSING_IN_SOURCE_B,QUANTITY_NOT_APPLICABLE,PRICE_NOT_APPLICABLE,AMOUNT_NOT_APPLICABLE,MISSING_IN_SOURCE_B,Y,,,,PRD-UNR6545,,Unregistered Item 211,,501.20,0.00,4.33,,115.75,,501.20,501.20,0.00,0.00,501.20,501.20,501.20
TXN-A-002198-L4218,TXN-A-002198,,,UNMATCHED,0.00,IDENTITY_MISSING_IN_SOURCE_B,QUANTITY_NOT_APPLICABLE,PRICE_NOT_APPLICABLE,AMOUNT_NOT_APPLICABLE,MISSING_IN_SOURCE_B,Y,,,,PRD-UNR6792,,Unregistered Item 594,,400.65,0.00,3.55,,112.86,,400.65,400.65,0.00,0.00,400.65,400.65,400.65
TXN-A-002199-L4219,TXN-A-002199,,,UNMATCHED,0.00,IDENTITY_MISSING_IN_SOURCE_B,QUANTITY_NOT_APPLICABLE,PRICE_NOT_APPLICABLE,AMOUNT_NOT_APPLICABLE,MISSING_IN_SOURCE_B,Y,,,,PRD-UNR2686,,Unregistered Item 195,,640.26,0.00,4.21,,152.08,,640.26,640.26,0.00,0.00,640.26,640.26,640.26
TXN-A-002200-L4220,TXN-A-002200,,,UNMATCHED,0.00,IDENTITY_MISSING_IN_SOURCE_B,QUANTITY_NOT_APPLICABLE,PRICE_NOT_APPLICABLE,AMOUNT_NOT_APPLICABLE,MISSING_IN_SOURCE_B,Y,,,,PRD-UNR5343,,Unregistered Item 222,,407.62,0.00,2.15,,189.59,,407.62,407.62,0.00,0.00,407.62,407.62,407.62
TXN-A-002201-L4221,TXN-A-002201,,,GENERIC_STRENGTH_EQUIVALENT,85.00,IDENTITY_UNMATCHED,QUANTITY_NOT_APPLICABLE,PRICE_NOT_APPLICABLE,AMOUNT_NOT_APPLICABLE,UNRESOLVED,Y,,,,PRD-0133,,ZENITH Glue Stick 250 MG,,162.64,0.00,5.10,,31.89,,162.64,162.64,0.00,0.00,162.64,162.64,162.64
TXN-A-002202-L4223,TXN-A-002202,TXN-B-001427-L2854,TXN-B-001427,FUZZY_NAME,88.90,IDENTITY_SUBSTITUTE,QUANTITY_SHORTAGE,PRICE_MATCHED,AMOUNT_VARIANCE,QUANTITY_AND_AMOUNT_DIFFERENCE,Y,-2.85,0.00,-70.40,PRD-0128,PRD-5211,AURORA Colored Pencil Set 5 W,VERTEX Colored Pencil Set 5 W,36.80,107.20,1.49,4.34,24.70,24.70,-70.40,70.40,70.39,0.00,0.01,0.00,70.40
TXN-A-002203-L4225,TXN-A-002203,,,UNMATCHED,0.00,IDENTITY_MISSING_IN_SOURCE_B,QUANTITY_NOT_APPLICABLE,PRICE_NOT_APPLICABLE,AMOUNT_NOT_APPLICABLE,MISSING_IN_SOURCE_B,Y,,,,PRD-0144,,NEXUS Marker Set 250 ML,,336.42,0.00,8.40,,40.05,,336.42,336.42,0.00,0.00,336.42,336.42,336.42
TXN-A-002204-L4227,TXN-A-002204,,,GENERIC_STRENGTH_EQUIVALENT,85.00,IDENTITY_UNMATCHED,QUANTITY_NOT_APPLICABLE,PRICE_NOT_APPLICABLE,AMOUNT_NOT_APPLICABLE,UNRESOLVED,Y,,,,PRD-0140,,AURORA Eraser Pack 2000 MAH,,1056.98,0.00,9.45,,111.85,,1056.98,1056.98,0.00,0.00,1056.98,1056.98,1056.98
TXN-A-002205-L4229,TXN-A-002205,,,UNMATCHED,0.00,IDENTITY_MISSING_IN_SOURCE_B,QUANTITY_NOT_APPLICABLE,PRICE_NOT_APPLICABLE,AMOUNT_NOT_APPLICABLE,MISSING_IN_SOURCE_B,Y,,,,PRD-0127,,ZENITH Colored Pencil Set 50 G,,390.52,0.00,6.74,,57.94,,390.52,390.52,0.00,0.00,390.52,390.52,390.52
TXN-A-002206-L4231,TXN-A-002206,TXN-B-001480-L2960,TXN-B-001480,FUZZY_NAME,85.20,IDENTITY_SUBSTITUTE,QUANTITY_EXCESS,PRICE_MATCHED,AMOUNT_VARIANCE,QUANTITY_AND_AMOUNT_DIFFERENCE,Y,5.91,0.00,356.55,PRD-0147,PRD-4246,NEXUS Screwdriver Set 100 MG,TITAN Screwdriver Set 100 50 G,521.85,165.30,8.65,2.74,60.33,60.33,356.55,356.55,356.55,0.00,0.00,0.00,356.55
TXN-A-002207-L4233,TXN-A-002207,,,UNMATCHED,0.00,IDENTITY_MISSING_IN_SOURCE_B,QUANTITY_NOT_APPLICABLE,PRICE_NOT_APPLICABLE,AMOUNT_NOT_APPLICABLE,MISSING_IN_SOURCE_B,Y,,,,PRD-0110,,AURORA Storage Container 5 W,,192.76,0.00,4.32,,44.62,,192.76,192.76,0.00,0.00,192.76,192.76,192.76
TXN-A-002208-L4235,TXN-A-002208,,,POSSIBLE_SUBSTITUTE,70.00,IDENTITY_UNMATCHED,QUANTITY_NOT_APPLICABLE,PRICE_NOT_APPLICABLE,AMOUNT_NOT_APPLICABLE,UNRESOLVED,Y,,,,PRD-0149,,AURORA Wrench Set 45 CM,,279.92,0.00,9.56,,29.28,,279.92,279.92,0.00,0.00,279.92,279.92,279.92
TXN-A-002209-L4237,TXN-A-002209,,,UNMATCHED,0.00,IDENTITY_MISSING_IN_SOURCE_B,QUANTITY_NOT_APPLICABLE,PRICE_NOT_APPLICABLE,AMOUNT_NOT_APPLICABLE,MISSING_IN_SOURCE_B,Y,,,,PRD-0106,,ZENITH Spatula Set 1 KG,,206.90,0.00,8.73,,23.70,,206.90,206.90,0.00,0.00,206.90,206.90,206.90
TXN-A-002210-L4239,TXN-A-002210,,,UNMATCHED,0.00,IDENTITY_MISSING_IN_SOURCE_B,QUANTITY_NOT_APPLICABLE,PRICE_NOT_APPLICABLE,AMOUNT_NOT_APPLICABLE,MISSING_IN_SOURCE_B,Y,,,,PRD-0034,,ZENITH Stapler 100 MG,,213.44,0.00,2.67,,79.94,,213.44,213.44,0.00,0.00,213.44,213.44,213.44
TXN-A-002211-L4241,TXN-A-002211,,,UNMATCHED,0.00,IDENTITY_MISSING_IN_SOURCE_B,QUANTITY_NOT_APPLICABLE,PRICE_NOT_APPLICABLE,AMOUNT_NOT_APPLICABLE,MISSING_IN_SOURCE_B,Y,,,,PRD-0114,,NEXUS Kitchen Towel 10 W,,233.44,0.00,9.36,,24.94,,233.44,233.44,0.00,0.00,233.44,233.44,233.44
TXN-A-002212-L4243,TXN-A-002212,TXN-B-002022-L4244,TXN-B-002022,EXACT_PRIMARY_ID,100.00,IDENTITY_MATCHED,QUANTITY_MATCHED,PRICE_MATCHED,AMOUNT_MATCHED,MATCHED,N,0.00,0.00,0.00,PRD-0092,PRD-0092,AURORA Hair Gel 100 MG,AURORA Hair Gel 100 MG,461.74,461.74,7.14,7.14,64.67,64.67,0.00,0.00,0.00,0.00,0.00,0.00,0.00
TXN-A-002213-L4245,TXN-A-002213,,,POSSIBLE_SUBSTITUTE,70.00,IDENTITY_UNMATCHED,QUANTITY_NOT_APPLICABLE,PRICE_NOT_APPLICABLE,AMOUNT_NOT_APPLICABLE,UNRESOLVED,Y,,,,PRD-0059,,AURORA Screen Protector 45 CM,,441.87,0.00,7.15,,61.80,,441.87,441.87,0.00,0.00,441.87,441.87,441.87
TXN-A-002214-L4247,TXN-A-002214,,,GENERIC_STRENGTH_EQUIVALENT,85.00,IDENTITY_UNMATCHED,QUANTITY_NOT_APPLICABLE,PRICE_NOT_APPLICABLE,AMOUNT_NOT_APPLICABLE,UNRESOLVED,Y,,,,PRD-0140,,AURORA Eraser Pack 2000 MAH,,927.24,0.00,8.29,,111.85,,927.24,927.24,0.00,0.00,927.24,927.24,927.24
TXN-A-002215-L4249,TXN-A-002215,,,UNMATCHED,0.00,IDENTITY_MISSING_IN_SOURCE_B,QUANTITY_NOT_APPLICABLE,PRICE_NOT_APPLICABLE,AMOUNT_NOT_APPLICABLE,MISSING_IN_SOURCE_B,Y,,,,PRD-0061,,ZENITH Battery Pack 200 G,,637.05,0.00,9.94,,64.09,,637.05,637.05,0.00,0.00,637.05,637.05,637.05
TXN-A-002216-L4251,TXN-A-002216,,,UNMATCHED,0.00,IDENTITY_MISSING_IN_SOURCE_B,QUANTITY_NOT_APPLICABLE,PRICE_NOT_APPLICABLE,AMOUNT_NOT_APPLICABLE,MISSING_IN_SOURCE_B,Y,,,,PRD-0108,,NEXUS Spatula Set 500 MG,,310.86,0.00,3.00,,103.62,,310.86,310.86,0.00,0.00,310.86,310.86,310.86
TXN-A-002217-L4253,TXN-A-002217,,,GENERIC_STRENGTH_EQUIVALENT,85.00,IDENTITY_UNMATCHED,QUANTITY_NOT_APPLICABLE,PRICE_NOT_APPLICABLE,AMOUNT_NOT_APPLICABLE,UNRESOLVED,Y,,,,PRD-0070,,ZENITH Mouse Pad 200 G,,474.50,0.00,4.17,,113.79,,474.50,474.50,0.00,0.00,474.50,474.50,474.50
TXN-A-002218-L4255,TXN-A-002218,,,GENERIC_STRENGTH_EQUIVALENT,85.00,IDENTITY_UNMATCHED,QUANTITY_NOT_APPLICABLE,PRICE_NOT_APPLICABLE,AMOUNT_NOT_APPLICABLE,UNRESOLVED,Y,,,,PRD-0131,,AURORA Ruler Set 60 CM,,18.85,0.00,1.25,,15.08,,18.85,18.85,0.00,0.00,18.85,18.85,18.85
TXN-A-002219-L4257,TXN-A-002219,TXN-B-001230-L2460,TXN-B-001230,EXACT_PRODUCT_CODE,95.00,IDENTITY_MATCHED,QUANTITY_EXCESS,PRICE_MATCHED,AMOUNT_VARIANCE,QUANTITY_AND_AMOUNT_DIFFERENCE,Y,7.96,0.00,779.84,PRD-0011,PRD-8872,AURORA Laundry Detergent 2000 MAH,AURORA Laundry Detergent 2000 MAH,951.29,171.45,9.71,1.75,97.97,97.97,779.84,779.84,779.84,0.00,0.00,0.00,779.84
TXN-A-002220-L4259,TXN-A-002220,,,UNMATCHED,0.00,IDENTITY_MISSING_IN_SOURCE_B,QUANTITY_NOT_APPLICABLE,PRICE_NOT_APPLICABLE,AMOUNT_NOT_APPLICABLE,MISSING_IN_SOURCE_B,Y,,,,PRD-0103,,ZENITH Measuring Cup 10000 MAH,,36.35,0.00,4.84,,7.51,,36.35,36.35,0.00,0.00,36.35,36.35,36.35
TXN-A-002221-L4261,TXN-A-002221,,,GENERIC_STRENGTH_EQUIVALENT,85.00,IDENTITY_UNMATCHED,QUANTITY_NOT_APPLICABLE,PRICE_NOT_APPLICABLE,AMOUNT_NOT_APPLICABLE,UNRESOLVED,Y,,,,PRD-0029,,AURORA Highlighter Set 9 V,,155.27,0.00,5.94,,26.14,,155.27,155.27,0.00,0.00,155.27,155.27,155.27
TXN-A-002222-L4263,TXN-A-002222,,,UNMATCHED,0.00,IDENTITY_MISSING_IN_SOURCE_B,QUANTITY_NOT_APPLICABLE,PRICE_NOT_APPLICABLE,AMOUNT_NOT_APPLICABLE,MISSING_IN_SOURCE_B,Y,,,,PRD-0094,,ZENITH Lotion 10000 MAH,,19.72,0.00,1.98,,9.96,,19.72,19.72,0.00,0.00,19.72,19.72,19.72
TXN-A-002223-L4265,TXN-A-002223,,,UNMATCHED,0.00,IDENTITY_MISSING_IN_SOURCE_B,QUANTITY_NOT_APPLICABLE,PRICE_NOT_APPLICABLE,AMOUNT_NOT_APPLICABLE,MISSING_IN_SOURCE_B,Y,,,,PRD-0123,,NEXUS Notebook 3 V,,89.05,0.00,5.79,,15.38,,89.05,89.05,0.00,0.00,89.05,89.05,89.05
TXN-A-002224-L4267,TXN-A-002224,,,UNMATCHED,0.00,IDENTITY_MISSING_IN_SOURCE_B,QUANTITY_NOT_APPLICABLE,PRICE_NOT_APPLICABLE,AMOUNT_NOT_APPLICABLE,MISSING_IN_SOURCE_B,Y,,,,PRD-0114,,NEXUS Kitchen Towel 10 W,,58.11,0.00,2.33,,24.94,,58.11,58.11,0.00,0.00,58.11,58.11,58.11
TXN-A-002225-L4269,TXN-A-002225,,,UNMATCHED,0.00,IDENTITY_MISSING_IN_SOURCE_B,QUANTITY_NOT_APPLICABLE,PRICE_NOT_APPLICABLE,AMOUNT_NOT_APPLICABLE,MISSING_IN_SOURCE_B,Y,,,,PRD-0104,,AURORA Measuring Cup 10000 MAH,,513.83,0.00,7.51,,68.42,,513.83,513.83,0.00,0.00,513.83,513.83,513.83
TXN-A-002226-L4271,TXN-A-002226,TXN-B-001488-L2976,TXN-B-001488,FUZZY_NAME,80.70,IDENTITY_SUBSTITUTE,QUANTITY_SHORTAGE,PRICE_MATCHED,AMOUNT_VARIANCE,QUANTITY_AND_AMOUNT_DIFFERENCE,Y,-5.46,0.00,-138.14,PRD-0010,PRD-4143,ZENITH Laundry Detergent 1.5 V,VANGUARD Laundry Detergent 1.5 50 G,65.27,203.41,2.58,8.04,25.30,25.30,-138.14,138.14,138.14,0.00,0.00,0.00,138.14
TXN-A-002227-L4273,TXN-A-002227,TXN-B-002037-L4274,TXN-B-002037,EXACT_PRIMARY_ID,100.00,IDENTITY_MATCHED,QUANTITY_MATCHED,PRICE_MATCHED,AMOUNT_MATCHED,MATCHED,N,0.00,0.00,0.00,PRD-0030,PRD-0030,NEXUS Highlighter Set 12 IN,NEXUS Highlighter Set 12 IN,422.74,422.74,6.08,6.08,69.53,69.53,0.00,0.00,0.00,0.00,0.00,0.00,0.00
TXN-A-002228-L4275,TXN-A-002228,,,UNMATCHED,0.00,IDENTITY_MISSING_IN_SOURCE_B,QUANTITY_NOT_APPLICABLE,PRICE_NOT_APPLICABLE,AMOUNT_NOT_APPLICABLE,MISSING_IN_SOURCE_B,Y,,,,PRD-0017,,AURORA Surface Wipes 9 V,,701.54,0.00,8.69,,80.73,,701.54,701.54,0.00,0.00,701.54,701.54,701.54
TXN-A-002229-L4277,TXN-A-002229,,,UNMATCHED,0.00,IDENTITY_MISSING_IN_SOURCE_B,QUANTITY_NOT_APPLICABLE,PRICE_NOT_APPLICABLE,AMOUNT_NOT_APPLICABLE,MISSING_IN_SOURCE_B,Y,,,,PRD-0105,,NEXUS Measuring Cup 100 G,,514.57,0.00,4.71,,109.25,,514.57,514.57,0.00,0.00,514.57,514.57,514.57
TXN-A-002230-L4279,TXN-A-002230,,,UNMATCHED,0.00,IDENTITY_MISSING_IN_SOURCE_B,QUANTITY_NOT_APPLICABLE,PRICE_NOT_APPLICABLE,AMOUNT_NOT_APPLICABLE,MISSING_IN_SOURCE_B,Y,,,,PRD-0053,,AURORA Power Adapter 1 L,,205.86,0.00,4.70,,43.80,,205.86,205.86,0.00,0.00,205.86,205.86,205.86
TXN-A-002231-L4281,TXN-A-002231,,,POSSIBLE_SUBSTITUTE,70.00,IDENTITY_UNMATCHED,QUANTITY_NOT_APPLICABLE,PRICE_NOT_APPLICABLE,AMOUNT_NOT_APPLICABLE,UNRESOLVED,Y,,,,PRD-0005,,AURORA Glass Spray 500 G,,758.45,0.00,6.82,,111.21,,758.45,758.45,0.00,0.00,758.45,758.45,758.45
TXN-A-002232-L4283,TXN-A-002232,,,GENERIC_STRENGTH_EQUIVALENT,85.00,IDENTITY_UNMATCHED,QUANTITY_NOT_APPLICABLE,PRICE_NOT_APPLICABLE,AMOUNT_NOT_APPLICABLE,UNRESOLVED,Y,,,,PRD-0006,,NEXUS Glass Spray 9 V,,812.31,0.00,9.66,,84.09,,812.31,812.31,0.00,0.00,812.31,812.31,812.31
TXN-A-002233-L4285,TXN-A-002233,,,POSSIBLE_SUBSTITUTE,70.00,IDENTITY_UNMATCHED,QUANTITY_NOT_APPLICABLE,PRICE_NOT_APPLICABLE,AMOUNT_NOT_APPLICABLE,UNRESOLVED,Y,,,,PRD-0079,,ZENITH Body Wash 200 G,,385.62,0.00,5.19,,74.30,,385.62,385.62,0.00,0.00,385.62,385.62,385.62
TXN-A-002234-L4287,TXN-A-002234,,,POSSIBLE_SUBSTITUTE,70.00,IDENTITY_UNMATCHED,QUANTITY_NOT_APPLICABLE,PRICE_NOT_APPLICABLE,AMOUNT_NOT_APPLICABLE,UNRESOLVED,Y,,,,PRD-0115,,ZENITH Can Opener 2000 MAH,,274.39,0.00,4.26,,64.41,,274.39,274.39,0.00,0.00,274.39,274.39,274.39
TXN-A-002235-L4289,TXN-A-002235,TXN-B-001183-L2366,TXN-B-001183,EXACT_PRODUCT_CODE,95.00,IDENTITY_MATCHED,QUANTITY_SHORTAGE,PRICE_MATCHED,AMOUNT_VARIANCE,QUANTITY_AND_AMOUNT_DIFFERENCE,Y,-4.55,0.00,-515.79,PRD-0028,PRD-8733,ZENITH Highlighter Set 500 ML,ZENITH Highlighter Set 500 ML,588.34,1104.13,5.19,9.74,113.36,113.36,-515.79,515.79,515.79,0.00,0.00,0.00,515.79
TXN-A-002236-L4291,TXN-A-002236,,,GENERIC_STRENGTH_EQUIVALENT,85.00,IDENTITY_UNMATCHED,QUANTITY_NOT_APPLICABLE,PRICE_NOT_APPLICABLE,AMOUNT_NOT_APPLICABLE,UNRESOLVED,Y,,,,PRD-0065,,AURORA Charging Dock 3 V,,145.95,0.00,8.56,,17.05,,145.95,145.95,0.00,0.00,145.95,145.95,145.95
TXN-A-002237-L4293,TXN-A-002237,,,UNMATCHED,0.00,IDENTITY_MISSING_IN_SOURCE_B,QUANTITY_NOT_APPLICABLE,PRICE_NOT_APPLICABLE,AMOUNT_NOT_APPLICABLE,MISSING_IN_SOURCE_B,Y,,,,PRD-0124,,ZENITH Sketch Pad 500 MG,,342.00,0.00,7.20,,47.50,,342.00,342.00,0.00,0.00,342.00,342.00,342.00
TXN-A-002238-L4295,TXN-A-002238,,,GENERIC_STRENGTH_EQUIVALENT,85.00,IDENTITY_UNMATCHED,QUANTITY_NOT_APPLICABLE,PRICE_NOT_APPLICABLE,AMOUNT_NOT_APPLICABLE,UNRESOLVED,Y,,,,PRD-0049,,ZENITH USB Cable 1 KG,,92.36,0.00,1.83,,50.47,,92.36,92.36,0.00,0.00,92.36,92.36,92.36
TXN-A-002239-L4297,TXN-A-002239,TXN-B-001472-L2944,TXN-B-001472,FUZZY_NAME,80.00,IDENTITY_SUBSTITUTE,QUANTITY_EXCESS,PRICE_MATCHED,AMOUNT_VARIANCE,QUANTITY_AND_AMOUNT_DIFFERENCE,Y,4.04,0.00,354.47,PRD-0091,PRD-4264,ZENITH Hair Gel 1.5 L,HELIX Hair Gel 1.5 3 V,774.74,420.27,8.83,4.79,87.74,87.74,354.47,354.47,354.47,0.00,0.00,0.00,354.47
TXN-A-002240-L4299,TXN-A-002240,,,UNMATCHED,0.00,IDENTITY_MISSING_IN_SOURCE_B,QUANTITY_NOT_APPLICABLE,PRICE_NOT_APPLICABLE,AMOUNT_NOT_APPLICABLE,MISSING_IN_SOURCE_B,Y,,,,PRD-0054,,NEXUS Power Adapter 500 ML,,46.56,0.00,2.82,,16.51,,46.56,46.56,0.00,0.00,46.56,46.56,46.56
TXN-A-002241-L4301,TXN-A-002241,,,POSSIBLE_SUBSTITUTE,70.00,IDENTITY_UNMATCHED,QUANTITY_NOT_APPLICABLE,PRICE_NOT_APPLICABLE,AMOUNT_NOT_APPLICABLE,UNRESOLVED,Y,,,,PRD-0079,,ZENITH Body Wash 200 G,,614.46,0.00,8.27,,74.30,,614.46,614.46,0.00,0.00,614.46,614.46,614.46
TXN-A-002242-L4303,TXN-A-002242,,,UNMATCHED,0.00,IDENTITY_MISSING_IN_SOURCE_B,QUANTITY_NOT_APPLICABLE,PRICE_NOT_APPLICABLE,AMOUNT_NOT_APPLICABLE,MISSING_IN_SOURCE_B,Y,,,,PRD-0121,,ZENITH Notebook 1 L,,153.37,0.00,7.16,,21.42,,153.37,153.37,0.00,0.00,153.37,153.37,153.37
TXN-A-002243-L4305,TXN-A-002243,,,UNMATCHED,0.00,IDENTITY_MISSING_IN_SOURCE_B,QUANTITY_NOT_APPLICABLE,PRICE_NOT_APPLICABLE,AMOUNT_NOT_APPLICABLE,MISSING_IN_SOURCE_B,Y,,,,PRD-0127,,ZENITH Colored Pencil Set 50 G,,400.37,0.00,6.91,,57.94,,400.37,400.37,0.00,0.00,400.37,400.37,400.37
TXN-A-002244-L4307,TXN-A-002244,,,UNMATCHED,0.00,IDENTITY_MISSING_IN_SOURCE_B,QUANTITY_NOT_APPLICABLE,PRICE_NOT_APPLICABLE,AMOUNT_NOT_APPLICABLE,MISSING_IN_SOURCE_B,Y,,,,PRD-0046,,ZENITH Tape Dispenser 250 ML,,143.34,0.00,5.16,,27.78,,143.34,143.34,0.00,0.00,143.34,143.34,143.34
TXN-A-002245-L4309,TXN-A-002245,,,UNMATCHED,0.00,IDENTITY_MISSING_IN_SOURCE_B,QUANTITY_NOT_APPLICABLE,PRICE_NOT_APPLICABLE,AMOUNT_NOT_APPLICABLE,MISSING_IN_SOURCE_B,Y,,,,PRD-0095,,AURORA Lotion 1 KG,,777.37,0.00,6.63,,117.25,,777.37,777.37,0.00,0.00,777.37,777.37,777.37
TXN-A-002246-L4311,TXN-A-002246,TXN-B-001317-L2634,TXN-B-001317,NORMALIZED_NAME,90.00,IDENTITY_MATCHED,QUANTITY_SHORTAGE,PRICE_MATCHED,AMOUNT_VARIANCE,QUANTITY_AND_AMOUNT_DIFFERENCE,Y,-5.98,0.00,-314.66,PRD-0055,PRD-7885,ZENITH Phone Case 250 MG,ZENITH Phone Case 250 MG,108.40,423.06,2.06,8.04,52.62,52.62,-314.66,314.66,314.67,0.00,0.00,0.00,314.66
TXN-A-002247-L4313,TXN-A-002247,TXN-B-001515-L3030,TXN-B-001515,FUZZY_NAME,80.00,IDENTITY_SUBSTITUTE,QUANTITY_EXCESS,PRICE_MATCHED,AMOUNT_VARIANCE,QUANTITY_AND_AMOUNT_DIFFERENCE,Y,3.08,0.00,86.40,PRD-0038,PRD-4902,AURORA Desk Organizer 2000 MAH,TITAN Desk Organizer 2000 10 W,189.34,102.94,6.75,3.67,28.05,28.05,86.40,86.40,86.39,0.00,0.01,0.00,86.40
TXN-A-002248-L4315,TXN-A-002248,,,UNMATCHED,0.00,IDENTITY_MISSING_IN_SOURCE_B,QUANTITY_NOT_APPLICABLE,PRICE_NOT_APPLICABLE,AMOUNT_NOT_APPLICABLE,MISSING_IN_SOURCE_B,Y,,,,PRD-0041,,AURORA File Folder Pack 9 V,,566.94,0.00,9.58,,59.18,,566.94,566.94,0.00,0.00,566.94,566.94,566.94
TXN-A-002249-L4317,TXN-A-002249,,,UNMATCHED,0.00,IDENTITY_MISSING_IN_SOURCE_B,QUANTITY_NOT_APPLICABLE,PRICE_NOT_APPLICABLE,AMOUNT_NOT_APPLICABLE,MISSING_IN_SOURCE_B,Y,,,,PRD-0057,,NEXUS Phone Case 1 L,,130.09,0.00,4.10,,31.73,,130.09,130.09,0.00,0.00,130.09,130.09,130.09
TXN-A-002250-L4319,TXN-A-002250,,,UNMATCHED,0.00,IDENTITY_MISSING_IN_SOURCE_B,QUANTITY_NOT_APPLICABLE,PRICE_NOT_APPLICABLE,AMOUNT_NOT_APPLICABLE,MISSING_IN_SOURCE_B,Y,,,,PRD-0095,,AURORA Lotion 1 KG,,481.90,0.00,4.11,,117.25,,481.90,481.90,0.00,0.00,481.90,481.90,481.90
TXN-A-002251-L4321,TXN-A-002251,,,POSSIBLE_SUBSTITUTE,70.00,IDENTITY_UNMATCHED,QUANTITY_NOT_APPLICABLE,PRICE_NOT_APPLICABLE,AMOUNT_NOT_APPLICABLE,UNRESOLVED,Y,,,,PRD-0090,,NEXUS Face Cream 100 MG,,26.60,0.00,1.33,,20.00,,26.60,26.60,0.00,0.00,26.60,26.60,26.60
TXN-A-002252-L4323,TXN-A-002252,,,GENERIC_STRENGTH_EQUIVALENT,85.00,IDENTITY_UNMATCHED,QUANTITY_NOT_APPLICABLE,PRICE_NOT_APPLICABLE,AMOUNT_NOT_APPLICABLE,UNRESOLVED,Y,,,,PRD-0070,,ZENITH Mouse Pad 200 G,,1117.42,0.00,9.82,,113.79,,1117.42,1117.42,0.00,0.00,1117.42,1117.42,1117.42
TXN-A-002253-L4325,TXN-A-002253,,,GENERIC_STRENGTH_EQUIVALENT,85.00,IDENTITY_UNMATCHED,QUANTITY_NOT_APPLICABLE,PRICE_NOT_APPLICABLE,AMOUNT_NOT_APPLICABLE,UNRESOLVED,Y,,,,PRD-0071,,AURORA Mouse Pad 50 G,,49.02,0.00,2.83,,17.32,,49.02,49.02,0.00,0.00,49.02,49.02,49.02
TXN-A-002254-L4327,TXN-A-002254,,,UNMATCHED,0.00,IDENTITY_MISSING_IN_SOURCE_B,QUANTITY_NOT_APPLICABLE,PRICE_NOT_APPLICABLE,AMOUNT_NOT_APPLICABLE,MISSING_IN_SOURCE_B,Y,,,,PRD-0137,,AURORA Scissors 100 MG,,181.48,0.00,1.93,,94.03,,181.48,181.48,0.00,0.00,181.48,181.48,181.48
TXN-A-002255-L4329,TXN-A-002255,TXN-B-002070-L4340,TXN-B-002070,EXACT_BARCODE,97.00,IDENTITY_MATCHED,QUANTITY_SHORTAGE,PRICE_MATCHED,AMOUNT_VARIANCE,QUANTITY_AND_AMOUNT_DIFFERENCE,Y,-3.58,0.00,-162.57,PRD-0069,PRD-0069,NEXUS HDMI Cable 1.5 L,NEXUS HDMI Cable 1.5 L,262.92,425.49,5.79,9.37,45.41,45.41,-162.57,162.57,162.57,0.00,0.00,0.00,162.57
TXN-A-002256-L4331,TXN-A-002256,,,UNMATCHED,0.00,IDENTITY_MISSING_IN_SOURCE_B,QUANTITY_NOT_APPLICABLE,PRICE_NOT_APPLICABLE,AMOUNT_NOT_APPLICABLE,MISSING_IN_SOURCE_B,Y,,,,PRD-0086,,AURORA Deodorant 500 G,,196.69,0.00,3.76,,52.31,,196.69,196.69,0.00,0.00,196.69,196.69,196.69
TXN-A-002257-L4333,TXN-A-002257,,,GENERIC_STRENGTH_EQUIVALENT,85.00,IDENTITY_UNMATCHED,QUANTITY_NOT_APPLICABLE,PRICE_NOT_APPLICABLE,AMOUNT_NOT_APPLICABLE,UNRESOLVED,Y,,,,PRD-0091,,ZENITH Hair Gel 1.5 L,,340.43,0.00,3.88,,87.74,,340.43,340.43,0.00,0.00,340.43,340.43,340.43
TXN-A-002258-L4335,TXN-A-002258,,,UNMATCHED,0.00,IDENTITY_MISSING_IN_SOURCE_B,QUANTITY_NOT_APPLICABLE,PRICE_NOT_APPLICABLE,AMOUNT_NOT_APPLICABLE,MISSING_IN_SOURCE_B,Y,,,,PRD-0016,,ZENITH Surface Wipes 60 CM,,468.03,0.00,8.05,,58.14,,468.03,468.03,0.00,0.00,468.03,468.03,468.03
TXN-A-002259-L4337,TXN-A-002259,,,POSSIBLE_SUBSTITUTE,70.00,IDENTITY_UNMATCHED,QUANTITY_NOT_APPLICABLE,PRICE_NOT_APPLICABLE,AMOUNT_NOT_APPLICABLE,UNRESOLVED,Y,,,,PRD-0059,,AURORA Screen Protector 45 CM,,95.17,0.00,1.54,,61.80,,95.17,95.17,0.00,0.00,95.17,95.17,95.17
TXN-A-002260-L4339,TXN-A-002260,TXN-B-002072-L4344,TXN-B-002072,EXACT_BARCODE,97.00,IDENTITY_MATCHED,QUANTITY_EXCESS,PRICE_MATCHED,AMOUNT_VARIANCE,QUANTITY_AND_AMOUNT_DIFFERENCE,Y,7.30,0.00,331.49,PRD-0069,PRD-0069,NEXUS HDMI Cable 1.5 L,NEXUS HDMI Cable 1.5 L,425.49,94.00,9.37,2.07,45.41,45.41,331.49,331.49,331.49,0.00,0.00,0.00,331.49
TXN-A-002261-L4341,TXN-A-002261,TXN-B-001497-L2994,TXN-B-001497,FUZZY_NAME,93.30,IDENTITY_SUBSTITUTE,QUANTITY_EXCESS,PRICE_VARIANCE,AMOUNT_VARIANCE,QUANTITY_AND_AMOUNT_DIFFERENCE,Y,2.15,87.22,622.26,PRD-0028,PRD-4304,ZENITH Highlighter Set 500 ML,ZENITH Highlighter Set 9 750 ML,735.71,113.45,6.49,4.34,113.36,26.14,622.26,622.26,56.20,566.06,0.00,0.00,622.26
TXN-A-002262-L4343,TXN-A-002262,TXN-B-001269-L2538,TXN-B-001269,NORMALIZED_NAME,90.00,IDENTITY_MATCHED,QUANTITY_SHORTAGE,PRICE_MATCHED,AMOUNT_VARIANCE,QUANTITY_AND_AMOUNT_DIFFERENCE,Y,-4.68,0.00,-212.52,PRD-0069,PRD-7094,NEXUS HDMI Cable 1.5 L,NEXUS HDMI Cable 1.5 L,94.00,306.52,2.07,6.75,45.41,45.41,-212.52,212.52,212.52,0.00,0.00,0.00,212.52
TXN-A-002263-L4345,TXN-A-002263,,,UNMATCHED,0.00,IDENTITY_MISSING_IN_SOURCE_B,QUANTITY_NOT_APPLICABLE,PRICE_NOT_APPLICABLE,AMOUNT_NOT_APPLICABLE,MISSING_IN_SOURCE_B,Y,,,,PRD-0103,,ZENITH Measuring Cup 10000 MAH,,16.30,0.00,2.17,,7.51,,16.30,16.30,0.00,0.00,16.30,16.30,16.30
TXN-A-002264-L4347,TXN-A-002264,,,GENERIC_STRENGTH_EQUIVALENT,85.00,IDENTITY_UNMATCHED,QUANTITY_NOT_APPLICABLE,PRICE_NOT_APPLICABLE,AMOUNT_NOT_APPLICABLE,UNRESOLVED,Y,,,,PRD-0022,,ZENITH Floor Polish 2000 MAH,,20.07,0.00,3.39,,5.92,,20.07,20.07,0.00,0.00,20.07,20.07,20.07
TXN-A-002265-L4349,TXN-A-002265,,,POSSIBLE_SUBSTITUTE,70.00,IDENTITY_UNMATCHED,QUANTITY_NOT_APPLICABLE,PRICE_NOT_APPLICABLE,AMOUNT_NOT_APPLICABLE,UNRESOLVED,Y,,,,PRD-0149,,AURORA Wrench Set 45 CM,,62.95,0.00,2.15,,29.28,,62.95,62.95,0.00,0.00,62.95,62.95,62.95
TXN-A-002266-L4351,TXN-A-002266,,,UNMATCHED,0.00,IDENTITY_MISSING_IN_SOURCE_B,QUANTITY_NOT_APPLICABLE,PRICE_NOT_APPLICABLE,AMOUNT_NOT_APPLICABLE,MISSING_IN_SOURCE_B,Y,,,,PRD-0143,,AURORA Marker Set 10 IN,,125.14,0.00,9.29,,13.47,,125.14,125.14,0.00,0.00,125.14,125.14,125.14
TXN-A-002267-L4353,TXN-A-002267,,,UNMATCHED,0.00,IDENTITY_MISSING_IN_SOURCE_B,QUANTITY_NOT_APPLICABLE,PRICE_NOT_APPLICABLE,AMOUNT_NOT_APPLICABLE,MISSING_IN_SOURCE_B,Y,,,,PRD-0111,,NEXUS Storage Container 500 G,,589.39,0.00,9.64,,61.14,,589.39,589.39,0.00,0.00,589.39,589.39,589.39
TXN-A-002268-L4355,TXN-A-002268,,,UNMATCHED,0.00,IDENTITY_MISSING_IN_SOURCE_B,QUANTITY_NOT_APPLICABLE,PRICE_NOT_APPLICABLE,AMOUNT_NOT_APPLICABLE,MISSING_IN_SOURCE_B,Y,,,,PRD-0047,,AURORA Tape Dispenser 45 CM,,19.51,0.00,9.38,,2.08,,19.51,19.51,0.00,0.00,19.51,19.51,19.51
TXN-A-002269-L4357,TXN-A-002269,,,UNMATCHED,0.00,IDENTITY_MISSING_IN_SOURCE_B,QUANTITY_NOT_APPLICABLE,PRICE_NOT_APPLICABLE,AMOUNT_NOT_APPLICABLE,MISSING_IN_SOURCE_B,Y,,,,PRD-0010,,ZENITH Laundry Detergent 1.5 V,,71.09,0.00,2.81,,25.30,,71.09,71.09,0.00,0.00,71.09,71.09,71.09
TXN-A-002270-L4359,TXN-A-002270,TXN-B-002003-L4181,TXN-B-002003,FUZZY_NAME,82.10,IDENTITY_SUBSTITUTE,QUANTITY_EXCESS,PRICE_MATCHED,AMOUNT_VARIANCE,QUANTITY_AND_AMOUNT_DIFFERENCE,Y,0.93,0.00,27.49,PRD-0045,PRD-3810,NEXUS Whiteboard Marker 45 CM,NEXX Whiteboard 45 CM,145.39,117.90,4.92,3.99,29.55,29.55,27.49,27.49,27.48,0.00,0.01,0.00,27.49
TXN-A-002271-L4361,TXN-A-002271,,,GENERIC_STRENGTH_EQUIVALENT,85.00,IDENTITY_UNMATCHED,QUANTITY_NOT_APPLICABLE,PRICE_NOT_APPLICABLE,AMOUNT_NOT_APPLICABLE,UNRESOLVED,Y,,,,PRD-0008,,AURORA Dish Liquid 10000 MAH,,154.37,0.00,1.38,,111.86,,154.37,154.37,0.00,0.00,154.37,154.37,154.37
TXN-A-002272-L4363,TXN-A-002272,,,POSSIBLE_SUBSTITUTE,70.00,IDENTITY_UNMATCHED,QUANTITY_NOT_APPLICABLE,PRICE_NOT_APPLICABLE,AMOUNT_NOT_APPLICABLE,UNRESOLVED,Y,,,,PRD-0007,,ZENITH Dish Liquid 5000 MAH,,123.07,0.00,2.13,,57.78,,123.07,123.07,0.00,0.00,123.07,123.07,123.07
TXN-A-002273-L4365,TXN-A-002273,,,POSSIBLE_SUBSTITUTE,70.00,IDENTITY_UNMATCHED,QUANTITY_NOT_APPLICABLE,PRICE_NOT_APPLICABLE,AMOUNT_NOT_APPLICABLE,UNRESOLVED,Y,,,,PRD-0019,,ZENITH Air Freshener 45 CM,,139.11,0.00,3.59,,38.75,,139.11,139.11,0.00,0.00,139.11,139.11,139.11
TXN-A-002274-L4367,TXN-A-002274,TXN-B-002084-L4368,TXN-B-002084,EXACT_PRIMARY_ID,100.00,IDENTITY_MATCHED,QUANTITY_MATCHED,PRICE_MATCHED,AMOUNT_MATCHED,MATCHED,N,0.00,0.00,0.00,PRD-0092,PRD-0092,AURORA Hair Gel 100 MG,AURORA Hair Gel 100 MG,611.13,611.13,9.45,9.45,64.67,64.67,0.00,0.00,0.00,0.00,0.00,0.00,0.00
TXN-A-002275-L4369,TXN-A-002275,,,POSSIBLE_SUBSTITUTE,70.00,IDENTITY_UNMATCHED,QUANTITY_NOT_APPLICABLE,PRICE_NOT_APPLICABLE,AMOUNT_NOT_APPLICABLE,UNRESOLVED,Y,,,,PRD-0005,,AURORA Glass Spray 500 G,,479.32,0.00,4.31,,111.21,,479.32,479.32,0.00,0.00,479.32,479.32,479.32
TXN-A-002276-L4371,TXN-A-002276,,,UNMATCHED,0.00,IDENTITY_MISSING_IN_SOURCE_B,QUANTITY_NOT_APPLICABLE,PRICE_NOT_APPLICABLE,AMOUNT_NOT_APPLICABLE,MISSING_IN_SOURCE_B,Y,,,,PRD-0075,,NEXUS Hand Soap 10000 MAH,,289.61,0.00,4.17,,69.45,,289.61,289.61,0.00,0.00,289.61,289.61,289.61
TXN-A-002277-L4373,TXN-A-002277,,,UNMATCHED,0.00,IDENTITY_MISSING_IN_SOURCE_B,QUANTITY_NOT_APPLICABLE,PRICE_NOT_APPLICABLE,AMOUNT_NOT_APPLICABLE,MISSING_IN_SOURCE_B,Y,,,,PRD-0012,,NEXUS Laundry Detergent 3 V,,177.05,0.00,7.95,,22.27,,177.05,177.05,0.00,0.00,177.05,177.05,177.05
TXN-A-002278-L4375,TXN-A-002278,TXN-B-002088-L4376,TXN-B-002088,EXACT_PRIMARY_ID,100.00,IDENTITY_MATCHED,QUANTITY_MATCHED,PRICE_MATCHED,AMOUNT_MATCHED,MATCHED,N,0.00,0.00,0.00,PRD-0120,PRD-0120,NEXUS Peeler 30 CM,NEXUS Peeler 30 CM,833.89,833.89,8.70,8.70,95.85,95.85,0.00,0.00,0.00,0.00,0.00,0.00,0.00
TXN-A-002279-L4377,TXN-A-002279,,,UNMATCHED,0.00,IDENTITY_MISSING_IN_SOURCE_B,QUANTITY_NOT_APPLICABLE,PRICE_NOT_APPLICABLE,AMOUNT_NOT_APPLICABLE,MISSING_IN_SOURCE_B,Y,,,,PRD-0146,,AURORA Screwdriver Set 500 ML,,299.07,0.00,3.27,,91.46,,299.07,299.07,0.00,0.00,299.07,299.07,299.07
TXN-A-002280-L4379,TXN-A-002280,TXN-B-001322-L2644,TXN-B-001322,NORMALIZED_NAME,90.00,IDENTITY_MATCHED,QUANTITY_EXCESS,PRICE_MATCHED,AMOUNT_VARIANCE,QUANTITY_AND_AMOUNT_DIFFERENCE,Y,0.20,0.00,12.63,PRD-0100,PRD-7652,ZENITH Mixing Bowl Set 250 ML,ZENITH Mixing Bowl Set 250 ML,271.54,258.91,4.30,4.10,63.15,63.15,12.63,12.63,12.63,0.00,0.00,0.00,12.63
TXN-A-002281-L4381,TXN-A-002281,,,POSSIBLE_SUBSTITUTE,70.00,IDENTITY_UNMATCHED,QUANTITY_NOT_APPLICABLE,PRICE_NOT_APPLICABLE,AMOUNT_NOT_APPLICABLE,UNRESOLVED,Y,,,,PRD-0134,,AURORA Glue Stick 9 V,,293.59,0.00,3.78,,77.67,,293.59,293.59,0.00,0.00,293.59,293.59,293.59
TXN-A-002282-L4383,TXN-A-002282,,,UNMATCHED,0.00,IDENTITY_MISSING_IN_SOURCE_B,QUANTITY_NOT_APPLICABLE,PRICE_NOT_APPLICABLE,AMOUNT_NOT_APPLICABLE,MISSING_IN_SOURCE_B,Y,,,,PRD-0111,,NEXUS Storage Container 500 G,,431.65,0.00,7.06,,61.14,,431.65,431.65,0.00,0.00,431.65,431.65,431.65
TXN-A-002283-L4385,TXN-A-002283,,,UNMATCHED,0.00,IDENTITY_MISSING_IN_SOURCE_B,QUANTITY_NOT_APPLICABLE,PRICE_NOT_APPLICABLE,AMOUNT_NOT_APPLICABLE,MISSING_IN_SOURCE_B,Y,,,,PRD-0142,,ZENITH Marker Set 750 ML,,327.91,0.00,9.71,,33.77,,327.91,327.91,0.00,0.00,327.91,327.91,327.91
TXN-A-002284-L4387,TXN-A-002284,,,UNMATCHED,0.00,IDENTITY_MISSING_IN_SOURCE_B,QUANTITY_NOT_APPLICABLE,PRICE_NOT_APPLICABLE,AMOUNT_NOT_APPLICABLE,MISSING_IN_SOURCE_B,Y,,,,PRD-0014,,AURORA Fabric Softener 250 MG,,833.21,0.00,7.44,,111.99,,833.21,833.21,0.00,0.00,833.21,833.21,833.21
TXN-A-002285-L4389,TXN-A-002285,,,GENERIC_STRENGTH_EQUIVALENT,85.00,IDENTITY_UNMATCHED,QUANTITY_NOT_APPLICABLE,PRICE_NOT_APPLICABLE,AMOUNT_NOT_APPLICABLE,UNRESOLVED,Y,,,,PRD-0140,,AURORA Eraser Pack 2000 MAH,,642.02,0.00,5.74,,111.85,,642.02,642.02,0.00,0.00,642.02,642.02,642.02
,,TXN-B-001182-L2364,TXN-B-001182,UNMATCHED,0.00,IDENTITY_MISSING_IN_SOURCE_A,QUANTITY_NOT_APPLICABLE,PRICE_NOT_APPLICABLE,AMOUNT_NOT_APPLICABLE,MISSING_IN_SOURCE_A,Y,,,,,PRD-8248,,NEXUS Peeler 30 CM,,,,,,,0.00,0.00,0.00,0.00,0.00,0.00,0.00
,,TXN-B-001253-L2506,TXN-B-001253,UNMATCHED,0.00,IDENTITY_MISSING_IN_SOURCE_A,QUANTITY_NOT_APPLICABLE,PRICE_NOT_APPLICABLE,AMOUNT_NOT_APPLICABLE,MISSING_IN_SOURCE_A,Y,,,,,PRD-7664,,ZENITH Screen Protector 3 V,,,,,,,0.00,0.00,0.00,0.00,0.00,0.00,0.00
,,TXN-B-001255-L2510,TXN-B-001255,UNMATCHED,0.00,IDENTITY_MISSING_IN_SOURCE_A,QUANTITY_NOT_APPLICABLE,PRICE_NOT_APPLICABLE,AMOUNT_NOT_APPLICABLE,MISSING_IN_SOURCE_A,Y,,,,,PRD-7873,,ZENITH All Purpose Cleaner 10 IN,,,,,,,0.00,0.00,0.00,0.00,0.00,0.00,0.00
,,TXN-B-001293-L2586,TXN-B-001293,UNMATCHED,0.00,IDENTITY_MISSING_IN_SOURCE_A,QUANTITY_NOT_APPLICABLE,PRICE_NOT_APPLICABLE,AMOUNT_NOT_APPLICABLE,MISSING_IN_SOURCE_A,Y,,,,,PRD-7129,,ZENITH All Purpose Cleaner 10 IN,,,,,,,0.00,0.00,0.00,0.00,0.00,0.00,0.00
,,TXN-B-001329-L2658,TXN-B-001329,UNMATCHED,0.00,IDENTITY_MISSING_IN_SOURCE_A,QUANTITY_NOT_APPLICABLE,PRICE_NOT_APPLICABLE,AMOUNT_NOT_APPLICABLE,MISSING_IN_SOURCE_A,Y,,,,,PRD-7287,,AURORA Can Opener 500 MG,,,,,,,0.00,0.00,0.00,0.00,0.00,0.00,0.00
,,TXN-B-001424-L2848,TXN-B-001424,UNMATCHED,0.00,IDENTITY_MISSING_IN_SOURCE_A,QUANTITY_NOT_APPLICABLE,PRICE_NOT_APPLICABLE,AMOUNT_NOT_APPLICABLE,MISSING_IN_SOURCE_A,Y,,,,,PRD-5755,,TITAN Highlighter Set 500 ML,,,,,,,0.00,0.00,0.00,0.00,0.00,0.00,0.00
,,TXN-B-001473-L2946,TXN-B-001473,UNMATCHED,0.00,IDENTITY_MISSING_IN_SOURCE_A,QUANTITY_NOT_APPLICABLE,PRICE_NOT_APPLICABLE,AMOUNT_NOT_APPLICABLE,MISSING_IN_SOURCE_A,Y,,,,,PRD-4882,,NOVA Peeler 100 30 CM,,,,,,,0.00,0.00,0.00,0.00,0.00,0.00,0.00
,,TXN-B-001474-L2948,TXN-B-001474,UNMATCHED,0.00,IDENTITY_MISSING_IN_SOURCE_A,QUANTITY_NOT_APPLICABLE,PRICE_NOT_APPLICABLE,AMOUNT_NOT_APPLICABLE,MISSING_IN_SOURCE_A,Y,,,,,PRD-4484,,COBALT Eraser Pack 500 100 G,,,,,,,0.00,0.00,0.00,0.00,0.00,0.00,0.00
,,TXN-B-001475-L2950,TXN-B-001475,UNMATCHED,0.00,IDENTITY_MISSING_IN_SOURCE_A,QUANTITY_NOT_APPLICABLE,PRICE_NOT_APPLICABLE,AMOUNT_NOT_APPLICABLE,MISSING_IN_SOURCE_A,Y,,,,,PRD-4768,,SUMMIT Air Freshener 200 3 V,,,,,,,0.00,0.00,0.00,0.00,0.00,0.00,0.00
,,TXN-B-001477-L2954,TXN-B-001477,UNMATCHED,0.00,IDENTITY_MISSING_IN_SOURCE_A,QUANTITY_NOT_APPLICABLE,PRICE_NOT_APPLICABLE,AMOUNT_NOT_APPLICABLE,MISSING_IN_SOURCE_A,Y,,,,,PRD-4402,,TITAN Glass Spray 9 45 CM,,,,,,,0.00,0.00,0.00,0.00,0.00,0.00,0.00
,,TXN-B-001478-L2956,TXN-B-001478,UNMATCHED,0.00,IDENTITY_MISSING_IN_SOURCE_A,QUANTITY_NOT_APPLICABLE,PRICE_NOT_APPLICABLE,AMOUNT_NOT_APPLICABLE,MISSING_IN_SOURCE_A,Y,,,,,PRD-4409,,VANGUARD Peeler 100 200 G,,,,,,,0.00,0.00,0.00,0.00,0.00,0.00,0.00
,,TXN-B-001481-L2962,TXN-B-001481,UNMATCHED,0.00,IDENTITY_MISSING_IN_SOURCE_A,QUANTITY_NOT_APPLICABLE,PRICE_NOT_APPLICABLE,AMOUNT_NOT_APPLICABLE,MISSING_IN_SOURCE_A,Y,,,,,PRD-4953,,COBALT Floor Polish 2000 50 G,,,,,,,0.00,0.00,0.00,0.00,0.00,0.00,0.00
,,TXN-B-001482-L2964,TXN-B-001482,UNMATCHED,0.00,IDENTITY_MISSING_IN_SOURCE_A,QUANTITY_NOT_APPLICABLE,PRICE_NOT_APPLICABLE,AMOUNT_NOT_APPLICABLE,MISSING_IN_SOURCE_A,Y,,,,,PRD-4293,,HELIX Shampoo 500 500 MG,,,,,,,0.00,0.00,0.00,0.00,0.00,0.00,0.00
,,TXN-B-001483-L2966,TXN-B-001483,UNMATCHED,0.00,IDENTITY_MISSING_IN_SOURCE_A,QUANTITY_NOT_APPLICABLE,PRICE_NOT_APPLICABLE,AMOUNT_NOT_APPLICABLE,MISSING_IN_SOURCE_A,Y,,,,,PRD-4382,,PRISM Body Wash 500 10 W,,,,,,,0.00,0.00,0.00,0.00,0.00,0.00,0.00
,,TXN-B-001485-L2970,TXN-B-001485,UNMATCHED,0.00,IDENTITY_MISSING_IN_SOURCE_A,QUANTITY_NOT_APPLICABLE,PRICE_NOT_APPLICABLE,AMOUNT_NOT_APPLICABLE,MISSING_IN_SOURCE_A,Y,,,,,PRD-4195,,APEX Toothpaste 3 2000 MAH,,,,,,,0.00,0.00,0.00,0.00,0.00,0.00,0.00
,,TXN-B-001489-L2978,TXN-B-001489,UNMATCHED,0.00,IDENTITY_MISSING_IN_SOURCE_A,QUANTITY_NOT_APPLICABLE,PRICE_NOT_APPLICABLE,AMOUNT_NOT_APPLICABLE,MISSING_IN_SOURCE_A,Y,,,,,PRD-4228,,QUANTUM Wrench Set 30 200 G,,,,,,,0.00,0.00,0.00,0.00,0.00,0.00,0.00
,,TXN-B-001498-L2996,TXN-B-001498,UNMATCHED,0.00,IDENTITY_MISSING_IN_SOURCE_A,QUANTITY_NOT_APPLICABLE,PRICE_NOT_APPLICABLE,AMOUNT_NOT_APPLICABLE,MISSING_IN_SOURCE_A,Y,,,,,PRD-4501,,VANGUARD USB Cable 1 10 IN,,,,,,,0.00,0.00,0.00,0.00,0.00,0.00,0.00
,,TXN-B-001499-L2998,TXN-B-001499,UNMATCHED,0.00,IDENTITY_MISSING_IN_SOURCE_A,QUANTITY_NOT_APPLICABLE,PRICE_NOT_APPLICABLE,AMOUNT_NOT_APPLICABLE,MISSING_IN_SOURCE_A,Y,,,,,PRD-4335,,PRISM Ruler Set 45 15 W,,,,,,,0.00,0.00,0.00,0.00,0.00,0.00,0.00
,,TXN-B-001500-L3000,TXN-B-001500,UNMATCHED,0.00,IDENTITY_MISSING_IN_SOURCE_A,QUANTITY_NOT_APPLICABLE,PRICE_NOT_APPLICABLE,AMOUNT_NOT_APPLICABLE,MISSING_IN_SOURCE_A,Y,,,,,PRD-4868,,SPECTRA HDMI Cable 1 2000 MAH,,,,,,,0.00,0.00,0.00,0.00,0.00,0.00,0.00
,,TXN-B-001504-L3008,TXN-B-001504,UNMATCHED,0.00,IDENTITY_MISSING_IN_SOURCE_A,QUANTITY_NOT_APPLICABLE,PRICE_NOT_APPLICABLE,AMOUNT_NOT_APPLICABLE,MISSING_IN_SOURCE_A,Y,,,,,PRD-4887,,NOVA Eraser Pack 2000 100 G,,,,,,,0.00,0.00,0.00,0.00,0.00,0.00,0.00
,,TXN-B-001505-L3010,TXN-B-001505,UNMATCHED,0.00,IDENTITY_MISSING_IN_SOURCE_A,QUANTITY_NOT_APPLICABLE,PRICE_NOT_APPLICABLE,AMOUNT_NOT_APPLICABLE,MISSING_IN_SOURCE_A,Y,,,,,PRD-4794,,ORBIT Binder Clip Box 45 5000 MAH,,,,,,,0.00,0.00,0.00,0.00,0.00,0.00,0.00
,,TXN-B-001506-L3012,TXN-B-001506,UNMATCHED,0.00,IDENTITY_MISSING_IN_SOURCE_A,QUANTITY_NOT_APPLICABLE,PRICE_NOT_APPLICABLE,AMOUNT_NOT_APPLICABLE,MISSING_IN_SOURCE_A,Y,,,,,PRD-4234,,COBALT Dish Liquid 10000 45 CM,,,,,,,0.00,0.00,0.00,0.00,0.00,0.00,0.00
,,TXN-B-001510-L3020,TXN-B-001510,UNMATCHED,0.00,IDENTITY_MISSING_IN_SOURCE_A,QUANTITY_NOT_APPLICABLE,PRICE_NOT_APPLICABLE,AMOUNT_NOT_APPLICABLE,MISSING_IN_SOURCE_A,Y,,,,,PRD-4871,,COBALT Ruler Set 60 9 V,,,,,,,0.00,0.00,0.00,0.00,0.00,0.00,0.00
,,TXN-B-001511-L3022,TXN-B-001511,UNMATCHED,0.00,IDENTITY_MISSING_IN_SOURCE_A,QUANTITY_NOT_APPLICABLE,PRICE_NOT_APPLICABLE,AMOUNT_NOT_APPLICABLE,MISSING_IN_SOURCE_A,Y,,,,,PRD-4592,,SUMMIT Ruler Set 60 250 MG,,,,,,,0.00,0.00,0.00,0.00,0.00,0.00,0.00
,,TXN-B-001547-L3062,TXN-B-001547,UNMATCHED,0.00,IDENTITY_MISSING_IN_SOURCE_A,QUANTITY_NOT_APPLICABLE,PRICE_NOT_APPLICABLE,AMOUNT_NOT_APPLICABLE,MISSING_IN_SOURCE_A,Y,,,,,PRD-0030,,NEXUS Highlighter Set 12 IN,,,,,,,0.00,0.00,0.00,0.00,0.00,0.00,0.00
,,TXN-B-001551-L3066,TXN-B-001551,UNMATCHED,0.00,IDENTITY_MISSING_IN_SOURCE_A,QUANTITY_NOT_APPLICABLE,PRICE_NOT_APPLICABLE,AMOUNT_NOT_APPLICABLE,MISSING_IN_SOURCE_A,Y,,,,,PRD-0135,,NEXUS Glue Stick 5000 MAH,,,,,,,0.00,0.00,0.00,0.00,0.00,0.00,0.00
,,TXN-B-001981-L4137,TXN-B-001981,UNMATCHED,0.00,IDENTITY_MISSING_IN_SOURCE_A,QUANTITY_NOT_APPLICABLE,PRICE_NOT_APPLICABLE,AMOUNT_NOT_APPLICABLE,MISSING_IN_SOURCE_A,Y,,,,,PRD-3907,,NEXX Hair 10 W,,,,,,,0.00,0.00,0.00,0.00,0.00,0.00,0.00
,,TXN-B-001986-L4147,TXN-B-001986,UNMATCHED,0.00,IDENTITY_MISSING_IN_SOURCE_A,QUANTITY_NOT_APPLICABLE,PRICE_NOT_APPLICABLE,AMOUNT_NOT_APPLICABLE,MISSING_IN_SOURCE_A,Y,,,,,PRD-3134,,ZENX Hair 1.5 L,,,,,,,0.00,0.00,0.00,0.00,0.00,0.00,0.00
,,TXN-B-001987-L4149,TXN-B-001987,UNMATCHED,0.00,IDENTITY_MISSING_IN_SOURCE_A,QUANTITY_NOT_APPLICABLE,PRICE_NOT_APPLICABLE,AMOUNT_NOT_APPLICABLE,MISSING_IN_SOURCE_A,Y,,,,,PRD-3344,,NEXX Peeler CM,,,,,,,0.00,0.00,0.00,0.00,0.00,0.00,0.00
,,TXN-B-001988-L4151,TXN-B-001988,UNMATCHED,0.00,IDENTITY_MISSING_IN_SOURCE_A,QUANTITY_NOT_APPLICABLE,PRICE_NOT_APPLICABLE,AMOUNT_NOT_APPLICABLE,MISSING_IN_SOURCE_A,Y,,,,,PRD-3106,,AURX Mouse 50 G,,,,,,,0.00,0.00,0.00,0.00,0.00,0.00,0.00
,,TXN-B-001989-L4153,TXN-B-001989,UNMATCHED,0.00,IDENTITY_MISSING_IN_SOURCE_A,QUANTITY_NOT_APPLICABLE,PRICE_NOT_APPLICABLE,AMOUNT_NOT_APPLICABLE,MISSING_IN_SOURCE_A,Y,,,,,PRD-3886,,ZENX Glue 250 MG,,,,,,,0.00,0.00,0.00,0.00,0.00,0.00,0.00
,,TXN-B-001990-L4155,TXN-B-001990,UNMATCHED,0.00,IDENTITY_MISSING_IN_SOURCE_A,QUANTITY_NOT_APPLICABLE,PRICE_NOT_APPLICABLE,AMOUNT_NOT_APPLICABLE,MISSING_IN_SOURCE_A,Y,,,,,PRD-3302,,ZENX Screen 3 V,,,,,,,0.00,0.00,0.00,0.00,0.00,0.00,0.00
,,TXN-B-001995-L4165,TXN-B-001995,UNMATCHED,0.00,IDENTITY_MISSING_IN_SOURCE_A,QUANTITY_NOT_APPLICABLE,PRICE_NOT_APPLICABLE,AMOUNT_NOT_APPLICABLE,MISSING_IN_SOURCE_A,Y,,,,,PRD-3267,,ZENX Mouse 200 G,,,,,,,0.00,0.00,0.00,0.00,0.00,0.00,0.00
,,TXN-B-001997-L4169,TXN-B-001997,UNMATCHED,0.00,IDENTITY_MISSING_IN_SOURCE_A,QUANTITY_NOT_APPLICABLE,PRICE_NOT_APPLICABLE,AMOUNT_NOT_APPLICABLE,MISSING_IN_SOURCE_A,Y,,,,,PRD-3051,,ZENX Face 30 CM,,,,,,,0.00,0.00,0.00,0.00,0.00,0.00,0.00
,,TXN-B-002002-L4179,TXN-B-002002,UNMATCHED,0.00,IDENTITY_MISSING_IN_SOURCE_A,QUANTITY_NOT_APPLICABLE,PRICE_NOT_APPLICABLE,AMOUNT_NOT_APPLICABLE,MISSING_IN_SOURCE_A,Y,,,,,PRD-3793,,AURX Ruler 60 CM,,,,,,,0.00,0.00,0.00,0.00,0.00,0.00,0.00
,,TXN-B-002004-L4183,TXN-B-002004,UNMATCHED,0.00,IDENTITY_MISSING_IN_SOURCE_A,QUANTITY_NOT_APPLICABLE,PRICE_NOT_APPLICABLE,AMOUNT_NOT_APPLICABLE,MISSING_IN_SOURCE_A,Y,,,,,PRD-3221,,ZENX Cutting 5 W,,,,,,,0.00,0.00,0.00,0.00,0.00,0.00,0.00
,,TXN-B-002005-L4185,TXN-B-002005,UNMATCHED,0.00,IDENTITY_MISSING_IN_SOURCE_A,QUANTITY_NOT_APPLICABLE,PRICE_NOT_APPLICABLE,AMOUNT_NOT_APPLICABLE,MISSING_IN_SOURCE_A,Y,,,,,PRD-3709,,AURX Body 500 MG,,,,,,,0.00,0.00,0.00,0.00,0.00,0.00,0.00
,,TXN-B-002007-L4189,TXN-B-002007,UNMATCHED,0.00,IDENTITY_MISSING_IN_SOURCE_A,QUANTITY_NOT_APPLICABLE,PRICE_NOT_APPLICABLE,AMOUNT_NOT_APPLICABLE,MISSING_IN_SOURCE_A,Y,,,,,PRD-3063,,AURX Mouse 50 G,,,,,,,0.00,0.00,0.00,0.00,0.00,0.00,0.00
,,TXN-B-002009-L4193,TXN-B-002009,UNMATCHED,0.00,IDENTITY_MISSING_IN_SOURCE_A,QUANTITY_NOT_APPLICABLE,PRICE_NOT_APPLICABLE,AMOUNT_NOT_APPLICABLE,MISSING_IN_SOURCE_A,Y,,,,,PRD-3190,,AURX Charging 3 V,,,,,,,0.00,0.00,0.00,0.00,0.00,0.00,0.00
