line_key,priority,reconciliation_status,match_method,confidence_score,absolute_exposure,anomaly_flags
TXN-A-002139-L4122,HIGH,UNRESOLVED,GENERIC_STRENGTH_EQUIVALENT,85.00,54102.88,HIGH_VALUE_OUTLIER;UNRESOLVED_TRANSACTION
TXN-A-002143-L4130,HIGH,MISSING_IN_SOURCE_B,UNMATCHED,0.00,26560.64,HIGH_VALUE_OUTLIER;MISSING_COUNTERPART
TXN-A-002128-L4100,HIGH,UNRESOLVED,POSSIBLE_SUBSTITUTE,70.00,26278.56,HIGH_VALUE_OUTLIER;LOW_CONFIDENCE_MATCH;UNRESOLVED_TRANSACTION
TXN-A-002133-L4110,HIGH,MISSING_IN_SOURCE_B,UNMATCHED,0.00,19362.24,HIGH_VALUE_OUTLIER;MISSING_COUNTERPART
TXN-A-002140-L4124,HIGH,UNRESOLVED,GENERIC_STRENGTH_EQUIVALENT,85.00,15951.87,HIGH_VALUE_OUTLIER;UNRESOLVED_TRANSACTION
TXN-A-002137-L4118,HIGH,MISSING_IN_SOURCE_B,UNMATCHED,0.00,13253.93,HIGH_VALUE_OUTLIER;MISSING_COUNTERPART
TXN-A-002130-L4104,HIGH,UNRESOLVED,POSSIBLE_SUBSTITUTE,70.00,3961.30,HIGH_VALUE_OUTLIER;LOW_CONFIDENCE_MATCH;UNRESOLVED_TRANSACTION
TXN-A-002127-L4098,HIGH,UNRESOLVED,POSSIBLE_SUBSTITUTE,70.00,3798.86,HIGH_VALUE_OUTLIER;LOW_CONFIDENCE_MATCH;UNRESOLVED_TRANSACTION
TXN-A-002132-L4108,HIGH,UNRESOLVED,GENERIC_STRENGTH_EQUIVALENT,85.00,2147.68,HIGH_VALUE_OUTLIER;UNRESOLVED_TRANSACTION
TXN-A-002186-L4206,HIGH,MISSING_IN_SOURCE_B,UNMATCHED,0.00,1474.58,MISSING_COUNTERPART
TXN-A-002183-L4203,HIGH,MISSING_IN_SOURCE_B,UNMATCHED,0.00,1270.87,MISSING_COUNTERPART
TXN-A-001730-L3474,HIGH,UNRESOLVED,POSSIBLE_SUBSTITUTE,70.00,1252.65,LOW_CONFIDENCE_MATCH;UNRESOLVED_TRANSACTION
TXN-A-002185-L4205,HIGH,MISSING_IN_SOURCE_B,UNMATCHED,0.00,1224.91,MISSING_COUNTERPART
TXN-A-002252-L4323,HIGH,UNRESOLVED,GENERIC_STRENGTH_EQUIVALENT,85.00,1117.42,UNRESOLVED_TRANSACTION
TXN-A-002176-L4196,HIGH,MISSING_IN_SOURCE_B,UNMATCHED,0.00,1104.34,MISSING_COUNTERPART
TXN-A-002178-L4198,HIGH,MISSING_IN_SOURCE_B,UNMATCHED,0.00,1086.96,MISSING_COUNTERPART
TXN-A-002089-L4059,HIGH,MISSING_IN_SOURCE_B,UNMATCHED,0.00,1062.59,MISSING_COUNTERPART
TXN-A-002204-L4227,HIGH,UNRESOLVED,GENERIC_STRENGTH_EQUIVALENT,85.00,1056.98,UNRESOLVED_TRANSACTION
TXN-A-001762-L3538,HIGH,UNRESOLVED,GENERIC_STRENGTH_EQUIVALENT,85.00,1038.13,UNRESOLVED_TRANSACTION
TXN-A-002058-L4028,HIGH,MISSING_IN_SOURCE_B,UNMATCHED,0.00,999.64,MISSING_COUNTERPART
TXN-A-002189-L4209,HIGH,MISSING_IN_SOURCE_B,UNMATCHED,0.00,926.25,MISSING_COUNTERPART
TXN-A-002065-L4035,HIGH,MISSING_IN_SOURCE_B,UNMATCHED,0.00,903.85,MISSING_COUNTERPART
TXN-A-002284-L4387,HIGH,MISSING_IN_SOURCE_B,UNMATCHED,0.00,833.21,MISSING_COUNTERPART
TXN-A-002181-L4201,HIGH,MISSING_IN_SOURCE_B,UNMATCHED,0.00,814.53,MISSING_COUNTERPART
TXN-A-002245-L4309,HIGH,MISSING_IN_SOURCE_B,UNMATCHED,0.00,777.37,MISSING_COUNTERPART
TXN-A-002055-L4025,HIGH,MISSING_IN_SOURCE_B,UNMATCHED,0.00,752.26,MISSING_COUNTERPART
TXN-A-002046-L4016,HIGH,MISSING_IN_SOURCE_B,UNMATCHED,0.00,707.18,MISSING_COUNTERPART
TXN-A-002228-L4275,HIGH,MISSING_IN_SOURCE_B,UNMATCHED,0.00,701.54,MISSING_COUNTERPART
TXN-A-002196-L4216,HIGH,MISSING_IN_SOURCE_B,UNMATCHED,0.00,696.83,MISSING_COUNTERPART
TXN-A-002048-L4018,HIGH,MISSING_IN_SOURCE_B,UNMATCHED,0.00,682.60,MISSING_COUNTERPART
TXN-A-002199-L4219,HIGH,MISSING_IN_SOURCE_B,UNMATCHED,0.00,640.26,MISSING_COUNTERPART
TXN-A-002215-L4249,HIGH,MISSING_IN_SOURCE_B,UNMATCHED,0.00,637.05,MISSING_COUNTERPART
TXN-A-002267-L4353,HIGH,MISSING_IN_SOURCE_B,UNMATCHED,0.00,589.39,MISSING_COUNTERPART
TXN-A-002069-L4039,HIGH,MISSING_IN_SOURCE_B,UNMATCHED,0.00,572.01,MISSING_COUNTERPART
TXN-A-002248-L4315,HIGH,MISSING_IN_SOURCE_B,UNMATCHED,0.00,566.94,MISSING_COUNTERPART
TXN-A-002177-L4197,HIGH,MISSING_IN_SOURCE_B,UNMATCHED,0.00,563.78,MISSING_COUNTERPART
TXN-A-002192-L4212,HIGH,MISSING_IN_SOURCE_B,UNMATCHED,0.00,563.20,MISSING_COUNTERPART
TXN-A-002073-L4043,HIGH,MISSING_IN_SOURCE_B,UNMATCHED,0.00,539.35,MISSING_COUNTERPART
TXN-A-002040-L01,HIGH,MISSING_IN_SOURCE_B,UNMATCHED,0.00,519.99,MISSING_COUNTERPART
TXN-A-002229-L4277,HIGH,MISSING_IN_SOURCE_B,UNMATCHED,0.00,514.57,MISSING_COUNTERPART
TXN-A-002225-L4269,HIGH,MISSING_IN_SOURCE_B,UNMATCHED,0.00,513.83,MISSING_COUNTERPART
TXN-A-002002-L01,HIGH,MISSING_IN_SOURCE_B,UNMATCHED,0.00,501.52,MISSING_COUNTERPART
TXN-A-002002-L02,HIGH,MISSING_IN_SOURCE_B,UNMATCHED,0.00,501.52,MISSING_COUNTERPART
TXN-A-002197-L4217,HIGH,MISSING_IN_SOURCE_B,UNMATCHED,0.00,501.20,MISSING_COUNTERPART
TXN-A-001589-L3164,MEDIUM,UNRESOLVED,GENERIC_STRENGTH_EQUIVALENT,85.00,973.41,UNRESOLVED_TRANSACTION
TXN-A-002214-L4247,MEDIUM,UNRESOLVED,GENERIC_STRENGTH_EQUIVALENT,85.00,927.24,UNRESOLVED_TRANSACTION
TXN-A-001768-L3550,MEDIUM,UNRESOLVED,POSSIBLE_SUBSTITUTE,70.00,918.45,LOW_CONFIDENCE_MATCH;UNRESOLVED_TRANSACTION
TXN-A-002025-L01,MEDIUM,UNRESOLVED,GENERIC_STRENGTH_EQUIVALENT,85.00,879.62,UNRESOLVED_TRANSACTION;UNRESOLVED_TRANSACTION
TXN-A-002025-L01,MEDIUM,UNRESOLVED,GENERIC_STRENGTH_EQUIVALENT,85.00,879.62,UNRESOLVED_TRANSACTION;UNRESOLVED_TRANSACTION
TXN-A-001719-L3452,MEDIUM,UNRESOLVED,GENERIC_STRENGTH_EQUIVALENT,85.00,871.43,UNRESOLVED_TRANSACTION
TXN-A-001883-L3780,MEDIUM,UNRESOLVED,POSSIBLE_SUBSTITUTE,70.00,818.65,LOW_CONFIDENCE_MATCH;UNRESOLVED_TRANSACTION
TXN-A-001565-L3140,MEDIUM,UNRESOLVED,GENERIC_STRENGTH_EQUIVALENT,85.00,816.45,UNRESOLVED_TRANSACTION
TXN-A-002232-L4283,MEDIUM,UNRESOLVED,GENERIC_STRENGTH_EQUIVALENT,85.00,812.31,UNRESOLVED_TRANSACTION
TXN-A-002043-L01,MEDIUM,UNRESOLVED,POSSIBLE_SUBSTITUTE,70.00,792.93,LOW_CONFIDENCE_MATCH;UNRESOLVED_TRANSACTION;LOW_CONFIDENCE_MATCH;UNRESOLVED_TRANSACTION
TXN-A-002043-L01,MEDIUM,UNRESOLVED,POSSIBLE_SUBSTITUTE,70.00,792.93,LOW_CONFIDENCE_MATCH;UNRESOLVED_TRANSACTION;LOW_CONFIDENCE_MATCH;UNRESOLVED_TRANSACTION
TXN-A-002231-L4281,MEDIUM,UNRESOLVED,POSSIBLE_SUBSTITUTE,70.00,758.45,LOW_CONFIDENCE_MATCH;UNRESOLVED_TRANSACTION
TXN-A-001603-L3178,MEDIUM,UNRESOLVED,GENERIC_STRENGTH_EQUIVALENT,85.00,732.23,UNRESOLVED_TRANSACTION
TXN-A-002026-L01,MEDIUM,UNRESOLVED,GENERIC_STRENGTH_EQUIVALENT,85.00,725.98,UNRESOLVED_TRANSACTION
TXN-A-001909-L3832,MEDIUM,UNRESOLVED,POSSIBLE_SUBSTITUTE,70.00,716.93,LOW_CONFIDENCE_MATCH;UNRESOLVED_TRANSACTION
TXN-A-002014-L01,MEDIUM,UNRESOLVED,POSSIBLE_SUBSTITUTE,70.00,677.30,LOW_CONFIDENCE_MATCH;UNRESOLVED_TRANSACTION
TXN-A-002014-L02,MEDIUM,UNRESOLVED,POSSIBLE_SUBSTITUTE,70.00,677.30,LOW_CONFIDENCE_MATCH;UNRESOLVED_TRANSACTION
TXN-A-002096-L4066,MEDIUM,UNRESOLVED,POSSIBLE_SUBSTITUTE,70.00,658.79,LOW_CONFIDENCE_MATCH;UNRESOLVED_TRANSACTION
TXN-A-001563-L3138,MEDIUM,UNRESOLVED,GENERIC_STRENGTH_EQUIVALENT,85.00,645.60,UNRESOLVED_TRANSACTION
TXN-A-002285-L4389,MEDIUM,UNRESOLVED,GENERIC_STRENGTH_EQUIVALENT,85.00,642.02,UNRESOLVED_TRANSACTION
TXN-A-001776-L3566,MEDIUM,UNRESOLVED,GENERIC_STRENGTH_EQUIVALENT,85.00,629.19,UNRESOLVED_TRANSACTION
TXN-A-001833-L3680,MEDIUM,UNRESOLVED,POSSIBLE_SUBSTITUTE,70.00,621.80,LOW_CONFIDENCE_MATCH;UNRESOLVED_TRANSACTION
TXN-A-002145-L4134,MEDIUM,UNRESOLVED,POSSIBLE_SUBSTITUTE,70.00,620.66,LOW_CONFIDENCE_MATCH;UNRESOLVED_TRANSACTION
TXN-A-002241-L4301,MEDIUM,UNRESOLVED,POSSIBLE_SUBSTITUTE,70.00,614.46,LOW_CONFIDENCE_MATCH;UNRESOLVED_TRANSACTION
TXN-A-001773-L3560,MEDIUM,UNRESOLVED,POSSIBLE_SUBSTITUTE,70.00,553.73,LOW_CONFIDENCE_MATCH;UNRESOLVED_TRANSACTION
TXN-A-001652-L3299,MEDIUM,UNRESOLVED,POSSIBLE_SUBSTITUTE,70.00,537.55,LOW_CONFIDENCE_MATCH;UNRESOLVED_TRANSACTION
TXN-A-001918-L3850,MEDIUM,UNRESOLVED,POSSIBLE_SUBSTITUTE,70.00,493.56,LOW_CONFIDENCE_MATCH;UNRESOLVED_TRANSACTION
TXN-A-002059-L4029,MEDIUM,MISSING_IN_SOURCE_B,UNMATCHED,0.00,492.38,MISSING_COUNTERPART
TXN-A-002041-L01,MEDIUM,MISSING_IN_SOURCE_B,UNMATCHED,0.00,489.85,MISSING_COUNTERPART
TXN-A-002053-L4023,MEDIUM,MISSING_IN_SOURCE_B,UNMATCHED,0.00,489.46,MISSING_COUNTERPART
TXN-A-002062-L4032,MEDIUM,MISSING_IN_SOURCE_B,UNMATCHED,0.00,485.92,MISSING_COUNTERPART
TXN-A-002250-L4319,MEDIUM,MISSING_IN_SOURCE_B,UNMATCHED,0.00,481.90,MISSING_COUNTERPART
TXN-A-002011-L01,MEDIUM,UNRESOLVED,POSSIBLE_SUBSTITUTE,70.00,480.58,LOW_CONFIDENCE_MATCH;UNRESOLVED_TRANSACTION
TXN-A-002011-L02,MEDIUM,UNRESOLVED,POSSIBLE_SUBSTITUTE,70.00,480.58,LOW_CONFIDENCE_MATCH;UNRESOLVED_TRANSACTION
TXN-A-002275-L4369,MEDIUM,UNRESOLVED,POSSIBLE_SUBSTITUTE,70.00,479.32,LOW_CONFIDENCE_MATCH;UNRESOLVED_TRANSACTION
TXN-A-002182-L4202,MEDIUM,MISSING_IN_SOURCE_B,UNMATCHED,0.00,478.50,MISSING_COUNTERPART
TXN-A-002217-L4253,MEDIUM,UNRESOLVED,GENERIC_STRENGTH_EQUIVALENT,85.00,474.50,UNRESOLVED_TRANSACTION
TXN-A-001636-L3252,MEDIUM,UNRESOLVED,GENERIC_STRENGTH_EQUIVALENT,85.00,474.20,UNRESOLVED_TRANSACTION
TXN-A-002258-L4335,MEDIUM,MISSING_IN_SOURCE_B,UNMATCHED,0.00,468.03,MISSING_COUNTERPART
TXN-A-002019-L01,MEDIUM,MISSING_IN_SOURCE_B,UNMATCHED,0.00,465.39,MISSING_COUNTERPART
TXN-A-002019-L02,MEDIUM,MISSING_IN_SOURCE_B,UNMATCHED,0.00,465.39,MISSING_COUNTERPART
TXN-A-001889-L3792,MEDIUM,UNRESOLVED,POSSIBLE_SUBSTITUTE,70.00,464.43,LOW_CONFIDENCE_MATCH;UNRESOLVED_TRANSACTION
TXN-A-002042-L01,MEDIUM,UNRESOLVED,POSSIBLE_SUBSTITUTE,70.00,452.38,LOW_CONFIDENCE_MATCH;UNRESOLVED_TRANSACTION;LOW_CONFIDENCE_MATCH;UNRESOLVED_TRANSACTION
TXN-A-002042-L01,MEDIUM,UNRESOLVED,POSSIBLE_SUBSTITUTE,70.00,452.38,LOW_CONFIDENCE_MATCH;UNRESOLVED_TRANSACTION;LOW_CONFIDENCE_MATCH;UNRESOLVED_TRANSACTION
TXN-A-001858-L3730,MEDIUM,UNRESOLVED,POSSIBLE_SUBSTITUTE,70.00,451.29,LOW_CONFIDENCE_MATCH;UNRESOLVED_TRANSACTION
TXN-A-002213-L4245,MEDIUM,UNRESOLVED,POSSIBLE_SUBSTITUTE,70.00,441.87,LOW_CONFIDENCE_MATCH;UNRESOLVED_TRANSACTION
TXN-A-002282-L4383,MEDIUM,MISSING_IN_SOURCE_B,UNMATCHED,0.00,431.65,MISSING_COUNTERPART
TXN-A-002051-L4021,MEDIUM,MISSING_IN_SOURCE_B,UNMATCHED,0.00,430.89,MISSING_COUNTERPART
TXN-A-002010-L01,MEDIUM,UNRESOLVED,POSSIBLE_SUBSTITUTE,70.00,427.84,LOW_CONFIDENCE_MATCH;UNRESOLVED_TRANSACTION
TXN-A-002010-L02,MEDIUM,UNRESOLVED,POSSIBLE_SUBSTITUTE,70.00,427.84,LOW_CONFIDENCE_MATCH;UNRESOLVED_TRANSACTION
TXN-A-002039-L01,MEDIUM,UNRESOLVED,POSSIBLE_SUBSTITUTE,70.00,422.21,LOW_CONFIDENCE_MATCH;UNRESOLVED_TRANSACTION;LOW_CONFIDENCE_MATCH;UNRESOLVED_TRANSACTION
TXN-A-002039-L01,MEDIUM,UNRESOLVED,POSSIBLE_SUBSTITUTE,70.00,422.21,LOW_CONFIDENCE_MATCH;UNRESOLVED_TRANSACTION;LOW_CONFIDENCE_MATCH;UNRESOLVED_TRANSACTION
TXN-A-001650-L3294,MEDIUM,UNRESOLVED,GENERIC_STRENGTH_EQUIVALENT,85.00,419.92,UNRESOLVED_TRANSACTION
TXN-A-002086-L4056,MEDIUM,UNRESOLVED,POSSIBLE_SUBSTITUTE,70.00,417.96,LOW_CONFIDENCE_MATCH;UNRESOLVED_TRANSACTION
TXN-A-001861-L3736,MEDIUM,UNRESOLVED,POSSIBLE_SUBSTITUTE,70.00,417.67,LOW_CONFIDENCE_MATCH;UNRESOLVED_TRANSACTION
TXN-A-002200-L4220,MEDIUM,MISSING_IN_SOURCE_B,UNMATCHED,0.00,407.62,MISSING_COUNTERPART
TXN-A-002198-L4218,MEDIUM,MISSING_IN_SOURCE_B,UNMATCHED,0.00,400.65,MISSING_COUNTERPART
TXN-A-002243-L4305,MEDIUM,MISSING_IN_SOURCE_B,UNMATCHED,0.00,400.37,MISSING_COUNTERPART
TXN-A-002190-L4210,MEDIUM,MISSING_IN_SOURCE_B,UNMATCHED,0.00,398.47,MISSING_COUNTERPART
TXN-A-001528-L3103,MEDIUM,UNRESOLVED,POSSIBLE_SUBSTITUTE,70.00,397.06,LOW_CONFIDENCE_MATCH;UNRESOLVED_TRANSACTION
TXN-A-001834-L3682,MEDIUM,UNRESOLVED,POSSIBLE_SUBSTITUTE,70.00,391.30,LOW_CONFIDENCE_MATCH;UNRESOLVED_TRANSACTION
TXN-A-002205-L4229,MEDIUM,MISSING_IN_SOURCE_B,UNMATCHED,0.00,390.52,MISSING_COUNTERPART
TXN-A-002233-L4285,MEDIUM,UNRESOLVED,POSSIBLE_SUBSTITUTE,70.00,385.62,LOW_CONFIDENCE_MATCH;UNRESOLVED_TRANSACTION
TXN-A-002077-L4047,MEDIUM,UNRESOLVED,POSSIBLE_SUBSTITUTE,70.00,384.13,LOW_CONFIDENCE_MATCH;UNRESOLVED_TRANSACTION
TXN-A-001906-L3826,MEDIUM,UNRESOLVED,POSSIBLE_SUBSTITUTE,70.00,356.83,LOW_CONFIDENCE_MATCH;UNRESOLVED_TRANSACTION
TXN-A-002191-L4211,MEDIUM,MISSING_IN_SOURCE_B,UNMATCHED,0.00,352.67,MISSING_COUNTERPART
TXN-A-002047-L4017,MEDIUM,MISSING_IN_SOURCE_B,UNMATCHED,0.00,349.12,MISSING_COUNTERPART
TXN-A-002237-L4293,MEDIUM,MISSING_IN_SOURCE_B,UNMATCHED,0.00,342.00,MISSING_COUNTERPART
TXN-A-002257-L4333,MEDIUM,UNRESOLVED,GENERIC_STRENGTH_EQUIVALENT,85.00,340.43,UNRESOLVED_TRANSACTION
TXN-A-002147-L4138,MEDIUM,UNRESOLVED,POSSIBLE_SUBSTITUTE,70.00,339.54,LOW_CONFIDENCE_MATCH;UNRESOLVED_TRANSACTION
TXN-A-002203-L4225,MEDIUM,MISSING_IN_SOURCE_B,UNMATCHED,0.00,336.42,MISSING_COUNTERPART
TXN-A-002180-L4200,MEDIUM,MISSING_IN_SOURCE_B,UNMATCHED,0.00,335.99,MISSING_COUNTERPART
TXN-A-002050-L4020,MEDIUM,MISSING_IN_SOURCE_B,UNMATCHED,0.00,331.68,MISSING_COUNTERPART
TXN-A-002283-L4385,MEDIUM,MISSING_IN_SOURCE_B,UNMATCHED,0.00,327.91,MISSING_COUNTERPART
TXN-A-002063-L4033,MEDIUM,MISSING_IN_SOURCE_B,UNMATCHED,0.00,327.41,MISSING_COUNTERPART
TXN-A-002061-L4031,MEDIUM,MISSING_IN_SOURCE_B,UNMATCHED,0.00,325.85,MISSING_COUNTERPART
TXN-A-001605-L3180,MEDIUM,UNRESOLVED,POSSIBLE_SUBSTITUTE,70.00,323.80,LOW_CONFIDENCE_MATCH;UNRESOLVED_TRANSACTION
TXN-A-001664-L3335,MEDIUM,UNRESOLVED,POSSIBLE_SUBSTITUTE,70.00,323.12,LOW_CONFIDENCE_MATCH;UNRESOLVED_TRANSACTION
TXN-A-002160-L4164,MEDIUM,UNRESOLVED,GENERIC_STRENGTH_EQUIVALENT,85.00,316.34,UNRESOLVED_TRANSACTION
TXN-A-002216-L4251,MEDIUM,MISSING_IN_SOURCE_B,UNMATCHED,0.00,310.86,MISSING_COUNTERPART
TXN-A-001752-L3518,MEDIUM,UNRESOLVED,POSSIBLE_SUBSTITUTE,70.00,302.20,LOW_CONFIDENCE_MATCH;UNRESOLVED_TRANSACTION
TXN-A-002072-L4042,MEDIUM,MISSING_IN_SOURCE_B,UNMATCHED,0.00,301.71,MISSING_COUNTERPART
TXN-A-002100-L4070,MEDIUM,MISSING_IN_SOURCE_B,UNMATCHED,0.00,301.06,MISSING_COUNTERPART
TXN-A-002279-L4377,MEDIUM,MISSING_IN_SOURCE_B,UNMATCHED,0.00,299.07,MISSING_COUNTERPART
TXN-A-002164-L4172,MEDIUM,MISSING_IN_SOURCE_B,UNMATCHED,0.00,295.10,MISSING_COUNTERPART
TXN-A-002049-L4019,MEDIUM,MISSING_IN_SOURCE_B,UNMATCHED,0.00,294.21,MISSING_COUNTERPART
TXN-A-002281-L4381,MEDIUM,UNRESOLVED,POSSIBLE_SUBSTITUTE,70.00,293.59,LOW_CONFIDENCE_MATCH;UNRESOLVED_TRANSACTION
TXN-A-002276-L4371,MEDIUM,MISSING_IN_SOURCE_B,UNMATCHED,0.00,289.61,MISSING_COUNTERPART
TXN-A-002208-L4235,MEDIUM,UNRESOLVED,POSSIBLE_SUBSTITUTE,70.00,279.92,LOW_CONFIDENCE_MATCH;UNRESOLVED_TRANSACTION
TXN-A-002234-L4287,MEDIUM,UNRESOLVED,POSSIBLE_SUBSTITUTE,70.00,274.39,LOW_CONFIDENCE_MATCH;UNRESOLVED_TRANSACTION
TXN-A-001782-L3578,MEDIUM,UNRESOLVED,POSSIBLE_SUBSTITUTE,70.00,263.99,LOW_CONFIDENCE_MATCH;UNRESOLVED_TRANSACTION
TXN-A-002194-L4214,MEDIUM,MISSING_IN_SOURCE_B,UNMATCHED,0.00,260.91,MISSING_COUNTERPART
TXN-A-002188-L4208,MEDIUM,MISSING_IN_SOURCE_B,UNMATCHED,0.00,247.82,MISSING_COUNTERPART
TXN-A-002193-L4213,MEDIUM,MISSING_IN_SOURCE_B,UNMATCHED,0.00,246.57,MISSING_COUNTERPART
TXN-A-002034-L01,MEDIUM,UNRESOLVED,POSSIBLE_SUBSTITUTE,70.00,246.21,LOW_CONFIDENCE_MATCH;UNRESOLVED_TRANSACTION
TXN-A-002090-L4060,MEDIUM,UNRESOLVED,POSSIBLE_SUBSTITUTE,70.00,244.69,LOW_CONFIDENCE_MATCH;UNRESOLVED_TRANSACTION
TXN-A-002054-L4024,MEDIUM,MISSING_IN_SOURCE_B,UNMATCHED,0.00,241.03,MISSING_COUNTERPART
TXN-A-001641-L3266,MEDIUM,UNRESOLVED,GENERIC_STRENGTH_EQUIVALENT,85.00,236.28,UNRESOLVED_TRANSACTION
TXN-A-002211-L4241,MEDIUM,MISSING_IN_SOURCE_B,UNMATCHED,0.00,233.44,MISSING_COUNTERPART
TXN-A-002068-L4038,MEDIUM,MISSING_IN_SOURCE_B,UNMATCHED,0.00,232.12,MISSING_COUNTERPART
TXN-A-001789-L3592,MEDIUM,UNRESOLVED,GENERIC_STRENGTH_EQUIVALENT,85.00,231.28,UNRESOLVED_TRANSACTION
TXN-A-002038-L01,MEDIUM,UNRESOLVED,POSSIBLE_SUBSTITUTE,70.00,230.57,LOW_CONFIDENCE_MATCH;UNRESOLVED_TRANSACTION;LOW_CONFIDENCE_MATCH;UNRESOLVED_TRANSACTION
TXN-A-002038-L01,MEDIUM,UNRESOLVED,POSSIBLE_SUBSTITUTE,70.00,230.57,LOW_CONFIDENCE_MATCH;UNRESOLVED_TRANSACTION;LOW_CONFIDENCE_MATCH;UNRESOLVED_TRANSACTION
TXN-A-002060-L4030,MEDIUM,MISSING_IN_SOURCE_B,UNMATCHED,0.00,223.48,MISSING_COUNTERPART
TXN-A-001862-L3738,MEDIUM,UNRESOLVED,GENERIC_STRENGTH_EQUIVALENT,85.00,223.08,UNRESOLVED_TRANSACTION
TXN-A-002088-L4058,MEDIUM,UNRESOLVED,POSSIBLE_SUBSTITUTE,70.00,222.46,LOW_CONFIDENCE_MATCH;UNRESOLVED_TRANSACTION
TXN-A-001494-L2987,MEDIUM,UNRESOLVED,GENERIC_STRENGTH_EQUIVALENT,85.00,221.56,UNRESOLVED_TRANSACTION
TXN-A-002015-L02,MEDIUM,MISSING_IN_SOURCE_B,UNMATCHED,0.00,221.53,MISSING_COUNTERPART
TXN-A-002071-L4041,MEDIUM,MISSING_IN_SOURCE_B,UNMATCHED,0.00,213.54,MISSING_COUNTERPART
TXN-A-002210-L4239,MEDIUM,MISSING_IN_SOURCE_B,UNMATCHED,0.00,213.44,MISSING_COUNTERPART
TXN-A-002209-L4237,MEDIUM,MISSING_IN_SOURCE_B,UNMATCHED,0.00,206.90,MISSING_COUNTERPART
TXN-A-002230-L4279,MEDIUM,MISSING_IN_SOURCE_B,UNMATCHED,0.00,205.86,MISSING_COUNTERPART
TXN-A-002028-L01,MEDIUM,UNRESOLVED,POSSIBLE_SUBSTITUTE,70.00,205.30,LOW_CONFIDENCE_MATCH;UNRESOLVED_TRANSACTION;LOW_CONFIDENCE_MATCH;UNRESOLVED_TRANSACTION
TXN-A-002028-L01,MEDIUM,UNRESOLVED,POSSIBLE_SUBSTITUTE,70.00,205.30,LOW_CONFIDENCE_MATCH;UNRESOLVED_TRANSACTION;LOW_CONFIDENCE_MATCH;UNRESOLVED_TRANSACTION
TXN-A-002094-L4064,MEDIUM,MISSING_IN_SOURCE_B,UNMATCHED,0.00,201.85,MISSING_COUNTERPART
TXN-A-002156-L4156,MEDIUM,UNRESOLVED,POSSIBLE_SUBSTITUTE,70.00,201.16,LOW_CONFIDENCE_MATCH;UNRESOLVED_TRANSACTION
TXN-A-002076-L4046,MEDIUM,UNRESOLVED,GENERIC_STRENGTH_EQUIVALENT,85.00,200.37,UNRESOLVED_TRANSACTION
TXN-A-001860-L3734,MEDIUM,UNRESOLVED,POSSIBLE_SUBSTITUTE,70.00,198.05,LOW_CONFIDENCE_MATCH;UNRESOLVED_TRANSACTION
TXN-A-002006-L01,MEDIUM,MISSING_IN_SOURCE_B,UNMATCHED,0.00,197.22,MISSING_COUNTERPART
TXN-A-002006-L02,MEDIUM,MISSING_IN_SOURCE_B,UNMATCHED,0.00,197.22,MISSING_COUNTERPART
TXN-A-002031-L01,MEDIUM,UNRESOLVED,POSSIBLE_SUBSTITUTE,70.00,196.95,LOW_CONFIDENCE_MATCH;UNRESOLVED_TRANSACTION;LOW_CONFIDENCE_MATCH;UNRESOLVED_TRANSACTION
TXN-A-002031-L01,MEDIUM,UNRESOLVED,POSSIBLE_SUBSTITUTE,70.00,196.95,LOW_CONFIDENCE_MATCH;UNRESOLVED_TRANSACTION;LOW_CONFIDENCE_MATCH;UNRESOLVED_TRANSACTION
TXN-A-002256-L4331,MEDIUM,MISSING_IN_SOURCE_B,UNMATCHED,0.00,196.69,MISSING_COUNTERPART
TXN-A-002207-L4233,MEDIUM,MISSING_IN_SOURCE_B,UNMATCHED,0.00,192.76,MISSING_COUNTERPART
TXN-A-002165-L4174,MEDIUM,UNRESOLVED,POSSIBLE_SUBSTITUTE,70.00,188.86,LOW_CONFIDENCE_MATCH;UNRESOLVED_TRANSACTION
TXN-A-002254-L4327,MEDIUM,MISSING_IN_SOURCE_B,UNMATCHED,0.00,181.48,MISSING_COUNTERPART
TXN-A-002056-L4026,MEDIUM,MISSING_IN_SOURCE_B,UNMATCHED,0.00,181.07,MISSING_COUNTERPART
TXN-A-002179-L4199,MEDIUM,MISSING_IN_SOURCE_B,UNMATCHED,0.00,177.20,MISSING_COUNTERPART
TXN-A-002277-L4373,MEDIUM,MISSING_IN_SOURCE_B,UNMATCHED,0.00,177.05,MISSING_COUNTERPART
TXN-A-001830-L3674,MEDIUM,UNRESOLVED,GENERIC_STRENGTH_EQUIVALENT,85.00,176.13,UNRESOLVED_TRANSACTION
TXN-A-002173-L4190,MEDIUM,UNRESOLVED,GENERIC_STRENGTH_EQUIVALENT,85.00,174.58,UNRESOLVED_TRANSACTION
TXN-A-002033-L01,MEDIUM,MISSING_IN_SOURCE_B,UNMATCHED,0.00,171.76,MISSING_COUNTERPART;MISSING_COUNTERPART
TXN-A-002033-L01,MEDIUM,MISSING_IN_SOURCE_B,UNMATCHED,0.00,171.76,MISSING_COUNTERPART;MISSING_COUNTERPART
TXN-A-002005-L01,MEDIUM,UNRESOLVED,GENERIC_STRENGTH_EQUIVALENT,85.00,171.15,UNRESOLVED_TRANSACTION
TXN-A-002005-L02,MEDIUM,UNRESOLVED,GENERIC_STRENGTH_EQUIVALENT,85.00,171.15,UNRESOLVED_TRANSACTION
TXN-A-002201-L4221,MEDIUM,UNRESOLVED,GENERIC_STRENGTH_EQUIVALENT,85.00,162.64,UNRESOLVED_TRANSACTION
TXN-A-002163-L4170,MEDIUM,UNRESOLVED,POSSIBLE_SUBSTITUTE,70.00,162.03,LOW_CONFIDENCE_MATCH;UNRESOLVED_TRANSACTION
TXN-A-002027-L01,MEDIUM,UNRESOLVED,POSSIBLE_SUBSTITUTE,70.00,160.15,LOW_CONFIDENCE_MATCH;UNRESOLVED_TRANSACTION
TXN-A-002221-L4261,MEDIUM,UNRESOLVED,GENERIC_STRENGTH_EQUIVALENT,85.00,155.27,UNRESOLVED_TRANSACTION
TXN-A-002271-L4361,MEDIUM,UNRESOLVED,GENERIC_STRENGTH_EQUIVALENT,85.00,154.37,UNRESOLVED_TRANSACTION
TXN-A-002242-L4303,MEDIUM,MISSING_IN_SOURCE_B,UNMATCHED,0.00,153.37,MISSING_COUNTERPART
TXN-A-001735-L3484,MEDIUM,UNRESOLVED,GENERIC_STRENGTH_EQUIVALENT,85.00,152.68,UNRESOLVED_TRANSACTION
TXN-A-001920-L3854,MEDIUM,UNRESOLVED,GENERIC_STRENGTH_EQUIVALENT,85.00,150.21,UNRESOLVED_TRANSACTION
TXN-A-002021-L01,MEDIUM,UNRESOLVED,POSSIBLE_SUBSTITUTE,70.00,147.28,LOW_CONFIDENCE_MATCH;UNRESOLVED_TRANSACTION
TXN-A-002064-L4034,MEDIUM,MISSING_IN_SOURCE_B,UNMATCHED,0.00,146.28,MISSING_COUNTERPART
TXN-A-002236-L4291,MEDIUM,UNRESOLVED,GENERIC_STRENGTH_EQUIVALENT,85.00,145.95,UNRESOLVED_TRANSACTION
TXN-A-002148-L4140,MEDIUM,MISSING_IN_SOURCE_B,UNMATCHED,0.00,144.13,MISSING_COUNTERPART
TXN-A-002244-L4307,MEDIUM,MISSING_IN_SOURCE_B,UNMATCHED,0.00,143.34,MISSING_COUNTERPART
TXN-A-002057-L4027,MEDIUM,MISSING_IN_SOURCE_B,UNMATCHED,0.00,142.33,MISSING_COUNTERPART
TXN-A-002001-L01,MEDIUM,MISSING_IN_SOURCE_B,UNMATCHED,0.00,141.25,MISSING_COUNTERPART
TXN-A-002001-L02,MEDIUM,MISSING_IN_SOURCE_B,UNMATCHED,0.00,141.25,MISSING_COUNTERPART
TXN-A-002273-L4365,MEDIUM,UNRESOLVED,POSSIBLE_SUBSTITUTE,70.00,139.11,LOW_CONFIDENCE_MATCH;UNRESOLVED_TRANSACTION
TXN-A-002016-L01,MEDIUM,UNRESOLVED,POSSIBLE_SUBSTITUTE,70.00,139.08,LOW_CONFIDENCE_MATCH;UNRESOLVED_TRANSACTION
TXN-A-002016-L02,MEDIUM,UNRESOLVED,POSSIBLE_SUBSTITUTE,70.00,139.08,LOW_CONFIDENCE_MATCH;UNRESOLVED_TRANSACTION
TXN-A-002035-L01,MEDIUM,UNRESOLVED,POSSIBLE_SUBSTITUTE,70.00,136.68,LOW_CONFIDENCE_MATCH;UNRESOLVED_TRANSACTION
TXN-A-002153-L4150,MEDIUM,UNRESOLVED,GENERIC_STRENGTH_EQUIVALENT,85.00,135.10,UNRESOLVED_TRANSACTION
TXN-A-002167-L4178,MEDIUM,UNRESOLVED,GENERIC_STRENGTH_EQUIVALENT,85.00,131.20,UNRESOLVED_TRANSACTION
TXN-A-002075-L4045,MEDIUM,MISSING_IN_SOURCE_B,UNMATCHED,0.00,130.52,MISSING_COUNTERPART
TXN-A-002249-L4317,MEDIUM,MISSING_IN_SOURCE_B,UNMATCHED,0.00,130.09,MISSING_COUNTERPART
TXN-A-002030-L01,MEDIUM,UNRESOLVED,POSSIBLE_SUBSTITUTE,70.00,128.56,LOW_CONFIDENCE_MATCH;UNRESOLVED_TRANSACTION;LOW_CONFIDENCE_MATCH;UNRESOLVED_TRANSACTION
TXN-A-002030-L01,MEDIUM,UNRESOLVED,POSSIBLE_SUBSTITUTE,70.00,128.56,LOW_CONFIDENCE_MATCH;UNRESOLVED_TRANSACTION;LOW_CONFIDENCE_MATCH;UNRESOLVED_TRANSACTION
TXN-A-002037-L01,MEDIUM,UNRESOLVED,GENERIC_STRENGTH_EQUIVALENT,85.00,128.19,UNRESOLVED_TRANSACTION;UNRESOLVED_TRANSACTION
TXN-A-002037-L01,MEDIUM,UNRESOLVED,GENERIC_STRENGTH_EQUIVALENT,85.00,128.19,UNRESOLVED_TRANSACTION;UNRESOLVED_TRANSACTION
TXN-A-001910-L3834,MEDIUM,UNRESOLVED,POSSIBLE_SUBSTITUTE,70.00,126.51,LOW_CONFIDENCE_MATCH;UNRESOLVED_TRANSACTION
TXN-A-002081-L4051,MEDIUM,UNRESOLVED,GENERIC_STRENGTH_EQUIVALENT,85.00,126.48,UNRESOLVED_TRANSACTION
TXN-A-002266-L4351,MEDIUM,MISSING_IN_SOURCE_B,UNMATCHED,0.00,125.14,MISSING_COUNTERPART
TXN-A-002099-L4069,MEDIUM,MISSING_IN_SOURCE_B,UNMATCHED,0.00,124.98,MISSING_COUNTERPART
TXN-A-001616-L3192,MEDIUM,UNRESOLVED,POSSIBLE_SUBSTITUTE,70.00,124.50,LOW_CONFIDENCE_MATCH;UNRESOLVED_TRANSACTION
TXN-A-002036-L01,MEDIUM,UNRESOLVED,POSSIBLE_SUBSTITUTE,70.00,124.06,LOW_CONFIDENCE_MATCH;UNRESOLVED_TRANSACTION
TXN-A-002272-L4363,MEDIUM,UNRESOLVED,POSSIBLE_SUBSTITUTE,70.00,123.07,LOW_CONFIDENCE_MATCH;UNRESOLVED_TRANSACTION
TXN-A-002045-L01,MEDIUM,UNRESOLVED,POSSIBLE_SUBSTITUTE,70.00,123.02,LOW_CONFIDENCE_MATCH;UNRESOLVED_TRANSACTION;LOW_CONFIDENCE_MATCH;UNRESOLVED_TRANSACTION
TXN-A-002045-L01,MEDIUM,UNRESOLVED,POSSIBLE_SUBSTITUTE,70.00,123.02,LOW_CONFIDENCE_MATCH;UNRESOLVED_TRANSACTION;LOW_CONFIDENCE_MATCH;UNRESOLVED_TRANSACTION
TXN-A-002184-L4204,MEDIUM,MISSING_IN_SOURCE_B,UNMATCHED,0.00,122.12,MISSING_COUNTERPART
TXN-A-002024-L01,MEDIUM,UNRESOLVED,POSSIBLE_SUBSTITUTE,70.00,114.17,LOW_CONFIDENCE_MATCH;UNRESOLVED_TRANSACTION;LOW_CONFIDENCE_MATCH;UNRESOLVED_TRANSACTION
TXN-A-002024-L01,MEDIUM,UNRESOLVED,POSSIBLE_SUBSTITUTE,70.00,114.17,LOW_CONFIDENCE_MATCH;UNRESOLVED_TRANSACTION;LOW_CONFIDENCE_MATCH;UNRESOLVED_TRANSACTION
TXN-A-001645-L3279,MEDIUM,UNRESOLVED,POSSIBLE_SUBSTITUTE,70.00,113.72,LOW_CONFIDENCE_MATCH;UNRESOLVED_TRANSACTION
TXN-A-002146-L4136,MEDIUM,UNRESOLVED,GENERIC_STRENGTH_EQUIVALENT,85.00,113.36,UNRESOLVED_TRANSACTION
TXN-A-002022-L01,MEDIUM,UNRESOLVED,POSSIBLE_SUBSTITUTE,70.00,107.73,LOW_CONFIDENCE_MATCH;UNRESOLVED_TRANSACTION;LOW_CONFIDENCE_MATCH;UNRESOLVED_TRANSACTION
TXN-A-002022-L01,MEDIUM,UNRESOLVED,POSSIBLE_SUBSTITUTE,70.00,107.73,LOW_CONFIDENCE_MATCH;UNRESOLVED_TRANSACTION;LOW_CONFIDENCE_MATCH;UNRESOLVED_TRANSACTION
TXN-A-002004-L02,MEDIUM,UNRESOLVED,POSSIBLE_SUBSTITUTE,70.00,105.79,LOW_CONFIDENCE_MATCH;UNRESOLVED_TRANSACTION
TXN-A-001625-L3218,MEDIUM,UNRESOLVED,POSSIBLE_SUBSTITUTE,70.00,104.09,LOW_CONFIDENCE_MATCH;UNRESOLVED_TRANSACTION
TXN-A-002098-L4068,MEDIUM,MISSING_IN_SOURCE_B,UNMATCHED,0.00,101.13,MISSING_COUNTERPART
TXN-A-002154-L4152,MEDIUM,UNRESOLVED,GENERIC_STRENGTH_EQUIVALENT,85.00,100.13,UNRESOLVED_TRANSACTION
TXN-A-001817-L3648,MEDIUM,UNRESOLVED,GENERIC_STRENGTH_EQUIVALENT,85.00,97.22,UNRESOLVED_TRANSACTION
TXN-A-002052-L4022,MEDIUM,MISSING_IN_SOURCE_B,UNMATCHED,0.00,97.20,MISSING_COUNTERPART
TXN-A-002259-L4337,MEDIUM,UNRESOLVED,POSSIBLE_SUBSTITUTE,70.00,95.17,LOW_CONFIDENCE_MATCH;UNRESOLVED_TRANSACTION
TXN-A-002078-L4048,MEDIUM,UNRESOLVED,POSSIBLE_SUBSTITUTE,70.00,93.83,LOW_CONFIDENCE_MATCH;UNRESOLVED_TRANSACTION
TXN-A-002238-L4295,MEDIUM,UNRESOLVED,GENERIC_STRENGTH_EQUIVALENT,85.00,92.36,UNRESOLVED_TRANSACTION
TXN-A-002007-L01,MEDIUM,UNRESOLVED,POSSIBLE_SUBSTITUTE,70.00,90.78,LOW_CONFIDENCE_MATCH;UNRESOLVED_TRANSACTION
TXN-A-002007-L02,MEDIUM,UNRESOLVED,POSSIBLE_SUBSTITUTE,70.00,90.78,LOW_CONFIDENCE_MATCH;UNRESOLVED_TRANSACTION
TXN-A-002223-L4265,MEDIUM,MISSING_IN_SOURCE_B,UNMATCHED,0.00,89.05,MISSING_COUNTERPART
TXN-A-001760-L3534,MEDIUM,UNRESOLVED,GENERIC_STRENGTH_EQUIVALENT,85.00,88.31,UNRESOLVED_TRANSACTION
TXN-A-002093-L4063,MEDIUM,UNRESOLVED,GENERIC_STRENGTH_EQUIVALENT,85.00,80.75,UNRESOLVED_TRANSACTION
TXN-A-002017-L02,MEDIUM,UNRESOLVED,POSSIBLE_SUBSTITUTE,70.00,78.00,LOW_CONFIDENCE_MATCH;UNRESOLVED_TRANSACTION
TXN-A-001915-L3844,MEDIUM,UNRESOLVED,GENERIC_STRENGTH_EQUIVALENT,85.00,72.91,UNRESOLVED_TRANSACTION
TXN-A-001845-L3704,MEDIUM,UNRESOLVED,POSSIBLE_SUBSTITUTE,70.00,71.30,LOW_CONFIDENCE_MATCH;UNRESOLVED_TRANSACTION
TXN-A-002269-L4357,MEDIUM,MISSING_IN_SOURCE_B,UNMATCHED,0.00,71.09,MISSING_COUNTERPART
TXN-A-002187-L4207,MEDIUM,MISSING_IN_SOURCE_B,UNMATCHED,0.00,69.12,MISSING_COUNTERPART
TXN-A-002066-L4036,MEDIUM,MISSING_IN_SOURCE_B,UNMATCHED,0.00,65.64,MISSING_COUNTERPART
TXN-A-002074-L4044,MEDIUM,MISSING_IN_SOURCE_B,UNMATCHED,0.00,64.89,MISSING_COUNTERPART
TXN-A-002157-L4158,MEDIUM,UNRESOLVED,GENERIC_STRENGTH_EQUIVALENT,85.00,63.23,UNRESOLVED_TRANSACTION
TXN-A-002265-L4349,MEDIUM,UNRESOLVED,POSSIBLE_SUBSTITUTE,70.00,62.95,LOW_CONFIDENCE_MATCH;UNRESOLVED_TRANSACTION
TXN-A-001846-L3706,MEDIUM,UNRESOLVED,POSSIBLE_SUBSTITUTE,70.00,58.12,LOW_CONFIDENCE_MATCH;UNRESOLVED_TRANSACTION
TXN-A-002224-L4267,MEDIUM,MISSING_IN_SOURCE_B,UNMATCHED,0.00,58.11,MISSING_COUNTERPART
TXN-A-002023-L01,MEDIUM,UNRESOLVED,GENERIC_STRENGTH_EQUIVALENT,85.00,54.63,UNRESOLVED_TRANSACTION
TXN-A-002174-L4192,MEDIUM,UNRESOLVED,GENERIC_STRENGTH_EQUIVALENT,85.00,53.20,UNRESOLVED_TRANSACTION
TXN-A-002253-L4325,MEDIUM,UNRESOLVED,GENERIC_STRENGTH_EQUIVALENT,85.00,49.02,UNRESOLVED_TRANSACTION
TXN-A-001646-L3282,MEDIUM,UNRESOLVED,POSSIBLE_SUBSTITUTE,70.00,47.16,LOW_CONFIDENCE_MATCH;UNRESOLVED_TRANSACTION
TXN-A-002240-L4299,MEDIUM,MISSING_IN_SOURCE_B,UNMATCHED,0.00,46.56,MISSING_COUNTERPART
TXN-A-002044-L01,MEDIUM,UNRESOLVED,GENERIC_STRENGTH_EQUIVALENT,85.00,42.74,UNRESOLVED_TRANSACTION;UNRESOLVED_TRANSACTION
TXN-A-002044-L01,MEDIUM,UNRESOLVED,GENERIC_STRENGTH_EQUIVALENT,85.00,42.74,UNRESOLVED_TRANSACTION;UNRESOLVED_TRANSACTION
TXN-A-001661-L3327,MEDIUM,UNRESOLVED,POSSIBLE_SUBSTITUTE,70.00,42.37,LOW_CONFIDENCE_MATCH;UNRESOLVED_TRANSACTION
TXN-A-002169-L4182,MEDIUM,UNRESOLVED,GENERIC_STRENGTH_EQUIVALENT,85.00,40.93,UNRESOLVED_TRANSACTION
TXN-A-002195-L4215,MEDIUM,MISSING_IN_SOURCE_B,UNMATCHED,0.00,36.56,MISSING_COUNTERPART
TXN-A-002220-L4259,MEDIUM,MISSING_IN_SOURCE_B,UNMATCHED,0.00,36.35,MISSING_COUNTERPART
TXN-A-002070-L4040,MEDIUM,MISSING_IN_SOURCE_B,UNMATCHED,0.00,33.90,MISSING_COUNTERPART
TXN-A-001516-L3091,MEDIUM,UNRESOLVED,POSSIBLE_SUBSTITUTE,70.00,29.75,LOW_CONFIDENCE_MATCH;UNRESOLVED_TRANSACTION
TXN-A-001838-L3690,MEDIUM,UNRESOLVED,GENERIC_STRENGTH_EQUIVALENT,85.00,29.39,UNRESOLVED_TRANSACTION
TXN-A-002013-L02,MEDIUM,UNRESOLVED,POSSIBLE_SUBSTITUTE,70.00,27.47,LOW_CONFIDENCE_MATCH;UNRESOLVED_TRANSACTION
TXN-A-002251-L4321,MEDIUM,UNRESOLVED,POSSIBLE_SUBSTITUTE,70.00,26.60,LOW_CONFIDENCE_MATCH;UNRESOLVED_TRANSACTION
TXN-A-002162-L4168,MEDIUM,UNRESOLVED,GENERIC_STRENGTH_EQUIVALENT,85.00,25.03,UNRESOLVED_TRANSACTION
TXN-A-002172-L4188,MEDIUM,UNRESOLVED,GENERIC_STRENGTH_EQUIVALENT,85.00,21.82,UNRESOLVED_TRANSACTION
TXN-A-002264-L4347,MEDIUM,UNRESOLVED,GENERIC_STRENGTH_EQUIVALENT,85.00,20.07,UNRESOLVED_TRANSACTION
TXN-A-002222-L4263,MEDIUM,MISSING_IN_SOURCE_B,UNMATCHED,0.00,19.72,MISSING_COUNTERPART
TXN-A-002268-L4355,MEDIUM,MISSING_IN_SOURCE_B,UNMATCHED,0.00,19.51,MISSING_COUNTERPART
TXN-A-002012-L01,MEDIUM,UNRESOLVED,POSSIBLE_SUBSTITUTE,70.00,19.26,LOW_CONFIDENCE_MATCH;UNRESOLVED_TRANSACTION
TXN-A-002012-L02,MEDIUM,UNRESOLVED,POSSIBLE_SUBSTITUTE,70.00,19.26,LOW_CONFIDENCE_MATCH;UNRESOLVED_TRANSACTION
TXN-A-002218-L4255,MEDIUM,UNRESOLVED,GENERIC_STRENGTH_EQUIVALENT,85.00,18.85,UNRESOLVED_TRANSACTION
TXN-A-002032-L01,MEDIUM,UNRESOLVED,POSSIBLE_SUBSTITUTE,70.00,16.51,LOW_CONFIDENCE_MATCH;UNRESOLVED_TRANSACTION;LOW_CONFIDENCE_MATCH;UNRESOLVED_TRANSACTION
TXN-A-002032-L01,MEDIUM,UNRESOLVED,POSSIBLE_SUBSTITUTE,70.00,16.51,LOW_CONFIDENCE_MATCH;UNRESOLVED_TRANSACTION;LOW_CONFIDENCE_MATCH;UNRESOLVED_TRANSACTION
TXN-A-002263-L4345,MEDIUM,MISSING_IN_SOURCE_B,UNMATCHED,0.00,16.30,MISSING_COUNTERPART
TXN-A-002067-L4037,MEDIUM,MISSING_IN_SOURCE_B,UNMATCHED,0.00,15.83,MISSING_COUNTERPART
TXN-A-002091-L4061,MEDIUM,MISSING_IN_SOURCE_B,UNMATCHED,0.00,15.49,MISSING_COUNTERPART
TXN-A-002170-L4184,MEDIUM,UNRESOLVED,GENERIC_STRENGTH_EQUIVALENT,85.00,14.45,UNRESOLVED_TRANSACTION
TXN-A-002082-L4052,MEDIUM,UNRESOLVED,POSSIBLE_SUBSTITUTE,70.00,8.63,LOW_CONFIDENCE_MATCH;UNRESOLVED_TRANSACTION
TXN-A-002085-L4055,MEDIUM,UNRESOLVED,POSSIBLE_SUBSTITUTE,70.00,7.20,LOW_CONFIDENCE_MATCH;UNRESOLVED_TRANSACTION
TXN-A-002101-L4071,MEDIUM,UNRESOLVED,GENERIC_STRENGTH_EQUIVALENT,85.00,0.00,UNRESOLVED_TRANSACTION
TXN-A-002102-L4072,MEDIUM,UNRESOLVED,GENERIC_STRENGTH_EQUIVALENT,85.00,0.00,UNRESOLVED_TRANSACTION
TXN-A-002104-L4074,MEDIUM,UNRESOLVED,POSSIBLE_SUBSTITUTE,70.00,0.00,LOW_CONFIDENCE_MATCH;UNRESOLVED_TRANSACTION
TXN-A-002105-L4075,MEDIUM,UNRESOLVED,POSSIBLE_SUBSTITUTE,70.00,0.00,LOW_CONFIDENCE_MATCH;UNRESOLVED_TRANSACTION
TXN-A-002106-L4076,MEDIUM,UNRESOLVED,POSSIBLE_SUBSTITUTE,70.00,0.00,LOW_CONFIDENCE_MATCH;UNRESOLVED_TRANSACTION
TXN-A-002107-L4077,MEDIUM,UNRESOLVED,GENERIC_STRENGTH_EQUIVALENT,85.00,0.00,UNRESOLVED_TRANSACTION
TXN-A-002108-L4078,MEDIUM,UNRESOLVED,POSSIBLE_SUBSTITUTE,70.00,0.00,LOW_CONFIDENCE_MATCH;UNRESOLVED_TRANSACTION
TXN-A-002109-L4079,MEDIUM,MISSING_IN_SOURCE_B,UNMATCHED,0.00,0.00,MISSING_COUNTERPART
TXN-A-002110-L4080,MEDIUM,MISSING_IN_SOURCE_B,UNMATCHED,0.00,0.00,MISSING_COUNTERPART
TXN-A-002112-L4082,MEDIUM,UNRESOLVED,GENERIC_STRENGTH_EQUIVALENT,85.00,0.00,UNRESOLVED_TRANSACTION
TXN-A-002113-L4083,MEDIUM,UNRESOLVED,POSSIBLE_SUBSTITUTE,70.00,0.00,LOW_CONFIDENCE_MATCH;UNRESOLVED_TRANSACTION
TXN-A-002114-L4084,MEDIUM,UNRESOLVED,POSSIBLE_SUBSTITUTE,70.00,0.00,LOW_CONFIDENCE_MATCH;UNRESOLVED_TRANSACTION
TXN-A-002116-L4086,MEDIUM,UNRESOLVED,POSSIBLE_SUBSTITUTE,70.00,0.00,LOW_CONFIDENCE_MATCH;UNRESOLVED_TRANSACTION
TXN-A-002117-L4087,MEDIUM,UNRESOLVED,POSSIBLE_SUBSTITUTE,70.00,0.00,LOW_CONFIDENCE_MATCH;UNRESOLVED_TRANSACTION
TXN-A-002118-L4088,MEDIUM,MISSING_IN_SOURCE_B,UNMATCHED,0.00,0.00,MISSING_COUNTERPART
TXN-A-002119-L4089,MEDIUM,UNRESOLVED,GENERIC_STRENGTH_EQUIVALENT,85.00,0.00,UNRESOLVED_TRANSACTION
TXN-A-002120-L4090,MEDIUM,UNRESOLVED,POSSIBLE_SUBSTITUTE,70.00,0.00,LOW_CONFIDENCE_MATCH;UNRESOLVED_TRANSACTION
TXN-A-002121-L4091,MEDIUM,UNRESOLVED,GENERIC_STRENGTH_EQUIVALENT,85.00,0.00,UNRESOLVED_TRANSACTION
TXN-A-002122-L4092,MEDIUM,UNRESOLVED,POSSIBLE_SUBSTITUTE,70.00,0.00,LOW_CONFIDENCE_MATCH;UNRESOLVED_TRANSACTION
TXN-A-002124-L4094,MEDIUM,UNRESOLVED,POSSIBLE_SUBSTITUTE,70.00,0.00,LOW_CONFIDENCE_MATCH;UNRESOLVED_TRANSACTION
TXN-A-002125-L4095,MEDIUM,UNRESOLVED,POSSIBLE_SUBSTITUTE,70.00,0.00,LOW_CONFIDENCE_MATCH;UNRESOLVED_TRANSACTION
TXN-B-001182-L2364,MEDIUM,MISSING_IN_SOURCE_A,UNMATCHED,0.00,0.00,MISSING_COUNTERPART
TXN-B-001253-L2506,MEDIUM,MISSING_IN_SOURCE_A,UNMATCHED,0.00,0.00,MISSING_COUNTERPART
TXN-B-001255-L2510,MEDIUM,MISSING_IN_SOURCE_A,UNMATCHED,0.00,0.00,MISSING_COUNTERPART
TXN-B-001293-L2586,MEDIUM,MISSING_IN_SOURCE_A,UNMATCHED,0.00,0.00,MISSING_COUNTERPART
TXN-B-001329-L2658,MEDIUM,MISSING_IN_SOURCE_A,UNMATCHED,0.00,0.00,MISSING_COUNTERPART
TXN-B-001424-L2848,MEDIUM,MISSING_IN_SOURCE_A,UNMATCHED,0.00,0.00,MISSING_COUNTERPART
TXN-B-001473-L2946,MEDIUM,MISSING_IN_SOURCE_A,UNMATCHED,0.00,0.00,MISSING_COUNTERPART
TXN-B-001474-L2948,MEDIUM,MISSING_IN_SOURCE_A,UNMATCHED,0.00,0.00,MISSING_COUNTERPART
TXN-B-001475-L2950,MEDIUM,MISSING_IN_SOURCE_A,UNMATCHED,0.00,0.00,MISSING_COUNTERPART
TXN-B-001477-L2954,MEDIUM,MISSING_IN_SOURCE_A,UNMATCHED,0.00,0.00,MISSING_COUNTERPART
TXN-B-001478-L2956,MEDIUM,MISSING_IN_SOURCE_A,UNMATCHED,0.00,0.00,MISSING_COUNTERPART
TXN-B-001481-L2962,MEDIUM,MISSING_IN_SOURCE_A,UNMATCHED,0.00,0.00,MISSING_COUNTERPART
TXN-B-001482-L2964,MEDIUM,MISSING_IN_SOURCE_A,UNMATCHED,0.00,0.00,MISSING_COUNTERPART
TXN-B-001483-L2966,MEDIUM,MISSING_IN_SOURCE_A,UNMATCHED,0.00,0.00,MISSING_COUNTERPART
TXN-B-001485-L2970,MEDIUM,MISSING_IN_SOURCE_A,UNMATCHED,0.00,0.00,MISSING_COUNTERPART
TXN-B-001489-L2978,MEDIUM,MISSING_IN_SOURCE_A,UNMATCHED,0.00,0.00,MISSING_COUNTERPART
TXN-B-001498-L2996,MEDIUM,MISSING_IN_SOURCE_A,UNMATCHED,0.00,0.00,MISSING_COUNTERPART
TXN-B-001499-L2998,MEDIUM,MISSING_IN_SOURCE_A,UNMATCHED,0.00,0.00,MISSING_COUNTERPART
TXN-B-001500-L3000,MEDIUM,MISSING_IN_SOURCE_A,UNMATCHED,0.00,0.00,MISSING_COUNTERPART
TXN-B-001504-L3008,MEDIUM,MISSING_IN_SOURCE_A,UNMATCHED,0.00,0.00,MISSING_COUNTERPART
TXN-B-001505-L3010,MEDIUM,MISSING_IN_SOURCE_A,UNMATCHED,0.00,0.00,MISSING_COUNTERPART
TXN-B-001506-L3012,MEDIUM,MISSING_IN_SOURCE_A,UNMATCHED,0.00,0.00,MISSING_COUNTERPART
TXN-B-001510-L3020,MEDIUM,MISSING_IN_SOURCE_A,UNMATCHED,0.00,0.00,MISSING_COUNTERPART
TXN-B-001511-L3022,MEDIUM,MISSING_IN_SOURCE_A,UNMATCHED,0.00,0.00,MISSING_COUNTERPART
TXN-B-001547-L3062,MEDIUM,MISSING_IN_SOURCE_A,UNMATCHED,0.00,0.00,MISSING_COUNTERPART
TXN-B-001551-L3066,MEDIUM,MISSING_IN_SOURCE_A,UNMATCHED,0.00,0.00,MISSING_COUNTERPART
TXN-B-001981-L4137,MEDIUM,MISSING_IN_SOURCE_A,UNMATCHED,0.00,0.00,MISSING_COUNTERPART
TXN-B-001986-L4147,MEDIUM,MISSING_IN_SOURCE_A,UNMATCHED,0.00,0.00,MISSING_COUNTERPART
TXN-B-001987-L4149,MEDIUM,MISSING_IN_SOURCE_A,UNMATCHED,0.00,0.00,MISSING_COUNTERPART
TXN-B-001988-L4151,MEDIUM,MISSING_IN_SOURCE_A,UNMATCHED,0.00,0.00,MISSING_COUNTERPART
TXN-B-001989-L4153,MEDIUM,MISSING_IN_SOURCE_A,UNMATCHED,0.00,0.00,MISSING_COUNTERPART
TXN-B-001990-L4155,MEDIUM,MISSING_IN_SOURCE_A,UNMATCHED,0.00,0.00,MISSING_COUNTERPART
TXN-B-001995-L4165,MEDIUM,MISSING_IN_SOURCE_A,UNMATCHED,0.00,0.00,MISSING_COUNTERPART
TXN-B-001997-L4169,MEDIUM,MISSING_IN_SOURCE_A,UNMATCHED,0.00,0.00,MISSING_COUNTERPART
TXN-B-002002-L4179,MEDIUM,MISSING_IN_SOURCE_A,UNMATCHED,0.00,0.00,MISSING_COUNTERPART
TXN-B-002004-L4183,MEDIUM,MISSING_IN_SOURCE_A,UNMATCHED,0.00,0.00,MISSING_COUNTERPART
TXN-B-002005-L4185,MEDIUM,MISSING_IN_SOURCE_A,UNMATCHED,0.00,0.00,MISSING_COUNTERPART
TXN-B-002007-L4189,MEDIUM,MISSING_IN_SOURCE_A,UNMATCHED,0.00,0.00,MISSING_COUNTERPART
TXN-B-002009-L4193,MEDIUM,MISSING_IN_SOURCE_A,UNMATCHED,0.00,0.00,MISSING_COUNTERPART
TXN-A-001686-L3386,LOW,QUANTITY_AND_AMOUNT_DIFFERENCE,EXACT_BARCODE,97.00,52877.90,HIGH_VALUE_OUTLIER
TXN-A-002111-L4081,LOW,QUANTITY_AND_AMOUNT_DIFFERENCE,EXACT_BARCODE,97.00,43016.04,HIGH_VALUE_OUTLIER
TXN-A-002134-L4112,LOW,QUANTITY_AND_AMOUNT_DIFFERENCE,NORMALIZED_NAME,90.00,42681.24,HIGH_VALUE_OUTLIER
TXN-A-002131-L4106,LOW,PRICE_DIFFERENCE,EXACT_PRIMARY_ID,100.00,30562.61,HIGH_VALUE_OUTLIER
TXN-A-001553-L3128,LOW,QUANTITY_AND_AMOUNT_DIFFERENCE,EXACT_BARCODE,97.00,26309.72,HIGH_VALUE_OUTLIER
TXN-A-001257-L2513,LOW,QUANTITY_AND_AMOUNT_DIFFERENCE,EXACT_BARCODE,97.00,24837.49,HIGH_VALUE_OUTLIER
TXN-A-002144-L4132,LOW,QUANTITY_AND_AMOUNT_DIFFERENCE,NORMALIZED_NAME,90.00,24786.94,HIGH_VALUE_OUTLIER
TXN-A-002135-L4114,LOW,QUANTITY_AND_AMOUNT_DIFFERENCE,EXACT_BARCODE,97.00,21929.33,HIGH_VALUE_OUTLIER
TXN-A-001325-L2649,LOW,QUANTITY_AND_AMOUNT_DIFFERENCE,EXACT_BARCODE,97.00,20379.64,HIGH_VALUE_OUTLIER
TXN-A-002138-L4120,LOW,QUANTITY_AND_AMOUNT_DIFFERENCE,FUZZY_NAME,84.40,19983.30,HIGH_VALUE_OUTLIER
TXN-A-001507-L3013,LOW,QUANTITY_AND_AMOUNT_DIFFERENCE,EXACT_BARCODE,97.00,15554.97,HIGH_VALUE_OUTLIER
TXN-A-002141-L4126,LOW,QUANTITY_AND_AMOUNT_DIFFERENCE,FUZZY_NAME,86.40,15119.01,HIGH_VALUE_OUTLIER
TXN-A-002097-L4067,LOW,QUANTITY_AND_AMOUNT_DIFFERENCE,EXACT_BARCODE,97.00,15029.69,HIGH_VALUE_OUTLIER
TXN-A-001913-L3840,LOW,QUANTITY_AND_AMOUNT_DIFFERENCE,EXACT_BARCODE,97.00,12137.17,HIGH_VALUE_OUTLIER
TXN-A-002136-L4116,LOW,QUANTITY_AND_AMOUNT_DIFFERENCE,FUZZY_NAME,87.50,2639.37,HIGH_VALUE_OUTLIER
TXN-A-001898-L3810,LOW,QUANTITY_AND_AMOUNT_DIFFERENCE,EXACT_BARCODE,97.00,2636.86,HIGH_VALUE_OUTLIER
TXN-A-001653-L3303,LOW,QUANTITY_AND_AMOUNT_DIFFERENCE,EXACT_BARCODE,97.00,1214.17,
TXN-A-001218-L2435,LOW,QUANTITY_AND_AMOUNT_DIFFERENCE,EXACT_BARCODE,97.00,1145.80,
TXN-A-001585-L3160,LOW,QUANTITY_AND_AMOUNT_DIFFERENCE,EXACT_BARCODE,97.00,1120.18,
TXN-A-001779-L3572,LOW,QUANTITY_AND_AMOUNT_DIFFERENCE,FUZZY_NAME,80.00,1106.40,
TXN-A-001749-L3512,LOW,QUANTITY_AND_AMOUNT_DIFFERENCE,FUZZY_NAME,91.20,1062.44,
TXN-A-001620-L3204,LOW,QUANTITY_AND_AMOUNT_DIFFERENCE,EXACT_BARCODE,97.00,1047.22,
TXN-A-001170-L2339,LOW,QUANTITY_AND_AMOUNT_DIFFERENCE,EXACT_BARCODE,97.00,1000.09,
TXN-A-001651-L3296,LOW,QUANTITY_AND_AMOUNT_DIFFERENCE,EXACT_BARCODE,97.00,989.23,
TXN-A-001696-L3406,LOW,QUANTITY_AND_AMOUNT_DIFFERENCE,EXACT_BARCODE,97.00,964.61,
TXN-A-001230-L2459,LOW,QUANTITY_AND_AMOUNT_DIFFERENCE,EXACT_BARCODE,97.00,953.25,
TXN-A-001723-L3460,LOW,QUANTITY_AND_AMOUNT_DIFFERENCE,EXACT_BARCODE,97.00,888.80,
TXN-A-001492-L2983,LOW,QUANTITY_AND_AMOUNT_DIFFERENCE,EXACT_BARCODE,97.00,868.57,
TXN-A-001666-L3341,LOW,QUANTITY_AND_AMOUNT_DIFFERENCE,EXACT_BARCODE,97.00,851.15,
TXN-A-001740-L3494,LOW,QUANTITY_AND_AMOUNT_DIFFERENCE,EXACT_PRODUCT_CODE,95.00,833.09,
TXN-A-001759-L3532,LOW,QUANTITY_AND_AMOUNT_DIFFERENCE,FUZZY_NAME,86.30,814.76,
TXN-A-001136-L2271,LOW,QUANTITY_AND_AMOUNT_DIFFERENCE,EXACT_BARCODE,97.00,808.79,
TXN-A-001728-L3470,LOW,QUANTITY_AND_AMOUNT_DIFFERENCE,FUZZY_NAME,91.20,791.14,
TXN-A-001214-L2427,LOW,QUANTITY_AND_AMOUNT_DIFFERENCE,EXACT_PRODUCT_CODE,95.00,790.72,
TXN-A-002219-L4257,LOW,QUANTITY_AND_AMOUNT_DIFFERENCE,EXACT_PRODUCT_CODE,95.00,779.84,
TXN-A-001831-L3676,LOW,QUANTITY_AND_AMOUNT_DIFFERENCE,NORMALIZED_NAME,90.00,777.35,
TXN-A-001299-L2597,LOW,QUANTITY_AND_AMOUNT_DIFFERENCE,EXACT_BARCODE,97.00,775.02,
TXN-A-001451-L2901,LOW,QUANTITY_AND_AMOUNT_DIFFERENCE,EXACT_BARCODE,97.00,762.68,
TXN-A-001718-L3450,LOW,QUANTITY_AND_AMOUNT_DIFFERENCE,EXACT_BARCODE,97.00,756.38,
TXN-A-001632-L3240,LOW,QUANTITY_AND_AMOUNT_DIFFERENCE,EXACT_BARCODE,97.00,753.32,
TXN-A-001366-L2731,LOW,QUANTITY_AND_AMOUNT_DIFFERENCE,EXACT_BARCODE,97.00,733.69,
TXN-A-001851-L3716,LOW,QUANTITY_AND_AMOUNT_DIFFERENCE,EXACT_BARCODE,97.00,729.15,
TXN-A-002123-L4093,LOW,QUANTITY_AND_AMOUNT_DIFFERENCE,FUZZY_NAME,87.70,723.78,
TXN-A-001731-L3476,LOW,QUANTITY_AND_AMOUNT_DIFFERENCE,FUZZY_NAME,80.00,717.29,
TXN-A-001183-L2365,LOW,QUANTITY_AND_AMOUNT_DIFFERENCE,EXACT_BARCODE,97.00,697.17,
TXN-A-001629-L3231,LOW,QUANTITY_AND_AMOUNT_DIFFERENCE,EXACT_BARCODE,97.00,689.63,
TXN-A-001386-L2771,LOW,QUANTITY_AND_AMOUNT_DIFFERENCE,EXACT_BARCODE,97.00,685.33,
TXN-A-001607-L3182,LOW,QUANTITY_AND_AMOUNT_DIFFERENCE,EXACT_PRODUCT_CODE,95.00,684.91,
TXN-A-001602-L3177,LOW,QUANTITY_AND_AMOUNT_DIFFERENCE,EXACT_BARCODE,97.00,670.67,
TXN-A-001648-L3287,LOW,QUANTITY_AND_AMOUNT_DIFFERENCE,EXACT_BARCODE,97.00,668.16,
TXN-A-001231-L2461,LOW,QUANTITY_AND_AMOUNT_DIFFERENCE,EXACT_BARCODE,97.00,666.99,
TXN-A-001182-L2363,LOW,QUANTITY_AND_AMOUNT_DIFFERENCE,EXACT_BARCODE,97.00,665.20,
TXN-A-001523-L3098,LOW,QUANTITY_AND_AMOUNT_DIFFERENCE,EXACT_PRODUCT_CODE,95.00,663.22,
TXN-A-001277-L2553,LOW,QUANTITY_AND_AMOUNT_DIFFERENCE,EXACT_BARCODE,97.00,642.45,
TXN-A-001621-L3206,LOW,QUANTITY_AND_AMOUNT_DIFFERENCE,EXACT_BARCODE,97.00,641.61,
TXN-A-001190-L2379,LOW,QUANTITY_AND_AMOUNT_DIFFERENCE,EXACT_BARCODE,97.00,633.07,
TXN-A-001622-L3209,LOW,QUANTITY_AND_AMOUNT_DIFFERENCE,EXACT_PRODUCT_CODE,95.00,633.07,
TXN-A-001572-L3147,LOW,QUANTITY_AND_AMOUNT_DIFFERENCE,FUZZY_NAME,80.00,633.07,
TXN-A-001818-L3650,LOW,QUANTITY_AND_AMOUNT_DIFFERENCE,FUZZY_NAME,85.20,630.76,
TXN-A-001227-L2453,LOW,QUANTITY_AND_AMOUNT_DIFFERENCE,EXACT_BARCODE,97.00,622.76,
TXN-A-001633-L3242,LOW,QUANTITY_AND_AMOUNT_DIFFERENCE,EXACT_PRODUCT_CODE,95.00,622.76,
TXN-A-002261-L4341,LOW,QUANTITY_AND_AMOUNT_DIFFERENCE,FUZZY_NAME,93.30,622.26,
TXN-A-001655-L3309,LOW,QUANTITY_AND_AMOUNT_DIFFERENCE,EXACT_BARCODE,97.00,622.18,
TXN-A-001720-L3454,LOW,QUANTITY_AND_AMOUNT_DIFFERENCE,EXACT_BARCODE,97.00,603.49,
TXN-A-001746-L3506,LOW,QUANTITY_AND_AMOUNT_DIFFERENCE,FUZZY_NAME,92.90,595.94,
TXN-A-001560-L3135,LOW,QUANTITY_AND_AMOUNT_DIFFERENCE,EXACT_BARCODE,97.00,592.53,
TXN-A-001226-L2451,LOW,QUANTITY_AND_AMOUNT_DIFFERENCE,EXACT_PRODUCT_CODE,95.00,587.80,
TXN-A-001797-L3608,LOW,QUANTITY_AND_AMOUNT_DIFFERENCE,EXACT_BARCODE,97.00,583.80,
TXN-A-001233-L2465,LOW,QUANTITY_AND_AMOUNT_DIFFERENCE,EXACT_BARCODE,97.00,583.74,
TXN-A-001737-L3488,LOW,QUANTITY_AND_AMOUNT_DIFFERENCE,EXACT_BARCODE,97.00,583.02,
TXN-A-001685-L3384,LOW,QUANTITY_AND_AMOUNT_DIFFERENCE,EXACT_BARCODE,97.00,582.07,
TXN-A-001187-L2373,LOW,QUANTITY_AND_AMOUNT_DIFFERENCE,EXACT_BARCODE,97.00,569.90,
TXN-A-001373-L2745,LOW,QUANTITY_AND_AMOUNT_DIFFERENCE,EXACT_PRODUCT_CODE,95.00,569.90,
TXN-A-001209-L2417,LOW,QUANTITY_AND_AMOUNT_DIFFERENCE,EXACT_BARCODE,97.00,569.39,
TXN-A-001761-L3536,LOW,QUANTITY_AND_AMOUNT_DIFFERENCE,FUZZY_NAME,86.40,568.69,
TXN-A-001240-L2479,LOW,QUANTITY_AND_AMOUNT_DIFFERENCE,EXACT_BARCODE,97.00,563.73,
TXN-A-001669-L3350,LOW,QUANTITY_AND_AMOUNT_DIFFERENCE,EXACT_PRODUCT_CODE,95.00,563.73,
TXN-A-001574-L3149,LOW,QUANTITY_AND_AMOUNT_DIFFERENCE,FUZZY_NAME,88.20,562.95,
TXN-A-001625-L3219,LOW,QUANTITY_AND_AMOUNT_DIFFERENCE,EXACT_BARCODE,97.00,549.29,
TXN-A-001302-L2603,LOW,QUANTITY_AND_AMOUNT_DIFFERENCE,EXACT_BARCODE,97.00,544.01,
TXN-A-001540-L3115,LOW,QUANTITY_AND_AMOUNT_DIFFERENCE,NORMALIZED_NAME,90.00,542.91,
TXN-A-001850-L3714,LOW,QUANTITY_AND_AMOUNT_DIFFERENCE,FUZZY_NAME,80.00,539.06,
TXN-A-001713-L3440,LOW,QUANTITY_AND_AMOUNT_DIFFERENCE,EXACT_PRODUCT_CODE,95.00,538.60,
TXN-A-001312-L2623,LOW,QUANTITY_AND_AMOUNT_DIFFERENCE,EXACT_BARCODE,97.00,536.09,
TXN-A-002235-L4289,LOW,QUANTITY_AND_AMOUNT_DIFFERENCE,EXACT_PRODUCT_CODE,95.00,515.79,
TXN-A-001743-L3500,LOW,QUANTITY_AND_AMOUNT_DIFFERENCE,NORMALIZED_NAME,90.00,511.26,
TXN-A-001839-L3692,LOW,QUANTITY_AND_AMOUNT_DIFFERENCE,EXACT_BARCODE,97.00,506.33,
TXN-A-001628-L3228,LOW,QUANTITY_AND_AMOUNT_DIFFERENCE,EXACT_BARCODE,97.00,505.37,
TXN-A-001642-L3269,LOW,QUANTITY_AND_AMOUNT_DIFFERENCE,EXACT_BARCODE,97.00,504.54,
TXN-A-001197-L2393,LOW,QUANTITY_AND_AMOUNT_DIFFERENCE,EXACT_BARCODE,97.00,504.49,
TXN-A-001410-L2819,LOW,QUANTITY_AND_AMOUNT_DIFFERENCE,EXACT_BARCODE,97.00,502.65,
TXN-A-001499-L2997,LOW,QUANTITY_AND_AMOUNT_DIFFERENCE,EXACT_BARCODE,97.00,499.80,
TXN-A-002155-L4154,LOW,QUANTITY_AND_AMOUNT_DIFFERENCE,EXACT_BARCODE,97.00,496.93,
TXN-A-001394-L2787,LOW,QUANTITY_AND_AMOUNT_DIFFERENCE,EXACT_BARCODE,97.00,496.66,
TXN-A-001767-L3548,LOW,QUANTITY_AND_AMOUNT_DIFFERENCE,EXACT_BARCODE,97.00,489.31,
TXN-A-002083-L4053,LOW,QUANTITY_AND_AMOUNT_DIFFERENCE,FUZZY_NAME,90.50,484.05,
TXN-A-002040-L01,LOW,QUANTITY_AND_AMOUNT_DIFFERENCE,FUZZY_NAME,88.90,474.70,MISSING_COUNTERPART
TXN-A-001354-L2707,LOW,QUANTITY_AND_AMOUNT_DIFFERENCE,EXACT_BARCODE,97.00,472.56,
TXN-A-001897-L3808,LOW,QUANTITY_AND_AMOUNT_DIFFERENCE,EXACT_BARCODE,97.00,470.26,
TXN-A-001219-L2437,LOW,QUANTITY_AND_AMOUNT_DIFFERENCE,EXACT_BARCODE,97.00,469.65,
TXN-A-001824-L3662,LOW,QUANTITY_AND_AMOUNT_DIFFERENCE,EXACT_BARCODE,97.00,469.09,
TXN-A-001745-L3504,LOW,QUANTITY_AND_AMOUNT_DIFFERENCE,FUZZY_NAME,84.00,467.78,
TXN-A-002009-L02,LOW,QUANTITY_AND_AMOUNT_DIFFERENCE,EXACT_PRODUCT_CODE,95.00,467.08,
TXN-A-001443-L2885,LOW,QUANTITY_AND_AMOUNT_DIFFERENCE,EXACT_PRODUCT_CODE,95.00,463.11,
TXN-A-001805-L3624,LOW,QUANTITY_AND_AMOUNT_DIFFERENCE,EXACT_BARCODE,97.00,458.31,
TXN-A-001823-L3660,LOW,QUANTITY_AND_AMOUNT_DIFFERENCE,FUZZY_NAME,87.00,457.95,
TXN-A-001155-L2309,LOW,QUANTITY_AND_AMOUNT_DIFFERENCE,EXACT_BARCODE,97.00,456.51,
TXN-A-001263-L2525,LOW,QUANTITY_AND_AMOUNT_DIFFERENCE,EXACT_BARCODE,97.00,455.72,
TXN-A-001181-L2361,LOW,QUANTITY_AND_AMOUNT_DIFFERENCE,EXACT_BARCODE,97.00,455.10,
TXN-A-001635-L3249,LOW,QUANTITY_AND_AMOUNT_DIFFERENCE,EXACT_BARCODE,97.00,454.10,
TXN-A-001626-L3222,LOW,QUANTITY_AND_AMOUNT_DIFFERENCE,EXACT_BARCODE,97.00,453.23,
TXN-A-001460-L2919,LOW,QUANTITY_AND_AMOUNT_DIFFERENCE,EXACT_BARCODE,97.00,447.26,
TXN-A-001639-L3261,LOW,QUANTITY_AND_AMOUNT_DIFFERENCE,EXACT_PRODUCT_CODE,95.00,445.72,
TXN-A-001132-L2263,LOW,QUANTITY_AND_AMOUNT_DIFFERENCE,EXACT_BARCODE,97.00,444.42,
TXN-A-001880-L3774,LOW,QUANTITY_AND_AMOUNT_DIFFERENCE,EXACT_BARCODE,97.00,436.39,
TXN-A-001512-L3023,LOW,QUANTITY_AND_AMOUNT_DIFFERENCE,EXACT_PRODUCT_CODE,95.00,435.02,
TXN-A-002018-L02,LOW,QUANTITY_AND_AMOUNT_DIFFERENCE,FUZZY_NAME,80.00,431.97,
TXN-A-001844-L3702,LOW,QUANTITY_AND_AMOUNT_DIFFERENCE,FUZZY_NAME,88.90,428.38,
TXN-A-001454-L2907,LOW,QUANTITY_AND_AMOUNT_DIFFERENCE,NORMALIZED_NAME,90.00,419.80,
TXN-A-001619-L3201,LOW,QUANTITY_AND_AMOUNT_DIFFERENCE,EXACT_BARCODE,97.00,415.94,
TXN-A-001202-L2403,LOW,QUANTITY_AND_AMOUNT_DIFFERENCE,EXACT_BARCODE,97.00,415.84,
TXN-A-001330-L2659,LOW,QUANTITY_AND_AMOUNT_DIFFERENCE,EXACT_BARCODE,97.00,413.40,
TXN-A-001750-L3514,LOW,QUANTITY_AND_AMOUNT_DIFFERENCE,EXACT_BARCODE,97.00,412.22,
TXN-A-001637-L3254,LOW,QUANTITY_AND_AMOUNT_DIFFERENCE,EXACT_BARCODE,97.00,410.98,
TXN-A-001268-L2535,LOW,QUANTITY_AND_AMOUNT_DIFFERENCE,EXACT_BARCODE,97.00,410.64,
TXN-A-001203-L2405,LOW,QUANTITY_AND_AMOUNT_DIFFERENCE,EXACT_BARCODE,97.00,408.99,
TXN-A-002126-L4096,LOW,QUANTITY_AND_AMOUNT_DIFFERENCE,NORMALIZED_NAME,90.00,405.45,
TXN-A-001822-L3658,LOW,QUANTITY_AND_AMOUNT_DIFFERENCE,EXACT_BARCODE,97.00,402.42,
TXN-A-001222-L2443,LOW,QUANTITY_AND_AMOUNT_DIFFERENCE,EXACT_BARCODE,97.00,398.89,
TXN-A-001224-L2447,LOW,QUANTITY_AND_AMOUNT_DIFFERENCE,EXACT_BARCODE,97.00,397.72,
TXN-A-001577-L3152,LOW,QUANTITY_AND_AMOUNT_DIFFERENCE,EXACT_BARCODE,97.00,393.02,
TXN-A-001253-L2505,LOW,QUANTITY_AND_AMOUNT_DIFFERENCE,EXACT_BARCODE,97.00,391.85,
TXN-A-001598-L3173,LOW,QUANTITY_AND_AMOUNT_DIFFERENCE,EXACT_BARCODE,97.00,391.18,
TXN-A-001176-L2351,LOW,QUANTITY_AND_AMOUNT_DIFFERENCE,EXACT_BARCODE,97.00,389.73,
TXN-A-001368-L2735,LOW,QUANTITY_AND_AMOUNT_DIFFERENCE,EXACT_BARCODE,97.00,386.20,
TXN-A-001276-L2551,LOW,QUANTITY_AND_AMOUNT_DIFFERENCE,EXACT_BARCODE,97.00,384.42,
TXN-A-001854-L3722,LOW,QUANTITY_AND_AMOUNT_DIFFERENCE,FUZZY_NAME,89.50,384.36,
TXN-A-001455-L2909,LOW,QUANTITY_AND_AMOUNT_DIFFERENCE,NORMALIZED_NAME,90.00,383.94,
TXN-A-001292-L2583,LOW,QUANTITY_AND_AMOUNT_DIFFERENCE,EXACT_BARCODE,97.00,382.09,
TXN-A-001270-L2539,LOW,QUANTITY_AND_AMOUNT_DIFFERENCE,EXACT_BARCODE,97.00,380.05,
TXN-A-001466-L2931,LOW,QUANTITY_AND_AMOUNT_DIFFERENCE,EXACT_BARCODE,97.00,375.93,
TXN-A-001267-L2533,LOW,QUANTITY_AND_AMOUNT_DIFFERENCE,EXACT_BARCODE,97.00,375.26,
TXN-A-001734-L3482,LOW,QUANTITY_AND_AMOUNT_DIFFERENCE,EXACT_PRODUCT_CODE,95.00,375.16,
TXN-A-001764-L3542,LOW,QUANTITY_AND_AMOUNT_DIFFERENCE,EXACT_BARCODE,97.00,374.97,
TXN-A-001775-L3564,LOW,QUANTITY_AND_AMOUNT_DIFFERENCE,EXACT_PRODUCT_CODE,95.00,373.96,
TXN-A-001254-L2507,LOW,QUANTITY_AND_AMOUNT_DIFFERENCE,EXACT_BARCODE,97.00,370.48,
TXN-A-001808-L3630,LOW,QUANTITY_AND_AMOUNT_DIFFERENCE,NORMALIZED_NAME,90.00,369.93,
TXN-A-001342-L2683,LOW,QUANTITY_AND_AMOUNT_DIFFERENCE,EXACT_BARCODE,97.00,367.84,
TXN-A-001543-L3118,LOW,QUANTITY_AND_AMOUNT_DIFFERENCE,FUZZY_NAME,89.40,366.60,
TXN-A-001424-L2847,LOW,QUANTITY_AND_AMOUNT_DIFFERENCE,EXACT_BARCODE,97.00,365.02,
TXN-A-001298-L2595,LOW,QUANTITY_AND_AMOUNT_DIFFERENCE,EXACT_BARCODE,97.00,364.09,
TXN-A-001783-L3580,LOW,QUANTITY_AND_AMOUNT_DIFFERENCE,EXACT_BARCODE,97.00,361.26,
TXN-A-001480-L2959,LOW,QUANTITY_AND_AMOUNT_DIFFERENCE,EXACT_BARCODE,97.00,356.55,
TXN-A-002206-L4231,LOW,QUANTITY_AND_AMOUNT_DIFFERENCE,FUZZY_NAME,85.20,356.55,
TXN-A-001550-L3125,LOW,QUANTITY_AND_AMOUNT_DIFFERENCE,EXACT_BARCODE,97.00,356.20,
TXN-A-002239-L4297,LOW,QUANTITY_AND_AMOUNT_DIFFERENCE,FUZZY_NAME,80.00,354.47,
TXN-A-001483-L2965,LOW,QUANTITY_AND_AMOUNT_DIFFERENCE,FUZZY_NAME,84.20,351.30,
TXN-A-001163-L2325,LOW,QUANTITY_AND_AMOUNT_DIFFERENCE,EXACT_BARCODE,97.00,351.21,
TXN-A-001618-L3198,LOW,QUANTITY_AND_AMOUNT_DIFFERENCE,EXACT_BARCODE,97.00,346.96,
TXN-A-002041-L01,LOW,QUANTITY_AND_AMOUNT_DIFFERENCE,FUZZY_NAME,85.10,345.72,MISSING_COUNTERPART
TXN-A-001694-L3402,LOW,QUANTITY_AND_AMOUNT_DIFFERENCE,NORMALIZED_NAME,90.00,341.32,
TXN-A-001820-L3654,LOW,QUANTITY_AND_AMOUNT_DIFFERENCE,FUZZY_NAME,86.50,339.85,
TXN-A-001220-L2439,LOW,QUANTITY_AND_AMOUNT_DIFFERENCE,EXACT_BARCODE,97.00,338.35,
TXN-A-001436-L2871,LOW,QUANTITY_AND_AMOUNT_DIFFERENCE,EXACT_BARCODE,97.00,336.16,
TXN-A-001657-L3314,LOW,QUANTITY_AND_AMOUNT_DIFFERENCE,EXACT_BARCODE,97.00,334.02,
TXN-A-002260-L4339,LOW,QUANTITY_AND_AMOUNT_DIFFERENCE,EXACT_BARCODE,97.00,331.49,
TXN-A-001317-L2633,LOW,QUANTITY_AND_AMOUNT_DIFFERENCE,EXACT_BARCODE,97.00,331.09,
TXN-A-002003-L02,LOW,QUANTITY_AND_AMOUNT_DIFFERENCE,FUZZY_NAME,82.60,328.24,
TXN-A-002092-L4062,LOW,QUANTITY_AND_AMOUNT_DIFFERENCE,FUZZY_NAME,82.60,327.96,
TXN-A-001289-L2577,LOW,QUANTITY_AND_AMOUNT_DIFFERENCE,EXACT_BARCODE,97.00,326.77,
TXN-A-001687-L3388,LOW,QUANTITY_AND_AMOUNT_DIFFERENCE,EXACT_BARCODE,97.00,326.32,
TXN-A-001836-L3686,LOW,QUANTITY_AND_AMOUNT_DIFFERENCE,FUZZY_NAME,83.60,324.32,
TXN-A-001476-L2951,LOW,QUANTITY_AND_AMOUNT_DIFFERENCE,FUZZY_NAME,86.50,323.62,
TXN-A-002152-L4148,LOW,QUANTITY_AND_AMOUNT_DIFFERENCE,EXACT_BARCODE,97.00,322.05,
TXN-A-001311-L2621,LOW,QUANTITY_AND_AMOUNT_DIFFERENCE,EXACT_BARCODE,97.00,321.36,
TXN-A-001490-L2979,LOW,QUANTITY_AND_AMOUNT_DIFFERENCE,EXACT_BARCODE,97.00,321.20,
TXN-A-001369-L2737,LOW,QUANTITY_AND_AMOUNT_DIFFERENCE,EXACT_BARCODE,97.00,321.20,
TXN-A-001597-L3172,LOW,QUANTITY_AND_AMOUNT_DIFFERENCE,EXACT_BARCODE,97.00,319.57,
TXN-A-001217-L2433,LOW,QUANTITY_AND_AMOUNT_DIFFERENCE,EXACT_BARCODE,97.00,319.38,
TXN-A-001447-L2893,LOW,QUANTITY_AND_AMOUNT_DIFFERENCE,EXACT_BARCODE,97.00,318.15,
TXN-A-002246-L4311,LOW,QUANTITY_AND_AMOUNT_DIFFERENCE,NORMALIZED_NAME,90.00,314.66,
TXN-A-001895-L3804,LOW,QUANTITY_AND_AMOUNT_DIFFERENCE,EXACT_PRIMARY_ID,100.00,314.17,
TXN-A-001551-L3126,LOW,QUANTITY_AND_AMOUNT_DIFFERENCE,EXACT_BARCODE,97.00,313.97,
TXN-A-002018-L01,LOW,QUANTITY_AND_AMOUNT_DIFFERENCE,FUZZY_NAME,83.30,311.37,
TXN-A-001756-L3526,LOW,QUANTITY_AND_AMOUNT_DIFFERENCE,FUZZY_NAME,95.50,310.40,
TXN-A-001420-L2839,LOW,QUANTITY_AND_AMOUNT_DIFFERENCE,EXACT_BARCODE,97.00,309.36,
TXN-A-001902-L3818,LOW,QUANTITY_AND_AMOUNT_DIFFERENCE,EXACT_BARCODE,97.00,309.36,
TXN-A-001579-L3154,LOW,QUANTITY_AND_AMOUNT_DIFFERENCE,EXACT_BARCODE,97.00,308.26,
TXN-A-001243-L2485,LOW,QUANTITY_AND_AMOUNT_DIFFERENCE,EXACT_BARCODE,97.00,306.86,
TXN-A-001708-L3430,LOW,QUANTITY_AND_AMOUNT_DIFFERENCE,FUZZY_NAME,89.50,306.83,
TXN-A-001345-L2689,LOW,QUANTITY_AND_AMOUNT_DIFFERENCE,EXACT_BARCODE,97.00,304.85,
TXN-A-001521-L3096,LOW,QUANTITY_AND_AMOUNT_DIFFERENCE,EXACT_BARCODE,97.00,300.97,
TXN-A-001886-L3786,LOW,QUANTITY_AND_AMOUNT_DIFFERENCE,FUZZY_NAME,86.70,300.49,
TXN-A-001542-L3117,LOW,QUANTITY_AND_AMOUNT_DIFFERENCE,EXACT_BARCODE,97.00,299.93,
TXN-A-001303-L2605,LOW,QUANTITY_AND_AMOUNT_DIFFERENCE,EXACT_BARCODE,97.00,298.99,
TXN-A-001482-L2963,LOW,QUANTITY_AND_AMOUNT_DIFFERENCE,EXACT_BARCODE,97.00,298.54,
TXN-A-001576-L3151,LOW,QUANTITY_AND_AMOUNT_DIFFERENCE,EXACT_BARCODE,97.00,297.76,
TXN-A-001160-L2319,LOW,QUANTITY_AND_AMOUNT_DIFFERENCE,EXACT_BARCODE,97.00,296.40,
TXN-A-001781-L3576,LOW,QUANTITY_AND_AMOUNT_DIFFERENCE,EXACT_BARCODE,97.00,293.02,
TXN-A-001627-L3225,LOW,QUANTITY_AND_AMOUNT_DIFFERENCE,EXACT_BARCODE,97.00,291.61,
TXN-A-001584-L3159,LOW,QUANTITY_AND_AMOUNT_DIFFERENCE,EXACT_BARCODE,97.00,290.42,
TXN-A-001308-L2615,LOW,QUANTITY_AND_AMOUNT_DIFFERENCE,EXACT_BARCODE,97.00,289.05,
TXN-A-001547-L3122,LOW,QUANTITY_AND_AMOUNT_DIFFERENCE,EXACT_PRODUCT_CODE,95.00,288.78,
TXN-A-001763-L3540,LOW,QUANTITY_AND_AMOUNT_DIFFERENCE,EXACT_BARCODE,97.00,285.19,
TXN-A-001669-L3351,LOW,QUANTITY_AND_AMOUNT_DIFFERENCE,EXACT_PRODUCT_CODE,95.00,280.13,
TXN-A-001642-L3270,LOW,QUANTITY_AND_AMOUNT_DIFFERENCE,EXACT_BARCODE,97.00,279.49,
TXN-A-001583-L3158,LOW,QUANTITY_AND_AMOUNT_DIFFERENCE,EXACT_PRODUCT_CODE,95.00,277.15,
TXN-A-001638-L3258,LOW,QUANTITY_AND_AMOUNT_DIFFERENCE,EXACT_BARCODE,97.00,277.01,
TXN-A-001821-L3656,LOW,QUANTITY_AND_AMOUNT_DIFFERENCE,FUZZY_NAME,80.00,276.22,
TXN-A-001425-L2849,LOW,QUANTITY_AND_AMOUNT_DIFFERENCE,EXACT_BARCODE,97.00,275.74,
TXN-A-001847-L3708,LOW,QUANTITY_AND_AMOUNT_DIFFERENCE,EXACT_PRODUCT_CODE,95.00,274.24,
TXN-A-001462-L2923,LOW,QUANTITY_AND_AMOUNT_DIFFERENCE,EXACT_PRODUCT_CODE,95.00,273.33,
TXN-A-001153-L2305,LOW,QUANTITY_AND_AMOUNT_DIFFERENCE,EXACT_BARCODE,97.00,273.30,
TXN-A-001600-L3175,LOW,QUANTITY_AND_AMOUNT_DIFFERENCE,NORMALIZED_NAME,90.00,272.59,
TXN-A-001142-L2283,LOW,QUANTITY_AND_AMOUNT_DIFFERENCE,EXACT_BARCODE,97.00,272.35,
TXN-A-001450-L2899,LOW,QUANTITY_AND_AMOUNT_DIFFERENCE,EXACT_BARCODE,97.00,269.97,
TXN-A-001251-L2501,LOW,QUANTITY_AND_AMOUNT_DIFFERENCE,EXACT_BARCODE,97.00,269.88,
TXN-A-001888-L3790,LOW,QUANTITY_AND_AMOUNT_DIFFERENCE,EXACT_PRODUCT_CODE,95.00,269.86,
TXN-A-001881-L3776,LOW,QUANTITY_AND_AMOUNT_DIFFERENCE,FUZZY_NAME,90.50,269.75,
TXN-A-001891-L3796,LOW,QUANTITY_AND_AMOUNT_DIFFERENCE,NORMALIZED_NAME,90.00,268.35,
TXN-A-001242-L2483,LOW,QUANTITY_AND_AMOUNT_DIFFERENCE,EXACT_BARCODE,97.00,267.46,
TXN-A-001739-L3492,LOW,QUANTITY_AND_AMOUNT_DIFFERENCE,EXACT_PRIMARY_ID,100.00,267.44,
TXN-A-001496-L2991,LOW,QUANTITY_AND_AMOUNT_DIFFERENCE,EXACT_BARCODE,97.00,265.09,
TXN-A-001300-L2599,LOW,QUANTITY_AND_AMOUNT_DIFFERENCE,EXACT_BARCODE,97.00,263.90,
TXN-A-001578-L3153,LOW,QUANTITY_AND_AMOUNT_DIFFERENCE,EXACT_BARCODE,97.00,261.93,
TXN-A-001725-L3464,LOW,QUANTITY_AND_AMOUNT_DIFFERENCE,EXACT_PRIMARY_ID,100.00,261.40,
TXN-A-002008-L02,LOW,QUANTITY_AND_AMOUNT_DIFFERENCE,NORMALIZED_NAME,90.00,260.23,
TXN-A-001659-L3320,LOW,QUANTITY_AND_AMOUNT_DIFFERENCE,EXACT_PRODUCT_CODE,95.00,259.95,
TXN-A-001370-L2739,LOW,QUANTITY_AND_AMOUNT_DIFFERENCE,EXACT_BARCODE,97.00,259.07,
TXN-A-001171-L2341,LOW,QUANTITY_AND_AMOUNT_DIFFERENCE,EXACT_BARCODE,97.00,256.81,
TXN-A-001709-L3432,LOW,QUANTITY_AND_AMOUNT_DIFFERENCE,EXACT_BARCODE,97.00,254.50,
TXN-A-001405-L2809,LOW,QUANTITY_AND_AMOUNT_DIFFERENCE,EXACT_BARCODE,97.00,254.36,
TXN-A-001458-L2915,LOW,QUANTITY_AND_AMOUNT_DIFFERENCE,EXACT_PRODUCT_CODE,95.00,254.21,
TXN-A-001575-L3150,LOW,QUANTITY_AND_AMOUNT_DIFFERENCE,EXACT_BARCODE,97.00,254.12,
TXN-A-001555-L3130,LOW,QUANTITY_AND_AMOUNT_DIFFERENCE,EXACT_BARCODE,97.00,253.05,
TXN-A-001644-L3276,LOW,QUANTITY_AND_AMOUNT_DIFFERENCE,NORMALIZED_NAME,90.00,252.80,
TXN-A-001206-L2411,LOW,QUANTITY_AND_AMOUNT_DIFFERENCE,EXACT_BARCODE,97.00,252.77,
TXN-A-001599-L3174,LOW,QUANTITY_AND_AMOUNT_DIFFERENCE,EXACT_BARCODE,97.00,252.29,
TXN-A-001790-L3594,LOW,QUANTITY_AND_AMOUNT_DIFFERENCE,NORMALIZED_NAME,90.00,250.85,
TXN-A-001290-L2579,LOW,QUANTITY_AND_AMOUNT_DIFFERENCE,EXACT_BARCODE,97.00,248.37,
TXN-A-002095-L4065,LOW,QUANTITY_AND_AMOUNT_DIFFERENCE,EXACT_PRODUCT_CODE,95.00,245.28,
TXN-A-001581-L3156,LOW,QUANTITY_AND_AMOUNT_DIFFERENCE,EXACT_BARCODE,97.00,244.81,
TXN-A-001616-L3191,LOW,QUANTITY_AND_AMOUNT_DIFFERENCE,EXACT_BARCODE,97.00,244.51,
TXN-A-001714-L3442,LOW,QUANTITY_AND_AMOUNT_DIFFERENCE,EXACT_BARCODE,97.00,243.96,
TXN-A-001751-L3516,LOW,QUANTITY_AND_AMOUNT_DIFFERENCE,EXACT_BARCODE,97.00,243.55,
TXN-A-001134-L2267,LOW,QUANTITY_AND_AMOUNT_DIFFERENCE,EXACT_BARCODE,97.00,243.01,
TXN-A-001679-L3372,LOW,QUANTITY_AND_AMOUNT_DIFFERENCE,EXACT_BARCODE,97.00,242.95,
TXN-A-001428-L2855,LOW,QUANTITY_AND_AMOUNT_DIFFERENCE,NORMALIZED_NAME,90.00,242.43,
TXN-A-001826-L3666,LOW,QUANTITY_AND_AMOUNT_DIFFERENCE,NORMALIZED_NAME,90.00,236.90,
TXN-A-001654-L3305,LOW,QUANTITY_AND_AMOUNT_DIFFERENCE,EXACT_BARCODE,97.00,235.75,
TXN-A-001498-L2995,LOW,QUANTITY_AND_AMOUNT_DIFFERENCE,EXACT_BARCODE,97.00,235.19,
TXN-A-001150-L2299,LOW,QUANTITY_AND_AMOUNT_DIFFERENCE,EXACT_BARCODE,97.00,232.64,
TXN-A-001815-L3644,LOW,QUANTITY_AND_AMOUNT_DIFFERENCE,EXACT_BARCODE,97.00,232.28,
TXN-A-001549-L3124,LOW,QUANTITY_AND_AMOUNT_DIFFERENCE,EXACT_BARCODE,97.00,231.58,
TXN-A-001582-L3157,LOW,QUANTITY_AND_AMOUNT_DIFFERENCE,EXACT_BARCODE,97.00,230.73,
TXN-A-001663-L3333,LOW,QUANTITY_AND_AMOUNT_DIFFERENCE,FUZZY_NAME,85.70,230.36,
TXN-A-001404-L2807,LOW,QUANTITY_AND_AMOUNT_DIFFERENCE,EXACT_BARCODE,97.00,229.21,
TXN-A-001435-L2869,LOW,QUANTITY_AND_AMOUNT_DIFFERENCE,EXACT_PRODUCT_CODE,95.00,228.84,
TXN-A-001286-L2571,LOW,QUANTITY_AND_AMOUNT_DIFFERENCE,EXACT_BARCODE,97.00,227.68,
TXN-A-001398-L2795,LOW,QUANTITY_AND_AMOUNT_DIFFERENCE,EXACT_BARCODE,97.00,227.04,
TXN-A-001668-L3348,LOW,QUANTITY_AND_AMOUNT_DIFFERENCE,EXACT_BARCODE,97.00,226.92,
TXN-A-001156-L2311,LOW,QUANTITY_AND_AMOUNT_DIFFERENCE,EXACT_BARCODE,97.00,226.10,
TXN-A-001301-L2601,LOW,QUANTITY_AND_AMOUNT_DIFFERENCE,EXACT_PRODUCT_CODE,95.00,225.67,
TXN-A-001500-L2999,LOW,QUANTITY_AND_AMOUNT_DIFFERENCE,EXACT_BARCODE,97.00,224.67,
TXN-A-001771-L3556,LOW,QUANTITY_AND_AMOUNT_DIFFERENCE,FUZZY_NAME,90.20,224.33,
TXN-A-001406-L2811,LOW,QUANTITY_AND_AMOUNT_DIFFERENCE,EXACT_BARCODE,97.00,223.87,
TXN-A-001673-L3360,LOW,QUANTITY_AND_AMOUNT_DIFFERENCE,EXACT_BARCODE,97.00,223.48,
TXN-A-001158-L2315,LOW,QUANTITY_AND_AMOUNT_DIFFERENCE,EXACT_BARCODE,97.00,222.06,
TXN-A-001665-L3338,LOW,QUANTITY_AND_AMOUNT_DIFFERENCE,NORMALIZED_NAME,90.00,222.01,
TXN-A-001174-L2347,LOW,QUANTITY_AND_AMOUNT_DIFFERENCE,EXACT_BARCODE,97.00,221.08,
TXN-A-001338-L2675,LOW,QUANTITY_AND_AMOUNT_DIFFERENCE,EXACT_BARCODE,97.00,220.72,
TXN-A-001724-L3462,LOW,QUANTITY_AND_AMOUNT_DIFFERENCE,EXACT_PRIMARY_ID,100.00,218.91,
TXN-A-001280-L2559,LOW,QUANTITY_AND_AMOUNT_DIFFERENCE,EXACT_BARCODE,97.00,218.75,
TXN-A-001343-L2685,LOW,QUANTITY_AND_AMOUNT_DIFFERENCE,EXACT_BARCODE,97.00,217.94,
TXN-A-001552-L3127,LOW,QUANTITY_AND_AMOUNT_DIFFERENCE,NORMALIZED_NAME,90.00,217.47,
TXN-A-001868-L3750,LOW,QUANTITY_AND_AMOUNT_DIFFERENCE,EXACT_BARCODE,97.00,216.71,
TXN-A-001729-L3472,LOW,QUANTITY_AND_AMOUNT_DIFFERENCE,FUZZY_NAME,89.80,216.67,
TXN-A-001793-L3600,LOW,QUANTITY_AND_AMOUNT_DIFFERENCE,EXACT_BARCODE,97.00,214.04,
TXN-A-001164-L2327,LOW,QUANTITY_AND_AMOUNT_DIFFERENCE,EXACT_BARCODE,97.00,213.14,
TXN-A-002262-L4343,LOW,QUANTITY_AND_AMOUNT_DIFFERENCE,NORMALIZED_NAME,90.00,212.52,
TXN-A-001905-L3824,LOW,QUANTITY_AND_AMOUNT_DIFFERENCE,NORMALIZED_NAME,90.00,211.75,
TXN-A-001828-L3670,LOW,QUANTITY_AND_AMOUNT_DIFFERENCE,EXACT_BARCODE,97.00,211.14,
TXN-A-001780-L3574,LOW,QUANTITY_AND_AMOUNT_DIFFERENCE,FUZZY_NAME,82.60,210.34,
TXN-A-001284-L2567,LOW,QUANTITY_AND_AMOUNT_DIFFERENCE,EXACT_BARCODE,97.00,210.26,
TXN-A-001650-L3293,LOW,QUANTITY_AND_AMOUNT_DIFFERENCE,EXACT_BARCODE,97.00,210.26,
TXN-A-001911-L3836,LOW,QUANTITY_AND_AMOUNT_DIFFERENCE,EXACT_PRIMARY_ID,100.00,208.54,
TXN-A-001367-L2733,LOW,QUANTITY_AND_AMOUNT_DIFFERENCE,EXACT_BARCODE,97.00,208.43,
TXN-A-001437-L2873,LOW,QUANTITY_AND_AMOUNT_DIFFERENCE,EXACT_BARCODE,97.00,208.25,
TXN-A-001448-L2895,LOW,QUANTITY_AND_AMOUNT_DIFFERENCE,EXACT_PRODUCT_CODE,95.00,207.88,
TXN-A-001232-L2463,LOW,QUANTITY_AND_AMOUNT_DIFFERENCE,EXACT_BARCODE,97.00,207.33,
TXN-A-001146-L2291,LOW,QUANTITY_AND_AMOUNT_DIFFERENCE,EXACT_BARCODE,97.00,206.84,
TXN-A-001504-L3007,LOW,QUANTITY_AND_AMOUNT_DIFFERENCE,EXACT_BARCODE,97.00,204.69,
TXN-A-001608-L3183,LOW,QUANTITY_AND_AMOUNT_DIFFERENCE,FUZZY_NAME,92.30,204.35,
TXN-A-001293-L2585,LOW,QUANTITY_AND_AMOUNT_DIFFERENCE,EXACT_BARCODE,97.00,202.36,
TXN-A-001814-L3642,LOW,QUANTITY_AND_AMOUNT_DIFFERENCE,NORMALIZED_NAME,90.00,201.73,
TXN-A-001215-L2429,LOW,QUANTITY_AND_AMOUNT_DIFFERENCE,EXACT_BARCODE,97.00,201.66,
TXN-A-001890-L3794,LOW,QUANTITY_AND_AMOUNT_DIFFERENCE,EXACT_PRODUCT_CODE,95.00,200.47,
TXN-A-001614-L3189,LOW,QUANTITY_AND_AMOUNT_DIFFERENCE,EXACT_BARCODE,97.00,200.44,
TXN-A-001495-L2989,LOW,QUANTITY_AND_AMOUNT_DIFFERENCE,NORMALIZED_NAME,90.00,199.74,
TXN-A-001315-L2629,LOW,QUANTITY_AND_AMOUNT_DIFFERENCE,EXACT_PRODUCT_CODE,95.00,198.79,
TXN-A-001145-L2289,LOW,QUANTITY_AND_AMOUNT_DIFFERENCE,EXACT_BARCODE,97.00,197.65,
TXN-A-001566-L3141,LOW,QUANTITY_AND_AMOUNT_DIFFERENCE,EXACT_PRODUCT_CODE,95.00,197.09,
TXN-A-001165-L2329,LOW,QUANTITY_AND_AMOUNT_DIFFERENCE,EXACT_BARCODE,97.00,196.55,
TXN-A-001914-L3842,LOW,QUANTITY_AND_AMOUNT_DIFFERENCE,EXACT_BARCODE,97.00,196.53,
TXN-A-001198-L2395,LOW,QUANTITY_AND_AMOUNT_DIFFERENCE,EXACT_BARCODE,97.00,194.55,
TXN-A-001408-L2815,LOW,QUANTITY_AND_AMOUNT_DIFFERENCE,EXACT_BARCODE,97.00,194.46,
TXN-A-002035-L01,LOW,QUANTITY_AND_AMOUNT_DIFFERENCE,EXACT_PRODUCT_CODE,95.00,194.17,LOW_CONFIDENCE_MATCH;UNRESOLVED_TRANSACTION
TXN-A-001693-L3400,LOW,QUANTITY_AND_AMOUNT_DIFFERENCE,EXACT_PRIMARY_ID,100.00,194.04,
TXN-A-001513-L3025,LOW,QUANTITY_AND_AMOUNT_DIFFERENCE,EXACT_PRODUCT_CODE,95.00,193.31,
TXN-A-001371-L2741,LOW,QUANTITY_AND_AMOUNT_DIFFERENCE,NORMALIZED_NAME,90.00,192.58,
TXN-A-002159-L4162,LOW,QUANTITY_AND_AMOUNT_DIFFERENCE,FUZZY_NAME,86.70,191.89,
TXN-A-002020-L02,LOW,QUANTITY_AND_AMOUNT_DIFFERENCE,NORMALIZED_NAME,90.00,191.78,
TXN-A-001706-L3426,LOW,QUANTITY_AND_AMOUNT_DIFFERENCE,EXACT_BARCODE,97.00,189.82,
TXN-A-001307-L2613,LOW,QUANTITY_AND_AMOUNT_DIFFERENCE,EXACT_BARCODE,97.00,187.78,
TXN-A-001832-L3678,LOW,QUANTITY_AND_AMOUNT_DIFFERENCE,FUZZY_NAME,86.70,186.59,
TXN-A-001381-L2761,LOW,QUANTITY_AND_AMOUNT_DIFFERENCE,EXACT_BARCODE,97.00,185.68,
TXN-A-001632-L3239,LOW,QUANTITY_AND_AMOUNT_DIFFERENCE,EXACT_BARCODE,97.00,183.22,
TXN-A-001152-L2303,LOW,QUANTITY_AND_AMOUNT_DIFFERENCE,EXACT_BARCODE,97.00,182.86,
TXN-A-002013-L01,LOW,QUANTITY_AND_AMOUNT_DIFFERENCE,FUZZY_NAME,85.70,181.98,
TXN-A-001331-L2661,LOW,QUANTITY_AND_AMOUNT_DIFFERENCE,EXACT_BARCODE,97.00,181.74,
TXN-A-001825-L3664,LOW,QUANTITY_AND_AMOUNT_DIFFERENCE,EXACT_PRODUCT_CODE,95.00,180.26,
TXN-A-001755-L3524,LOW,QUANTITY_AND_AMOUNT_DIFFERENCE,FUZZY_NAME,84.20,180.09,
TXN-A-001647-L3284,LOW,QUANTITY_AND_AMOUNT_DIFFERENCE,EXACT_BARCODE,97.00,178.07,
TXN-A-001683-L3380,LOW,QUANTITY_AND_AMOUNT_DIFFERENCE,FUZZY_NAME,82.80,178.02,
TXN-A-001175-L2349,LOW,QUANTITY_AND_AMOUNT_DIFFERENCE,EXACT_BARCODE,97.00,177.87,
TXN-A-001502-L3003,LOW,QUANTITY_AND_AMOUNT_DIFFERENCE,EXACT_BARCODE,97.00,177.65,
TXN-A-001561-L3136,LOW,QUANTITY_AND_AMOUNT_DIFFERENCE,FUZZY_NAME,80.00,177.16,
TXN-A-001697-L3408,LOW,QUANTITY_AND_AMOUNT_DIFFERENCE,EXACT_PRODUCT_CODE,95.00,176.86,
TXN-A-002009-L01,LOW,QUANTITY_AND_AMOUNT_DIFFERENCE,EXACT_BARCODE,97.00,176.82,
TXN-A-001869-L3752,LOW,QUANTITY_AND_AMOUNT_DIFFERENCE,EXACT_BARCODE,97.00,176.80,
TXN-A-001316-L2631,LOW,QUANTITY_AND_AMOUNT_DIFFERENCE,EXACT_BARCODE,97.00,176.23,
TXN-A-001662-L3329,LOW,QUANTITY_AND_AMOUNT_DIFFERENCE,NORMALIZED_NAME,90.00,176.23,
TXN-A-001655-L3308,LOW,QUANTITY_AND_AMOUNT_DIFFERENCE,EXACT_BARCODE,97.00,176.19,
TXN-A-001341-L2681,LOW,QUANTITY_AND_AMOUNT_DIFFERENCE,EXACT_BARCODE,97.00,176.09,
TXN-A-001283-L2565,LOW,QUANTITY_AND_AMOUNT_DIFFERENCE,EXACT_BARCODE,97.00,175.88,
TXN-A-001351-L2701,LOW,QUANTITY_AND_AMOUNT_DIFFERENCE,EXACT_BARCODE,97.00,175.31,
TXN-A-001893-L3800,LOW,QUANTITY_AND_AMOUNT_DIFFERENCE,EXACT_BARCODE,97.00,175.22,
TXN-A-001477-L2953,LOW,QUANTITY_AND_AMOUNT_DIFFERENCE,EXACT_BARCODE,97.00,174.91,
TXN-A-001707-L3428,LOW,QUANTITY_AND_AMOUNT_DIFFERENCE,EXACT_PRIMARY_ID,100.00,174.68,
TXN-A-001333-L2665,LOW,QUANTITY_AND_AMOUNT_DIFFERENCE,EXACT_BARCODE,97.00,174.26,
TXN-A-001558-L3133,LOW,QUANTITY_AND_AMOUNT_DIFFERENCE,FUZZY_NAME,80.70,171.29,
TXN-A-001514-L3027,LOW,QUANTITY_AND_AMOUNT_DIFFERENCE,FUZZY_NAME,89.40,170.41,
TXN-A-001885-L3784,LOW,QUANTITY_AND_AMOUNT_DIFFERENCE,EXACT_BARCODE,97.00,169.95,
TXN-A-001471-L2941,LOW,QUANTITY_AND_AMOUNT_DIFFERENCE,EXACT_PRODUCT_CODE,95.00,169.08,
TXN-A-001778-L3570,LOW,QUANTITY_AND_AMOUNT_DIFFERENCE,NORMALIZED_NAME,90.00,168.28,
TXN-A-001327-L2653,LOW,QUANTITY_AND_AMOUNT_DIFFERENCE,EXACT_BARCODE,97.00,168.11,
TXN-A-001441-L2881,LOW,QUANTITY_AND_AMOUNT_DIFFERENCE,EXACT_BARCODE,97.00,167.88,
TXN-A-001212-L2423,LOW,QUANTITY_AND_AMOUNT_DIFFERENCE,EXACT_BARCODE,97.00,167.85,
TXN-A-001191-L2381,LOW,QUANTITY_AND_AMOUNT_DIFFERENCE,EXACT_BARCODE,97.00,166.66,
TXN-A-001747-L3508,LOW,QUANTITY_AND_AMOUNT_DIFFERENCE,EXACT_BARCODE,97.00,166.58,
TXN-A-001681-L3376,LOW,QUANTITY_AND_AMOUNT_DIFFERENCE,FUZZY_NAME,92.30,165.69,
TXN-A-001835-L3684,LOW,QUANTITY_AND_AMOUNT_DIFFERENCE,NORMALIZED_NAME,90.00,164.87,
TXN-A-001309-L2617,LOW,QUANTITY_AND_AMOUNT_DIFFERENCE,EXACT_BARCODE,97.00,164.30,
TXN-A-001525-L3100,LOW,QUANTITY_AND_AMOUNT_DIFFERENCE,EXACT_BARCODE,97.00,163.63,
TXN-A-002255-L4329,LOW,QUANTITY_AND_AMOUNT_DIFFERENCE,EXACT_BARCODE,97.00,162.57,
TXN-A-001491-L2981,LOW,QUANTITY_AND_AMOUNT_DIFFERENCE,EXACT_BARCODE,97.00,162.08,
TXN-A-001586-L3161,LOW,QUANTITY_AND_AMOUNT_DIFFERENCE,FUZZY_NAME,80.00,161.59,
TXN-A-001172-L2343,LOW,QUANTITY_AND_AMOUNT_DIFFERENCE,EXACT_BARCODE,97.00,161.55,
TXN-A-001571-L3146,LOW,QUANTITY_AND_AMOUNT_DIFFERENCE,EXACT_BARCODE,97.00,161.19,
TXN-A-001688-L3390,LOW,QUANTITY_AND_AMOUNT_DIFFERENCE,EXACT_PRODUCT_CODE,95.00,159.93,
TXN-A-001539-L3114,LOW,QUANTITY_AND_AMOUNT_DIFFERENCE,NORMALIZED_NAME,90.00,159.72,
TXN-A-001151-L2301,LOW,QUANTITY_AND_AMOUNT_DIFFERENCE,EXACT_BARCODE,97.00,157.92,
TXN-A-001305-L2609,LOW,QUANTITY_AND_AMOUNT_DIFFERENCE,EXACT_BARCODE,97.00,157.67,
TXN-A-001593-L3168,LOW,QUANTITY_AND_AMOUNT_DIFFERENCE,EXACT_BARCODE,97.00,156.98,
TXN-A-001148-L2295,LOW,QUANTITY_AND_AMOUNT_DIFFERENCE,EXACT_BARCODE,97.00,156.40,
TXN-A-002115-L4085,LOW,QUANTITY_AND_AMOUNT_DIFFERENCE,EXACT_PRODUCT_CODE,95.00,156.23,
TXN-A-001671-L3356,LOW,QUANTITY_AND_AMOUNT_DIFFERENCE,EXACT_PRODUCT_CODE,95.00,156.17,
TXN-A-001726-L3466,LOW,QUANTITY_AND_AMOUNT_DIFFERENCE,EXACT_BARCODE,97.00,155.94,
TXN-A-001353-L2705,LOW,QUANTITY_AND_AMOUNT_DIFFERENCE,EXACT_BARCODE,97.00,155.12,
TXN-A-001484-L2967,LOW,QUANTITY_AND_AMOUNT_DIFFERENCE,EXACT_BARCODE,97.00,154.43,
TXN-A-001488-L2975,LOW,QUANTITY_AND_AMOUNT_DIFFERENCE,EXACT_BARCODE,97.00,154.33,
TXN-A-001680-L3374,LOW,QUANTITY_AND_AMOUNT_DIFFERENCE,EXACT_BARCODE,97.00,154.09,
TXN-A-002151-L4146,LOW,QUANTITY_AND_AMOUNT_DIFFERENCE,NORMALIZED_NAME,90.00,152.67,
TXN-A-001646-L3281,LOW,QUANTITY_AND_AMOUNT_DIFFERENCE,EXACT_BARCODE,97.00,152.63,
TXN-A-001241-L2481,LOW,QUANTITY_AND_AMOUNT_DIFFERENCE,EXACT_BARCODE,97.00,152.14,
TXN-A-001864-L3742,LOW,QUANTITY_AND_AMOUNT_DIFFERENCE,EXACT_BARCODE,97.00,151.97,
TXN-A-001413-L2825,LOW,QUANTITY_AND_AMOUNT_DIFFERENCE,EXACT_BARCODE,97.00,151.62,
TXN-A-001643-L3273,LOW,QUANTITY_AND_AMOUNT_DIFFERENCE,EXACT_BARCODE,97.00,151.50,
TXN-A-001249-L2497,LOW,QUANTITY_AND_AMOUNT_DIFFERENCE,EXACT_BARCODE,97.00,151.48,
TXN-A-001412-L2823,LOW,QUANTITY_AND_AMOUNT_DIFFERENCE,FUZZY_NAME,89.40,150.34,
TXN-A-001518-L3093,LOW,QUANTITY_AND_AMOUNT_DIFFERENCE,FUZZY_NAME,84.20,150.27,
TXN-A-001613-L3188,LOW,QUANTITY_AND_AMOUNT_DIFFERENCE,EXACT_BARCODE,97.00,149.43,
TXN-A-001675-L3364,LOW,QUANTITY_AND_AMOUNT_DIFFERENCE,EXACT_BARCODE,97.00,149.39,
TXN-A-001515-L3029,LOW,QUANTITY_AND_AMOUNT_DIFFERENCE,EXACT_PRODUCT_CODE,95.00,148.95,
TXN-A-001770-L3554,LOW,QUANTITY_AND_AMOUNT_DIFFERENCE,NORMALIZED_NAME,90.00,147.95,
TXN-A-001765-L3544,LOW,QUANTITY_AND_AMOUNT_DIFFERENCE,NORMALIZED_NAME,90.00,147.52,
TXN-A-001250-L2499,LOW,QUANTITY_AND_AMOUNT_DIFFERENCE,EXACT_BARCODE,97.00,147.25,
TXN-A-001461-L2921,LOW,QUANTITY_AND_AMOUNT_DIFFERENCE,EXACT_BARCODE,97.00,147.14,
TXN-A-001393-L2785,LOW,QUANTITY_AND_AMOUNT_DIFFERENCE,EXACT_BARCODE,97.00,146.56,
TXN-A-001541-L3116,LOW,QUANTITY_AND_AMOUNT_DIFFERENCE,FUZZY_NAME,93.30,146.25,
TXN-A-001710-L3434,LOW,QUANTITY_AND_AMOUNT_DIFFERENCE,EXACT_BARCODE,97.00,145.63,
TXN-A-001407-L2813,LOW,QUANTITY_AND_AMOUNT_DIFFERENCE,EXACT_BARCODE,97.00,145.13,
TXN-A-002129-L4102,LOW,QUANTITY_AND_AMOUNT_DIFFERENCE,FUZZY_NAME,92.30,145.10,
TXN-A-001260-L2519,LOW,QUANTITY_AND_AMOUNT_DIFFERENCE,EXACT_BARCODE,97.00,144.77,
TXN-A-001472-L2943,LOW,QUANTITY_AND_AMOUNT_DIFFERENCE,EXACT_BARCODE,97.00,144.47,
TXN-A-001434-L2867,LOW,QUANTITY_AND_AMOUNT_DIFFERENCE,EXACT_BARCODE,97.00,142.90,
TXN-A-001701-L3416,LOW,QUANTITY_AND_AMOUNT_DIFFERENCE,EXACT_BARCODE,97.00,141.12,
TXN-A-001666-L3342,LOW,QUANTITY_AND_AMOUNT_DIFFERENCE,FUZZY_NAME,88.20,139.90,
TXN-A-001704-L3422,LOW,QUANTITY_AND_AMOUNT_DIFFERENCE,FUZZY_NAME,87.50,139.50,
TXN-A-001167-L2333,LOW,QUANTITY_AND_AMOUNT_DIFFERENCE,EXACT_BARCODE,97.00,138.46,
TXN-A-002226-L4271,LOW,QUANTITY_AND_AMOUNT_DIFFERENCE,FUZZY_NAME,80.70,138.14,
TXN-A-001742-L3498,LOW,QUANTITY_AND_AMOUNT_DIFFERENCE,EXACT_BARCODE,97.00,135.27,
TXN-A-001907-L3828,LOW,QUANTITY_AND_AMOUNT_DIFFERENCE,EXACT_BARCODE,97.00,135.18,
TXN-A-001519-L3094,LOW,QUANTITY_AND_AMOUNT_DIFFERENCE,FUZZY_NAME,88.50,135.03,
TXN-A-001297-L2593,LOW,QUANTITY_AND_AMOUNT_DIFFERENCE,EXACT_BARCODE,97.00,134.90,
TXN-A-001917-L3848,LOW,QUANTITY_AND_AMOUNT_DIFFERENCE,EXACT_BARCODE,97.00,134.33,
TXN-A-001144-L2287,LOW,QUANTITY_AND_AMOUNT_DIFFERENCE,EXACT_BARCODE,97.00,132.66,
TXN-A-001377-L2753,LOW,QUANTITY_AND_AMOUNT_DIFFERENCE,EXACT_PRODUCT_CODE,95.00,132.66,
TXN-A-001591-L3166,LOW,QUANTITY_AND_AMOUNT_DIFFERENCE,FUZZY_NAME,85.10,132.57,
TXN-A-001291-L2581,LOW,QUANTITY_AND_AMOUNT_DIFFERENCE,EXACT_PRODUCT_CODE,95.00,132.39,
TXN-A-001184-L2367,LOW,QUANTITY_AND_AMOUNT_DIFFERENCE,EXACT_BARCODE,97.00,131.82,
TXN-A-001634-L3246,LOW,QUANTITY_AND_AMOUNT_DIFFERENCE,EXACT_BARCODE,97.00,131.78,
TXN-A-001485-L2969,LOW,QUANTITY_AND_AMOUNT_DIFFERENCE,FUZZY_NAME,81.00,131.05,
TXN-A-001698-L3410,LOW,QUANTITY_AND_AMOUNT_DIFFERENCE,EXACT_PRODUCT_CODE,95.00,130.74,
TXN-A-001816-L3646,LOW,QUANTITY_AND_AMOUNT_DIFFERENCE,EXACT_PRODUCT_CODE,95.00,130.59,
TXN-A-001439-L2877,LOW,QUANTITY_AND_AMOUNT_DIFFERENCE,EXACT_BARCODE,97.00,129.82,
TXN-A-001617-L3195,LOW,QUANTITY_AND_AMOUNT_DIFFERENCE,EXACT_BARCODE,97.00,129.12,
TXN-A-001244-L2487,LOW,QUANTITY_AND_AMOUNT_DIFFERENCE,EXACT_BARCODE,97.00,128.83,
TXN-A-001166-L2331,LOW,QUANTITY_AND_AMOUNT_DIFFERENCE,EXACT_BARCODE,97.00,128.35,
TXN-A-001524-L3099,LOW,QUANTITY_AND_AMOUNT_DIFFERENCE,EXACT_BARCODE,97.00,128.18,
TXN-A-001464-L2927,LOW,QUANTITY_AND_AMOUNT_DIFFERENCE,EXACT_BARCODE,97.00,127.79,
TXN-A-001395-L2789,LOW,QUANTITY_AND_AMOUNT_DIFFERENCE,EXACT_BARCODE,97.00,126.98,
TXN-A-001676-L3366,LOW,QUANTITY_AND_AMOUNT_DIFFERENCE,EXACT_BARCODE,97.00,126.47,
TXN-A-001677-L3368,LOW,QUANTITY_AND_AMOUNT_DIFFERENCE,EXACT_BARCODE,97.00,126.42,
TXN-A-001606-L3181,LOW,QUANTITY_AND_AMOUNT_DIFFERENCE,EXACT_BARCODE,97.00,126.05,
TXN-A-002087-L4057,LOW,QUANTITY_AND_AMOUNT_DIFFERENCE,EXACT_PRODUCT_CODE,95.00,124.48,
TXN-A-001573-L3148,LOW,QUANTITY_AND_AMOUNT_DIFFERENCE,EXACT_BARCODE,97.00,124.16,
TXN-A-001722-L3458,LOW,QUANTITY_AND_AMOUNT_DIFFERENCE,EXACT_PRODUCT_CODE,95.00,122.50,
TXN-A-001548-L3123,LOW,QUANTITY_AND_AMOUNT_DIFFERENCE,FUZZY_NAME,90.20,122.11,
TXN-A-001529-L3104,LOW,QUANTITY_AND_AMOUNT_DIFFERENCE,EXACT_BARCODE,97.00,121.94,
TXN-A-001319-L2637,LOW,QUANTITY_AND_AMOUNT_DIFFERENCE,EXACT_BARCODE,97.00,121.45,
TXN-A-001588-L3163,LOW,QUANTITY_AND_AMOUNT_DIFFERENCE,EXACT_BARCODE,97.00,119.48,
TXN-A-001271-L2541,LOW,QUANTITY_AND_AMOUNT_DIFFERENCE,EXACT_BARCODE,97.00,119.37,
TXN-A-001537-L3112,LOW,QUANTITY_AND_AMOUNT_DIFFERENCE,EXACT_BARCODE,97.00,118.59,
TXN-A-001486-L2971,LOW,QUANTITY_AND_AMOUNT_DIFFERENCE,FUZZY_NAME,92.60,118.34,
TXN-A-001216-L2431,LOW,QUANTITY_AND_AMOUNT_DIFFERENCE,EXACT_BARCODE,97.00,117.35,
TXN-A-001376-L2751,LOW,QUANTITY_AND_AMOUNT_DIFFERENCE,EXACT_BARCODE,97.00,116.02,
TXN-A-002027-L01,LOW,QUANTITY_AND_AMOUNT_DIFFERENCE,EXACT_BARCODE,97.00,113.59,LOW_CONFIDENCE_MATCH;UNRESOLVED_TRANSACTION
TXN-A-001414-L2827,LOW,QUANTITY_AND_AMOUNT_DIFFERENCE,EXACT_BARCODE,97.00,113.05,
TXN-A-001670-L3353,LOW,QUANTITY_AND_AMOUNT_DIFFERENCE,EXACT_BARCODE,97.00,112.75,
TXN-A-001630-L3234,LOW,QUANTITY_AND_AMOUNT_DIFFERENCE,EXACT_BARCODE,97.00,112.72,
TXN-A-001259-L2517,LOW,QUANTITY_AND_AMOUNT_DIFFERENCE,EXACT_BARCODE,97.00,112.61,
TXN-A-001452-L2903,LOW,QUANTITY_AND_AMOUNT_DIFFERENCE,EXACT_BARCODE,97.00,112.54,
TXN-A-001876-L3766,LOW,QUANTITY_AND_AMOUNT_DIFFERENCE,FUZZY_NAME,83.00,112.44,
TXN-A-001401-L2801,LOW,QUANTITY_AND_AMOUNT_DIFFERENCE,EXACT_BARCODE,97.00,112.25,
TXN-A-001396-L2791,LOW,QUANTITY_AND_AMOUNT_DIFFERENCE,EXACT_BARCODE,97.00,112.07,
TXN-A-001711-L3436,LOW,QUANTITY_AND_AMOUNT_DIFFERENCE,EXACT_BARCODE,97.00,111.65,
TXN-A-001357-L2713,LOW,QUANTITY_AND_AMOUNT_DIFFERENCE,EXACT_BARCODE,97.00,111.49,
TXN-A-001246-L2491,LOW,QUANTITY_AND_AMOUNT_DIFFERENCE,EXACT_BARCODE,97.00,111.47,
TXN-A-001791-L3596,LOW,QUANTITY_AND_AMOUNT_DIFFERENCE,EXACT_BARCODE,97.00,111.27,
TXN-A-001700-L3414,LOW,QUANTITY_AND_AMOUNT_DIFFERENCE,NORMALIZED_NAME,90.00,111.08,
TXN-A-001633-L3243,LOW,QUANTITY_AND_AMOUNT_DIFFERENCE,EXACT_BARCODE,97.00,109.87,
TXN-A-001896-L3806,LOW,QUANTITY_AND_AMOUNT_DIFFERENCE,EXACT_PRIMARY_ID,100.00,109.06,
TXN-A-001874-L3762,LOW,QUANTITY_AND_AMOUNT_DIFFERENCE,EXACT_BARCODE,97.00,109.03,
TXN-A-002017-L01,LOW,QUANTITY_AND_AMOUNT_DIFFERENCE,NORMALIZED_NAME,90.00,108.80,
TXN-A-002029-L01,LOW,QUANTITY_AND_AMOUNT_DIFFERENCE,EXACT_BARCODE,97.00,108.74,
TXN-A-001843-L3700,LOW,QUANTITY_AND_AMOUNT_DIFFERENCE,EXACT_PRODUCT_CODE,95.00,107.73,
TXN-A-001872-L3758,LOW,QUANTITY_AND_AMOUNT_DIFFERENCE,EXACT_PRODUCT_CODE,95.00,105.56,
TXN-A-001282-L2563,LOW,QUANTITY_AND_AMOUNT_DIFFERENCE,EXACT_BARCODE,97.00,105.47,
TXN-A-001229-L2457,LOW,QUANTITY_AND_AMOUNT_DIFFERENCE,EXACT_BARCODE,97.00,105.22,
TXN-A-001785-L3584,LOW,QUANTITY_AND_AMOUNT_DIFFERENCE,NORMALIZED_NAME,90.00,104.14,
TXN-A-001236-L2471,LOW,QUANTITY_AND_AMOUNT_DIFFERENCE,EXACT_BARCODE,97.00,104.00,
TXN-A-001596-L3171,LOW,QUANTITY_AND_AMOUNT_DIFFERENCE,EXACT_BARCODE,97.00,103.60,
TXN-A-001630-L3233,LOW,QUANTITY_AND_AMOUNT_DIFFERENCE,EXACT_BARCODE,97.00,103.21,
TXN-A-001774-L3562,LOW,QUANTITY_AND_AMOUNT_DIFFERENCE,EXACT_BARCODE,97.00,103.02,
TXN-A-001884-L3782,LOW,QUANTITY_AND_AMOUNT_DIFFERENCE,FUZZY_NAME,87.50,102.53,
TXN-A-001440-L2879,LOW,QUANTITY_AND_AMOUNT_DIFFERENCE,FUZZY_NAME,88.40,102.16,
TXN-A-001649-L3291,LOW,QUANTITY_AND_AMOUNT_DIFFERENCE,EXACT_BARCODE,97.00,102.02,
TXN-A-001269-L2537,LOW,QUANTITY_AND_AMOUNT_DIFFERENCE,EXACT_BARCODE,97.00,101.27,
TXN-A-001313-L2625,LOW,QUANTITY_AND_AMOUNT_DIFFERENCE,EXACT_BARCODE,97.00,100.50,
TXN-A-001390-L2779,LOW,QUANTITY_AND_AMOUNT_DIFFERENCE,EXACT_BARCODE,97.00,100.44,
TXN-A-001247-L2493,LOW,QUANTITY_AND_AMOUNT_DIFFERENCE,EXACT_BARCODE,97.00,99.77,
TXN-A-001347-L2693,LOW,QUANTITY_AND_AMOUNT_DIFFERENCE,EXACT_BARCODE,97.00,99.45,
TXN-A-001732-L3478,LOW,QUANTITY_AND_AMOUNT_DIFFERENCE,NORMALIZED_NAME,90.00,98.55,
TXN-A-001213-L2425,LOW,QUANTITY_AND_AMOUNT_DIFFERENCE,EXACT_BARCODE,97.00,98.32,
TXN-A-001908-L3830,LOW,QUANTITY_AND_AMOUNT_DIFFERENCE,EXACT_PRODUCT_CODE,95.00,98.24,
TXN-A-002026-L01,LOW,QUANTITY_AND_AMOUNT_DIFFERENCE,FUZZY_NAME,87.20,97.86,UNRESOLVED_TRANSACTION
TXN-A-001438-L2875,LOW,QUANTITY_AND_AMOUNT_DIFFERENCE,EXACT_BARCODE,97.00,97.53,
TXN-A-001193-L2385,LOW,QUANTITY_AND_AMOUNT_DIFFERENCE,EXACT_BARCODE,97.00,97.05,
TXN-A-001721-L3456,LOW,QUANTITY_AND_AMOUNT_DIFFERENCE,EXACT_BARCODE,97.00,97.03,
TXN-A-001648-L3288,LOW,QUANTITY_AND_AMOUNT_DIFFERENCE,NORMALIZED_NAME,90.00,96.89,
TXN-A-001637-L3255,LOW,QUANTITY_AND_AMOUNT_DIFFERENCE,NORMALIZED_NAME,90.00,96.62,
TXN-A-001323-L2645,LOW,QUANTITY_AND_AMOUNT_DIFFERENCE,EXACT_BARCODE,97.00,96.60,
TXN-A-001321-L2641,LOW,QUANTITY_AND_AMOUNT_DIFFERENCE,EXACT_BARCODE,97.00,96.49,
TXN-A-001601-L3176,LOW,QUANTITY_AND_AMOUNT_DIFFERENCE,EXACT_BARCODE,97.00,96.18,
TXN-A-001489-L2977,LOW,QUANTITY_AND_AMOUNT_DIFFERENCE,EXACT_PRODUCT_CODE,95.00,94.74,
TXN-A-001612-L3187,LOW,QUANTITY_AND_AMOUNT_DIFFERENCE,EXACT_BARCODE,97.00,94.29,
TXN-A-001225-L2449,LOW,QUANTITY_AND_AMOUNT_DIFFERENCE,EXACT_BARCODE,97.00,93.89,
TXN-A-001228-L2455,LOW,QUANTITY_AND_AMOUNT_DIFFERENCE,EXACT_BARCODE,97.00,93.62,
TXN-A-001375-L2749,LOW,QUANTITY_AND_AMOUNT_DIFFERENCE,EXACT_BARCODE,97.00,92.34,
TXN-A-001478-L2955,LOW,QUANTITY_AND_AMOUNT_DIFFERENCE,EXACT_BARCODE,97.00,91.72,
TXN-A-001506-L3011,LOW,QUANTITY_AND_AMOUNT_DIFFERENCE,EXACT_BARCODE,97.00,91.72,
TXN-A-002004-L01,LOW,QUANTITY_AND_AMOUNT_DIFFERENCE,FUZZY_NAME,81.00,90.38,
TXN-A-001754-L3522,LOW,QUANTITY_AND_AMOUNT_DIFFERENCE,EXACT_BARCODE,97.00,89.40,
TXN-A-001559-L3134,LOW,QUANTITY_AND_AMOUNT_DIFFERENCE,EXACT_BARCODE,97.00,87.58,
TXN-A-002008-L01,LOW,QUANTITY_AND_AMOUNT_DIFFERENCE,NORMALIZED_NAME,90.00,87.27,
TXN-A-001766-L3546,LOW,QUANTITY_AND_AMOUNT_DIFFERENCE,EXACT_BARCODE,97.00,86.86,
TXN-A-001610-L3185,LOW,QUANTITY_AND_AMOUNT_DIFFERENCE,FUZZY_NAME,81.00,86.57,
TXN-A-001426-L2851,LOW,QUANTITY_AND_AMOUNT_DIFFERENCE,EXACT_BARCODE,97.00,86.45,
TXN-A-002247-L4313,LOW,QUANTITY_AND_AMOUNT_DIFFERENCE,FUZZY_NAME,80.00,86.40,
TXN-A-001661-L3326,LOW,QUANTITY_AND_AMOUNT_DIFFERENCE,EXACT_PRODUCT_CODE,95.00,85.69,
TXN-A-001903-L3820,LOW,QUANTITY_AND_AMOUNT_DIFFERENCE,EXACT_PRODUCT_CODE,95.00,85.42,
TXN-A-001133-L2265,LOW,QUANTITY_AND_AMOUNT_DIFFERENCE,EXACT_BARCODE,97.00,85.21,
TXN-A-001748-L3510,LOW,QUANTITY_AND_AMOUNT_DIFFERENCE,FUZZY_NAME,90.50,84.77,
TXN-A-001442-L2883,LOW,QUANTITY_AND_AMOUNT_DIFFERENCE,EXACT_BARCODE,97.00,84.28,
TXN-A-001562-L3137,LOW,QUANTITY_AND_AMOUNT_DIFFERENCE,EXACT_BARCODE,97.00,84.10,
TXN-A-001569-L3144,LOW,QUANTITY_AND_AMOUNT_DIFFERENCE,EXACT_BARCODE,97.00,84.00,
TXN-A-001416-L2831,LOW,QUANTITY_AND_AMOUNT_DIFFERENCE,EXACT_BARCODE,97.00,83.62,
TXN-A-001664-L3336,LOW,QUANTITY_AND_AMOUNT_DIFFERENCE,EXACT_BARCODE,97.00,83.40,
TXN-A-001431-L2861,LOW,QUANTITY_AND_AMOUNT_DIFFERENCE,EXACT_BARCODE,97.00,82.97,
TXN-A-001285-L2569,LOW,QUANTITY_AND_AMOUNT_DIFFERENCE,EXACT_PRODUCT_CODE,95.00,82.57,
TXN-A-001531-L3106,LOW,QUANTITY_AND_AMOUNT_DIFFERENCE,FUZZY_NAME,89.40,82.22,
TXN-A-001849-L3712,LOW,QUANTITY_AND_AMOUNT_DIFFERENCE,EXACT_PRODUCT_CODE,95.00,82.04,
TXN-A-001653-L3302,LOW,QUANTITY_AND_AMOUNT_DIFFERENCE,EXACT_BARCODE,97.00,81.88,
TXN-A-001654-L3306,LOW,QUANTITY_AND_AMOUNT_DIFFERENCE,EXACT_PRODUCT_CODE,95.00,81.63,
TXN-A-001173-L2345,LOW,QUANTITY_AND_AMOUNT_DIFFERENCE,EXACT_BARCODE,97.00,81.40,
TXN-A-001618-L3197,LOW,QUANTITY_AND_AMOUNT_DIFFERENCE,NORMALIZED_NAME,90.00,81.34,
TXN-A-001281-L2561,LOW,QUANTITY_AND_AMOUNT_DIFFERENCE,EXACT_PRODUCT_CODE,95.00,81.01,
TXN-A-001631-L3237,LOW,QUANTITY_AND_AMOUNT_DIFFERENCE,EXACT_BARCODE,97.00,80.88,
TXN-A-001810-L3634,LOW,QUANTITY_AND_AMOUNT_DIFFERENCE,NORMALIZED_NAME,90.00,80.84,
TXN-A-001131-L2261,LOW,QUANTITY_AND_AMOUNT_DIFFERENCE,EXACT_BARCODE,97.00,80.71,
TXN-A-001741-L3496,LOW,QUANTITY_AND_AMOUNT_DIFFERENCE,EXACT_BARCODE,97.00,80.00,
TXN-A-001384-L2767,LOW,QUANTITY_AND_AMOUNT_DIFFERENCE,EXACT_BARCODE,97.00,79.94,
TXN-A-001736-L3486,LOW,QUANTITY_AND_AMOUNT_DIFFERENCE,EXACT_BARCODE,97.00,78.89,
TXN-A-001403-L2805,LOW,QUANTITY_AND_AMOUNT_DIFFERENCE,EXACT_BARCODE,97.00,78.71,
TXN-A-001806-L3626,LOW,QUANTITY_AND_AMOUNT_DIFFERENCE,EXACT_PRODUCT_CODE,95.00,78.01,
TXN-A-001899-L3812,LOW,QUANTITY_AND_AMOUNT_DIFFERENCE,NORMALIZED_NAME,90.00,77.98,
TXN-A-001712-L3438,LOW,QUANTITY_AND_AMOUNT_DIFFERENCE,EXACT_BARCODE,97.00,77.65,
TXN-A-001772-L3558,LOW,QUANTITY_AND_AMOUNT_DIFFERENCE,NORMALIZED_NAME,90.00,77.38,
TXN-A-001532-L3107,LOW,QUANTITY_AND_AMOUNT_DIFFERENCE,EXACT_BARCODE,97.00,76.92,
TXN-A-001266-L2531,LOW,QUANTITY_AND_AMOUNT_DIFFERENCE,EXACT_BARCODE,97.00,76.49,
TXN-A-001415-L2829,LOW,QUANTITY_AND_AMOUNT_DIFFERENCE,EXACT_BARCODE,97.00,76.48,
TXN-A-001848-L3710,LOW,QUANTITY_AND_AMOUNT_DIFFERENCE,EXACT_BARCODE,97.00,75.82,
TXN-A-001294-L2587,LOW,QUANTITY_AND_AMOUNT_DIFFERENCE,EXACT_BARCODE,97.00,75.70,
TXN-A-001356-L2711,LOW,QUANTITY_AND_AMOUNT_DIFFERENCE,EXACT_BARCODE,97.00,75.70,
TXN-A-001695-L3404,LOW,QUANTITY_AND_AMOUNT_DIFFERENCE,EXACT_BARCODE,97.00,75.40,
TXN-A-002015-L01,LOW,QUANTITY_AND_AMOUNT_DIFFERENCE,FUZZY_NAME,90.00,74.97,
TXN-A-001557-L3132,LOW,QUANTITY_AND_AMOUNT_DIFFERENCE,FUZZY_NAME,85.10,74.61,
TXN-A-001777-L3568,LOW,QUANTITY_AND_AMOUNT_DIFFERENCE,EXACT_BARCODE,97.00,74.47,
TXN-A-001318-L2635,LOW,QUANTITY_AND_AMOUNT_DIFFERENCE,EXACT_PRODUCT_CODE,95.00,74.40,
TXN-A-001556-L3131,LOW,QUANTITY_AND_AMOUNT_DIFFERENCE,FUZZY_NAME,80.90,74.16,
TXN-A-001487-L2973,LOW,QUANTITY_AND_AMOUNT_DIFFERENCE,EXACT_BARCODE,97.00,73.91,
TXN-A-001258-L2515,LOW,QUANTITY_AND_AMOUNT_DIFFERENCE,EXACT_BARCODE,97.00,73.85,
TXN-A-001738-L3490,LOW,QUANTITY_AND_AMOUNT_DIFFERENCE,EXACT_BARCODE,97.00,73.81,
TXN-A-001469-L2937,LOW,QUANTITY_AND_AMOUNT_DIFFERENCE,EXACT_PRODUCT_CODE,95.00,73.44,
TXN-A-001189-L2377,LOW,QUANTITY_AND_AMOUNT_DIFFERENCE,EXACT_BARCODE,97.00,73.43,
TXN-A-001635-L3248,LOW,QUANTITY_AND_AMOUNT_DIFFERENCE,EXACT_PRODUCT_CODE,95.00,73.43,
TXN-A-001904-L3822,LOW,QUANTITY_AND_AMOUNT_DIFFERENCE,EXACT_PRODUCT_CODE,95.00,73.23,
TXN-A-001857-L3728,LOW,QUANTITY_AND_AMOUNT_DIFFERENCE,FUZZY_NAME,90.90,73.20,
TXN-A-001200-L2399,LOW,QUANTITY_AND_AMOUNT_DIFFERENCE,EXACT_BARCODE,97.00,72.67,
TXN-A-001705-L3424,LOW,QUANTITY_AND_AMOUNT_DIFFERENCE,FUZZY_NAME,86.40,72.08,
TXN-A-002166-L4176,LOW,QUANTITY_AND_AMOUNT_DIFFERENCE,NORMALIZED_NAME,90.00,71.51,
TXN-A-001456-L2911,LOW,QUANTITY_AND_AMOUNT_DIFFERENCE,NORMALIZED_NAME,90.00,70.86,
TXN-A-001715-L3444,LOW,QUANTITY_AND_AMOUNT_DIFFERENCE,EXACT_BARCODE,97.00,70.59,
TXN-A-001651-L3297,LOW,QUANTITY_AND_AMOUNT_DIFFERENCE,EXACT_PRODUCT_CODE,95.00,70.41,
TXN-A-002202-L4223,LOW,QUANTITY_AND_AMOUNT_DIFFERENCE,FUZZY_NAME,88.90,70.40,
TXN-A-001580-L3155,LOW,QUANTITY_AND_AMOUNT_DIFFERENCE,FUZZY_NAME,80.80,69.97,
TXN-A-001554-L3129,LOW,QUANTITY_AND_AMOUNT_DIFFERENCE,EXACT_PRODUCT_CODE,95.00,69.78,
TXN-A-001716-L3446,LOW,QUANTITY_AND_AMOUNT_DIFFERENCE,EXACT_PRIMARY_ID,100.00,68.90,
TXN-A-001196-L2391,LOW,QUANTITY_AND_AMOUNT_DIFFERENCE,EXACT_BARCODE,97.00,68.56,
TXN-A-001310-L2619,LOW,QUANTITY_AND_AMOUNT_DIFFERENCE,EXACT_BARCODE,97.00,68.51,
TXN-A-001509-L3017,LOW,QUANTITY_AND_AMOUNT_DIFFERENCE,EXACT_BARCODE,97.00,68.27,
TXN-A-001517-L3092,LOW,QUANTITY_AND_AMOUNT_DIFFERENCE,EXACT_BARCODE,97.00,68.27,
TXN-A-001157-L2313,LOW,QUANTITY_AND_AMOUNT_DIFFERENCE,EXACT_BARCODE,97.00,67.89,
TXN-A-001423-L2845,LOW,QUANTITY_AND_AMOUNT_DIFFERENCE,EXACT_BARCODE,97.00,67.81,
TXN-A-001866-L3746,LOW,QUANTITY_AND_AMOUNT_DIFFERENCE,EXACT_BARCODE,97.00,67.61,
TXN-A-001853-L3720,LOW,QUANTITY_AND_AMOUNT_DIFFERENCE,NORMALIZED_NAME,90.00,67.57,
TXN-A-001916-L3846,LOW,QUANTITY_AND_AMOUNT_DIFFERENCE,NORMALIZED_NAME,90.00,67.57,
TXN-A-001623-L3212,LOW,QUANTITY_AND_AMOUNT_DIFFERENCE,EXACT_BARCODE,97.00,66.95,
TXN-A-002029-L01,LOW,QUANTITY_AND_AMOUNT_DIFFERENCE,EXACT_BARCODE,97.00,66.59,
TXN-A-001865-L3744,LOW,QUANTITY_AND_AMOUNT_DIFFERENCE,FUZZY_NAME,80.80,66.52,
TXN-A-001238-L2475,LOW,QUANTITY_AND_AMOUNT_DIFFERENCE,EXACT_BARCODE,97.00,66.29,
TXN-A-001261-L2521,LOW,QUANTITY_AND_AMOUNT_DIFFERENCE,EXACT_BARCODE,97.00,66.28,
TXN-A-001758-L3530,LOW,QUANTITY_AND_AMOUNT_DIFFERENCE,EXACT_BARCODE,97.00,65.76,
TXN-A-001139-L2277,LOW,QUANTITY_AND_AMOUNT_DIFFERENCE,EXACT_BARCODE,97.00,65.70,
TXN-A-001252-L2503,LOW,QUANTITY_AND_AMOUNT_DIFFERENCE,EXACT_BARCODE,97.00,65.67,
TXN-A-001186-L2371,LOW,QUANTITY_AND_AMOUNT_DIFFERENCE,EXACT_BARCODE,97.00,65.57,
TXN-A-001855-L3724,LOW,QUANTITY_AND_AMOUNT_DIFFERENCE,EXACT_BARCODE,97.00,65.25,
TXN-A-001702-L3418,LOW,QUANTITY_AND_AMOUNT_DIFFERENCE,NORMALIZED_NAME,90.00,64.68,
TXN-A-002020-L01,LOW,QUANTITY_AND_AMOUNT_DIFFERENCE,NORMALIZED_NAME,90.00,64.41,
TXN-A-001520-L3095,LOW,QUANTITY_AND_AMOUNT_DIFFERENCE,EXACT_BARCODE,97.00,63.55,
TXN-A-001417-L2833,LOW,QUANTITY_AND_AMOUNT_DIFFERENCE,EXACT_BARCODE,97.00,63.47,
TXN-A-001668-L3347,LOW,QUANTITY_AND_AMOUNT_DIFFERENCE,EXACT_BARCODE,97.00,62.99,
TXN-A-001887-L3788,LOW,QUANTITY_AND_AMOUNT_DIFFERENCE,NORMALIZED_NAME,90.00,62.64,
TXN-A-001699-L3412,LOW,QUANTITY_AND_AMOUNT_DIFFERENCE,FUZZY_NAME,87.20,62.25,
TXN-A-001274-L2547,LOW,QUANTITY_AND_AMOUNT_DIFFERENCE,EXACT_BARCODE,97.00,61.48,
TXN-A-001667-L3345,LOW,QUANTITY_AND_AMOUNT_DIFFERENCE,FUZZY_NAME,88.90,61.17,
TXN-A-001389-L2777,LOW,QUANTITY_AND_AMOUNT_DIFFERENCE,EXACT_PRODUCT_CODE,95.00,59.95,
TXN-A-001328-L2655,LOW,QUANTITY_AND_AMOUNT_DIFFERENCE,EXACT_BARCODE,97.00,59.18,
TXN-A-001169-L2337,LOW,QUANTITY_AND_AMOUNT_DIFFERENCE,EXACT_BARCODE,97.00,58.44,
TXN-A-001159-L2317,LOW,QUANTITY_AND_AMOUNT_DIFFERENCE,EXACT_BARCODE,97.00,58.07,
TXN-A-001753-L3520,LOW,QUANTITY_AND_AMOUNT_DIFFERENCE,EXACT_PRIMARY_ID,100.00,58.06,
TXN-A-001418-L2835,LOW,QUANTITY_AND_AMOUNT_DIFFERENCE,EXACT_BARCODE,97.00,57.48,
TXN-A-001867-L3748,LOW,QUANTITY_AND_AMOUNT_DIFFERENCE,EXACT_PRODUCT_CODE,95.00,56.76,
TXN-A-001511-L3021,LOW,QUANTITY_AND_AMOUNT_DIFFERENCE,EXACT_BARCODE,97.00,56.38,
TXN-A-001459-L2917,LOW,QUANTITY_AND_AMOUNT_DIFFERENCE,EXACT_BARCODE,97.00,55.70,
TXN-A-001827-L3668,LOW,QUANTITY_AND_AMOUNT_DIFFERENCE,FUZZY_NAME,88.00,55.47,
TXN-A-001364-L2727,LOW,QUANTITY_AND_AMOUNT_DIFFERENCE,EXACT_BARCODE,97.00,55.05,
TXN-A-001870-L3754,LOW,QUANTITY_AND_AMOUNT_DIFFERENCE,EXACT_BARCODE,97.00,54.49,
TXN-A-001570-L3145,LOW,QUANTITY_AND_AMOUNT_DIFFERENCE,EXACT_BARCODE,97.00,53.93,
TXN-A-001279-L2557,LOW,QUANTITY_AND_AMOUNT_DIFFERENCE,EXACT_BARCODE,97.00,53.89,
TXN-A-001863-L3740,LOW,QUANTITY_AND_AMOUNT_DIFFERENCE,FUZZY_NAME,85.00,53.79,
TXN-A-001265-L2529,LOW,QUANTITY_AND_AMOUNT_DIFFERENCE,EXACT_BARCODE,97.00,53.78,
TXN-A-001449-L2897,LOW,QUANTITY_AND_AMOUNT_DIFFERENCE,NORMALIZED_NAME,90.00,53.75,
TXN-A-001567-L3142,LOW,QUANTITY_AND_AMOUNT_DIFFERENCE,EXACT_BARCODE,97.00,53.69,
TXN-A-002103-L4073,LOW,QUANTITY_AND_AMOUNT_DIFFERENCE,FUZZY_NAME,86.50,53.66,
TXN-A-001195-L2389,LOW,QUANTITY_AND_AMOUNT_DIFFERENCE,EXACT_BARCODE,97.00,53.46,
TXN-A-001473-L2945,LOW,QUANTITY_AND_AMOUNT_DIFFERENCE,EXACT_BARCODE,97.00,53.44,
TXN-A-001536-L3111,LOW,QUANTITY_AND_AMOUNT_DIFFERENCE,EXACT_BARCODE,97.00,53.44,
TXN-A-001900-L3814,LOW,QUANTITY_AND_AMOUNT_DIFFERENCE,EXACT_PRIMARY_ID,100.00,53.26,
TXN-A-001147-L2293,LOW,QUANTITY_AND_AMOUNT_DIFFERENCE,EXACT_BARCODE,97.00,53.11,
TXN-A-001324-L2647,LOW,QUANTITY_AND_AMOUNT_DIFFERENCE,EXACT_PRODUCT_CODE,95.00,53.07,
TXN-A-001659-L3321,LOW,QUANTITY_AND_AMOUNT_DIFFERENCE,EXACT_BARCODE,97.00,52.85,
TXN-A-001875-L3764,LOW,QUANTITY_AND_AMOUNT_DIFFERENCE,EXACT_PRODUCT_CODE,95.00,52.62,
TXN-A-001744-L3502,LOW,QUANTITY_AND_AMOUNT_DIFFERENCE,EXACT_PRODUCT_CODE,95.00,52.38,
TXN-A-001592-L3167,LOW,QUANTITY_AND_AMOUNT_DIFFERENCE,EXACT_BARCODE,97.00,51.92,
TXN-A-001137-L2273,LOW,QUANTITY_AND_AMOUNT_DIFFERENCE,EXACT_BARCODE,97.00,50.90,
TXN-A-001210-L2419,LOW,QUANTITY_AND_AMOUNT_DIFFERENCE,EXACT_BARCODE,97.00,50.54,
TXN-A-001208-L2415,LOW,QUANTITY_AND_AMOUNT_DIFFERENCE,EXACT_BARCODE,97.00,50.16,
TXN-A-001690-L3394,LOW,QUANTITY_AND_AMOUNT_DIFFERENCE,NORMALIZED_NAME,90.00,50.11,
TXN-A-001882-L3778,LOW,QUANTITY_AND_AMOUNT_DIFFERENCE,EXACT_PRIMARY_ID,100.00,50.05,
TXN-A-001622-L3210,LOW,QUANTITY_AND_AMOUNT_DIFFERENCE,EXACT_BARCODE,97.00,49.67,
TXN-A-001624-L3215,LOW,QUANTITY_AND_AMOUNT_DIFFERENCE,EXACT_BARCODE,97.00,49.16,
TXN-A-001652-L3300,LOW,QUANTITY_AND_AMOUNT_DIFFERENCE,EXACT_PRODUCT_CODE,95.00,49.04,
TXN-A-001304-L2607,LOW,QUANTITY_AND_AMOUNT_DIFFERENCE,EXACT_BARCODE,97.00,48.93,
TXN-A-001647-L3285,LOW,QUANTITY_AND_AMOUNT_DIFFERENCE,NORMALIZED_NAME,90.00,48.72,
TXN-A-001446-L2891,LOW,QUANTITY_AND_AMOUNT_DIFFERENCE,EXACT_BARCODE,97.00,48.41,
TXN-A-001769-L3552,LOW,QUANTITY_AND_AMOUNT_DIFFERENCE,EXACT_BARCODE,97.00,48.33,
TXN-A-001445-L2889,LOW,QUANTITY_AND_AMOUNT_DIFFERENCE,FUZZY_NAME,88.40,48.18,
TXN-A-001568-L3143,LOW,QUANTITY_AND_AMOUNT_DIFFERENCE,EXACT_PRODUCT_CODE,95.00,48.12,
TXN-A-001154-L2307,LOW,QUANTITY_AND_AMOUNT_DIFFERENCE,EXACT_BARCODE,97.00,47.78,
TXN-A-002034-L01,LOW,QUANTITY_AND_AMOUNT_DIFFERENCE,EXACT_BARCODE,97.00,47.38,LOW_CONFIDENCE_MATCH;UNRESOLVED_TRANSACTION
TXN-A-001177-L2353,LOW,QUANTITY_AND_AMOUNT_DIFFERENCE,EXACT_BARCODE,97.00,47.33,
TXN-A-001501-L3001,LOW,QUANTITY_AND_AMOUNT_DIFFERENCE,EXACT_PRODUCT_CODE,95.00,46.91,
TXN-A-001604-L3179,LOW,QUANTITY_AND_AMOUNT_DIFFERENCE,NORMALIZED_NAME,90.00,46.80,
TXN-A-001421-L2841,LOW,QUANTITY_AND_AMOUNT_DIFFERENCE,EXACT_BARCODE,97.00,46.69,
TXN-A-001295-L2589,LOW,QUANTITY_AND_AMOUNT_DIFFERENCE,EXACT_BARCODE,97.00,45.97,
TXN-A-001564-L3139,LOW,QUANTITY_AND_AMOUNT_DIFFERENCE,FUZZY_NAME,85.20,45.48,
TXN-A-001430-L2859,LOW,QUANTITY_AND_AMOUNT_DIFFERENCE,EXACT_BARCODE,97.00,45.37,
TXN-A-001803-L3620,LOW,QUANTITY_AND_AMOUNT_DIFFERENCE,EXACT_BARCODE,97.00,45.16,
TXN-A-001656-L3312,LOW,QUANTITY_AND_AMOUNT_DIFFERENCE,EXACT_BARCODE,97.00,44.87,
TXN-A-001503-L3005,LOW,QUANTITY_AND_AMOUNT_DIFFERENCE,EXACT_PRODUCT_CODE,95.00,44.74,
TXN-A-001877-L3768,LOW,QUANTITY_AND_AMOUNT_DIFFERENCE,EXACT_BARCODE,97.00,44.29,
TXN-A-001841-L3696,LOW,QUANTITY_AND_AMOUNT_DIFFERENCE,FUZZY_NAME,92.00,44.09,
TXN-A-001733-L3480,LOW,QUANTITY_AND_AMOUNT_DIFFERENCE,NORMALIZED_NAME,90.00,43.66,
TXN-A-001335-L2669,LOW,QUANTITY_AND_AMOUNT_DIFFERENCE,EXACT_BARCODE,97.00,43.60,
TXN-A-001223-L2445,LOW,QUANTITY_AND_AMOUNT_DIFFERENCE,EXACT_BARCODE,97.00,43.06,
TXN-A-001620-L3203,LOW,QUANTITY_AND_AMOUNT_DIFFERENCE,EXACT_BARCODE,97.00,42.53,
TXN-A-001859-L3732,LOW,QUANTITY_AND_AMOUNT_DIFFERENCE,EXACT_BARCODE,97.00,42.41,
TXN-A-001185-L2369,LOW,QUANTITY_AND_AMOUNT_DIFFERENCE,EXACT_BARCODE,97.00,41.99,
TXN-A-001180-L2359,LOW,QUANTITY_AND_AMOUNT_DIFFERENCE,EXACT_BARCODE,97.00,41.92,
TXN-A-001352-L2703,LOW,QUANTITY_AND_AMOUNT_DIFFERENCE,EXACT_BARCODE,97.00,41.69,
TXN-A-002021-L01,LOW,QUANTITY_AND_AMOUNT_DIFFERENCE,FUZZY_NAME,80.00,41.58,LOW_CONFIDENCE_MATCH;UNRESOLVED_TRANSACTION
TXN-A-001757-L3528,LOW,QUANTITY_AND_AMOUNT_DIFFERENCE,EXACT_BARCODE,97.00,41.20,
TXN-A-001631-L3236,LOW,QUANTITY_AND_AMOUNT_DIFFERENCE,EXACT_BARCODE,97.00,41.19,
TXN-A-001660-L3324,LOW,QUANTITY_AND_AMOUNT_DIFFERENCE,EXACT_BARCODE,97.00,41.17,
TXN-A-001363-L2725,LOW,QUANTITY_AND_AMOUNT_DIFFERENCE,EXACT_BARCODE,97.00,40.69,
TXN-A-001432-L2863,LOW,QUANTITY_AND_AMOUNT_DIFFERENCE,EXACT_BARCODE,97.00,40.62,
TXN-A-001245-L2489,LOW,QUANTITY_AND_AMOUNT_DIFFERENCE,EXACT_BARCODE,97.00,40.58,
TXN-A-001649-L3290,LOW,QUANTITY_AND_AMOUNT_DIFFERENCE,EXACT_BARCODE,97.00,40.56,
TXN-A-001892-L3798,LOW,QUANTITY_AND_AMOUNT_DIFFERENCE,NORMALIZED_NAME,90.00,40.27,
TXN-A-001678-L3370,LOW,QUANTITY_AND_AMOUNT_DIFFERENCE,EXACT_BARCODE,97.00,39.73,
TXN-A-001199-L2397,LOW,QUANTITY_AND_AMOUNT_DIFFERENCE,EXACT_BARCODE,97.00,39.67,
TXN-A-001894-L3802,LOW,QUANTITY_AND_AMOUNT_DIFFERENCE,FUZZY_NAME,84.00,39.29,
TXN-A-001692-L3398,LOW,QUANTITY_AND_AMOUNT_DIFFERENCE,EXACT_PRIMARY_ID,100.00,39.24,
TXN-A-001178-L2355,LOW,QUANTITY_AND_AMOUNT_DIFFERENCE,EXACT_BARCODE,97.00,39.17,
TXN-A-001534-L3109,LOW,QUANTITY_AND_AMOUNT_DIFFERENCE,EXACT_BARCODE,97.00,38.93,
TXN-A-001379-L2757,LOW,QUANTITY_AND_AMOUNT_DIFFERENCE,EXACT_BARCODE,97.00,38.71,
TXN-A-001221-L2441,LOW,QUANTITY_AND_AMOUNT_DIFFERENCE,EXACT_BARCODE,97.00,38.40,
TXN-A-001842-L3698,LOW,QUANTITY_AND_AMOUNT_DIFFERENCE,EXACT_BARCODE,97.00,38.28,
TXN-A-001717-L3448,LOW,QUANTITY_AND_AMOUNT_DIFFERENCE,NORMALIZED_NAME,90.00,38.24,
TXN-A-001287-L2573,LOW,QUANTITY_AND_AMOUNT_DIFFERENCE,EXACT_BARCODE,97.00,38.03,
TXN-A-001391-L2781,LOW,QUANTITY_AND_AMOUNT_DIFFERENCE,NORMALIZED_NAME,90.00,37.77,
TXN-A-001463-L2925,LOW,QUANTITY_AND_AMOUNT_DIFFERENCE,EXACT_BARCODE,97.00,37.70,
TXN-A-001674-L3362,LOW,QUANTITY_AND_AMOUNT_DIFFERENCE,EXACT_BARCODE,97.00,37.50,
TXN-A-001837-L3688,LOW,QUANTITY_AND_AMOUNT_DIFFERENCE,EXACT_BARCODE,97.00,37.09,
TXN-A-001538-L3113,LOW,QUANTITY_AND_AMOUNT_DIFFERENCE,EXACT_BARCODE,97.00,36.98,
TXN-A-001640-L3264,LOW,QUANTITY_AND_AMOUNT_DIFFERENCE,EXACT_BARCODE,97.00,36.74,
TXN-A-001641-L3267,LOW,QUANTITY_AND_AMOUNT_DIFFERENCE,EXACT_PRODUCT_CODE,95.00,36.73,
TXN-A-001640-L3263,LOW,QUANTITY_AND_AMOUNT_DIFFERENCE,EXACT_BARCODE,97.00,36.45,
TXN-A-001684-L3382,LOW,QUANTITY_AND_AMOUNT_DIFFERENCE,EXACT_BARCODE,97.00,36.36,
TXN-A-001272-L2543,LOW,QUANTITY_AND_AMOUNT_DIFFERENCE,EXACT_BARCODE,97.00,36.16,
TXN-A-001346-L2691,LOW,QUANTITY_AND_AMOUNT_DIFFERENCE,EXACT_BARCODE,97.00,35.83,
TXN-A-001288-L2575,LOW,QUANTITY_AND_AMOUNT_DIFFERENCE,EXACT_BARCODE,97.00,35.79,
TXN-A-001840-L3694,LOW,QUANTITY_AND_AMOUNT_DIFFERENCE,EXACT_BARCODE,97.00,35.76,
TXN-A-001703-L3420,LOW,QUANTITY_AND_AMOUNT_DIFFERENCE,EXACT_BARCODE,97.00,34.94,
TXN-A-001479-L2957,LOW,QUANTITY_AND_AMOUNT_DIFFERENCE,EXACT_BARCODE,97.00,34.46,
TXN-A-001388-L2775,LOW,QUANTITY_AND_AMOUNT_DIFFERENCE,EXACT_BARCODE,97.00,34.44,
TXN-A-001235-L2469,LOW,QUANTITY_AND_AMOUNT_DIFFERENCE,EXACT_BARCODE,97.00,34.33,
TXN-A-001807-L3628,LOW,PRICE_DIFFERENCE,EXACT_PRIMARY_ID,100.00,33.77,
TXN-A-001383-L2765,LOW,QUANTITY_AND_AMOUNT_DIFFERENCE,EXACT_BARCODE,97.00,33.47,
TXN-A-002079-L4049,LOW,QUANTITY_AND_AMOUNT_DIFFERENCE,NORMALIZED_NAME,90.00,33.20,
TXN-A-001912-L3838,LOW,QUANTITY_AND_AMOUNT_DIFFERENCE,EXACT_PRIMARY_ID,100.00,32.86,
TXN-A-001427-L2853,LOW,QUANTITY_AND_AMOUNT_DIFFERENCE,EXACT_PRODUCT_CODE,95.00,31.61,
TXN-A-001192-L2383,LOW,QUANTITY_AND_AMOUNT_DIFFERENCE,EXACT_BARCODE,97.00,31.55,
TXN-A-001474-L2947,LOW,QUANTITY_AND_AMOUNT_DIFFERENCE,EXACT_BARCODE,97.00,31.32,
TXN-A-001475-L2949,LOW,QUANTITY_AND_AMOUNT_DIFFERENCE,EXACT_PRODUCT_CODE,95.00,31.26,
TXN-A-002080-L4050,LOW,QUANTITY_AND_AMOUNT_DIFFERENCE,FUZZY_NAME,85.70,30.52,
TXN-A-001201-L2401,LOW,QUANTITY_AND_AMOUNT_DIFFERENCE,EXACT_BARCODE,97.00,30.03,
TXN-A-001161-L2321,LOW,QUANTITY_AND_AMOUNT_DIFFERENCE,EXACT_BARCODE,97.00,29.71,
TXN-A-001204-L2407,LOW,QUANTITY_AND_AMOUNT_DIFFERENCE,EXACT_BARCODE,97.00,29.48,
TXN-A-001402-L2803,LOW,QUANTITY_AND_AMOUNT_DIFFERENCE,EXACT_PRODUCT_CODE,95.00,29.42,
TXN-A-001663-L3332,LOW,QUANTITY_AND_AMOUNT_DIFFERENCE,NORMALIZED_NAME,90.00,29.11,
TXN-A-001794-L3602,LOW,PRICE_DIFFERENCE,EXACT_PRIMARY_ID,100.00,28.94,
TXN-A-001829-L3672,LOW,QUANTITY_AND_AMOUNT_DIFFERENCE,EXACT_PRODUCT_CODE,95.00,28.61,
TXN-A-001340-L2679,LOW,QUANTITY_AND_AMOUNT_DIFFERENCE,EXACT_BARCODE,97.00,28.48,
TXN-A-001411-L2821,LOW,QUANTITY_AND_AMOUNT_DIFFERENCE,EXACT_PRODUCT_CODE,95.00,28.47,
TXN-A-001508-L3015,LOW,QUANTITY_AND_AMOUNT_DIFFERENCE,EXACT_BARCODE,97.00,28.44,
TXN-A-001143-L2285,LOW,QUANTITY_AND_AMOUNT_DIFFERENCE,EXACT_BARCODE,97.00,28.12,
TXN-A-001657-L3315,LOW,QUANTITY_AND_AMOUNT_DIFFERENCE,EXACT_BARCODE,97.00,28.10,
TXN-A-001662-L3330,LOW,QUANTITY_AND_AMOUNT_DIFFERENCE,EXACT_PRODUCT_CODE,95.00,28.05,
TXN-A-001205-L2409,LOW,QUANTITY_AND_AMOUNT_DIFFERENCE,EXACT_BARCODE,97.00,27.86,
TXN-A-001786-L3586,LOW,PRICE_DIFFERENCE,EXACT_PRIMARY_ID,100.00,27.77,
TXN-A-001727-L3468,LOW,QUANTITY_AND_AMOUNT_DIFFERENCE,EXACT_PRODUCT_CODE,95.00,27.50,
TXN-A-002270-L4359,LOW,QUANTITY_AND_AMOUNT_DIFFERENCE,FUZZY_NAME,82.10,27.49,
TXN-A-001590-L3165,LOW,QUANTITY_AND_AMOUNT_DIFFERENCE,EXACT_BARCODE,97.00,27.47,
TXN-A-001670-L3354,LOW,QUANTITY_AND_AMOUNT_DIFFERENCE,EXACT_PRODUCT_CODE,95.00,27.40,
TXN-A-001796-L3606,LOW,QUANTITY_AND_AMOUNT_DIFFERENCE,EXACT_BARCODE,97.00,27.37,
TXN-A-001595-L3170,LOW,QUANTITY_AND_AMOUNT_DIFFERENCE,EXACT_BARCODE,97.00,27.24,
TXN-A-001798-L3610,LOW,QUANTITY_AND_AMOUNT_DIFFERENCE,EXACT_BARCODE,97.00,27.16,
TXN-A-001255-L2509,LOW,QUANTITY_AND_AMOUNT_DIFFERENCE,EXACT_BARCODE,97.00,26.98,
TXN-A-001636-L3251,LOW,QUANTITY_AND_AMOUNT_DIFFERENCE,FUZZY_NAME,88.50,25.85,
TXN-A-001812-L3638,LOW,QUANTITY_AND_AMOUNT_DIFFERENCE,EXACT_BARCODE,97.00,25.76,
TXN-A-001237-L2473,LOW,QUANTITY_AND_AMOUNT_DIFFERENCE,EXACT_BARCODE,97.00,25.60,
TXN-A-001795-L3604,LOW,PRICE_DIFFERENCE,EXACT_PRIMARY_ID,100.00,25.58,
TXN-A-001527-L3102,LOW,QUANTITY_AND_AMOUNT_DIFFERENCE,EXACT_BARCODE,97.00,25.54,
TXN-A-001628-L3227,LOW,QUANTITY_AND_AMOUNT_DIFFERENCE,EXACT_BARCODE,97.00,25.15,
TXN-A-001378-L2755,LOW,QUANTITY_AND_AMOUNT_DIFFERENCE,EXACT_BARCODE,97.00,25.09,
TXN-A-001809-L3632,LOW,QUANTITY_AND_AMOUNT_DIFFERENCE,EXACT_BARCODE,97.00,24.89,
TXN-A-001278-L2555,LOW,QUANTITY_AND_AMOUNT_DIFFERENCE,EXACT_BARCODE,97.00,24.56,
TXN-A-001658-L3318,LOW,QUANTITY_AND_AMOUNT_DIFFERENCE,EXACT_BARCODE,97.00,24.30,
TXN-A-001326-L2651,LOW,QUANTITY_AND_AMOUNT_DIFFERENCE,EXACT_BARCODE,97.00,24.24,
TXN-A-001801-L3616,LOW,QUANTITY_AND_AMOUNT_DIFFERENCE,NORMALIZED_NAME,90.00,24.22,
TXN-A-001211-L2421,LOW,QUANTITY_AND_AMOUNT_DIFFERENCE,EXACT_BARCODE,97.00,24.09,
TXN-A-001639-L3260,LOW,QUANTITY_AND_AMOUNT_DIFFERENCE,EXACT_BARCODE,97.00,24.02,
TXN-A-001919-L3852,LOW,QUANTITY_AND_AMOUNT_DIFFERENCE,NORMALIZED_NAME,90.00,23.89,
TXN-A-001623-L3213,LOW,QUANTITY_AND_AMOUNT_DIFFERENCE,FUZZY_NAME,90.60,23.24,
TXN-A-001634-L3245,LOW,QUANTITY_AND_AMOUNT_DIFFERENCE,NORMALIZED_NAME,90.00,22.94,
TXN-A-001545-L3120,LOW,QUANTITY_AND_AMOUNT_DIFFERENCE,EXACT_BARCODE,97.00,22.74,
TXN-A-001141-L2281,LOW,QUANTITY_AND_AMOUNT_DIFFERENCE,EXACT_BARCODE,97.00,22.49,
TXN-A-001819-L3652,LOW,PRICE_DIFFERENCE,EXACT_PRIMARY_ID,100.00,22.19,
TXN-A-001468-L2935,LOW,QUANTITY_AND_AMOUNT_DIFFERENCE,FUZZY_NAME,89.40,21.79,
TXN-A-001444-L2887,LOW,QUANTITY_AND_AMOUNT_DIFFERENCE,EXACT_BARCODE,97.00,21.36,
TXN-A-001149-L2297,LOW,QUANTITY_AND_AMOUNT_DIFFERENCE,EXACT_BARCODE,97.00,21.31,
TXN-A-001788-L3590,LOW,QUANTITY_AND_AMOUNT_DIFFERENCE,EXACT_BARCODE,97.00,21.23,
TXN-A-001526-L3101,LOW,QUANTITY_AND_AMOUNT_DIFFERENCE,EXACT_BARCODE,97.00,21.19,
TXN-A-001621-L3207,LOW,QUANTITY_AND_AMOUNT_DIFFERENCE,EXACT_BARCODE,97.00,20.86,
TXN-A-001339-L2677,LOW,QUANTITY_AND_AMOUNT_DIFFERENCE,EXACT_BARCODE,97.00,20.68,
TXN-A-001689-L3392,LOW,QUANTITY_AND_AMOUNT_DIFFERENCE,EXACT_BARCODE,97.00,20.33,
TXN-A-001656-L3311,LOW,QUANTITY_AND_AMOUNT_DIFFERENCE,EXACT_BARCODE,97.00,19.82,
TXN-A-001419-L2837,LOW,QUANTITY_AND_AMOUNT_DIFFERENCE,NORMALIZED_NAME,90.00,19.76,
TXN-A-001879-L3772,LOW,QUANTITY_AND_AMOUNT_DIFFERENCE,EXACT_BARCODE,97.00,19.75,
TXN-A-001481-L2961,LOW,QUANTITY_AND_AMOUNT_DIFFERENCE,EXACT_BARCODE,97.00,19.74,
TXN-A-001658-L3317,LOW,QUANTITY_AND_AMOUNT_DIFFERENCE,EXACT_BARCODE,97.00,19.06,
TXN-A-001314-L2627,LOW,QUANTITY_AND_AMOUNT_DIFFERENCE,EXACT_BARCODE,97.00,18.92,
TXN-A-001179-L2357,LOW,QUANTITY_AND_AMOUNT_DIFFERENCE,EXACT_BARCODE,97.00,18.91,
TXN-A-001802-L3618,LOW,PRICE_DIFFERENCE,EXACT_PRIMARY_ID,100.00,18.91,
TXN-A-001505-L3009,LOW,QUANTITY_AND_AMOUNT_DIFFERENCE,NORMALIZED_NAME,90.00,18.89,
TXN-A-001135-L2269,LOW,QUANTITY_AND_AMOUNT_DIFFERENCE,EXACT_BARCODE,97.00,18.83,
TXN-A-001362-L2723,LOW,QUANTITY_AND_AMOUNT_DIFFERENCE,EXACT_PRODUCT_CODE,95.00,18.83,
TXN-A-001320-L2639,LOW,QUANTITY_AND_AMOUNT_DIFFERENCE,EXACT_BARCODE,97.00,18.64,
TXN-A-002023-L01,LOW,QUANTITY_AND_AMOUNT_DIFFERENCE,NORMALIZED_NAME,90.00,18.30,UNRESOLVED_TRANSACTION
TXN-A-001262-L2523,LOW,QUANTITY_AND_AMOUNT_DIFFERENCE,EXACT_BARCODE,97.00,18.21,
TXN-A-001207-L2413,LOW,QUANTITY_AND_AMOUNT_DIFFERENCE,EXACT_BARCODE,97.00,17.91,
TXN-A-001901-L3816,LOW,QUANTITY_AND_AMOUNT_DIFFERENCE,EXACT_PRIMARY_ID,100.00,17.65,
TXN-A-001660-L3323,LOW,QUANTITY_AND_AMOUNT_DIFFERENCE,EXACT_BARCODE,97.00,17.40,
TXN-A-001397-L2793,LOW,QUANTITY_AND_AMOUNT_DIFFERENCE,EXACT_BARCODE,97.00,17.15,
TXN-A-001667-L3344,LOW,QUANTITY_AND_AMOUNT_DIFFERENCE,EXACT_BARCODE,97.00,16.69,
TXN-A-001399-L2797,LOW,QUANTITY_AND_AMOUNT_DIFFERENCE,EXACT_BARCODE,97.00,16.59,
TXN-A-001306-L2611,LOW,QUANTITY_AND_AMOUNT_DIFFERENCE,EXACT_BARCODE,97.00,16.13,
TXN-A-001665-L3339,LOW,QUANTITY_AND_AMOUNT_DIFFERENCE,EXACT_PRODUCT_CODE,95.00,16.11,
TXN-A-001497-L2993,LOW,QUANTITY_AND_AMOUNT_DIFFERENCE,EXACT_BARCODE,97.00,15.42,
TXN-A-001638-L3257,LOW,QUANTITY_AND_AMOUNT_DIFFERENCE,EXACT_BARCODE,97.00,14.25,
TXN-A-002003-L01,LOW,QUANTITY_AND_AMOUNT_DIFFERENCE,NORMALIZED_NAME,90.00,13.41,
TXN-A-001194-L2387,LOW,QUANTITY_AND_AMOUNT_DIFFERENCE,EXACT_BARCODE,97.00,13.12,
TXN-A-001530-L3105,LOW,QUANTITY_AND_AMOUNT_DIFFERENCE,EXACT_PRODUCT_CODE,95.00,12.88,
TXN-A-002280-L4379,LOW,QUANTITY_AND_AMOUNT_DIFFERENCE,NORMALIZED_NAME,90.00,12.63,
TXN-A-002168-L4180,LOW,QUANTITY_AND_AMOUNT_DIFFERENCE,FUZZY_NAME,82.10,11.53,
TXN-A-001533-L3108,LOW,QUANTITY_AND_AMOUNT_DIFFERENCE,EXACT_BARCODE,97.00,11.04,
TXN-A-001465-L2929,LOW,QUANTITY_AND_AMOUNT_DIFFERENCE,EXACT_BARCODE,97.00,10.80,
TXN-A-001691-L3396,LOW,QUANTITY_AND_AMOUNT_DIFFERENCE,EXACT_BARCODE,97.00,10.68,
TXN-A-001787-L3588,LOW,PRICE_DIFFERENCE,EXACT_PRIMARY_ID,100.00,10.08,
TXN-A-001792-L3598,LOW,PRICE_DIFFERENCE,EXACT_PRIMARY_ID,100.00,9.78,
TXN-A-001329-L2657,LOW,QUANTITY_AND_AMOUNT_DIFFERENCE,EXACT_BARCODE,97.00,9.67,
TXN-A-001138-L2275,LOW,QUANTITY_AND_AMOUNT_DIFFERENCE,EXACT_BARCODE,97.00,9.62,
TXN-A-002084-L4054,LOW,QUANTITY_AND_AMOUNT_DIFFERENCE,FUZZY_NAME,85.70,9.38,
TXN-A-001811-L3636,LOW,QUANTITY_AND_AMOUNT_DIFFERENCE,EXACT_BARCODE,97.00,9.31,
TXN-A-001615-L3190,LOW,QUANTITY_AND_AMOUNT_DIFFERENCE,EXACT_BARCODE,97.00,9.06,
TXN-A-001800-L3614,LOW,PRICE_DIFFERENCE,EXACT_PRIMARY_ID,100.00,9.00,
TXN-A-001467-L2933,LOW,QUANTITY_AND_AMOUNT_DIFFERENCE,EXACT_BARCODE,97.00,8.98,
TXN-A-001493-L2985,LOW,QUANTITY_AND_AMOUNT_DIFFERENCE,EXACT_BARCODE,97.00,8.93,
TXN-A-001672-L3358,LOW,QUANTITY_AND_AMOUNT_DIFFERENCE,EXACT_BARCODE,97.00,8.86,
TXN-A-001643-L3272,LOW,QUANTITY_AND_AMOUNT_DIFFERENCE,EXACT_PRODUCT_CODE,95.00,8.67,
TXN-A-001433-L2865,LOW,QUANTITY_AND_AMOUNT_DIFFERENCE,EXACT_BARCODE,97.00,8.53,
TXN-A-001422-L2843,LOW,QUANTITY_AND_AMOUNT_DIFFERENCE,EXACT_BARCODE,97.00,8.26,
TXN-A-001248-L2495,LOW,QUANTITY_AND_AMOUNT_DIFFERENCE,EXACT_BARCODE,97.00,8.16,
TXN-A-001544-L3119,LOW,QUANTITY_AND_AMOUNT_DIFFERENCE,EXACT_BARCODE,97.00,7.61,
TXN-A-001140-L2279,LOW,QUANTITY_AND_AMOUNT_DIFFERENCE,EXACT_BARCODE,97.00,7.46,
TXN-A-001546-L3121,LOW,QUANTITY_AND_AMOUNT_DIFFERENCE,EXACT_BARCODE,97.00,6.92,
TXN-A-001264-L2527,LOW,QUANTITY_AND_AMOUNT_DIFFERENCE,EXACT_PRODUCT_CODE,95.00,6.22,
TXN-A-002036-L01,LOW,QUANTITY_AND_AMOUNT_DIFFERENCE,EXACT_BARCODE,97.00,6.03,LOW_CONFIDENCE_MATCH;UNRESOLVED_TRANSACTION
TXN-A-001409-L2817,LOW,QUANTITY_AND_AMOUNT_DIFFERENCE,EXACT_BARCODE,97.00,5.93,
TXN-A-001624-L3216,LOW,QUANTITY_AND_AMOUNT_DIFFERENCE,EXACT_PRODUCT_CODE,95.00,5.74,
TXN-A-001239-L2477,LOW,QUANTITY_AND_AMOUNT_DIFFERENCE,EXACT_BARCODE,97.00,5.60,
TXN-A-001453-L2905,LOW,QUANTITY_AND_AMOUNT_DIFFERENCE,EXACT_BARCODE,97.00,5.32,
TXN-A-001162-L2323,LOW,QUANTITY_AND_AMOUNT_DIFFERENCE,EXACT_BARCODE,97.00,5.28,
TXN-A-001873-L3760,LOW,AMOUNT_DIFFERENCE,EXACT_PRIMARY_ID,100.00,5.28,
TXN-A-001852-L3718,LOW,AMOUNT_DIFFERENCE,EXACT_PRIMARY_ID,100.00,5.09,
TXN-A-001322-L2643,LOW,QUANTITY_AND_AMOUNT_DIFFERENCE,EXACT_BARCODE,97.00,4.94,
TXN-A-001682-L3378,LOW,QUANTITY_AND_AMOUNT_DIFFERENCE,EXACT_PRIMARY_ID,100.00,4.90,
TXN-A-001594-L3169,LOW,QUANTITY_AND_AMOUNT_DIFFERENCE,EXACT_PRODUCT_CODE,95.00,4.82,
TXN-A-001587-L3162,LOW,QUANTITY_AND_AMOUNT_DIFFERENCE,EXACT_PRODUCT_CODE,95.00,4.73,
TXN-A-001510-L3019,LOW,QUANTITY_AND_AMOUNT_DIFFERENCE,EXACT_BARCODE,97.00,4.56,
TXN-A-001617-L3194,LOW,QUANTITY_AND_AMOUNT_DIFFERENCE,EXACT_BARCODE,97.00,4.06,
TXN-A-001332-L2663,LOW,QUANTITY_AND_AMOUNT_DIFFERENCE,EXACT_BARCODE,97.00,4.01,
TXN-A-001535-L3110,LOW,QUANTITY_AND_AMOUNT_DIFFERENCE,EXACT_BARCODE,97.00,3.51,
TXN-A-001522-L3097,LOW,QUANTITY_AND_AMOUNT_DIFFERENCE,FUZZY_NAME,87.00,2.88,
TXN-A-001813-L3640,LOW,QUANTITY_AND_AMOUNT_DIFFERENCE,EXACT_PRODUCT_CODE,95.00,2.56,
TXN-A-001273-L2545,LOW,QUANTITY_AND_AMOUNT_DIFFERENCE,EXACT_BARCODE,97.00,2.52,
TXN-A-001799-L3612,LOW,QUANTITY_AND_AMOUNT_DIFFERENCE,FUZZY_NAME,80.00,2.42,
TXN-A-001871-L3756,LOW,AMOUNT_DIFFERENCE,EXACT_PRIMARY_ID,100.00,2.15,
TXN-A-001296-L2591,LOW,QUANTITY_AND_AMOUNT_DIFFERENCE,EXACT_BARCODE,97.00,2.09,
TXN-A-001878-L3770,LOW,QUANTITY_AND_AMOUNT_DIFFERENCE,FUZZY_NAME,87.50,1.96,
TXN-A-001372-L2743,LOW,QUANTITY_AND_AMOUNT_DIFFERENCE,EXACT_BARCODE,97.00,1.94,
TXN-A-001784-L3582,LOW,QUANTITY_AND_AMOUNT_DIFFERENCE,EXACT_BARCODE,97.00,1.66,
TXN-A-001609-L3184,LOW,QUANTITY_AND_AMOUNT_DIFFERENCE,EXACT_PRODUCT_CODE,95.00,1.63,
TXN-A-001457-L2913,LOW,QUANTITY_AND_AMOUNT_DIFFERENCE,EXACT_BARCODE,97.00,1.60,
TXN-A-001856-L3726,LOW,AMOUNT_DIFFERENCE,EXACT_PRIMARY_ID,100.00,1.47,
TXN-A-001188-L2375,LOW,QUANTITY_AND_AMOUNT_DIFFERENCE,EXACT_BARCODE,97.00,0.94,
TXN-A-001611-L3186,LOW,QUANTITY_AND_AMOUNT_DIFFERENCE,EXACT_BARCODE,97.00,0.93,
TXN-A-001234-L2467,LOW,QUANTITY_AND_AMOUNT_DIFFERENCE,EXACT_BARCODE,97.00,0.79,
TXN-A-001256-L2511,LOW,QUANTITY_AND_AMOUNT_DIFFERENCE,EXACT_BARCODE,97.00,0.52,
TXN-A-001804-L3622,LOW,QUANTITY_AND_AMOUNT_DIFFERENCE,NORMALIZED_NAME,90.00,0.37,
TXN-A-001644-L3275,LOW,QUANTITY_AND_AMOUNT_DIFFERENCE,EXACT_BARCODE,97.00,0.15,
TXN-A-001429-L2857,LOW,MATCHED_WITH_SUBSTITUTE,FUZZY_NAME,87.20,0.00,
TXN-A-001470-L2939,LOW,MATCHED_WITH_SUBSTITUTE,FUZZY_NAME,90.90,0.00,
TXN-A-002149-L4142,LOW,MATCHED_WITH_SUBSTITUTE,FUZZY_NAME,86.30,0.00,
TXN-A-002150-L4144,LOW,MATCHED_WITH_SUBSTITUTE,FUZZY_NAME,89.50,0.00,
TXN-A-002158-L4160,LOW,MATCHED_WITH_SUBSTITUTE,FUZZY_NAME,83.90,0.00,
TXN-A-002161-L4166,LOW,MATCHED_WITH_SUBSTITUTE,FUZZY_NAME,80.00,0.00,
TXN-A-002171-L4186,LOW,MATCHED_WITH_SUBSTITUTE,FUZZY_NAME,80.00,0.00,
TXN-A-002175-L4194,LOW,MATCHED_WITH_SUBSTITUTE,FUZZY_NAME,83.90,0.00,
