scenario_id,scenario_type,source_a_transaction_id,source_b_transaction_id,source_a_line_id,source_b_line_id,expected_match_method,expected_reconciliation_status,expected_review_required,expected_notes
SCN-0001,CLEAN_EXACT_MATCH,TXN-A-000001,TXN-B-000001,TXN-A-000001-L01,TXN-B-000001-L02,EXACT_PRIMARY_ID,MATCHED,N,Exact match on all fields
SCN-0002,CLEAN_EXACT_MATCH,TXN-A-000002,TXN-B-000002,TXN-A-000002-L03,TXN-B-000002-L04,EXACT_PRIMARY_ID,MATCHED,N,Exact match on all fields
SCN-0003,CLEAN_EXACT_MATCH,TXN-A-000003,TXN-B-000003,TXN-A-000003-L05,TXN-B-000003-L06,EXACT_PRIMARY_ID,MATCHED,N,Exact match on all fields
SCN-0004,CLEAN_EXACT_MATCH,TXN-A-000004,TXN-B-000004,TXN-A-000004-L07,TXN-B-000004-L08,EXACT_PRIMARY_ID,MATCHED,N,Exact match on all fields
SCN-0005,CLEAN_EXACT_MATCH,TXN-A-000005,TXN-B-000005,TXN-A-000005-L09,TXN-B-000005-L10,EXACT_PRIMARY_ID,MATCHED,N,Exact match on all fields
SCN-0006,CLEAN_EXACT_MATCH,TXN-A-000006,TXN-B-000006,TXN-A-000006-L11,TXN-B-000006-L12,EXACT_PRIMARY_ID,MATCHED,N,Exact match on all fields
SCN-0007,CLEAN_EXACT_MATCH,TXN-A-000007,TXN-B-000007,TXN-A-000007-L13,TXN-B-000007-L14,EXACT_PRIMARY_ID,MATCHED,N,Exact match on all fields
SCN-0008,CLEAN_EXACT_MATCH,TXN-A-000008,TXN-B-000008,TXN-A-000008-L15,TXN-B-000008-L16,EXACT_PRIMARY_ID,MATCHED,N,Exact match on all fields
SCN-0009,CLEAN_EXACT_MATCH,TXN-A-000009,TXN-B-000009,TXN-A-000009-L17,TXN-B-000009-L18,EXACT_PRIMARY_ID,MATCHED,N,Exact match on all fields
SCN-0010,CLEAN_EXACT_MATCH,TXN-A-000010,TXN-B-000010,TXN-A-000010-L19,TXN-B-000010-L20,EXACT_PRIMARY_ID,MATCHED,N,Exact match on all fields
SCN-0011,CLEAN_EXACT_MATCH,TXN-A-000011,TXN-B-000011,TXN-A-000011-L21,TXN-B-000011-L22,EXACT_PRIMARY_ID,MATCHED,N,Exact match on all fields
SCN-0012,CLEAN_EXACT_MATCH,TXN-A-000012,TXN-B-000012,TXN-A-000012-L23,TXN-B-000012-L24,EXACT_PRIMARY_ID,MATCHED,N,Exact match on all fields
SCN-0013,CLEAN_EXACT_MATCH,TXN-A-000013,TXN-B-000013,TXN-A-000013-L25,TXN-B-000013-L26,EXACT_PRIMARY_ID,MATCHED,N,Exact match on all fields
SCN-0014,CLEAN_EXACT_MATCH,TXN-A-000014,TXN-B-000014,TXN-A-000014-L27,TXN-B-000014-L28,EXACT_PRIMARY_ID,MATCHED,N,Exact match on all fields
SCN-0015,CLEAN_EXACT_MATCH,TXN-A-000015,TXN-B-000015,TXN-A-000015-L29,TXN-B-000015-L30,EXACT_PRIMARY_ID,MATCHED,N,Exact match on all fields
SCN-0016,CLEAN_EXACT_MATCH,TXN-A-000016,TXN-B-000016,TXN-A-000016-L31,TXN-B-000016-L32,EXACT_PRIMARY_ID,MATCHED,N,Exact match on all fields
SCN-0017,CLEAN_EXACT_MATCH,TXN-A-000017,TXN-B-000017,TXN-A-000017-L33,TXN-B-000017-L34,EXACT_PRIMARY_ID,MATCHED,N,Exact match on all fields
SCN-0018,CLEAN_EXACT_MATCH,TXN-A-000018,TXN-B-000018,TXN-A-000018-L35,TXN-B-000018-L36,EXACT_PRIMARY_ID,MATCHED,N,Exact match on all fields
SCN-0019,CLEAN_EXACT_MATCH,TXN-A-000019,TXN-B-000019,TXN-A-000019-L37,TXN-B-000019-L38,EXACT_PRIMARY_ID,MATCHED,N,Exact match on all fields
SCN-0020,CLEAN_EXACT_MATCH,TXN-A-000020,TXN-B-000020,TXN-A-000020-L39,TXN-B-000020-L40,EXACT_PRIMARY_ID,MATCHED,N,Exact match on all fields
SCN-0021,CLEAN_EXACT_MATCH,TXN-A-000021,TXN-B-000021,TXN-A-000021-L41,TXN-B-000021-L42,EXACT_PRIMARY_ID,MATCHED,N,Exact match on all fields
SCN-0022,CLEAN_EXACT_MATCH,TXN-A-000022,TXN-B-000022,TXN-A-000022-L43,TXN-B-000022-L44,EXACT_PRIMARY_ID,MATCHED,N,Exact match on all fields
SCN-0023,CLEAN_EXACT_MATCH,TXN-A-000023,TXN-B-000023,TXN-A-000023-L45,TXN-B-000023-L46,EXACT_PRIMARY_ID,MATCHED,N,Exact match on all fields
SCN-0024,CLEAN_EXACT_MATCH,TXN-A-000024,TXN-B-000024,TXN-A-000024-L47,TXN-B-000024-L48,EXACT_PRIMARY_ID,MATCHED,N,Exact match on all fields
SCN-0025,CLEAN_EXACT_MATCH,TXN-A-000025,TXN-B-000025,TXN-A-000025-L49,TXN-B-000025-L50,EXACT_PRIMARY_ID,MATCHED,N,Exact match on all fields
SCN-0026,CLEAN_EXACT_MATCH,TXN-A-000026,TXN-B-000026,TXN-A-000026-L51,TXN-B-000026-L52,EXACT_PRIMARY_ID,MATCHED,N,Exact match on all fields
SCN-0027,CLEAN_EXACT_MATCH,TXN-A-000027,TXN-B-000027,TXN-A-000027-L53,TXN-B-000027-L54,EXACT_PRIMARY_ID,MATCHED,N,Exact match on all fields
SCN-0028,CLEAN_EXACT_MATCH,TXN-A-000028,TXN-B-000028,TXN-A-000028-L55,TXN-B-000028-L56,EXACT_PRIMARY_ID,MATCHED,N,Exact match on all fields
SCN-0029,CLEAN_EXACT_MATCH,TXN-A-000029,TXN-B-000029,TXN-A-000029-L57,TXN-B-000029-L58,EXACT_PRIMARY_ID,MATCHED,N,Exact match on all fields
SCN-0030,CLEAN_EXACT_MATCH,TXN-A-000030,TXN-B-000030,TXN-A-000030-L59,TXN-B-000030-L60,EXACT_PRIMARY_ID,MATCHED,N,Exact match on all fields
SCN-0031,CLEAN_EXACT_MATCH,TXN-A-000031,TXN-B-000031,TXN-A-000031-L61,TXN-B-000031-L62,EXACT_PRIMARY_ID,MATCHED,N,Exact match on all fields
SCN-0032,CLEAN_EXACT_MATCH,TXN-A-000032,TXN-B-000032,TXN-A-000032-L63,TXN-B-000032-L64,EXACT_PRIMARY_ID,MATCHED,N,Exact match on all fields
SCN-0033,CLEAN_EXACT_MATCH,TXN-A-000033,TXN-B-000033,TXN-A-000033-L65,TXN-B-000033-L66,EXACT_PRIMARY_ID,MATCHED,N,Exact match on all fields
SCN-0034,CLEAN_EXACT_MATCH,TXN-A-000034,TXN-B-000034,TXN-A-000034-L67,TXN-B-000034-L68,EXACT_PRIMARY_ID,MATCHED,N,Exact match on all fields
SCN-0035,CLEAN_EXACT_MATCH,TXN-A-000035,TXN-B-000035,TXN-A-000035-L69,TXN-B-000035-L70,EXACT_PRIMARY_ID,MATCHED,N,Exact match on all fields
SCN-0036,CLEAN_EXACT_MATCH,TXN-A-000036,TXN-B-000036,TXN-A-000036-L71,TXN-B-000036-L72,EXACT_PRIMARY_ID,MATCHED,N,Exact match on all fields
SCN-0037,CLEAN_EXACT_MATCH,TXN-A-000037,TXN-B-000037,TXN-A-000037-L73,TXN-B-000037-L74,EXACT_PRIMARY_ID,MATCHED,N,Exact match on all fields
SCN-0038,CLEAN_EXACT_MATCH,TXN-A-000038,TXN-B-000038,TXN-A-000038-L75,TXN-B-000038-L76,EXACT_PRIMARY_ID,MATCHED,N,Exact match on all fields
SCN-0039,CLEAN_EXACT_MATCH,TXN-A-000039,TXN-B-000039,TXN-A-000039-L77,TXN-B-000039-L78,EXACT_PRIMARY_ID,MATCHED,N,Exact match on all fields
SCN-0040,CLEAN_EXACT_MATCH,TXN-A-000040,TXN-B-000040,TXN-A-000040-L79,TXN-B-000040-L80,EXACT_PRIMARY_ID,MATCHED,N,Exact match on all fields
SCN-0041,CLEAN_EXACT_MATCH,TXN-A-000041,TXN-B-000041,TXN-A-000041-L81,TXN-B-000041-L82,EXACT_PRIMARY_ID,MATCHED,N,Exact match on all fields
SCN-0042,CLEAN_EXACT_MATCH,TXN-A-000042,TXN-B-000042,TXN-A-000042-L83,TXN-B-000042-L84,EXACT_PRIMARY_ID,MATCHED,N,Exact match on all fields
SCN-0043,CLEAN_EXACT_MATCH,TXN-A-000043,TXN-B-000043,TXN-A-000043-L85,TXN-B-000043-L86,EXACT_PRIMARY_ID,MATCHED,N,Exact match on all fields
SCN-0044,CLEAN_EXACT_MATCH,TXN-A-000044,TXN-B-000044,TXN-A-000044-L87,TXN-B-000044-L88,EXACT_PRIMARY_ID,MATCHED,N,Exact match on all fields
SCN-0045,CLEAN_EXACT_MATCH,TXN-A-000045,TXN-B-000045,TXN-A-000045-L89,TXN-B-000045-L90,EXACT_PRIMARY_ID,MATCHED,N,Exact match on all fields
SCN-0046,CLEAN_EXACT_MATCH,TXN-A-000046,TXN-B-000046,TXN-A-000046-L91,TXN-B-000046-L92,EXACT_PRIMARY_ID,MATCHED,N,Exact match on all fields
SCN-0047,CLEAN_EXACT_MATCH,TXN-A-000047,TXN-B-000047,TXN-A-000047-L93,TXN-B-000047-L94,EXACT_PRIMARY_ID,MATCHED,N,Exact match on all fields
SCN-0048,CLEAN_EXACT_MATCH,TXN-A-000048,TXN-B-000048,TXN-A-000048-L95,TXN-B-000048-L96,EXACT_PRIMARY_ID,MATCHED,N,Exact match on all fields
SCN-0049,CLEAN_EXACT_MATCH,TXN-A-000049,TXN-B-000049,TXN-A-000049-L97,TXN-B-000049-L98,EXACT_PRIMARY_ID,MATCHED,N,Exact match on all fields
SCN-0050,CLEAN_EXACT_MATCH,TXN-A-000050,TXN-B-000050,TXN-A-000050-L99,TXN-B-000050-L100,EXACT_PRIMARY_ID,MATCHED,N,Exact match on all fields
SCN-0051,CLEAN_EXACT_MATCH,TXN-A-000051,TXN-B-000051,TXN-A-000051-L101,TXN-B-000051-L102,EXACT_PRIMARY_ID,MATCHED,N,Exact match on all fields
SCN-0052,CLEAN_EXACT_MATCH,TXN-A-000052,TXN-B-000052,TXN-A-000052-L103,TXN-B-000052-L104,EXACT_PRIMARY_ID,MATCHED,N,Exact match on all fields
SCN-0053,CLEAN_EXACT_MATCH,TXN-A-000053,TXN-B-000053,TXN-A-000053-L105,TXN-B-000053-L106,EXACT_PRIMARY_ID,MATCHED,N,Exact match on all fields
SCN-0054,CLEAN_EXACT_MATCH,TXN-A-000054,TXN-B-000054,TXN-A-000054-L107,TXN-B-000054-L108,EXACT_PRIMARY_ID,MATCHED,N,Exact match on all fields
SCN-0055,CLEAN_EXACT_MATCH,TXN-A-000055,TXN-B-000055,TXN-A-000055-L109,TXN-B-000055-L110,EXACT_PRIMARY_ID,MATCHED,N,Exact match on all fields
SCN-0056,CLEAN_EXACT_MATCH,TXN-A-000056,TXN-B-000056,TXN-A-000056-L111,TXN-B-000056-L112,EXACT_PRIMARY_ID,MATCHED,N,Exact match on all fields
SCN-0057,CLEAN_EXACT_MATCH,TXN-A-000057,TXN-B-000057,TXN-A-000057-L113,TXN-B-000057-L114,EXACT_PRIMARY_ID,MATCHED,N,Exact match on all fields
SCN-0058,CLEAN_EXACT_MATCH,TXN-A-000058,TXN-B-000058,TXN-A-000058-L115,TXN-B-000058-L116,EXACT_PRIMARY_ID,MATCHED,N,Exact match on all fields
SCN-0059,CLEAN_EXACT_MATCH,TXN-A-000059,TXN-B-000059,TXN-A-000059-L117,TXN-B-000059-L118,EXACT_PRIMARY_ID,MATCHED,N,Exact match on all fields
SCN-0060,CLEAN_EXACT_MATCH,TXN-A-000060,TXN-B-000060,TXN-A-000060-L119,TXN-B-000060-L120,EXACT_PRIMARY_ID,MATCHED,N,Exact match on all fields
SCN-0061,CLEAN_EXACT_MATCH,TXN-A-000061,TXN-B-000061,TXN-A-000061-L121,TXN-B-000061-L122,EXACT_PRIMARY_ID,MATCHED,N,Exact match on all fields
SCN-0062,CLEAN_EXACT_MATCH,TXN-A-000062,TXN-B-000062,TXN-A-000062-L123,TXN-B-000062-L124,EXACT_PRIMARY_ID,MATCHED,N,Exact match on all fields
SCN-0063,CLEAN_EXACT_MATCH,TXN-A-000063,TXN-B-000063,TXN-A-000063-L125,TXN-B-000063-L126,EXACT_PRIMARY_ID,MATCHED,N,Exact match on all fields
SCN-0064,CLEAN_EXACT_MATCH,TXN-A-000064,TXN-B-000064,TXN-A-000064-L127,TXN-B-000064-L128,EXACT_PRIMARY_ID,MATCHED,N,Exact match on all fields
SCN-0065,CLEAN_EXACT_MATCH,TXN-A-000065,TXN-B-000065,TXN-A-000065-L129,TXN-B-000065-L130,EXACT_PRIMARY_ID,MATCHED,N,Exact match on all fields
SCN-0066,CLEAN_EXACT_MATCH,TXN-A-000066,TXN-B-000066,TXN-A-000066-L131,TXN-B-000066-L132,EXACT_PRIMARY_ID,MATCHED,N,Exact match on all fields
SCN-0067,CLEAN_EXACT_MATCH,TXN-A-000067,TXN-B-000067,TXN-A-000067-L133,TXN-B-000067-L134,EXACT_PRIMARY_ID,MATCHED,N,Exact match on all fields
SCN-0068,CLEAN_EXACT_MATCH,TXN-A-000068,TXN-B-000068,TXN-A-000068-L135,TXN-B-000068-L136,EXACT_PRIMARY_ID,MATCHED,N,Exact match on all fields
SCN-0069,CLEAN_EXACT_MATCH,TXN-A-000069,TXN-B-000069,TXN-A-000069-L137,TXN-B-000069-L138,EXACT_PRIMARY_ID,MATCHED,N,Exact match on all fields
SCN-0070,CLEAN_EXACT_MATCH,TXN-A-000070,TXN-B-000070,TXN-A-000070-L139,TXN-B-000070-L140,EXACT_PRIMARY_ID,MATCHED,N,Exact match on all fields
SCN-0071,CLEAN_EXACT_MATCH,TXN-A-000071,TXN-B-000071,TXN-A-000071-L141,TXN-B-000071-L142,EXACT_PRIMARY_ID,MATCHED,N,Exact match on all fields
SCN-0072,CLEAN_EXACT_MATCH,TXN-A-000072,TXN-B-000072,TXN-A-000072-L143,TXN-B-000072-L144,EXACT_PRIMARY_ID,MATCHED,N,Exact match on all fields
SCN-0073,CLEAN_EXACT_MATCH,TXN-A-000073,TXN-B-000073,TXN-A-000073-L145,TXN-B-000073-L146,EXACT_PRIMARY_ID,MATCHED,N,Exact match on all fields
SCN-0074,CLEAN_EXACT_MATCH,TXN-A-000074,TXN-B-000074,TXN-A-000074-L147,TXN-B-000074-L148,EXACT_PRIMARY_ID,MATCHED,N,Exact match on all fields
SCN-0075,CLEAN_EXACT_MATCH,TXN-A-000075,TXN-B-000075,TXN-A-000075-L149,TXN-B-000075-L150,EXACT_PRIMARY_ID,MATCHED,N,Exact match on all fields
SCN-0076,CLEAN_EXACT_MATCH,TXN-A-000076,TXN-B-000076,TXN-A-000076-L151,TXN-B-000076-L152,EXACT_PRIMARY_ID,MATCHED,N,Exact match on all fields
SCN-0077,CLEAN_EXACT_MATCH,TXN-A-000077,TXN-B-000077,TXN-A-000077-L153,TXN-B-000077-L154,EXACT_PRIMARY_ID,MATCHED,N,Exact match on all fields
SCN-0078,CLEAN_EXACT_MATCH,TXN-A-000078,TXN-B-000078,TXN-A-000078-L155,TXN-B-000078-L156,EXACT_PRIMARY_ID,MATCHED,N,Exact match on all fields
SCN-0079,CLEAN_EXACT_MATCH,TXN-A-000079,TXN-B-000079,TXN-A-000079-L157,TXN-B-000079-L158,EXACT_PRIMARY_ID,MATCHED,N,Exact match on all fields
SCN-0080,CLEAN_EXACT_MATCH,TXN-A-000080,TXN-B-000080,TXN-A-000080-L159,TXN-B-000080-L160,EXACT_PRIMARY_ID,MATCHED,N,Exact match on all fields
SCN-0081,CLEAN_EXACT_MATCH,TXN-A-000081,TXN-B-000081,TXN-A-000081-L161,TXN-B-000081-L162,EXACT_PRIMARY_ID,MATCHED,N,Exact match on all fields
SCN-0082,CLEAN_EXACT_MATCH,TXN-A-000082,TXN-B-000082,TXN-A-000082-L163,TXN-B-000082-L164,EXACT_PRIMARY_ID,MATCHED,N,Exact match on all fields
SCN-0083,CLEAN_EXACT_MATCH,TXN-A-000083,TXN-B-000083,TXN-A-000083-L165,TXN-B-000083-L166,EXACT_PRIMARY_ID,MATCHED,N,Exact match on all fields
SCN-0084,CLEAN_EXACT_MATCH,TXN-A-000084,TXN-B-000084,TXN-A-000084-L167,TXN-B-000084-L168,EXACT_PRIMARY_ID,MATCHED,N,Exact match on all fields
SCN-0085,CLEAN_EXACT_MATCH,TXN-A-000085,TXN-B-000085,TXN-A-000085-L169,TXN-B-000085-L170,EXACT_PRIMARY_ID,MATCHED,N,Exact match on all fields
SCN-0086,CLEAN_EXACT_MATCH,TXN-A-000086,TXN-B-000086,TXN-A-000086-L171,TXN-B-000086-L172,EXACT_PRIMARY_ID,MATCHED,N,Exact match on all fields
SCN-0087,CLEAN_EXACT_MATCH,TXN-A-000087,TXN-B-000087,TXN-A-000087-L173,TXN-B-000087-L174,EXACT_PRIMARY_ID,MATCHED,N,Exact match on all fields
SCN-0088,CLEAN_EXACT_MATCH,TXN-A-000088,TXN-B-000088,TXN-A-000088-L175,TXN-B-000088-L176,EXACT_PRIMARY_ID,MATCHED,N,Exact match on all fields
SCN-0089,CLEAN_EXACT_MATCH,TXN-A-000089,TXN-B-000089,TXN-A-000089-L177,TXN-B-000089-L178,EXACT_PRIMARY_ID,MATCHED,N,Exact match on all fields
SCN-0090,CLEAN_EXACT_MATCH,TXN-A-000090,TXN-B-000090,TXN-A-000090-L179,TXN-B-000090-L180,EXACT_PRIMARY_ID,MATCHED,N,Exact match on all fields
SCN-0091,CLEAN_EXACT_MATCH,TXN-A-000091,TXN-B-000091,TXN-A-000091-L181,TXN-B-000091-L182,EXACT_PRIMARY_ID,MATCHED,N,Exact match on all fields
SCN-0092,CLEAN_EXACT_MATCH,TXN-A-000092,TXN-B-000092,TXN-A-000092-L183,TXN-B-000092-L184,EXACT_PRIMARY_ID,MATCHED,N,Exact match on all fields
SCN-0093,CLEAN_EXACT_MATCH,TXN-A-000093,TXN-B-000093,TXN-A-000093-L185,TXN-B-000093-L186,EXACT_PRIMARY_ID,MATCHED,N,Exact match on all fields
SCN-0094,CLEAN_EXACT_MATCH,TXN-A-000094,TXN-B-000094,TXN-A-000094-L187,TXN-B-000094-L188,EXACT_PRIMARY_ID,MATCHED,N,Exact match on all fields
SCN-0095,CLEAN_EXACT_MATCH,TXN-A-000095,TXN-B-000095,TXN-A-000095-L189,TXN-B-000095-L190,EXACT_PRIMARY_ID,MATCHED,N,Exact match on all fields
SCN-0096,CLEAN_EXACT_MATCH,TXN-A-000096,TXN-B-000096,TXN-A-000096-L191,TXN-B-000096-L192,EXACT_PRIMARY_ID,MATCHED,N,Exact match on all fields
SCN-0097,CLEAN_EXACT_MATCH,TXN-A-000097,TXN-B-000097,TXN-A-000097-L193,TXN-B-000097-L194,EXACT_PRIMARY_ID,MATCHED,N,Exact match on all fields
SCN-0098,CLEAN_EXACT_MATCH,TXN-A-000098,TXN-B-000098,TXN-A-000098-L195,TXN-B-000098-L196,EXACT_PRIMARY_ID,MATCHED,N,Exact match on all fields
SCN-0099,CLEAN_EXACT_MATCH,TXN-A-000099,TXN-B-000099,TXN-A-000099-L197,TXN-B-000099-L198,EXACT_PRIMARY_ID,MATCHED,N,Exact match on all fields
SCN-0100,CLEAN_EXACT_MATCH,TXN-A-000100,TXN-B-000100,TXN-A-000100-L199,TXN-B-000100-L200,EXACT_PRIMARY_ID,MATCHED,N,Exact match on all fields
SCN-0101,CLEAN_EXACT_MATCH,TXN-A-000101,TXN-B-000101,TXN-A-000101-L201,TXN-B-000101-L202,EXACT_PRIMARY_ID,MATCHED,N,Exact match on all fields
SCN-0102,CLEAN_EXACT_MATCH,TXN-A-000102,TXN-B-000102,TXN-A-000102-L203,TXN-B-000102-L204,EXACT_PRIMARY_ID,MATCHED,N,Exact match on all fields
SCN-0103,CLEAN_EXACT_MATCH,TXN-A-000103,TXN-B-000103,TXN-A-000103-L205,TXN-B-000103-L206,EXACT_PRIMARY_ID,MATCHED,N,Exact match on all fields
SCN-0104,CLEAN_EXACT_MATCH,TXN-A-000104,TXN-B-000104,TXN-A-000104-L207,TXN-B-000104-L208,EXACT_PRIMARY_ID,MATCHED,N,Exact match on all fields
SCN-0105,CLEAN_EXACT_MATCH,TXN-A-000105,TXN-B-000105,TXN-A-000105-L209,TXN-B-000105-L210,EXACT_PRIMARY_ID,MATCHED,N,Exact match on all fields
SCN-0106,CLEAN_EXACT_MATCH,TXN-A-000106,TXN-B-000106,TXN-A-000106-L211,TXN-B-000106-L212,EXACT_PRIMARY_ID,MATCHED,N,Exact match on all fields
SCN-0107,CLEAN_EXACT_MATCH,TXN-A-000107,TXN-B-000107,TXN-A-000107-L213,TXN-B-000107-L214,EXACT_PRIMARY_ID,MATCHED,N,Exact match on all fields
SCN-0108,CLEAN_EXACT_MATCH,TXN-A-000108,TXN-B-000108,TXN-A-000108-L215,TXN-B-000108-L216,EXACT_PRIMARY_ID,MATCHED,N,Exact match on all fields
SCN-0109,CLEAN_EXACT_MATCH,TXN-A-000109,TXN-B-000109,TXN-A-000109-L217,TXN-B-000109-L218,EXACT_PRIMARY_ID,MATCHED,N,Exact match on all fields
SCN-0110,CLEAN_EXACT_MATCH,TXN-A-000110,TXN-B-000110,TXN-A-000110-L219,TXN-B-000110-L220,EXACT_PRIMARY_ID,MATCHED,N,Exact match on all fields
SCN-0111,CLEAN_EXACT_MATCH,TXN-A-000111,TXN-B-000111,TXN-A-000111-L221,TXN-B-000111-L222,EXACT_PRIMARY_ID,MATCHED,N,Exact match on all fields
SCN-0112,CLEAN_EXACT_MATCH,TXN-A-000112,TXN-B-000112,TXN-A-000112-L223,TXN-B-000112-L224,EXACT_PRIMARY_ID,MATCHED,N,Exact match on all fields
SCN-0113,CLEAN_EXACT_MATCH,TXN-A-000113,TXN-B-000113,TXN-A-000113-L225,TXN-B-000113-L226,EXACT_PRIMARY_ID,MATCHED,N,Exact match on all fields
SCN-0114,CLEAN_EXACT_MATCH,TXN-A-000114,TXN-B-000114,TXN-A-000114-L227,TXN-B-000114-L228,EXACT_PRIMARY_ID,MATCHED,N,Exact match on all fields
SCN-0115,CLEAN_EXACT_MATCH,TXN-A-000115,TXN-B-000115,TXN-A-000115-L229,TXN-B-000115-L230,EXACT_PRIMARY_ID,MATCHED,N,Exact match on all fields
SCN-0116,CLEAN_EXACT_MATCH,TXN-A-000116,TXN-B-000116,TXN-A-000116-L231,TXN-B-000116-L232,EXACT_PRIMARY_ID,MATCHED,N,Exact match on all fields
SCN-0117,CLEAN_EXACT_MATCH,TXN-A-000117,TXN-B-000117,TXN-A-000117-L233,TXN-B-000117-L234,EXACT_PRIMARY_ID,MATCHED,N,Exact match on all fields
SCN-0118,CLEAN_EXACT_MATCH,TXN-A-000118,TXN-B-000118,TXN-A-000118-L235,TXN-B-000118-L236,EXACT_PRIMARY_ID,MATCHED,N,Exact match on all fields
SCN-0119,CLEAN_EXACT_MATCH,TXN-A-000119,TXN-B-000119,TXN-A-000119-L237,TXN-B-000119-L238,EXACT_PRIMARY_ID,MATCHED,N,Exact match on all fields
SCN-0120,CLEAN_EXACT_MATCH,TXN-A-000120,TXN-B-000120,TXN-A-000120-L239,TXN-B-000120-L240,EXACT_PRIMARY_ID,MATCHED,N,Exact match on all fields
SCN-0121,CLEAN_EXACT_MATCH,TXN-A-000121,TXN-B-000121,TXN-A-000121-L241,TXN-B-000121-L242,EXACT_PRIMARY_ID,MATCHED,N,Exact match on all fields
SCN-0122,CLEAN_EXACT_MATCH,TXN-A-000122,TXN-B-000122,TXN-A-000122-L243,TXN-B-000122-L244,EXACT_PRIMARY_ID,MATCHED,N,Exact match on all fields
SCN-0123,CLEAN_EXACT_MATCH,TXN-A-000123,TXN-B-000123,TXN-A-000123-L245,TXN-B-000123-L246,EXACT_PRIMARY_ID,MATCHED,N,Exact match on all fields
SCN-0124,CLEAN_EXACT_MATCH,TXN-A-000124,TXN-B-000124,TXN-A-000124-L247,TXN-B-000124-L248,EXACT_PRIMARY_ID,MATCHED,N,Exact match on all fields
SCN-0125,CLEAN_EXACT_MATCH,TXN-A-000125,TXN-B-000125,TXN-A-000125-L249,TXN-B-000125-L250,EXACT_PRIMARY_ID,MATCHED,N,Exact match on all fields
SCN-0126,CLEAN_EXACT_MATCH,TXN-A-000126,TXN-B-000126,TXN-A-000126-L251,TXN-B-000126-L252,EXACT_PRIMARY_ID,MATCHED,N,Exact match on all fields
SCN-0127,CLEAN_EXACT_MATCH,TXN-A-000127,TXN-B-000127,TXN-A-000127-L253,TXN-B-000127-L254,EXACT_PRIMARY_ID,MATCHED,N,Exact match on all fields
SCN-0128,CLEAN_EXACT_MATCH,TXN-A-000128,TXN-B-000128,TXN-A-000128-L255,TXN-B-000128-L256,EXACT_PRIMARY_ID,MATCHED,N,Exact match on all fields
SCN-0129,CLEAN_EXACT_MATCH,TXN-A-000129,TXN-B-000129,TXN-A-000129-L257,TXN-B-000129-L258,EXACT_PRIMARY_ID,MATCHED,N,Exact match on all fields
SCN-0130,CLEAN_EXACT_MATCH,TXN-A-000130,TXN-B-000130,TXN-A-000130-L259,TXN-B-000130-L260,EXACT_PRIMARY_ID,MATCHED,N,Exact match on all fields
SCN-0131,CLEAN_EXACT_MATCH,TXN-A-000131,TXN-B-000131,TXN-A-000131-L261,TXN-B-000131-L262,EXACT_PRIMARY_ID,MATCHED,N,Exact match on all fields
SCN-0132,CLEAN_EXACT_MATCH,TXN-A-000132,TXN-B-000132,TXN-A-000132-L263,TXN-B-000132-L264,EXACT_PRIMARY_ID,MATCHED,N,Exact match on all fields
SCN-0133,CLEAN_EXACT_MATCH,TXN-A-000133,TXN-B-000133,TXN-A-000133-L265,TXN-B-000133-L266,EXACT_PRIMARY_ID,MATCHED,N,Exact match on all fields
SCN-0134,CLEAN_EXACT_MATCH,TXN-A-000134,TXN-B-000134,TXN-A-000134-L267,TXN-B-000134-L268,EXACT_PRIMARY_ID,MATCHED,N,Exact match on all fields
SCN-0135,CLEAN_EXACT_MATCH,TXN-A-000135,TXN-B-000135,TXN-A-000135-L269,TXN-B-000135-L270,EXACT_PRIMARY_ID,MATCHED,N,Exact match on all fields
SCN-0136,CLEAN_EXACT_MATCH,TXN-A-000136,TXN-B-000136,TXN-A-000136-L271,TXN-B-000136-L272,EXACT_PRIMARY_ID,MATCHED,N,Exact match on all fields
SCN-0137,CLEAN_EXACT_MATCH,TXN-A-000137,TXN-B-000137,TXN-A-000137-L273,TXN-B-000137-L274,EXACT_PRIMARY_ID,MATCHED,N,Exact match on all fields
SCN-0138,CLEAN_EXACT_MATCH,TXN-A-000138,TXN-B-000138,TXN-A-000138-L275,TXN-B-000138-L276,EXACT_PRIMARY_ID,MATCHED,N,Exact match on all fields
SCN-0139,CLEAN_EXACT_MATCH,TXN-A-000139,TXN-B-000139,TXN-A-000139-L277,TXN-B-000139-L278,EXACT_PRIMARY_ID,MATCHED,N,Exact match on all fields
SCN-0140,CLEAN_EXACT_MATCH,TXN-A-000140,TXN-B-000140,TXN-A-000140-L279,TXN-B-000140-L280,EXACT_PRIMARY_ID,MATCHED,N,Exact match on all fields
SCN-0141,CLEAN_EXACT_MATCH,TXN-A-000141,TXN-B-000141,TXN-A-000141-L281,TXN-B-000141-L282,EXACT_PRIMARY_ID,MATCHED,N,Exact match on all fields
SCN-0142,CLEAN_EXACT_MATCH,TXN-A-000142,TXN-B-000142,TXN-A-000142-L283,TXN-B-000142-L284,EXACT_PRIMARY_ID,MATCHED,N,Exact match on all fields
SCN-0143,CLEAN_EXACT_MATCH,TXN-A-000143,TXN-B-000143,TXN-A-000143-L285,TXN-B-000143-L286,EXACT_PRIMARY_ID,MATCHED,N,Exact match on all fields
SCN-0144,CLEAN_EXACT_MATCH,TXN-A-000144,TXN-B-000144,TXN-A-000144-L287,TXN-B-000144-L288,EXACT_PRIMARY_ID,MATCHED,N,Exact match on all fields
SCN-0145,CLEAN_EXACT_MATCH,TXN-A-000145,TXN-B-000145,TXN-A-000145-L289,TXN-B-000145-L290,EXACT_PRIMARY_ID,MATCHED,N,Exact match on all fields
SCN-0146,CLEAN_EXACT_MATCH,TXN-A-000146,TXN-B-000146,TXN-A-000146-L291,TXN-B-000146-L292,EXACT_PRIMARY_ID,MATCHED,N,Exact match on all fields
SCN-0147,CLEAN_EXACT_MATCH,TXN-A-000147,TXN-B-000147,TXN-A-000147-L293,TXN-B-000147-L294,EXACT_PRIMARY_ID,MATCHED,N,Exact match on all fields
SCN-0148,CLEAN_EXACT_MATCH,TXN-A-000148,TXN-B-000148,TXN-A-000148-L295,TXN-B-000148-L296,EXACT_PRIMARY_ID,MATCHED,N,Exact match on all fields
SCN-0149,CLEAN_EXACT_MATCH,TXN-A-000149,TXN-B-000149,TXN-A-000149-L297,TXN-B-000149-L298,EXACT_PRIMARY_ID,MATCHED,N,Exact match on all fields
SCN-0150,CLEAN_EXACT_MATCH,TXN-A-000150,TXN-B-000150,TXN-A-000150-L299,TXN-B-000150-L300,EXACT_PRIMARY_ID,MATCHED,N,Exact match on all fields
SCN-0151,CLEAN_EXACT_MATCH,TXN-A-000151,TXN-B-000151,TXN-A-000151-L301,TXN-B-000151-L302,EXACT_PRIMARY_ID,MATCHED,N,Exact match on all fields
SCN-0152,CLEAN_EXACT_MATCH,TXN-A-000152,TXN-B-000152,TXN-A-000152-L303,TXN-B-000152-L304,EXACT_PRIMARY_ID,MATCHED,N,Exact match on all fields
SCN-0153,CLEAN_EXACT_MATCH,TXN-A-000153,TXN-B-000153,TXN-A-000153-L305,TXN-B-000153-L306,EXACT_PRIMARY_ID,MATCHED,N,Exact match on all fields
SCN-0154,CLEAN_EXACT_MATCH,TXN-A-000154,TXN-B-000154,TXN-A-000154-L307,TXN-B-000154-L308,EXACT_PRIMARY_ID,MATCHED,N,Exact match on all fields
SCN-0155,CLEAN_EXACT_MATCH,TXN-A-000155,TXN-B-000155,TXN-A-000155-L309,TXN-B-000155-L310,EXACT_PRIMARY_ID,MATCHED,N,Exact match on all fields
SCN-0156,CLEAN_EXACT_MATCH,TXN-A-000156,TXN-B-000156,TXN-A-000156-L311,TXN-B-000156-L312,EXACT_PRIMARY_ID,MATCHED,N,Exact match on all fields
SCN-0157,CLEAN_EXACT_MATCH,TXN-A-000157,TXN-B-000157,TXN-A-000157-L313,TXN-B-000157-L314,EXACT_PRIMARY_ID,MATCHED,N,Exact match on all fields
SCN-0158,CLEAN_EXACT_MATCH,TXN-A-000158,TXN-B-000158,TXN-A-000158-L315,TXN-B-000158-L316,EXACT_PRIMARY_ID,MATCHED,N,Exact match on all fields
SCN-0159,CLEAN_EXACT_MATCH,TXN-A-000159,TXN-B-000159,TXN-A-000159-L317,TXN-B-000159-L318,EXACT_PRIMARY_ID,MATCHED,N,Exact match on all fields
SCN-0160,CLEAN_EXACT_MATCH,TXN-A-000160,TXN-B-000160,TXN-A-000160-L319,TXN-B-000160-L320,EXACT_PRIMARY_ID,MATCHED,N,Exact match on all fields
SCN-0161,CLEAN_EXACT_MATCH,TXN-A-000161,TXN-B-000161,TXN-A-000161-L321,TXN-B-000161-L322,EXACT_PRIMARY_ID,MATCHED,N,Exact match on all fields
SCN-0162,CLEAN_EXACT_MATCH,TXN-A-000162,TXN-B-000162,TXN-A-000162-L323,TXN-B-000162-L324,EXACT_PRIMARY_ID,MATCHED,N,Exact match on all fields
SCN-0163,CLEAN_EXACT_MATCH,TXN-A-000163,TXN-B-000163,TXN-A-000163-L325,TXN-B-000163-L326,EXACT_PRIMARY_ID,MATCHED,N,Exact match on all fields
SCN-0164,CLEAN_EXACT_MATCH,TXN-A-000164,TXN-B-000164,TXN-A-000164-L327,TXN-B-000164-L328,EXACT_PRIMARY_ID,MATCHED,N,Exact match on all fields
SCN-0165,CLEAN_EXACT_MATCH,TXN-A-000165,TXN-B-000165,TXN-A-000165-L329,TXN-B-000165-L330,EXACT_PRIMARY_ID,MATCHED,N,Exact match on all fields
SCN-0166,CLEAN_EXACT_MATCH,TXN-A-000166,TXN-B-000166,TXN-A-000166-L331,TXN-B-000166-L332,EXACT_PRIMARY_ID,MATCHED,N,Exact match on all fields
SCN-0167,CLEAN_EXACT_MATCH,TXN-A-000167,TXN-B-000167,TXN-A-000167-L333,TXN-B-000167-L334,EXACT_PRIMARY_ID,MATCHED,N,Exact match on all fields
SCN-0168,CLEAN_EXACT_MATCH,TXN-A-000168,TXN-B-000168,TXN-A-000168-L335,TXN-B-000168-L336,EXACT_PRIMARY_ID,MATCHED,N,Exact match on all fields
SCN-0169,CLEAN_EXACT_MATCH,TXN-A-000169,TXN-B-000169,TXN-A-000169-L337,TXN-B-000169-L338,EXACT_PRIMARY_ID,MATCHED,N,Exact match on all fields
SCN-0170,CLEAN_EXACT_MATCH,TXN-A-000170,TXN-B-000170,TXN-A-000170-L339,TXN-B-000170-L340,EXACT_PRIMARY_ID,MATCHED,N,Exact match on all fields
SCN-0171,CLEAN_EXACT_MATCH,TXN-A-000171,TXN-B-000171,TXN-A-000171-L341,TXN-B-000171-L342,EXACT_PRIMARY_ID,MATCHED,N,Exact match on all fields
SCN-0172,CLEAN_EXACT_MATCH,TXN-A-000172,TXN-B-000172,TXN-A-000172-L343,TXN-B-000172-L344,EXACT_PRIMARY_ID,MATCHED,N,Exact match on all fields
SCN-0173,CLEAN_EXACT_MATCH,TXN-A-000173,TXN-B-000173,TXN-A-000173-L345,TXN-B-000173-L346,EXACT_PRIMARY_ID,MATCHED,N,Exact match on all fields
SCN-0174,CLEAN_EXACT_MATCH,TXN-A-000174,TXN-B-000174,TXN-A-000174-L347,TXN-B-000174-L348,EXACT_PRIMARY_ID,MATCHED,N,Exact match on all fields
SCN-0175,CLEAN_EXACT_MATCH,TXN-A-000175,TXN-B-000175,TXN-A-000175-L349,TXN-B-000175-L350,EXACT_PRIMARY_ID,MATCHED,N,Exact match on all fields
SCN-0176,CLEAN_EXACT_MATCH,TXN-A-000176,TXN-B-000176,TXN-A-000176-L351,TXN-B-000176-L352,EXACT_PRIMARY_ID,MATCHED,N,Exact match on all fields
SCN-0177,CLEAN_EXACT_MATCH,TXN-A-000177,TXN-B-000177,TXN-A-000177-L353,TXN-B-000177-L354,EXACT_PRIMARY_ID,MATCHED,N,Exact match on all fields
SCN-0178,CLEAN_EXACT_MATCH,TXN-A-000178,TXN-B-000178,TXN-A-000178-L355,TXN-B-000178-L356,EXACT_PRIMARY_ID,MATCHED,N,Exact match on all fields
SCN-0179,CLEAN_EXACT_MATCH,TXN-A-000179,TXN-B-000179,TXN-A-000179-L357,TXN-B-000179-L358,EXACT_PRIMARY_ID,MATCHED,N,Exact match on all fields
SCN-0180,CLEAN_EXACT_MATCH,TXN-A-000180,TXN-B-000180,TXN-A-000180-L359,TXN-B-000180-L360,EXACT_PRIMARY_ID,MATCHED,N,Exact match on all fields
SCN-0181,CLEAN_EXACT_MATCH,TXN-A-000181,TXN-B-000181,TXN-A-000181-L361,TXN-B-000181-L362,EXACT_PRIMARY_ID,MATCHED,N,Exact match on all fields
SCN-0182,CLEAN_EXACT_MATCH,TXN-A-000182,TXN-B-000182,TXN-A-000182-L363,TXN-B-000182-L364,EXACT_PRIMARY_ID,MATCHED,N,Exact match on all fields
SCN-0183,CLEAN_EXACT_MATCH,TXN-A-000183,TXN-B-000183,TXN-A-000183-L365,TXN-B-000183-L366,EXACT_PRIMARY_ID,MATCHED,N,Exact match on all fields
SCN-0184,CLEAN_EXACT_MATCH,TXN-A-000184,TXN-B-000184,TXN-A-000184-L367,TXN-B-000184-L368,EXACT_PRIMARY_ID,MATCHED,N,Exact match on all fields
SCN-0185,CLEAN_EXACT_MATCH,TXN-A-000185,TXN-B-000185,TXN-A-000185-L369,TXN-B-000185-L370,EXACT_PRIMARY_ID,MATCHED,N,Exact match on all fields
SCN-0186,CLEAN_EXACT_MATCH,TXN-A-000186,TXN-B-000186,TXN-A-000186-L371,TXN-B-000186-L372,EXACT_PRIMARY_ID,MATCHED,N,Exact match on all fields
SCN-0187,CLEAN_EXACT_MATCH,TXN-A-000187,TXN-B-000187,TXN-A-000187-L373,TXN-B-000187-L374,EXACT_PRIMARY_ID,MATCHED,N,Exact match on all fields
SCN-0188,CLEAN_EXACT_MATCH,TXN-A-000188,TXN-B-000188,TXN-A-000188-L375,TXN-B-000188-L376,EXACT_PRIMARY_ID,MATCHED,N,Exact match on all fields
SCN-0189,CLEAN_EXACT_MATCH,TXN-A-000189,TXN-B-000189,TXN-A-000189-L377,TXN-B-000189-L378,EXACT_PRIMARY_ID,MATCHED,N,Exact match on all fields
SCN-0190,CLEAN_EXACT_MATCH,TXN-A-000190,TXN-B-000190,TXN-A-000190-L379,TXN-B-000190-L380,EXACT_PRIMARY_ID,MATCHED,N,Exact match on all fields
SCN-0191,CLEAN_EXACT_MATCH,TXN-A-000191,TXN-B-000191,TXN-A-000191-L381,TXN-B-000191-L382,EXACT_PRIMARY_ID,MATCHED,N,Exact match on all fields
SCN-0192,CLEAN_EXACT_MATCH,TXN-A-000192,TXN-B-000192,TXN-A-000192-L383,TXN-B-000192-L384,EXACT_PRIMARY_ID,MATCHED,N,Exact match on all fields
SCN-0193,CLEAN_EXACT_MATCH,TXN-A-000193,TXN-B-000193,TXN-A-000193-L385,TXN-B-000193-L386,EXACT_PRIMARY_ID,MATCHED,N,Exact match on all fields
SCN-0194,CLEAN_EXACT_MATCH,TXN-A-000194,TXN-B-000194,TXN-A-000194-L387,TXN-B-000194-L388,EXACT_PRIMARY_ID,MATCHED,N,Exact match on all fields
SCN-0195,CLEAN_EXACT_MATCH,TXN-A-000195,TXN-B-000195,TXN-A-000195-L389,TXN-B-000195-L390,EXACT_PRIMARY_ID,MATCHED,N,Exact match on all fields
SCN-0196,CLEAN_EXACT_MATCH,TXN-A-000196,TXN-B-000196,TXN-A-000196-L391,TXN-B-000196-L392,EXACT_PRIMARY_ID,MATCHED,N,Exact match on all fields
SCN-0197,CLEAN_EXACT_MATCH,TXN-A-000197,TXN-B-000197,TXN-A-000197-L393,TXN-B-000197-L394,EXACT_PRIMARY_ID,MATCHED,N,Exact match on all fields
SCN-0198,CLEAN_EXACT_MATCH,TXN-A-000198,TXN-B-000198,TXN-A-000198-L395,TXN-B-000198-L396,EXACT_PRIMARY_ID,MATCHED,N,Exact match on all fields
SCN-0199,CLEAN_EXACT_MATCH,TXN-A-000199,TXN-B-000199,TXN-A-000199-L397,TXN-B-000199-L398,EXACT_PRIMARY_ID,MATCHED,N,Exact match on all fields
SCN-0200,CLEAN_EXACT_MATCH,TXN-A-000200,TXN-B-000200,TXN-A-000200-L399,TXN-B-000200-L400,EXACT_PRIMARY_ID,MATCHED,N,Exact match on all fields
SCN-0201,CLEAN_EXACT_MATCH,TXN-A-000201,TXN-B-000201,TXN-A-000201-L401,TXN-B-000201-L402,EXACT_PRIMARY_ID,MATCHED,N,Exact match on all fields
SCN-0202,CLEAN_EXACT_MATCH,TXN-A-000202,TXN-B-000202,TXN-A-000202-L403,TXN-B-000202-L404,EXACT_PRIMARY_ID,MATCHED,N,Exact match on all fields
SCN-0203,CLEAN_EXACT_MATCH,TXN-A-000203,TXN-B-000203,TXN-A-000203-L405,TXN-B-000203-L406,EXACT_PRIMARY_ID,MATCHED,N,Exact match on all fields
SCN-0204,CLEAN_EXACT_MATCH,TXN-A-000204,TXN-B-000204,TXN-A-000204-L407,TXN-B-000204-L408,EXACT_PRIMARY_ID,MATCHED,N,Exact match on all fields
SCN-0205,CLEAN_EXACT_MATCH,TXN-A-000205,TXN-B-000205,TXN-A-000205-L409,TXN-B-000205-L410,EXACT_PRIMARY_ID,MATCHED,N,Exact match on all fields
SCN-0206,CLEAN_EXACT_MATCH,TXN-A-000206,TXN-B-000206,TXN-A-000206-L411,TXN-B-000206-L412,EXACT_PRIMARY_ID,MATCHED,N,Exact match on all fields
SCN-0207,CLEAN_EXACT_MATCH,TXN-A-000207,TXN-B-000207,TXN-A-000207-L413,TXN-B-000207-L414,EXACT_PRIMARY_ID,MATCHED,N,Exact match on all fields
SCN-0208,CLEAN_EXACT_MATCH,TXN-A-000208,TXN-B-000208,TXN-A-000208-L415,TXN-B-000208-L416,EXACT_PRIMARY_ID,MATCHED,N,Exact match on all fields
SCN-0209,CLEAN_EXACT_MATCH,TXN-A-000209,TXN-B-000209,TXN-A-000209-L417,TXN-B-000209-L418,EXACT_PRIMARY_ID,MATCHED,N,Exact match on all fields
SCN-0210,CLEAN_EXACT_MATCH,TXN-A-000210,TXN-B-000210,TXN-A-000210-L419,TXN-B-000210-L420,EXACT_PRIMARY_ID,MATCHED,N,Exact match on all fields
SCN-0211,CLEAN_EXACT_MATCH,TXN-A-000211,TXN-B-000211,TXN-A-000211-L421,TXN-B-000211-L422,EXACT_PRIMARY_ID,MATCHED,N,Exact match on all fields
SCN-0212,CLEAN_EXACT_MATCH,TXN-A-000212,TXN-B-000212,TXN-A-000212-L423,TXN-B-000212-L424,EXACT_PRIMARY_ID,MATCHED,N,Exact match on all fields
SCN-0213,CLEAN_EXACT_MATCH,TXN-A-000213,TXN-B-000213,TXN-A-000213-L425,TXN-B-000213-L426,EXACT_PRIMARY_ID,MATCHED,N,Exact match on all fields
SCN-0214,CLEAN_EXACT_MATCH,TXN-A-000214,TXN-B-000214,TXN-A-000214-L427,TXN-B-000214-L428,EXACT_PRIMARY_ID,MATCHED,N,Exact match on all fields
SCN-0215,CLEAN_EXACT_MATCH,TXN-A-000215,TXN-B-000215,TXN-A-000215-L429,TXN-B-000215-L430,EXACT_PRIMARY_ID,MATCHED,N,Exact match on all fields
SCN-0216,CLEAN_EXACT_MATCH,TXN-A-000216,TXN-B-000216,TXN-A-000216-L431,TXN-B-000216-L432,EXACT_PRIMARY_ID,MATCHED,N,Exact match on all fields
SCN-0217,CLEAN_EXACT_MATCH,TXN-A-000217,TXN-B-000217,TXN-A-000217-L433,TXN-B-000217-L434,EXACT_PRIMARY_ID,MATCHED,N,Exact match on all fields
SCN-0218,CLEAN_EXACT_MATCH,TXN-A-000218,TXN-B-000218,TXN-A-000218-L435,TXN-B-000218-L436,EXACT_PRIMARY_ID,MATCHED,N,Exact match on all fields
SCN-0219,CLEAN_EXACT_MATCH,TXN-A-000219,TXN-B-000219,TXN-A-000219-L437,TXN-B-000219-L438,EXACT_PRIMARY_ID,MATCHED,N,Exact match on all fields
SCN-0220,CLEAN_EXACT_MATCH,TXN-A-000220,TXN-B-000220,TXN-A-000220-L439,TXN-B-000220-L440,EXACT_PRIMARY_ID,MATCHED,N,Exact match on all fields
SCN-0221,CLEAN_EXACT_MATCH,TXN-A-000221,TXN-B-000221,TXN-A-000221-L441,TXN-B-000221-L442,EXACT_PRIMARY_ID,MATCHED,N,Exact match on all fields
SCN-0222,CLEAN_EXACT_MATCH,TXN-A-000222,TXN-B-000222,TXN-A-000222-L443,TXN-B-000222-L444,EXACT_PRIMARY_ID,MATCHED,N,Exact match on all fields
SCN-0223,CLEAN_EXACT_MATCH,TXN-A-000223,TXN-B-000223,TXN-A-000223-L445,TXN-B-000223-L446,EXACT_PRIMARY_ID,MATCHED,N,Exact match on all fields
SCN-0224,CLEAN_EXACT_MATCH,TXN-A-000224,TXN-B-000224,TXN-A-000224-L447,TXN-B-000224-L448,EXACT_PRIMARY_ID,MATCHED,N,Exact match on all fields
SCN-0225,CLEAN_EXACT_MATCH,TXN-A-000225,TXN-B-000225,TXN-A-000225-L449,TXN-B-000225-L450,EXACT_PRIMARY_ID,MATCHED,N,Exact match on all fields
SCN-0226,CLEAN_EXACT_MATCH,TXN-A-000226,TXN-B-000226,TXN-A-000226-L451,TXN-B-000226-L452,EXACT_PRIMARY_ID,MATCHED,N,Exact match on all fields
SCN-0227,CLEAN_EXACT_MATCH,TXN-A-000227,TXN-B-000227,TXN-A-000227-L453,TXN-B-000227-L454,EXACT_PRIMARY_ID,MATCHED,N,Exact match on all fields
SCN-0228,CLEAN_EXACT_MATCH,TXN-A-000228,TXN-B-000228,TXN-A-000228-L455,TXN-B-000228-L456,EXACT_PRIMARY_ID,MATCHED,N,Exact match on all fields
SCN-0229,CLEAN_EXACT_MATCH,TXN-A-000229,TXN-B-000229,TXN-A-000229-L457,TXN-B-000229-L458,EXACT_PRIMARY_ID,MATCHED,N,Exact match on all fields
SCN-0230,CLEAN_EXACT_MATCH,TXN-A-000230,TXN-B-000230,TXN-A-000230-L459,TXN-B-000230-L460,EXACT_PRIMARY_ID,MATCHED,N,Exact match on all fields
SCN-0231,CLEAN_EXACT_MATCH,TXN-A-000231,TXN-B-000231,TXN-A-000231-L461,TXN-B-000231-L462,EXACT_PRIMARY_ID,MATCHED,N,Exact match on all fields
SCN-0232,CLEAN_EXACT_MATCH,TXN-A-000232,TXN-B-000232,TXN-A-000232-L463,TXN-B-000232-L464,EXACT_PRIMARY_ID,MATCHED,N,Exact match on all fields
SCN-0233,CLEAN_EXACT_MATCH,TXN-A-000233,TXN-B-000233,TXN-A-000233-L465,TXN-B-000233-L466,EXACT_PRIMARY_ID,MATCHED,N,Exact match on all fields
SCN-0234,CLEAN_EXACT_MATCH,TXN-A-000234,TXN-B-000234,TXN-A-000234-L467,TXN-B-000234-L468,EXACT_PRIMARY_ID,MATCHED,N,Exact match on all fields
SCN-0235,CLEAN_EXACT_MATCH,TXN-A-000235,TXN-B-000235,TXN-A-000235-L469,TXN-B-000235-L470,EXACT_PRIMARY_ID,MATCHED,N,Exact match on all fields
SCN-0236,CLEAN_EXACT_MATCH,TXN-A-000236,TXN-B-000236,TXN-A-000236-L471,TXN-B-000236-L472,EXACT_PRIMARY_ID,MATCHED,N,Exact match on all fields
SCN-0237,CLEAN_EXACT_MATCH,TXN-A-000237,TXN-B-000237,TXN-A-000237-L473,TXN-B-000237-L474,EXACT_PRIMARY_ID,MATCHED,N,Exact match on all fields
SCN-0238,CLEAN_EXACT_MATCH,TXN-A-000238,TXN-B-000238,TXN-A-000238-L475,TXN-B-000238-L476,EXACT_PRIMARY_ID,MATCHED,N,Exact match on all fields
SCN-0239,CLEAN_EXACT_MATCH,TXN-A-000239,TXN-B-000239,TXN-A-000239-L477,TXN-B-000239-L478,EXACT_PRIMARY_ID,MATCHED,N,Exact match on all fields
SCN-0240,CLEAN_EXACT_MATCH,TXN-A-000240,TXN-B-000240,TXN-A-000240-L479,TXN-B-000240-L480,EXACT_PRIMARY_ID,MATCHED,N,Exact match on all fields
SCN-0241,CLEAN_EXACT_MATCH,TXN-A-000241,TXN-B-000241,TXN-A-000241-L481,TXN-B-000241-L482,EXACT_PRIMARY_ID,MATCHED,N,Exact match on all fields
SCN-0242,CLEAN_EXACT_MATCH,TXN-A-000242,TXN-B-000242,TXN-A-000242-L483,TXN-B-000242-L484,EXACT_PRIMARY_ID,MATCHED,N,Exact match on all fields
SCN-0243,CLEAN_EXACT_MATCH,TXN-A-000243,TXN-B-000243,TXN-A-000243-L485,TXN-B-000243-L486,EXACT_PRIMARY_ID,MATCHED,N,Exact match on all fields
SCN-0244,CLEAN_EXACT_MATCH,TXN-A-000244,TXN-B-000244,TXN-A-000244-L487,TXN-B-000244-L488,EXACT_PRIMARY_ID,MATCHED,N,Exact match on all fields
SCN-0245,CLEAN_EXACT_MATCH,TXN-A-000245,TXN-B-000245,TXN-A-000245-L489,TXN-B-000245-L490,EXACT_PRIMARY_ID,MATCHED,N,Exact match on all fields
SCN-0246,CLEAN_EXACT_MATCH,TXN-A-000246,TXN-B-000246,TXN-A-000246-L491,TXN-B-000246-L492,EXACT_PRIMARY_ID,MATCHED,N,Exact match on all fields
SCN-0247,CLEAN_EXACT_MATCH,TXN-A-000247,TXN-B-000247,TXN-A-000247-L493,TXN-B-000247-L494,EXACT_PRIMARY_ID,MATCHED,N,Exact match on all fields
SCN-0248,CLEAN_EXACT_MATCH,TXN-A-000248,TXN-B-000248,TXN-A-000248-L495,TXN-B-000248-L496,EXACT_PRIMARY_ID,MATCHED,N,Exact match on all fields
SCN-0249,CLEAN_EXACT_MATCH,TXN-A-000249,TXN-B-000249,TXN-A-000249-L497,TXN-B-000249-L498,EXACT_PRIMARY_ID,MATCHED,N,Exact match on all fields
SCN-0250,CLEAN_EXACT_MATCH,TXN-A-000250,TXN-B-000250,TXN-A-000250-L499,TXN-B-000250-L500,EXACT_PRIMARY_ID,MATCHED,N,Exact match on all fields
SCN-0251,CLEAN_EXACT_MATCH,TXN-A-000251,TXN-B-000251,TXN-A-000251-L501,TXN-B-000251-L502,EXACT_PRIMARY_ID,MATCHED,N,Exact match on all fields
SCN-0252,CLEAN_EXACT_MATCH,TXN-A-000252,TXN-B-000252,TXN-A-000252-L503,TXN-B-000252-L504,EXACT_PRIMARY_ID,MATCHED,N,Exact match on all fields
SCN-0253,CLEAN_EXACT_MATCH,TXN-A-000253,TXN-B-000253,TXN-A-000253-L505,TXN-B-000253-L506,EXACT_PRIMARY_ID,MATCHED,N,Exact match on all fields
SCN-0254,CLEAN_EXACT_MATCH,TXN-A-000254,TXN-B-000254,TXN-A-000254-L507,TXN-B-000254-L508,EXACT_PRIMARY_ID,MATCHED,N,Exact match on all fields
SCN-0255,CLEAN_EXACT_MATCH,TXN-A-000255,TXN-B-000255,TXN-A-000255-L509,TXN-B-000255-L510,EXACT_PRIMARY_ID,MATCHED,N,Exact match on all fields
SCN-0256,CLEAN_EXACT_MATCH,TXN-A-000256,TXN-B-000256,TXN-A-000256-L511,TXN-B-000256-L512,EXACT_PRIMARY_ID,MATCHED,N,Exact match on all fields
SCN-0257,CLEAN_EXACT_MATCH,TXN-A-000257,TXN-B-000257,TXN-A-000257-L513,TXN-B-000257-L514,EXACT_PRIMARY_ID,MATCHED,N,Exact match on all fields
SCN-0258,CLEAN_EXACT_MATCH,TXN-A-000258,TXN-B-000258,TXN-A-000258-L515,TXN-B-000258-L516,EXACT_PRIMARY_ID,MATCHED,N,Exact match on all fields
SCN-0259,CLEAN_EXACT_MATCH,TXN-A-000259,TXN-B-000259,TXN-A-000259-L517,TXN-B-000259-L518,EXACT_PRIMARY_ID,MATCHED,N,Exact match on all fields
SCN-0260,CLEAN_EXACT_MATCH,TXN-A-000260,TXN-B-000260,TXN-A-000260-L519,TXN-B-000260-L520,EXACT_PRIMARY_ID,MATCHED,N,Exact match on all fields
SCN-0261,CLEAN_EXACT_MATCH,TXN-A-000261,TXN-B-000261,TXN-A-000261-L521,TXN-B-000261-L522,EXACT_PRIMARY_ID,MATCHED,N,Exact match on all fields
SCN-0262,CLEAN_EXACT_MATCH,TXN-A-000262,TXN-B-000262,TXN-A-000262-L523,TXN-B-000262-L524,EXACT_PRIMARY_ID,MATCHED,N,Exact match on all fields
SCN-0263,CLEAN_EXACT_MATCH,TXN-A-000263,TXN-B-000263,TXN-A-000263-L525,TXN-B-000263-L526,EXACT_PRIMARY_ID,MATCHED,N,Exact match on all fields
SCN-0264,CLEAN_EXACT_MATCH,TXN-A-000264,TXN-B-000264,TXN-A-000264-L527,TXN-B-000264-L528,EXACT_PRIMARY_ID,MATCHED,N,Exact match on all fields
SCN-0265,CLEAN_EXACT_MATCH,TXN-A-000265,TXN-B-000265,TXN-A-000265-L529,TXN-B-000265-L530,EXACT_PRIMARY_ID,MATCHED,N,Exact match on all fields
SCN-0266,CLEAN_EXACT_MATCH,TXN-A-000266,TXN-B-000266,TXN-A-000266-L531,TXN-B-000266-L532,EXACT_PRIMARY_ID,MATCHED,N,Exact match on all fields
SCN-0267,CLEAN_EXACT_MATCH,TXN-A-000267,TXN-B-000267,TXN-A-000267-L533,TXN-B-000267-L534,EXACT_PRIMARY_ID,MATCHED,N,Exact match on all fields
SCN-0268,CLEAN_EXACT_MATCH,TXN-A-000268,TXN-B-000268,TXN-A-000268-L535,TXN-B-000268-L536,EXACT_PRIMARY_ID,MATCHED,N,Exact match on all fields
SCN-0269,CLEAN_EXACT_MATCH,TXN-A-000269,TXN-B-000269,TXN-A-000269-L537,TXN-B-000269-L538,EXACT_PRIMARY_ID,MATCHED,N,Exact match on all fields
SCN-0270,CLEAN_EXACT_MATCH,TXN-A-000270,TXN-B-000270,TXN-A-000270-L539,TXN-B-000270-L540,EXACT_PRIMARY_ID,MATCHED,N,Exact match on all fields
SCN-0271,CLEAN_EXACT_MATCH,TXN-A-000271,TXN-B-000271,TXN-A-000271-L541,TXN-B-000271-L542,EXACT_PRIMARY_ID,MATCHED,N,Exact match on all fields
SCN-0272,CLEAN_EXACT_MATCH,TXN-A-000272,TXN-B-000272,TXN-A-000272-L543,TXN-B-000272-L544,EXACT_PRIMARY_ID,MATCHED,N,Exact match on all fields
SCN-0273,CLEAN_EXACT_MATCH,TXN-A-000273,TXN-B-000273,TXN-A-000273-L545,TXN-B-000273-L546,EXACT_PRIMARY_ID,MATCHED,N,Exact match on all fields
SCN-0274,CLEAN_EXACT_MATCH,TXN-A-000274,TXN-B-000274,TXN-A-000274-L547,TXN-B-000274-L548,EXACT_PRIMARY_ID,MATCHED,N,Exact match on all fields
SCN-0275,CLEAN_EXACT_MATCH,TXN-A-000275,TXN-B-000275,TXN-A-000275-L549,TXN-B-000275-L550,EXACT_PRIMARY_ID,MATCHED,N,Exact match on all fields
SCN-0276,CLEAN_EXACT_MATCH,TXN-A-000276,TXN-B-000276,TXN-A-000276-L551,TXN-B-000276-L552,EXACT_PRIMARY_ID,MATCHED,N,Exact match on all fields
SCN-0277,CLEAN_EXACT_MATCH,TXN-A-000277,TXN-B-000277,TXN-A-000277-L553,TXN-B-000277-L554,EXACT_PRIMARY_ID,MATCHED,N,Exact match on all fields
SCN-0278,CLEAN_EXACT_MATCH,TXN-A-000278,TXN-B-000278,TXN-A-000278-L555,TXN-B-000278-L556,EXACT_PRIMARY_ID,MATCHED,N,Exact match on all fields
SCN-0279,CLEAN_EXACT_MATCH,TXN-A-000279,TXN-B-000279,TXN-A-000279-L557,TXN-B-000279-L558,EXACT_PRIMARY_ID,MATCHED,N,Exact match on all fields
SCN-0280,CLEAN_EXACT_MATCH,TXN-A-000280,TXN-B-000280,TXN-A-000280-L559,TXN-B-000280-L560,EXACT_PRIMARY_ID,MATCHED,N,Exact match on all fields
SCN-0281,CLEAN_EXACT_MATCH,TXN-A-000281,TXN-B-000281,TXN-A-000281-L561,TXN-B-000281-L562,EXACT_PRIMARY_ID,MATCHED,N,Exact match on all fields
SCN-0282,CLEAN_EXACT_MATCH,TXN-A-000282,TXN-B-000282,TXN-A-000282-L563,TXN-B-000282-L564,EXACT_PRIMARY_ID,MATCHED,N,Exact match on all fields
SCN-0283,CLEAN_EXACT_MATCH,TXN-A-000283,TXN-B-000283,TXN-A-000283-L565,TXN-B-000283-L566,EXACT_PRIMARY_ID,MATCHED,N,Exact match on all fields
SCN-0284,CLEAN_EXACT_MATCH,TXN-A-000284,TXN-B-000284,TXN-A-000284-L567,TXN-B-000284-L568,EXACT_PRIMARY_ID,MATCHED,N,Exact match on all fields
SCN-0285,CLEAN_EXACT_MATCH,TXN-A-000285,TXN-B-000285,TXN-A-000285-L569,TXN-B-000285-L570,EXACT_PRIMARY_ID,MATCHED,N,Exact match on all fields
SCN-0286,CLEAN_EXACT_MATCH,TXN-A-000286,TXN-B-000286,TXN-A-000286-L571,TXN-B-000286-L572,EXACT_PRIMARY_ID,MATCHED,N,Exact match on all fields
SCN-0287,CLEAN_EXACT_MATCH,TXN-A-000287,TXN-B-000287,TXN-A-000287-L573,TXN-B-000287-L574,EXACT_PRIMARY_ID,MATCHED,N,Exact match on all fields
SCN-0288,CLEAN_EXACT_MATCH,TXN-A-000288,TXN-B-000288,TXN-A-000288-L575,TXN-B-000288-L576,EXACT_PRIMARY_ID,MATCHED,N,Exact match on all fields
SCN-0289,CLEAN_EXACT_MATCH,TXN-A-000289,TXN-B-000289,TXN-A-000289-L577,TXN-B-000289-L578,EXACT_PRIMARY_ID,MATCHED,N,Exact match on all fields
SCN-0290,CLEAN_EXACT_MATCH,TXN-A-000290,TXN-B-000290,TXN-A-000290-L579,TXN-B-000290-L580,EXACT_PRIMARY_ID,MATCHED,N,Exact match on all fields
SCN-0291,CLEAN_EXACT_MATCH,TXN-A-000291,TXN-B-000291,TXN-A-000291-L581,TXN-B-000291-L582,EXACT_PRIMARY_ID,MATCHED,N,Exact match on all fields
SCN-0292,CLEAN_EXACT_MATCH,TXN-A-000292,TXN-B-000292,TXN-A-000292-L583,TXN-B-000292-L584,EXACT_PRIMARY_ID,MATCHED,N,Exact match on all fields
SCN-0293,CLEAN_EXACT_MATCH,TXN-A-000293,TXN-B-000293,TXN-A-000293-L585,TXN-B-000293-L586,EXACT_PRIMARY_ID,MATCHED,N,Exact match on all fields
SCN-0294,CLEAN_EXACT_MATCH,TXN-A-000294,TXN-B-000294,TXN-A-000294-L587,TXN-B-000294-L588,EXACT_PRIMARY_ID,MATCHED,N,Exact match on all fields
SCN-0295,CLEAN_EXACT_MATCH,TXN-A-000295,TXN-B-000295,TXN-A-000295-L589,TXN-B-000295-L590,EXACT_PRIMARY_ID,MATCHED,N,Exact match on all fields
SCN-0296,CLEAN_EXACT_MATCH,TXN-A-000296,TXN-B-000296,TXN-A-000296-L591,TXN-B-000296-L592,EXACT_PRIMARY_ID,MATCHED,N,Exact match on all fields
SCN-0297,CLEAN_EXACT_MATCH,TXN-A-000297,TXN-B-000297,TXN-A-000297-L593,TXN-B-000297-L594,EXACT_PRIMARY_ID,MATCHED,N,Exact match on all fields
SCN-0298,CLEAN_EXACT_MATCH,TXN-A-000298,TXN-B-000298,TXN-A-000298-L595,TXN-B-000298-L596,EXACT_PRIMARY_ID,MATCHED,N,Exact match on all fields
SCN-0299,CLEAN_EXACT_MATCH,TXN-A-000299,TXN-B-000299,TXN-A-000299-L597,TXN-B-000299-L598,EXACT_PRIMARY_ID,MATCHED,N,Exact match on all fields
SCN-0300,CLEAN_EXACT_MATCH,TXN-A-000300,TXN-B-000300,TXN-A-000300-L599,TXN-B-000300-L600,EXACT_PRIMARY_ID,MATCHED,N,Exact match on all fields
SCN-0301,CLEAN_EXACT_MATCH,TXN-A-000301,TXN-B-000301,TXN-A-000301-L601,TXN-B-000301-L602,EXACT_PRIMARY_ID,MATCHED,N,Exact match on all fields
SCN-0302,CLEAN_EXACT_MATCH,TXN-A-000302,TXN-B-000302,TXN-A-000302-L603,TXN-B-000302-L604,EXACT_PRIMARY_ID,MATCHED,N,Exact match on all fields
SCN-0303,CLEAN_EXACT_MATCH,TXN-A-000303,TXN-B-000303,TXN-A-000303-L605,TXN-B-000303-L606,EXACT_PRIMARY_ID,MATCHED,N,Exact match on all fields
SCN-0304,CLEAN_EXACT_MATCH,TXN-A-000304,TXN-B-000304,TXN-A-000304-L607,TXN-B-000304-L608,EXACT_PRIMARY_ID,MATCHED,N,Exact match on all fields
SCN-0305,CLEAN_EXACT_MATCH,TXN-A-000305,TXN-B-000305,TXN-A-000305-L609,TXN-B-000305-L610,EXACT_PRIMARY_ID,MATCHED,N,Exact match on all fields
SCN-0306,CLEAN_EXACT_MATCH,TXN-A-000306,TXN-B-000306,TXN-A-000306-L611,TXN-B-000306-L612,EXACT_PRIMARY_ID,MATCHED,N,Exact match on all fields
SCN-0307,CLEAN_EXACT_MATCH,TXN-A-000307,TXN-B-000307,TXN-A-000307-L613,TXN-B-000307-L614,EXACT_PRIMARY_ID,MATCHED,N,Exact match on all fields
SCN-0308,CLEAN_EXACT_MATCH,TXN-A-000308,TXN-B-000308,TXN-A-000308-L615,TXN-B-000308-L616,EXACT_PRIMARY_ID,MATCHED,N,Exact match on all fields
SCN-0309,CLEAN_EXACT_MATCH,TXN-A-000309,TXN-B-000309,TXN-A-000309-L617,TXN-B-000309-L618,EXACT_PRIMARY_ID,MATCHED,N,Exact match on all fields
SCN-0310,CLEAN_EXACT_MATCH,TXN-A-000310,TXN-B-000310,TXN-A-000310-L619,TXN-B-000310-L620,EXACT_PRIMARY_ID,MATCHED,N,Exact match on all fields
SCN-0311,CLEAN_EXACT_MATCH,TXN-A-000311,TXN-B-000311,TXN-A-000311-L621,TXN-B-000311-L622,EXACT_PRIMARY_ID,MATCHED,N,Exact match on all fields
SCN-0312,CLEAN_EXACT_MATCH,TXN-A-000312,TXN-B-000312,TXN-A-000312-L623,TXN-B-000312-L624,EXACT_PRIMARY_ID,MATCHED,N,Exact match on all fields
SCN-0313,CLEAN_EXACT_MATCH,TXN-A-000313,TXN-B-000313,TXN-A-000313-L625,TXN-B-000313-L626,EXACT_PRIMARY_ID,MATCHED,N,Exact match on all fields
SCN-0314,CLEAN_EXACT_MATCH,TXN-A-000314,TXN-B-000314,TXN-A-000314-L627,TXN-B-000314-L628,EXACT_PRIMARY_ID,MATCHED,N,Exact match on all fields
SCN-0315,CLEAN_EXACT_MATCH,TXN-A-000315,TXN-B-000315,TXN-A-000315-L629,TXN-B-000315-L630,EXACT_PRIMARY_ID,MATCHED,N,Exact match on all fields
SCN-0316,CLEAN_EXACT_MATCH,TXN-A-000316,TXN-B-000316,TXN-A-000316-L631,TXN-B-000316-L632,EXACT_PRIMARY_ID,MATCHED,N,Exact match on all fields
SCN-0317,CLEAN_EXACT_MATCH,TXN-A-000317,TXN-B-000317,TXN-A-000317-L633,TXN-B-000317-L634,EXACT_PRIMARY_ID,MATCHED,N,Exact match on all fields
SCN-0318,CLEAN_EXACT_MATCH,TXN-A-000318,TXN-B-000318,TXN-A-000318-L635,TXN-B-000318-L636,EXACT_PRIMARY_ID,MATCHED,N,Exact match on all fields
SCN-0319,CLEAN_EXACT_MATCH,TXN-A-000319,TXN-B-000319,TXN-A-000319-L637,TXN-B-000319-L638,EXACT_PRIMARY_ID,MATCHED,N,Exact match on all fields
SCN-0320,CLEAN_EXACT_MATCH,TXN-A-000320,TXN-B-000320,TXN-A-000320-L639,TXN-B-000320-L640,EXACT_PRIMARY_ID,MATCHED,N,Exact match on all fields
SCN-0321,CLEAN_EXACT_MATCH,TXN-A-000321,TXN-B-000321,TXN-A-000321-L641,TXN-B-000321-L642,EXACT_PRIMARY_ID,MATCHED,N,Exact match on all fields
SCN-0322,CLEAN_EXACT_MATCH,TXN-A-000322,TXN-B-000322,TXN-A-000322-L643,TXN-B-000322-L644,EXACT_PRIMARY_ID,MATCHED,N,Exact match on all fields
SCN-0323,CLEAN_EXACT_MATCH,TXN-A-000323,TXN-B-000323,TXN-A-000323-L645,TXN-B-000323-L646,EXACT_PRIMARY_ID,MATCHED,N,Exact match on all fields
SCN-0324,CLEAN_EXACT_MATCH,TXN-A-000324,TXN-B-000324,TXN-A-000324-L647,TXN-B-000324-L648,EXACT_PRIMARY_ID,MATCHED,N,Exact match on all fields
SCN-0325,CLEAN_EXACT_MATCH,TXN-A-000325,TXN-B-000325,TXN-A-000325-L649,TXN-B-000325-L650,EXACT_PRIMARY_ID,MATCHED,N,Exact match on all fields
SCN-0326,CLEAN_EXACT_MATCH,TXN-A-000326,TXN-B-000326,TXN-A-000326-L651,TXN-B-000326-L652,EXACT_PRIMARY_ID,MATCHED,N,Exact match on all fields
SCN-0327,CLEAN_EXACT_MATCH,TXN-A-000327,TXN-B-000327,TXN-A-000327-L653,TXN-B-000327-L654,EXACT_PRIMARY_ID,MATCHED,N,Exact match on all fields
SCN-0328,CLEAN_EXACT_MATCH,TXN-A-000328,TXN-B-000328,TXN-A-000328-L655,TXN-B-000328-L656,EXACT_PRIMARY_ID,MATCHED,N,Exact match on all fields
SCN-0329,CLEAN_EXACT_MATCH,TXN-A-000329,TXN-B-000329,TXN-A-000329-L657,TXN-B-000329-L658,EXACT_PRIMARY_ID,MATCHED,N,Exact match on all fields
SCN-0330,CLEAN_EXACT_MATCH,TXN-A-000330,TXN-B-000330,TXN-A-000330-L659,TXN-B-000330-L660,EXACT_PRIMARY_ID,MATCHED,N,Exact match on all fields
SCN-0331,CLEAN_EXACT_MATCH,TXN-A-000331,TXN-B-000331,TXN-A-000331-L661,TXN-B-000331-L662,EXACT_PRIMARY_ID,MATCHED,N,Exact match on all fields
SCN-0332,CLEAN_EXACT_MATCH,TXN-A-000332,TXN-B-000332,TXN-A-000332-L663,TXN-B-000332-L664,EXACT_PRIMARY_ID,MATCHED,N,Exact match on all fields
SCN-0333,CLEAN_EXACT_MATCH,TXN-A-000333,TXN-B-000333,TXN-A-000333-L665,TXN-B-000333-L666,EXACT_PRIMARY_ID,MATCHED,N,Exact match on all fields
SCN-0334,CLEAN_EXACT_MATCH,TXN-A-000334,TXN-B-000334,TXN-A-000334-L667,TXN-B-000334-L668,EXACT_PRIMARY_ID,MATCHED,N,Exact match on all fields
SCN-0335,CLEAN_EXACT_MATCH,TXN-A-000335,TXN-B-000335,TXN-A-000335-L669,TXN-B-000335-L670,EXACT_PRIMARY_ID,MATCHED,N,Exact match on all fields
SCN-0336,CLEAN_EXACT_MATCH,TXN-A-000336,TXN-B-000336,TXN-A-000336-L671,TXN-B-000336-L672,EXACT_PRIMARY_ID,MATCHED,N,Exact match on all fields
SCN-0337,CLEAN_EXACT_MATCH,TXN-A-000337,TXN-B-000337,TXN-A-000337-L673,TXN-B-000337-L674,EXACT_PRIMARY_ID,MATCHED,N,Exact match on all fields
SCN-0338,CLEAN_EXACT_MATCH,TXN-A-000338,TXN-B-000338,TXN-A-000338-L675,TXN-B-000338-L676,EXACT_PRIMARY_ID,MATCHED,N,Exact match on all fields
SCN-0339,CLEAN_EXACT_MATCH,TXN-A-000339,TXN-B-000339,TXN-A-000339-L677,TXN-B-000339-L678,EXACT_PRIMARY_ID,MATCHED,N,Exact match on all fields
SCN-0340,CLEAN_EXACT_MATCH,TXN-A-000340,TXN-B-000340,TXN-A-000340-L679,TXN-B-000340-L680,EXACT_PRIMARY_ID,MATCHED,N,Exact match on all fields
SCN-0341,CLEAN_EXACT_MATCH,TXN-A-000341,TXN-B-000341,TXN-A-000341-L681,TXN-B-000341-L682,EXACT_PRIMARY_ID,MATCHED,N,Exact match on all fields
SCN-0342,CLEAN_EXACT_MATCH,TXN-A-000342,TXN-B-000342,TXN-A-000342-L683,TXN-B-000342-L684,EXACT_PRIMARY_ID,MATCHED,N,Exact match on all fields
SCN-0343,CLEAN_EXACT_MATCH,TXN-A-000343,TXN-B-000343,TXN-A-000343-L685,TXN-B-000343-L686,EXACT_PRIMARY_ID,MATCHED,N,Exact match on all fields
SCN-0344,CLEAN_EXACT_MATCH,TXN-A-000344,TXN-B-000344,TXN-A-000344-L687,TXN-B-000344-L688,EXACT_PRIMARY_ID,MATCHED,N,Exact match on all fields
SCN-0345,CLEAN_EXACT_MATCH,TXN-A-000345,TXN-B-000345,TXN-A-000345-L689,TXN-B-000345-L690,EXACT_PRIMARY_ID,MATCHED,N,Exact match on all fields
SCN-0346,CLEAN_EXACT_MATCH,TXN-A-000346,TXN-B-000346,TXN-A-000346-L691,TXN-B-000346-L692,EXACT_PRIMARY_ID,MATCHED,N,Exact match on all fields
SCN-0347,CLEAN_EXACT_MATCH,TXN-A-000347,TXN-B-000347,TXN-A-000347-L693,TXN-B-000347-L694,EXACT_PRIMARY_ID,MATCHED,N,Exact match on all fields
SCN-0348,CLEAN_EXACT_MATCH,TXN-A-000348,TXN-B-000348,TXN-A-000348-L695,TXN-B-000348-L696,EXACT_PRIMARY_ID,MATCHED,N,Exact match on all fields
SCN-0349,CLEAN_EXACT_MATCH,TXN-A-000349,TXN-B-000349,TXN-A-000349-L697,TXN-B-000349-L698,EXACT_PRIMARY_ID,MATCHED,N,Exact match on all fields
SCN-0350,CLEAN_EXACT_MATCH,TXN-A-000350,TXN-B-000350,TXN-A-000350-L699,TXN-B-000350-L700,EXACT_PRIMARY_ID,MATCHED,N,Exact match on all fields
SCN-0351,CLEAN_EXACT_MATCH,TXN-A-000351,TXN-B-000351,TXN-A-000351-L701,TXN-B-000351-L702,EXACT_PRIMARY_ID,MATCHED,N,Exact match on all fields
SCN-0352,CLEAN_EXACT_MATCH,TXN-A-000352,TXN-B-000352,TXN-A-000352-L703,TXN-B-000352-L704,EXACT_PRIMARY_ID,MATCHED,N,Exact match on all fields
SCN-0353,CLEAN_EXACT_MATCH,TXN-A-000353,TXN-B-000353,TXN-A-000353-L705,TXN-B-000353-L706,EXACT_PRIMARY_ID,MATCHED,N,Exact match on all fields
SCN-0354,CLEAN_EXACT_MATCH,TXN-A-000354,TXN-B-000354,TXN-A-000354-L707,TXN-B-000354-L708,EXACT_PRIMARY_ID,MATCHED,N,Exact match on all fields
SCN-0355,CLEAN_EXACT_MATCH,TXN-A-000355,TXN-B-000355,TXN-A-000355-L709,TXN-B-000355-L710,EXACT_PRIMARY_ID,MATCHED,N,Exact match on all fields
SCN-0356,CLEAN_EXACT_MATCH,TXN-A-000356,TXN-B-000356,TXN-A-000356-L711,TXN-B-000356-L712,EXACT_PRIMARY_ID,MATCHED,N,Exact match on all fields
SCN-0357,CLEAN_EXACT_MATCH,TXN-A-000357,TXN-B-000357,TXN-A-000357-L713,TXN-B-000357-L714,EXACT_PRIMARY_ID,MATCHED,N,Exact match on all fields
SCN-0358,CLEAN_EXACT_MATCH,TXN-A-000358,TXN-B-000358,TXN-A-000358-L715,TXN-B-000358-L716,EXACT_PRIMARY_ID,MATCHED,N,Exact match on all fields
SCN-0359,CLEAN_EXACT_MATCH,TXN-A-000359,TXN-B-000359,TXN-A-000359-L717,TXN-B-000359-L718,EXACT_PRIMARY_ID,MATCHED,N,Exact match on all fields
SCN-0360,CLEAN_EXACT_MATCH,TXN-A-000360,TXN-B-000360,TXN-A-000360-L719,TXN-B-000360-L720,EXACT_PRIMARY_ID,MATCHED,N,Exact match on all fields
SCN-0361,CLEAN_EXACT_MATCH,TXN-A-000361,TXN-B-000361,TXN-A-000361-L721,TXN-B-000361-L722,EXACT_PRIMARY_ID,MATCHED,N,Exact match on all fields
SCN-0362,CLEAN_EXACT_MATCH,TXN-A-000362,TXN-B-000362,TXN-A-000362-L723,TXN-B-000362-L724,EXACT_PRIMARY_ID,MATCHED,N,Exact match on all fields
SCN-0363,CLEAN_EXACT_MATCH,TXN-A-000363,TXN-B-000363,TXN-A-000363-L725,TXN-B-000363-L726,EXACT_PRIMARY_ID,MATCHED,N,Exact match on all fields
SCN-0364,CLEAN_EXACT_MATCH,TXN-A-000364,TXN-B-000364,TXN-A-000364-L727,TXN-B-000364-L728,EXACT_PRIMARY_ID,MATCHED,N,Exact match on all fields
SCN-0365,CLEAN_EXACT_MATCH,TXN-A-000365,TXN-B-000365,TXN-A-000365-L729,TXN-B-000365-L730,EXACT_PRIMARY_ID,MATCHED,N,Exact match on all fields
SCN-0366,CLEAN_EXACT_MATCH,TXN-A-000366,TXN-B-000366,TXN-A-000366-L731,TXN-B-000366-L732,EXACT_PRIMARY_ID,MATCHED,N,Exact match on all fields
SCN-0367,CLEAN_EXACT_MATCH,TXN-A-000367,TXN-B-000367,TXN-A-000367-L733,TXN-B-000367-L734,EXACT_PRIMARY_ID,MATCHED,N,Exact match on all fields
SCN-0368,CLEAN_EXACT_MATCH,TXN-A-000368,TXN-B-000368,TXN-A-000368-L735,TXN-B-000368-L736,EXACT_PRIMARY_ID,MATCHED,N,Exact match on all fields
SCN-0369,CLEAN_EXACT_MATCH,TXN-A-000369,TXN-B-000369,TXN-A-000369-L737,TXN-B-000369-L738,EXACT_PRIMARY_ID,MATCHED,N,Exact match on all fields
SCN-0370,CLEAN_EXACT_MATCH,TXN-A-000370,TXN-B-000370,TXN-A-000370-L739,TXN-B-000370-L740,EXACT_PRIMARY_ID,MATCHED,N,Exact match on all fields
SCN-0371,CLEAN_EXACT_MATCH,TXN-A-000371,TXN-B-000371,TXN-A-000371-L741,TXN-B-000371-L742,EXACT_PRIMARY_ID,MATCHED,N,Exact match on all fields
SCN-0372,CLEAN_EXACT_MATCH,TXN-A-000372,TXN-B-000372,TXN-A-000372-L743,TXN-B-000372-L744,EXACT_PRIMARY_ID,MATCHED,N,Exact match on all fields
SCN-0373,CLEAN_EXACT_MATCH,TXN-A-000373,TXN-B-000373,TXN-A-000373-L745,TXN-B-000373-L746,EXACT_PRIMARY_ID,MATCHED,N,Exact match on all fields
SCN-0374,CLEAN_EXACT_MATCH,TXN-A-000374,TXN-B-000374,TXN-A-000374-L747,TXN-B-000374-L748,EXACT_PRIMARY_ID,MATCHED,N,Exact match on all fields
SCN-0375,CLEAN_EXACT_MATCH,TXN-A-000375,TXN-B-000375,TXN-A-000375-L749,TXN-B-000375-L750,EXACT_PRIMARY_ID,MATCHED,N,Exact match on all fields
SCN-0376,CLEAN_EXACT_MATCH,TXN-A-000376,TXN-B-000376,TXN-A-000376-L751,TXN-B-000376-L752,EXACT_PRIMARY_ID,MATCHED,N,Exact match on all fields
SCN-0377,CLEAN_EXACT_MATCH,TXN-A-000377,TXN-B-000377,TXN-A-000377-L753,TXN-B-000377-L754,EXACT_PRIMARY_ID,MATCHED,N,Exact match on all fields
SCN-0378,CLEAN_EXACT_MATCH,TXN-A-000378,TXN-B-000378,TXN-A-000378-L755,TXN-B-000378-L756,EXACT_PRIMARY_ID,MATCHED,N,Exact match on all fields
SCN-0379,CLEAN_EXACT_MATCH,TXN-A-000379,TXN-B-000379,TXN-A-000379-L757,TXN-B-000379-L758,EXACT_PRIMARY_ID,MATCHED,N,Exact match on all fields
SCN-0380,CLEAN_EXACT_MATCH,TXN-A-000380,TXN-B-000380,TXN-A-000380-L759,TXN-B-000380-L760,EXACT_PRIMARY_ID,MATCHED,N,Exact match on all fields
SCN-0381,CLEAN_EXACT_MATCH,TXN-A-000381,TXN-B-000381,TXN-A-000381-L761,TXN-B-000381-L762,EXACT_PRIMARY_ID,MATCHED,N,Exact match on all fields
SCN-0382,CLEAN_EXACT_MATCH,TXN-A-000382,TXN-B-000382,TXN-A-000382-L763,TXN-B-000382-L764,EXACT_PRIMARY_ID,MATCHED,N,Exact match on all fields
SCN-0383,CLEAN_EXACT_MATCH,TXN-A-000383,TXN-B-000383,TXN-A-000383-L765,TXN-B-000383-L766,EXACT_PRIMARY_ID,MATCHED,N,Exact match on all fields
SCN-0384,CLEAN_EXACT_MATCH,TXN-A-000384,TXN-B-000384,TXN-A-000384-L767,TXN-B-000384-L768,EXACT_PRIMARY_ID,MATCHED,N,Exact match on all fields
SCN-0385,CLEAN_EXACT_MATCH,TXN-A-000385,TXN-B-000385,TXN-A-000385-L769,TXN-B-000385-L770,EXACT_PRIMARY_ID,MATCHED,N,Exact match on all fields
SCN-0386,CLEAN_EXACT_MATCH,TXN-A-000386,TXN-B-000386,TXN-A-000386-L771,TXN-B-000386-L772,EXACT_PRIMARY_ID,MATCHED,N,Exact match on all fields
SCN-0387,CLEAN_EXACT_MATCH,TXN-A-000387,TXN-B-000387,TXN-A-000387-L773,TXN-B-000387-L774,EXACT_PRIMARY_ID,MATCHED,N,Exact match on all fields
SCN-0388,CLEAN_EXACT_MATCH,TXN-A-000388,TXN-B-000388,TXN-A-000388-L775,TXN-B-000388-L776,EXACT_PRIMARY_ID,MATCHED,N,Exact match on all fields
SCN-0389,CLEAN_EXACT_MATCH,TXN-A-000389,TXN-B-000389,TXN-A-000389-L777,TXN-B-000389-L778,EXACT_PRIMARY_ID,MATCHED,N,Exact match on all fields
SCN-0390,CLEAN_EXACT_MATCH,TXN-A-000390,TXN-B-000390,TXN-A-000390-L779,TXN-B-000390-L780,EXACT_PRIMARY_ID,MATCHED,N,Exact match on all fields
SCN-0391,CLEAN_EXACT_MATCH,TXN-A-000391,TXN-B-000391,TXN-A-000391-L781,TXN-B-000391-L782,EXACT_PRIMARY_ID,MATCHED,N,Exact match on all fields
SCN-0392,CLEAN_EXACT_MATCH,TXN-A-000392,TXN-B-000392,TXN-A-000392-L783,TXN-B-000392-L784,EXACT_PRIMARY_ID,MATCHED,N,Exact match on all fields
SCN-0393,CLEAN_EXACT_MATCH,TXN-A-000393,TXN-B-000393,TXN-A-000393-L785,TXN-B-000393-L786,EXACT_PRIMARY_ID,MATCHED,N,Exact match on all fields
SCN-0394,CLEAN_EXACT_MATCH,TXN-A-000394,TXN-B-000394,TXN-A-000394-L787,TXN-B-000394-L788,EXACT_PRIMARY_ID,MATCHED,N,Exact match on all fields
SCN-0395,CLEAN_EXACT_MATCH,TXN-A-000395,TXN-B-000395,TXN-A-000395-L789,TXN-B-000395-L790,EXACT_PRIMARY_ID,MATCHED,N,Exact match on all fields
SCN-0396,CLEAN_EXACT_MATCH,TXN-A-000396,TXN-B-000396,TXN-A-000396-L791,TXN-B-000396-L792,EXACT_PRIMARY_ID,MATCHED,N,Exact match on all fields
SCN-0397,CLEAN_EXACT_MATCH,TXN-A-000397,TXN-B-000397,TXN-A-000397-L793,TXN-B-000397-L794,EXACT_PRIMARY_ID,MATCHED,N,Exact match on all fields
SCN-0398,CLEAN_EXACT_MATCH,TXN-A-000398,TXN-B-000398,TXN-A-000398-L795,TXN-B-000398-L796,EXACT_PRIMARY_ID,MATCHED,N,Exact match on all fields
SCN-0399,CLEAN_EXACT_MATCH,TXN-A-000399,TXN-B-000399,TXN-A-000399-L797,TXN-B-000399-L798,EXACT_PRIMARY_ID,MATCHED,N,Exact match on all fields
SCN-0400,CLEAN_EXACT_MATCH,TXN-A-000400,TXN-B-000400,TXN-A-000400-L799,TXN-B-000400-L800,EXACT_PRIMARY_ID,MATCHED,N,Exact match on all fields
SCN-0401,CLEAN_EXACT_MATCH,TXN-A-000401,TXN-B-000401,TXN-A-000401-L801,TXN-B-000401-L802,EXACT_PRIMARY_ID,MATCHED,N,Exact match on all fields
SCN-0402,CLEAN_EXACT_MATCH,TXN-A-000402,TXN-B-000402,TXN-A-000402-L803,TXN-B-000402-L804,EXACT_PRIMARY_ID,MATCHED,N,Exact match on all fields
SCN-0403,CLEAN_EXACT_MATCH,TXN-A-000403,TXN-B-000403,TXN-A-000403-L805,TXN-B-000403-L806,EXACT_PRIMARY_ID,MATCHED,N,Exact match on all fields
SCN-0404,CLEAN_EXACT_MATCH,TXN-A-000404,TXN-B-000404,TXN-A-000404-L807,TXN-B-000404-L808,EXACT_PRIMARY_ID,MATCHED,N,Exact match on all fields
SCN-0405,CLEAN_EXACT_MATCH,TXN-A-000405,TXN-B-000405,TXN-A-000405-L809,TXN-B-000405-L810,EXACT_PRIMARY_ID,MATCHED,N,Exact match on all fields
SCN-0406,CLEAN_EXACT_MATCH,TXN-A-000406,TXN-B-000406,TXN-A-000406-L811,TXN-B-000406-L812,EXACT_PRIMARY_ID,MATCHED,N,Exact match on all fields
SCN-0407,CLEAN_EXACT_MATCH,TXN-A-000407,TXN-B-000407,TXN-A-000407-L813,TXN-B-000407-L814,EXACT_PRIMARY_ID,MATCHED,N,Exact match on all fields
SCN-0408,CLEAN_EXACT_MATCH,TXN-A-000408,TXN-B-000408,TXN-A-000408-L815,TXN-B-000408-L816,EXACT_PRIMARY_ID,MATCHED,N,Exact match on all fields
SCN-0409,CLEAN_EXACT_MATCH,TXN-A-000409,TXN-B-000409,TXN-A-000409-L817,TXN-B-000409-L818,EXACT_PRIMARY_ID,MATCHED,N,Exact match on all fields
SCN-0410,CLEAN_EXACT_MATCH,TXN-A-000410,TXN-B-000410,TXN-A-000410-L819,TXN-B-000410-L820,EXACT_PRIMARY_ID,MATCHED,N,Exact match on all fields
SCN-0411,CLEAN_EXACT_MATCH,TXN-A-000411,TXN-B-000411,TXN-A-000411-L821,TXN-B-000411-L822,EXACT_PRIMARY_ID,MATCHED,N,Exact match on all fields
SCN-0412,CLEAN_EXACT_MATCH,TXN-A-000412,TXN-B-000412,TXN-A-000412-L823,TXN-B-000412-L824,EXACT_PRIMARY_ID,MATCHED,N,Exact match on all fields
SCN-0413,CLEAN_EXACT_MATCH,TXN-A-000413,TXN-B-000413,TXN-A-000413-L825,TXN-B-000413-L826,EXACT_PRIMARY_ID,MATCHED,N,Exact match on all fields
SCN-0414,CLEAN_EXACT_MATCH,TXN-A-000414,TXN-B-000414,TXN-A-000414-L827,TXN-B-000414-L828,EXACT_PRIMARY_ID,MATCHED,N,Exact match on all fields
SCN-0415,CLEAN_EXACT_MATCH,TXN-A-000415,TXN-B-000415,TXN-A-000415-L829,TXN-B-000415-L830,EXACT_PRIMARY_ID,MATCHED,N,Exact match on all fields
SCN-0416,CLEAN_EXACT_MATCH,TXN-A-000416,TXN-B-000416,TXN-A-000416-L831,TXN-B-000416-L832,EXACT_PRIMARY_ID,MATCHED,N,Exact match on all fields
SCN-0417,CLEAN_EXACT_MATCH,TXN-A-000417,TXN-B-000417,TXN-A-000417-L833,TXN-B-000417-L834,EXACT_PRIMARY_ID,MATCHED,N,Exact match on all fields
SCN-0418,CLEAN_EXACT_MATCH,TXN-A-000418,TXN-B-000418,TXN-A-000418-L835,TXN-B-000418-L836,EXACT_PRIMARY_ID,MATCHED,N,Exact match on all fields
SCN-0419,CLEAN_EXACT_MATCH,TXN-A-000419,TXN-B-000419,TXN-A-000419-L837,TXN-B-000419-L838,EXACT_PRIMARY_ID,MATCHED,N,Exact match on all fields
SCN-0420,CLEAN_EXACT_MATCH,TXN-A-000420,TXN-B-000420,TXN-A-000420-L839,TXN-B-000420-L840,EXACT_PRIMARY_ID,MATCHED,N,Exact match on all fields
SCN-0421,CLEAN_EXACT_MATCH,TXN-A-000421,TXN-B-000421,TXN-A-000421-L841,TXN-B-000421-L842,EXACT_PRIMARY_ID,MATCHED,N,Exact match on all fields
SCN-0422,CLEAN_EXACT_MATCH,TXN-A-000422,TXN-B-000422,TXN-A-000422-L843,TXN-B-000422-L844,EXACT_PRIMARY_ID,MATCHED,N,Exact match on all fields
SCN-0423,CLEAN_EXACT_MATCH,TXN-A-000423,TXN-B-000423,TXN-A-000423-L845,TXN-B-000423-L846,EXACT_PRIMARY_ID,MATCHED,N,Exact match on all fields
SCN-0424,CLEAN_EXACT_MATCH,TXN-A-000424,TXN-B-000424,TXN-A-000424-L847,TXN-B-000424-L848,EXACT_PRIMARY_ID,MATCHED,N,Exact match on all fields
SCN-0425,CLEAN_EXACT_MATCH,TXN-A-000425,TXN-B-000425,TXN-A-000425-L849,TXN-B-000425-L850,EXACT_PRIMARY_ID,MATCHED,N,Exact match on all fields
SCN-0426,CLEAN_EXACT_MATCH,TXN-A-000426,TXN-B-000426,TXN-A-000426-L851,TXN-B-000426-L852,EXACT_PRIMARY_ID,MATCHED,N,Exact match on all fields
SCN-0427,CLEAN_EXACT_MATCH,TXN-A-000427,TXN-B-000427,TXN-A-000427-L853,TXN-B-000427-L854,EXACT_PRIMARY_ID,MATCHED,N,Exact match on all fields
SCN-0428,CLEAN_EXACT_MATCH,TXN-A-000428,TXN-B-000428,TXN-A-000428-L855,TXN-B-000428-L856,EXACT_PRIMARY_ID,MATCHED,N,Exact match on all fields
SCN-0429,CLEAN_EXACT_MATCH,TXN-A-000429,TXN-B-000429,TXN-A-000429-L857,TXN-B-000429-L858,EXACT_PRIMARY_ID,MATCHED,N,Exact match on all fields
SCN-0430,CLEAN_EXACT_MATCH,TXN-A-000430,TXN-B-000430,TXN-A-000430-L859,TXN-B-000430-L860,EXACT_PRIMARY_ID,MATCHED,N,Exact match on all fields
SCN-0431,CLEAN_EXACT_MATCH,TXN-A-000431,TXN-B-000431,TXN-A-000431-L861,TXN-B-000431-L862,EXACT_PRIMARY_ID,MATCHED,N,Exact match on all fields
SCN-0432,CLEAN_EXACT_MATCH,TXN-A-000432,TXN-B-000432,TXN-A-000432-L863,TXN-B-000432-L864,EXACT_PRIMARY_ID,MATCHED,N,Exact match on all fields
SCN-0433,CLEAN_EXACT_MATCH,TXN-A-000433,TXN-B-000433,TXN-A-000433-L865,TXN-B-000433-L866,EXACT_PRIMARY_ID,MATCHED,N,Exact match on all fields
SCN-0434,CLEAN_EXACT_MATCH,TXN-A-000434,TXN-B-000434,TXN-A-000434-L867,TXN-B-000434-L868,EXACT_PRIMARY_ID,MATCHED,N,Exact match on all fields
SCN-0435,CLEAN_EXACT_MATCH,TXN-A-000435,TXN-B-000435,TXN-A-000435-L869,TXN-B-000435-L870,EXACT_PRIMARY_ID,MATCHED,N,Exact match on all fields
SCN-0436,CLEAN_EXACT_MATCH,TXN-A-000436,TXN-B-000436,TXN-A-000436-L871,TXN-B-000436-L872,EXACT_PRIMARY_ID,MATCHED,N,Exact match on all fields
SCN-0437,CLEAN_EXACT_MATCH,TXN-A-000437,TXN-B-000437,TXN-A-000437-L873,TXN-B-000437-L874,EXACT_PRIMARY_ID,MATCHED,N,Exact match on all fields
SCN-0438,CLEAN_EXACT_MATCH,TXN-A-000438,TXN-B-000438,TXN-A-000438-L875,TXN-B-000438-L876,EXACT_PRIMARY_ID,MATCHED,N,Exact match on all fields
SCN-0439,CLEAN_EXACT_MATCH,TXN-A-000439,TXN-B-000439,TXN-A-000439-L877,TXN-B-000439-L878,EXACT_PRIMARY_ID,MATCHED,N,Exact match on all fields
SCN-0440,CLEAN_EXACT_MATCH,TXN-A-000440,TXN-B-000440,TXN-A-000440-L879,TXN-B-000440-L880,EXACT_PRIMARY_ID,MATCHED,N,Exact match on all fields
SCN-0441,CLEAN_EXACT_MATCH,TXN-A-000441,TXN-B-000441,TXN-A-000441-L881,TXN-B-000441-L882,EXACT_PRIMARY_ID,MATCHED,N,Exact match on all fields
SCN-0442,CLEAN_EXACT_MATCH,TXN-A-000442,TXN-B-000442,TXN-A-000442-L883,TXN-B-000442-L884,EXACT_PRIMARY_ID,MATCHED,N,Exact match on all fields
SCN-0443,CLEAN_EXACT_MATCH,TXN-A-000443,TXN-B-000443,TXN-A-000443-L885,TXN-B-000443-L886,EXACT_PRIMARY_ID,MATCHED,N,Exact match on all fields
SCN-0444,CLEAN_EXACT_MATCH,TXN-A-000444,TXN-B-000444,TXN-A-000444-L887,TXN-B-000444-L888,EXACT_PRIMARY_ID,MATCHED,N,Exact match on all fields
SCN-0445,CLEAN_EXACT_MATCH,TXN-A-000445,TXN-B-000445,TXN-A-000445-L889,TXN-B-000445-L890,EXACT_PRIMARY_ID,MATCHED,N,Exact match on all fields
SCN-0446,CLEAN_EXACT_MATCH,TXN-A-000446,TXN-B-000446,TXN-A-000446-L891,TXN-B-000446-L892,EXACT_PRIMARY_ID,MATCHED,N,Exact match on all fields
SCN-0447,CLEAN_EXACT_MATCH,TXN-A-000447,TXN-B-000447,TXN-A-000447-L893,TXN-B-000447-L894,EXACT_PRIMARY_ID,MATCHED,N,Exact match on all fields
SCN-0448,CLEAN_EXACT_MATCH,TXN-A-000448,TXN-B-000448,TXN-A-000448-L895,TXN-B-000448-L896,EXACT_PRIMARY_ID,MATCHED,N,Exact match on all fields
SCN-0449,CLEAN_EXACT_MATCH,TXN-A-000449,TXN-B-000449,TXN-A-000449-L897,TXN-B-000449-L898,EXACT_PRIMARY_ID,MATCHED,N,Exact match on all fields
SCN-0450,CLEAN_EXACT_MATCH,TXN-A-000450,TXN-B-000450,TXN-A-000450-L899,TXN-B-000450-L900,EXACT_PRIMARY_ID,MATCHED,N,Exact match on all fields
SCN-0451,CLEAN_EXACT_MATCH,TXN-A-000451,TXN-B-000451,TXN-A-000451-L901,TXN-B-000451-L902,EXACT_PRIMARY_ID,MATCHED,N,Exact match on all fields
SCN-0452,CLEAN_EXACT_MATCH,TXN-A-000452,TXN-B-000452,TXN-A-000452-L903,TXN-B-000452-L904,EXACT_PRIMARY_ID,MATCHED,N,Exact match on all fields
SCN-0453,CLEAN_EXACT_MATCH,TXN-A-000453,TXN-B-000453,TXN-A-000453-L905,TXN-B-000453-L906,EXACT_PRIMARY_ID,MATCHED,N,Exact match on all fields
SCN-0454,CLEAN_EXACT_MATCH,TXN-A-000454,TXN-B-000454,TXN-A-000454-L907,TXN-B-000454-L908,EXACT_PRIMARY_ID,MATCHED,N,Exact match on all fields
SCN-0455,CLEAN_EXACT_MATCH,TXN-A-000455,TXN-B-000455,TXN-A-000455-L909,TXN-B-000455-L910,EXACT_PRIMARY_ID,MATCHED,N,Exact match on all fields
SCN-0456,CLEAN_EXACT_MATCH,TXN-A-000456,TXN-B-000456,TXN-A-000456-L911,TXN-B-000456-L912,EXACT_PRIMARY_ID,MATCHED,N,Exact match on all fields
SCN-0457,CLEAN_EXACT_MATCH,TXN-A-000457,TXN-B-000457,TXN-A-000457-L913,TXN-B-000457-L914,EXACT_PRIMARY_ID,MATCHED,N,Exact match on all fields
SCN-0458,CLEAN_EXACT_MATCH,TXN-A-000458,TXN-B-000458,TXN-A-000458-L915,TXN-B-000458-L916,EXACT_PRIMARY_ID,MATCHED,N,Exact match on all fields
SCN-0459,CLEAN_EXACT_MATCH,TXN-A-000459,TXN-B-000459,TXN-A-000459-L917,TXN-B-000459-L918,EXACT_PRIMARY_ID,MATCHED,N,Exact match on all fields
SCN-0460,CLEAN_EXACT_MATCH,TXN-A-000460,TXN-B-000460,TXN-A-000460-L919,TXN-B-000460-L920,EXACT_PRIMARY_ID,MATCHED,N,Exact match on all fields
SCN-0461,CLEAN_EXACT_MATCH,TXN-A-000461,TXN-B-000461,TXN-A-000461-L921,TXN-B-000461-L922,EXACT_PRIMARY_ID,MATCHED,N,Exact match on all fields
SCN-0462,CLEAN_EXACT_MATCH,TXN-A-000462,TXN-B-000462,TXN-A-000462-L923,TXN-B-000462-L924,EXACT_PRIMARY_ID,MATCHED,N,Exact match on all fields
SCN-0463,CLEAN_EXACT_MATCH,TXN-A-000463,TXN-B-000463,TXN-A-000463-L925,TXN-B-000463-L926,EXACT_PRIMARY_ID,MATCHED,N,Exact match on all fields
SCN-0464,CLEAN_EXACT_MATCH,TXN-A-000464,TXN-B-000464,TXN-A-000464-L927,TXN-B-000464-L928,EXACT_PRIMARY_ID,MATCHED,N,Exact match on all fields
SCN-0465,CLEAN_EXACT_MATCH,TXN-A-000465,TXN-B-000465,TXN-A-000465-L929,TXN-B-000465-L930,EXACT_PRIMARY_ID,MATCHED,N,Exact match on all fields
SCN-0466,CLEAN_EXACT_MATCH,TXN-A-000466,TXN-B-000466,TXN-A-000466-L931,TXN-B-000466-L932,EXACT_PRIMARY_ID,MATCHED,N,Exact match on all fields
SCN-0467,CLEAN_EXACT_MATCH,TXN-A-000467,TXN-B-000467,TXN-A-000467-L933,TXN-B-000467-L934,EXACT_PRIMARY_ID,MATCHED,N,Exact match on all fields
SCN-0468,CLEAN_EXACT_MATCH,TXN-A-000468,TXN-B-000468,TXN-A-000468-L935,TXN-B-000468-L936,EXACT_PRIMARY_ID,MATCHED,N,Exact match on all fields
SCN-0469,CLEAN_EXACT_MATCH,TXN-A-000469,TXN-B-000469,TXN-A-000469-L937,TXN-B-000469-L938,EXACT_PRIMARY_ID,MATCHED,N,Exact match on all fields
SCN-0470,CLEAN_EXACT_MATCH,TXN-A-000470,TXN-B-000470,TXN-A-000470-L939,TXN-B-000470-L940,EXACT_PRIMARY_ID,MATCHED,N,Exact match on all fields
SCN-0471,CLEAN_EXACT_MATCH,TXN-A-000471,TXN-B-000471,TXN-A-000471-L941,TXN-B-000471-L942,EXACT_PRIMARY_ID,MATCHED,N,Exact match on all fields
SCN-0472,CLEAN_EXACT_MATCH,TXN-A-000472,TXN-B-000472,TXN-A-000472-L943,TXN-B-000472-L944,EXACT_PRIMARY_ID,MATCHED,N,Exact match on all fields
SCN-0473,CLEAN_EXACT_MATCH,TXN-A-000473,TXN-B-000473,TXN-A-000473-L945,TXN-B-000473-L946,EXACT_PRIMARY_ID,MATCHED,N,Exact match on all fields
SCN-0474,CLEAN_EXACT_MATCH,TXN-A-000474,TXN-B-000474,TXN-A-000474-L947,TXN-B-000474-L948,EXACT_PRIMARY_ID,MATCHED,N,Exact match on all fields
SCN-0475,CLEAN_EXACT_MATCH,TXN-A-000475,TXN-B-000475,TXN-A-000475-L949,TXN-B-000475-L950,EXACT_PRIMARY_ID,MATCHED,N,Exact match on all fields
SCN-0476,CLEAN_EXACT_MATCH,TXN-A-000476,TXN-B-000476,TXN-A-000476-L951,TXN-B-000476-L952,EXACT_PRIMARY_ID,MATCHED,N,Exact match on all fields
SCN-0477,CLEAN_EXACT_MATCH,TXN-A-000477,TXN-B-000477,TXN-A-000477-L953,TXN-B-000477-L954,EXACT_PRIMARY_ID,MATCHED,N,Exact match on all fields
SCN-0478,CLEAN_EXACT_MATCH,TXN-A-000478,TXN-B-000478,TXN-A-000478-L955,TXN-B-000478-L956,EXACT_PRIMARY_ID,MATCHED,N,Exact match on all fields
SCN-0479,CLEAN_EXACT_MATCH,TXN-A-000479,TXN-B-000479,TXN-A-000479-L957,TXN-B-000479-L958,EXACT_PRIMARY_ID,MATCHED,N,Exact match on all fields
SCN-0480,CLEAN_EXACT_MATCH,TXN-A-000480,TXN-B-000480,TXN-A-000480-L959,TXN-B-000480-L960,EXACT_PRIMARY_ID,MATCHED,N,Exact match on all fields
SCN-0481,CLEAN_EXACT_MATCH,TXN-A-000481,TXN-B-000481,TXN-A-000481-L961,TXN-B-000481-L962,EXACT_PRIMARY_ID,MATCHED,N,Exact match on all fields
SCN-0482,CLEAN_EXACT_MATCH,TXN-A-000482,TXN-B-000482,TXN-A-000482-L963,TXN-B-000482-L964,EXACT_PRIMARY_ID,MATCHED,N,Exact match on all fields
SCN-0483,CLEAN_EXACT_MATCH,TXN-A-000483,TXN-B-000483,TXN-A-000483-L965,TXN-B-000483-L966,EXACT_PRIMARY_ID,MATCHED,N,Exact match on all fields
SCN-0484,CLEAN_EXACT_MATCH,TXN-A-000484,TXN-B-000484,TXN-A-000484-L967,TXN-B-000484-L968,EXACT_PRIMARY_ID,MATCHED,N,Exact match on all fields
SCN-0485,CLEAN_EXACT_MATCH,TXN-A-000485,TXN-B-000485,TXN-A-000485-L969,TXN-B-000485-L970,EXACT_PRIMARY_ID,MATCHED,N,Exact match on all fields
SCN-0486,CLEAN_EXACT_MATCH,TXN-A-000486,TXN-B-000486,TXN-A-000486-L971,TXN-B-000486-L972,EXACT_PRIMARY_ID,MATCHED,N,Exact match on all fields
SCN-0487,CLEAN_EXACT_MATCH,TXN-A-000487,TXN-B-000487,TXN-A-000487-L973,TXN-B-000487-L974,EXACT_PRIMARY_ID,MATCHED,N,Exact match on all fields
SCN-0488,CLEAN_EXACT_MATCH,TXN-A-000488,TXN-B-000488,TXN-A-000488-L975,TXN-B-000488-L976,EXACT_PRIMARY_ID,MATCHED,N,Exact match on all fields
SCN-0489,CLEAN_EXACT_MATCH,TXN-A-000489,TXN-B-000489,TXN-A-000489-L977,TXN-B-000489-L978,EXACT_PRIMARY_ID,MATCHED,N,Exact match on all fields
SCN-0490,CLEAN_EXACT_MATCH,TXN-A-000490,TXN-B-000490,TXN-A-000490-L979,TXN-B-000490-L980,EXACT_PRIMARY_ID,MATCHED,N,Exact match on all fields
SCN-0491,CLEAN_EXACT_MATCH,TXN-A-000491,TXN-B-000491,TXN-A-000491-L981,TXN-B-000491-L982,EXACT_PRIMARY_ID,MATCHED,N,Exact match on all fields
SCN-0492,CLEAN_EXACT_MATCH,TXN-A-000492,TXN-B-000492,TXN-A-000492-L983,TXN-B-000492-L984,EXACT_PRIMARY_ID,MATCHED,N,Exact match on all fields
SCN-0493,CLEAN_EXACT_MATCH,TXN-A-000493,TXN-B-000493,TXN-A-000493-L985,TXN-B-000493-L986,EXACT_PRIMARY_ID,MATCHED,N,Exact match on all fields
SCN-0494,CLEAN_EXACT_MATCH,TXN-A-000494,TXN-B-000494,TXN-A-000494-L987,TXN-B-000494-L988,EXACT_PRIMARY_ID,MATCHED,N,Exact match on all fields
SCN-0495,CLEAN_EXACT_MATCH,TXN-A-000495,TXN-B-000495,TXN-A-000495-L989,TXN-B-000495-L990,EXACT_PRIMARY_ID,MATCHED,N,Exact match on all fields
SCN-0496,CLEAN_EXACT_MATCH,TXN-A-000496,TXN-B-000496,TXN-A-000496-L991,TXN-B-000496-L992,EXACT_PRIMARY_ID,MATCHED,N,Exact match on all fields
SCN-0497,CLEAN_EXACT_MATCH,TXN-A-000497,TXN-B-000497,TXN-A-000497-L993,TXN-B-000497-L994,EXACT_PRIMARY_ID,MATCHED,N,Exact match on all fields
SCN-0498,CLEAN_EXACT_MATCH,TXN-A-000498,TXN-B-000498,TXN-A-000498-L995,TXN-B-000498-L996,EXACT_PRIMARY_ID,MATCHED,N,Exact match on all fields
SCN-0499,CLEAN_EXACT_MATCH,TXN-A-000499,TXN-B-000499,TXN-A-000499-L997,TXN-B-000499-L998,EXACT_PRIMARY_ID,MATCHED,N,Exact match on all fields
SCN-0500,CLEAN_EXACT_MATCH,TXN-A-000500,TXN-B-000500,TXN-A-000500-L999,TXN-B-000500-L1000,EXACT_PRIMARY_ID,MATCHED,N,Exact match on all fields
SCN-0501,CLEAN_EXACT_MATCH,TXN-A-000501,TXN-B-000501,TXN-A-000501-L1001,TXN-B-000501-L1002,EXACT_PRIMARY_ID,MATCHED,N,Exact match on all fields
SCN-0502,CLEAN_EXACT_MATCH,TXN-A-000502,TXN-B-000502,TXN-A-000502-L1003,TXN-B-000502-L1004,EXACT_PRIMARY_ID,MATCHED,N,Exact match on all fields
SCN-0503,CLEAN_EXACT_MATCH,TXN-A-000503,TXN-B-000503,TXN-A-000503-L1005,TXN-B-000503-L1006,EXACT_PRIMARY_ID,MATCHED,N,Exact match on all fields
SCN-0504,CLEAN_EXACT_MATCH,TXN-A-000504,TXN-B-000504,TXN-A-000504-L1007,TXN-B-000504-L1008,EXACT_PRIMARY_ID,MATCHED,N,Exact match on all fields
SCN-0505,CLEAN_EXACT_MATCH,TXN-A-000505,TXN-B-000505,TXN-A-000505-L1009,TXN-B-000505-L1010,EXACT_PRIMARY_ID,MATCHED,N,Exact match on all fields
SCN-0506,CLEAN_EXACT_MATCH,TXN-A-000506,TXN-B-000506,TXN-A-000506-L1011,TXN-B-000506-L1012,EXACT_PRIMARY_ID,MATCHED,N,Exact match on all fields
SCN-0507,CLEAN_EXACT_MATCH,TXN-A-000507,TXN-B-000507,TXN-A-000507-L1013,TXN-B-000507-L1014,EXACT_PRIMARY_ID,MATCHED,N,Exact match on all fields
SCN-0508,CLEAN_EXACT_MATCH,TXN-A-000508,TXN-B-000508,TXN-A-000508-L1015,TXN-B-000508-L1016,EXACT_PRIMARY_ID,MATCHED,N,Exact match on all fields
SCN-0509,CLEAN_EXACT_MATCH,TXN-A-000509,TXN-B-000509,TXN-A-000509-L1017,TXN-B-000509-L1018,EXACT_PRIMARY_ID,MATCHED,N,Exact match on all fields
SCN-0510,CLEAN_EXACT_MATCH,TXN-A-000510,TXN-B-000510,TXN-A-000510-L1019,TXN-B-000510-L1020,EXACT_PRIMARY_ID,MATCHED,N,Exact match on all fields
SCN-0511,CLEAN_EXACT_MATCH,TXN-A-000511,TXN-B-000511,TXN-A-000511-L1021,TXN-B-000511-L1022,EXACT_PRIMARY_ID,MATCHED,N,Exact match on all fields
SCN-0512,CLEAN_EXACT_MATCH,TXN-A-000512,TXN-B-000512,TXN-A-000512-L1023,TXN-B-000512-L1024,EXACT_PRIMARY_ID,MATCHED,N,Exact match on all fields
SCN-0513,CLEAN_EXACT_MATCH,TXN-A-000513,TXN-B-000513,TXN-A-000513-L1025,TXN-B-000513-L1026,EXACT_PRIMARY_ID,MATCHED,N,Exact match on all fields
SCN-0514,CLEAN_EXACT_MATCH,TXN-A-000514,TXN-B-000514,TXN-A-000514-L1027,TXN-B-000514-L1028,EXACT_PRIMARY_ID,MATCHED,N,Exact match on all fields
SCN-0515,CLEAN_EXACT_MATCH,TXN-A-000515,TXN-B-000515,TXN-A-000515-L1029,TXN-B-000515-L1030,EXACT_PRIMARY_ID,MATCHED,N,Exact match on all fields
SCN-0516,CLEAN_EXACT_MATCH,TXN-A-000516,TXN-B-000516,TXN-A-000516-L1031,TXN-B-000516-L1032,EXACT_PRIMARY_ID,MATCHED,N,Exact match on all fields
SCN-0517,CLEAN_EXACT_MATCH,TXN-A-000517,TXN-B-000517,TXN-A-000517-L1033,TXN-B-000517-L1034,EXACT_PRIMARY_ID,MATCHED,N,Exact match on all fields
SCN-0518,CLEAN_EXACT_MATCH,TXN-A-000518,TXN-B-000518,TXN-A-000518-L1035,TXN-B-000518-L1036,EXACT_PRIMARY_ID,MATCHED,N,Exact match on all fields
SCN-0519,CLEAN_EXACT_MATCH,TXN-A-000519,TXN-B-000519,TXN-A-000519-L1037,TXN-B-000519-L1038,EXACT_PRIMARY_ID,MATCHED,N,Exact match on all fields
SCN-0520,CLEAN_EXACT_MATCH,TXN-A-000520,TXN-B-000520,TXN-A-000520-L1039,TXN-B-000520-L1040,EXACT_PRIMARY_ID,MATCHED,N,Exact match on all fields
SCN-0521,CLEAN_EXACT_MATCH,TXN-A-000521,TXN-B-000521,TXN-A-000521-L1041,TXN-B-000521-L1042,EXACT_PRIMARY_ID,MATCHED,N,Exact match on all fields
SCN-0522,CLEAN_EXACT_MATCH,TXN-A-000522,TXN-B-000522,TXN-A-000522-L1043,TXN-B-000522-L1044,EXACT_PRIMARY_ID,MATCHED,N,Exact match on all fields
SCN-0523,CLEAN_EXACT_MATCH,TXN-A-000523,TXN-B-000523,TXN-A-000523-L1045,TXN-B-000523-L1046,EXACT_PRIMARY_ID,MATCHED,N,Exact match on all fields
SCN-0524,CLEAN_EXACT_MATCH,TXN-A-000524,TXN-B-000524,TXN-A-000524-L1047,TXN-B-000524-L1048,EXACT_PRIMARY_ID,MATCHED,N,Exact match on all fields
SCN-0525,CLEAN_EXACT_MATCH,TXN-A-000525,TXN-B-000525,TXN-A-000525-L1049,TXN-B-000525-L1050,EXACT_PRIMARY_ID,MATCHED,N,Exact match on all fields
SCN-0526,CLEAN_EXACT_MATCH,TXN-A-000526,TXN-B-000526,TXN-A-000526-L1051,TXN-B-000526-L1052,EXACT_PRIMARY_ID,MATCHED,N,Exact match on all fields
SCN-0527,CLEAN_EXACT_MATCH,TXN-A-000527,TXN-B-000527,TXN-A-000527-L1053,TXN-B-000527-L1054,EXACT_PRIMARY_ID,MATCHED,N,Exact match on all fields
SCN-0528,CLEAN_EXACT_MATCH,TXN-A-000528,TXN-B-000528,TXN-A-000528-L1055,TXN-B-000528-L1056,EXACT_PRIMARY_ID,MATCHED,N,Exact match on all fields
SCN-0529,CLEAN_EXACT_MATCH,TXN-A-000529,TXN-B-000529,TXN-A-000529-L1057,TXN-B-000529-L1058,EXACT_PRIMARY_ID,MATCHED,N,Exact match on all fields
SCN-0530,CLEAN_EXACT_MATCH,TXN-A-000530,TXN-B-000530,TXN-A-000530-L1059,TXN-B-000530-L1060,EXACT_PRIMARY_ID,MATCHED,N,Exact match on all fields
SCN-0531,CLEAN_EXACT_MATCH,TXN-A-000531,TXN-B-000531,TXN-A-000531-L1061,TXN-B-000531-L1062,EXACT_PRIMARY_ID,MATCHED,N,Exact match on all fields
SCN-0532,CLEAN_EXACT_MATCH,TXN-A-000532,TXN-B-000532,TXN-A-000532-L1063,TXN-B-000532-L1064,EXACT_PRIMARY_ID,MATCHED,N,Exact match on all fields
SCN-0533,CLEAN_EXACT_MATCH,TXN-A-000533,TXN-B-000533,TXN-A-000533-L1065,TXN-B-000533-L1066,EXACT_PRIMARY_ID,MATCHED,N,Exact match on all fields
SCN-0534,CLEAN_EXACT_MATCH,TXN-A-000534,TXN-B-000534,TXN-A-000534-L1067,TXN-B-000534-L1068,EXACT_PRIMARY_ID,MATCHED,N,Exact match on all fields
SCN-0535,CLEAN_EXACT_MATCH,TXN-A-000535,TXN-B-000535,TXN-A-000535-L1069,TXN-B-000535-L1070,EXACT_PRIMARY_ID,MATCHED,N,Exact match on all fields
SCN-0536,CLEAN_EXACT_MATCH,TXN-A-000536,TXN-B-000536,TXN-A-000536-L1071,TXN-B-000536-L1072,EXACT_PRIMARY_ID,MATCHED,N,Exact match on all fields
SCN-0537,CLEAN_EXACT_MATCH,TXN-A-000537,TXN-B-000537,TXN-A-000537-L1073,TXN-B-000537-L1074,EXACT_PRIMARY_ID,MATCHED,N,Exact match on all fields
SCN-0538,CLEAN_EXACT_MATCH,TXN-A-000538,TXN-B-000538,TXN-A-000538-L1075,TXN-B-000538-L1076,EXACT_PRIMARY_ID,MATCHED,N,Exact match on all fields
SCN-0539,CLEAN_EXACT_MATCH,TXN-A-000539,TXN-B-000539,TXN-A-000539-L1077,TXN-B-000539-L1078,EXACT_PRIMARY_ID,MATCHED,N,Exact match on all fields
SCN-0540,CLEAN_EXACT_MATCH,TXN-A-000540,TXN-B-000540,TXN-A-000540-L1079,TXN-B-000540-L1080,EXACT_PRIMARY_ID,MATCHED,N,Exact match on all fields
SCN-0541,CLEAN_EXACT_MATCH,TXN-A-000541,TXN-B-000541,TXN-A-000541-L1081,TXN-B-000541-L1082,EXACT_PRIMARY_ID,MATCHED,N,Exact match on all fields
SCN-0542,CLEAN_EXACT_MATCH,TXN-A-000542,TXN-B-000542,TXN-A-000542-L1083,TXN-B-000542-L1084,EXACT_PRIMARY_ID,MATCHED,N,Exact match on all fields
SCN-0543,CLEAN_EXACT_MATCH,TXN-A-000543,TXN-B-000543,TXN-A-000543-L1085,TXN-B-000543-L1086,EXACT_PRIMARY_ID,MATCHED,N,Exact match on all fields
SCN-0544,CLEAN_EXACT_MATCH,TXN-A-000544,TXN-B-000544,TXN-A-000544-L1087,TXN-B-000544-L1088,EXACT_PRIMARY_ID,MATCHED,N,Exact match on all fields
SCN-0545,CLEAN_EXACT_MATCH,TXN-A-000545,TXN-B-000545,TXN-A-000545-L1089,TXN-B-000545-L1090,EXACT_PRIMARY_ID,MATCHED,N,Exact match on all fields
SCN-0546,CLEAN_EXACT_MATCH,TXN-A-000546,TXN-B-000546,TXN-A-000546-L1091,TXN-B-000546-L1092,EXACT_PRIMARY_ID,MATCHED,N,Exact match on all fields
SCN-0547,CLEAN_EXACT_MATCH,TXN-A-000547,TXN-B-000547,TXN-A-000547-L1093,TXN-B-000547-L1094,EXACT_PRIMARY_ID,MATCHED,N,Exact match on all fields
SCN-0548,CLEAN_EXACT_MATCH,TXN-A-000548,TXN-B-000548,TXN-A-000548-L1095,TXN-B-000548-L1096,EXACT_PRIMARY_ID,MATCHED,N,Exact match on all fields
SCN-0549,CLEAN_EXACT_MATCH,TXN-A-000549,TXN-B-000549,TXN-A-000549-L1097,TXN-B-000549-L1098,EXACT_PRIMARY_ID,MATCHED,N,Exact match on all fields
SCN-0550,CLEAN_EXACT_MATCH,TXN-A-000550,TXN-B-000550,TXN-A-000550-L1099,TXN-B-000550-L1100,EXACT_PRIMARY_ID,MATCHED,N,Exact match on all fields
SCN-0551,CLEAN_EXACT_MATCH,TXN-A-000551,TXN-B-000551,TXN-A-000551-L1101,TXN-B-000551-L1102,EXACT_PRIMARY_ID,MATCHED,N,Exact match on all fields
SCN-0552,CLEAN_EXACT_MATCH,TXN-A-000552,TXN-B-000552,TXN-A-000552-L1103,TXN-B-000552-L1104,EXACT_PRIMARY_ID,MATCHED,N,Exact match on all fields
SCN-0553,CLEAN_EXACT_MATCH,TXN-A-000553,TXN-B-000553,TXN-A-000553-L1105,TXN-B-000553-L1106,EXACT_PRIMARY_ID,MATCHED,N,Exact match on all fields
SCN-0554,CLEAN_EXACT_MATCH,TXN-A-000554,TXN-B-000554,TXN-A-000554-L1107,TXN-B-000554-L1108,EXACT_PRIMARY_ID,MATCHED,N,Exact match on all fields
SCN-0555,CLEAN_EXACT_MATCH,TXN-A-000555,TXN-B-000555,TXN-A-000555-L1109,TXN-B-000555-L1110,EXACT_PRIMARY_ID,MATCHED,N,Exact match on all fields
SCN-0556,CLEAN_EXACT_MATCH,TXN-A-000556,TXN-B-000556,TXN-A-000556-L1111,TXN-B-000556-L1112,EXACT_PRIMARY_ID,MATCHED,N,Exact match on all fields
SCN-0557,CLEAN_EXACT_MATCH,TXN-A-000557,TXN-B-000557,TXN-A-000557-L1113,TXN-B-000557-L1114,EXACT_PRIMARY_ID,MATCHED,N,Exact match on all fields
SCN-0558,CLEAN_EXACT_MATCH,TXN-A-000558,TXN-B-000558,TXN-A-000558-L1115,TXN-B-000558-L1116,EXACT_PRIMARY_ID,MATCHED,N,Exact match on all fields
SCN-0559,CLEAN_EXACT_MATCH,TXN-A-000559,TXN-B-000559,TXN-A-000559-L1117,TXN-B-000559-L1118,EXACT_PRIMARY_ID,MATCHED,N,Exact match on all fields
SCN-0560,CLEAN_EXACT_MATCH,TXN-A-000560,TXN-B-000560,TXN-A-000560-L1119,TXN-B-000560-L1120,EXACT_PRIMARY_ID,MATCHED,N,Exact match on all fields
SCN-0561,CLEAN_EXACT_MATCH,TXN-A-000561,TXN-B-000561,TXN-A-000561-L1121,TXN-B-000561-L1122,EXACT_PRIMARY_ID,MATCHED,N,Exact match on all fields
SCN-0562,CLEAN_EXACT_MATCH,TXN-A-000562,TXN-B-000562,TXN-A-000562-L1123,TXN-B-000562-L1124,EXACT_PRIMARY_ID,MATCHED,N,Exact match on all fields
SCN-0563,CLEAN_EXACT_MATCH,TXN-A-000563,TXN-B-000563,TXN-A-000563-L1125,TXN-B-000563-L1126,EXACT_PRIMARY_ID,MATCHED,N,Exact match on all fields
SCN-0564,CLEAN_EXACT_MATCH,TXN-A-000564,TXN-B-000564,TXN-A-000564-L1127,TXN-B-000564-L1128,EXACT_PRIMARY_ID,MATCHED,N,Exact match on all fields
SCN-0565,CLEAN_EXACT_MATCH,TXN-A-000565,TXN-B-000565,TXN-A-000565-L1129,TXN-B-000565-L1130,EXACT_PRIMARY_ID,MATCHED,N,Exact match on all fields
SCN-0566,CLEAN_EXACT_MATCH,TXN-A-000566,TXN-B-000566,TXN-A-000566-L1131,TXN-B-000566-L1132,EXACT_PRIMARY_ID,MATCHED,N,Exact match on all fields
SCN-0567,CLEAN_EXACT_MATCH,TXN-A-000567,TXN-B-000567,TXN-A-000567-L1133,TXN-B-000567-L1134,EXACT_PRIMARY_ID,MATCHED,N,Exact match on all fields
SCN-0568,CLEAN_EXACT_MATCH,TXN-A-000568,TXN-B-000568,TXN-A-000568-L1135,TXN-B-000568-L1136,EXACT_PRIMARY_ID,MATCHED,N,Exact match on all fields
SCN-0569,CLEAN_EXACT_MATCH,TXN-A-000569,TXN-B-000569,TXN-A-000569-L1137,TXN-B-000569-L1138,EXACT_PRIMARY_ID,MATCHED,N,Exact match on all fields
SCN-0570,CLEAN_EXACT_MATCH,TXN-A-000570,TXN-B-000570,TXN-A-000570-L1139,TXN-B-000570-L1140,EXACT_PRIMARY_ID,MATCHED,N,Exact match on all fields
SCN-0571,CLEAN_EXACT_MATCH,TXN-A-000571,TXN-B-000571,TXN-A-000571-L1141,TXN-B-000571-L1142,EXACT_PRIMARY_ID,MATCHED,N,Exact match on all fields
SCN-0572,CLEAN_EXACT_MATCH,TXN-A-000572,TXN-B-000572,TXN-A-000572-L1143,TXN-B-000572-L1144,EXACT_PRIMARY_ID,MATCHED,N,Exact match on all fields
SCN-0573,CLEAN_EXACT_MATCH,TXN-A-000573,TXN-B-000573,TXN-A-000573-L1145,TXN-B-000573-L1146,EXACT_PRIMARY_ID,MATCHED,N,Exact match on all fields
SCN-0574,CLEAN_EXACT_MATCH,TXN-A-000574,TXN-B-000574,TXN-A-000574-L1147,TXN-B-000574-L1148,EXACT_PRIMARY_ID,MATCHED,N,Exact match on all fields
SCN-0575,CLEAN_EXACT_MATCH,TXN-A-000575,TXN-B-000575,TXN-A-000575-L1149,TXN-B-000575-L1150,EXACT_PRIMARY_ID,MATCHED,N,Exact match on all fields
SCN-0576,CLEAN_EXACT_MATCH,TXN-A-000576,TXN-B-000576,TXN-A-000576-L1151,TXN-B-000576-L1152,EXACT_PRIMARY_ID,MATCHED,N,Exact match on all fields
SCN-0577,CLEAN_EXACT_MATCH,TXN-A-000577,TXN-B-000577,TXN-A-000577-L1153,TXN-B-000577-L1154,EXACT_PRIMARY_ID,MATCHED,N,Exact match on all fields
SCN-0578,CLEAN_EXACT_MATCH,TXN-A-000578,TXN-B-000578,TXN-A-000578-L1155,TXN-B-000578-L1156,EXACT_PRIMARY_ID,MATCHED,N,Exact match on all fields
SCN-0579,CLEAN_EXACT_MATCH,TXN-A-000579,TXN-B-000579,TXN-A-000579-L1157,TXN-B-000579-L1158,EXACT_PRIMARY_ID,MATCHED,N,Exact match on all fields
SCN-0580,CLEAN_EXACT_MATCH,TXN-A-000580,TXN-B-000580,TXN-A-000580-L1159,TXN-B-000580-L1160,EXACT_PRIMARY_ID,MATCHED,N,Exact match on all fields
SCN-0581,CLEAN_EXACT_MATCH,TXN-A-000581,TXN-B-000581,TXN-A-000581-L1161,TXN-B-000581-L1162,EXACT_PRIMARY_ID,MATCHED,N,Exact match on all fields
SCN-0582,CLEAN_EXACT_MATCH,TXN-A-000582,TXN-B-000582,TXN-A-000582-L1163,TXN-B-000582-L1164,EXACT_PRIMARY_ID,MATCHED,N,Exact match on all fields
SCN-0583,CLEAN_EXACT_MATCH,TXN-A-000583,TXN-B-000583,TXN-A-000583-L1165,TXN-B-000583-L1166,EXACT_PRIMARY_ID,MATCHED,N,Exact match on all fields
SCN-0584,CLEAN_EXACT_MATCH,TXN-A-000584,TXN-B-000584,TXN-A-000584-L1167,TXN-B-000584-L1168,EXACT_PRIMARY_ID,MATCHED,N,Exact match on all fields
SCN-0585,CLEAN_EXACT_MATCH,TXN-A-000585,TXN-B-000585,TXN-A-000585-L1169,TXN-B-000585-L1170,EXACT_PRIMARY_ID,MATCHED,N,Exact match on all fields
SCN-0586,CLEAN_EXACT_MATCH,TXN-A-000586,TXN-B-000586,TXN-A-000586-L1171,TXN-B-000586-L1172,EXACT_PRIMARY_ID,MATCHED,N,Exact match on all fields
SCN-0587,CLEAN_EXACT_MATCH,TXN-A-000587,TXN-B-000587,TXN-A-000587-L1173,TXN-B-000587-L1174,EXACT_PRIMARY_ID,MATCHED,N,Exact match on all fields
SCN-0588,CLEAN_EXACT_MATCH,TXN-A-000588,TXN-B-000588,TXN-A-000588-L1175,TXN-B-000588-L1176,EXACT_PRIMARY_ID,MATCHED,N,Exact match on all fields
SCN-0589,CLEAN_EXACT_MATCH,TXN-A-000589,TXN-B-000589,TXN-A-000589-L1177,TXN-B-000589-L1178,EXACT_PRIMARY_ID,MATCHED,N,Exact match on all fields
SCN-0590,CLEAN_EXACT_MATCH,TXN-A-000590,TXN-B-000590,TXN-A-000590-L1179,TXN-B-000590-L1180,EXACT_PRIMARY_ID,MATCHED,N,Exact match on all fields
SCN-0591,CLEAN_EXACT_MATCH,TXN-A-000591,TXN-B-000591,TXN-A-000591-L1181,TXN-B-000591-L1182,EXACT_PRIMARY_ID,MATCHED,N,Exact match on all fields
SCN-0592,CLEAN_EXACT_MATCH,TXN-A-000592,TXN-B-000592,TXN-A-000592-L1183,TXN-B-000592-L1184,EXACT_PRIMARY_ID,MATCHED,N,Exact match on all fields
SCN-0593,CLEAN_EXACT_MATCH,TXN-A-000593,TXN-B-000593,TXN-A-000593-L1185,TXN-B-000593-L1186,EXACT_PRIMARY_ID,MATCHED,N,Exact match on all fields
SCN-0594,CLEAN_EXACT_MATCH,TXN-A-000594,TXN-B-000594,TXN-A-000594-L1187,TXN-B-000594-L1188,EXACT_PRIMARY_ID,MATCHED,N,Exact match on all fields
SCN-0595,CLEAN_EXACT_MATCH,TXN-A-000595,TXN-B-000595,TXN-A-000595-L1189,TXN-B-000595-L1190,EXACT_PRIMARY_ID,MATCHED,N,Exact match on all fields
SCN-0596,CLEAN_EXACT_MATCH,TXN-A-000596,TXN-B-000596,TXN-A-000596-L1191,TXN-B-000596-L1192,EXACT_PRIMARY_ID,MATCHED,N,Exact match on all fields
SCN-0597,CLEAN_EXACT_MATCH,TXN-A-000597,TXN-B-000597,TXN-A-000597-L1193,TXN-B-000597-L1194,EXACT_PRIMARY_ID,MATCHED,N,Exact match on all fields
SCN-0598,CLEAN_EXACT_MATCH,TXN-A-000598,TXN-B-000598,TXN-A-000598-L1195,TXN-B-000598-L1196,EXACT_PRIMARY_ID,MATCHED,N,Exact match on all fields
SCN-0599,CLEAN_EXACT_MATCH,TXN-A-000599,TXN-B-000599,TXN-A-000599-L1197,TXN-B-000599-L1198,EXACT_PRIMARY_ID,MATCHED,N,Exact match on all fields
SCN-0600,CLEAN_EXACT_MATCH,TXN-A-000600,TXN-B-000600,TXN-A-000600-L1199,TXN-B-000600-L1200,EXACT_PRIMARY_ID,MATCHED,N,Exact match on all fields
SCN-0601,CLEAN_EXACT_MATCH,TXN-A-000601,TXN-B-000601,TXN-A-000601-L1201,TXN-B-000601-L1202,EXACT_PRIMARY_ID,MATCHED,N,Exact match on all fields
SCN-0602,CLEAN_EXACT_MATCH,TXN-A-000602,TXN-B-000602,TXN-A-000602-L1203,TXN-B-000602-L1204,EXACT_PRIMARY_ID,MATCHED,N,Exact match on all fields
SCN-0603,CLEAN_EXACT_MATCH,TXN-A-000603,TXN-B-000603,TXN-A-000603-L1205,TXN-B-000603-L1206,EXACT_PRIMARY_ID,MATCHED,N,Exact match on all fields
SCN-0604,CLEAN_EXACT_MATCH,TXN-A-000604,TXN-B-000604,TXN-A-000604-L1207,TXN-B-000604-L1208,EXACT_PRIMARY_ID,MATCHED,N,Exact match on all fields
SCN-0605,CLEAN_EXACT_MATCH,TXN-A-000605,TXN-B-000605,TXN-A-000605-L1209,TXN-B-000605-L1210,EXACT_PRIMARY_ID,MATCHED,N,Exact match on all fields
SCN-0606,CLEAN_EXACT_MATCH,TXN-A-000606,TXN-B-000606,TXN-A-000606-L1211,TXN-B-000606-L1212,EXACT_PRIMARY_ID,MATCHED,N,Exact match on all fields
SCN-0607,CLEAN_EXACT_MATCH,TXN-A-000607,TXN-B-000607,TXN-A-000607-L1213,TXN-B-000607-L1214,EXACT_PRIMARY_ID,MATCHED,N,Exact match on all fields
SCN-0608,CLEAN_EXACT_MATCH,TXN-A-000608,TXN-B-000608,TXN-A-000608-L1215,TXN-B-000608-L1216,EXACT_PRIMARY_ID,MATCHED,N,Exact match on all fields
SCN-0609,CLEAN_EXACT_MATCH,TXN-A-000609,TXN-B-000609,TXN-A-000609-L1217,TXN-B-000609-L1218,EXACT_PRIMARY_ID,MATCHED,N,Exact match on all fields
SCN-0610,CLEAN_EXACT_MATCH,TXN-A-000610,TXN-B-000610,TXN-A-000610-L1219,TXN-B-000610-L1220,EXACT_PRIMARY_ID,MATCHED,N,Exact match on all fields
SCN-0611,CLEAN_EXACT_MATCH,TXN-A-000611,TXN-B-000611,TXN-A-000611-L1221,TXN-B-000611-L1222,EXACT_PRIMARY_ID,MATCHED,N,Exact match on all fields
SCN-0612,CLEAN_EXACT_MATCH,TXN-A-000612,TXN-B-000612,TXN-A-000612-L1223,TXN-B-000612-L1224,EXACT_PRIMARY_ID,MATCHED,N,Exact match on all fields
SCN-0613,CLEAN_EXACT_MATCH,TXN-A-000613,TXN-B-000613,TXN-A-000613-L1225,TXN-B-000613-L1226,EXACT_PRIMARY_ID,MATCHED,N,Exact match on all fields
SCN-0614,CLEAN_EXACT_MATCH,TXN-A-000614,TXN-B-000614,TXN-A-000614-L1227,TXN-B-000614-L1228,EXACT_PRIMARY_ID,MATCHED,N,Exact match on all fields
SCN-0615,CLEAN_EXACT_MATCH,TXN-A-000615,TXN-B-000615,TXN-A-000615-L1229,TXN-B-000615-L1230,EXACT_PRIMARY_ID,MATCHED,N,Exact match on all fields
SCN-0616,CLEAN_EXACT_MATCH,TXN-A-000616,TXN-B-000616,TXN-A-000616-L1231,TXN-B-000616-L1232,EXACT_PRIMARY_ID,MATCHED,N,Exact match on all fields
SCN-0617,CLEAN_EXACT_MATCH,TXN-A-000617,TXN-B-000617,TXN-A-000617-L1233,TXN-B-000617-L1234,EXACT_PRIMARY_ID,MATCHED,N,Exact match on all fields
SCN-0618,CLEAN_EXACT_MATCH,TXN-A-000618,TXN-B-000618,TXN-A-000618-L1235,TXN-B-000618-L1236,EXACT_PRIMARY_ID,MATCHED,N,Exact match on all fields
SCN-0619,CLEAN_EXACT_MATCH,TXN-A-000619,TXN-B-000619,TXN-A-000619-L1237,TXN-B-000619-L1238,EXACT_PRIMARY_ID,MATCHED,N,Exact match on all fields
SCN-0620,CLEAN_EXACT_MATCH,TXN-A-000620,TXN-B-000620,TXN-A-000620-L1239,TXN-B-000620-L1240,EXACT_PRIMARY_ID,MATCHED,N,Exact match on all fields
SCN-0621,CLEAN_EXACT_MATCH,TXN-A-000621,TXN-B-000621,TXN-A-000621-L1241,TXN-B-000621-L1242,EXACT_PRIMARY_ID,MATCHED,N,Exact match on all fields
SCN-0622,CLEAN_EXACT_MATCH,TXN-A-000622,TXN-B-000622,TXN-A-000622-L1243,TXN-B-000622-L1244,EXACT_PRIMARY_ID,MATCHED,N,Exact match on all fields
SCN-0623,CLEAN_EXACT_MATCH,TXN-A-000623,TXN-B-000623,TXN-A-000623-L1245,TXN-B-000623-L1246,EXACT_PRIMARY_ID,MATCHED,N,Exact match on all fields
SCN-0624,CLEAN_EXACT_MATCH,TXN-A-000624,TXN-B-000624,TXN-A-000624-L1247,TXN-B-000624-L1248,EXACT_PRIMARY_ID,MATCHED,N,Exact match on all fields
SCN-0625,CLEAN_EXACT_MATCH,TXN-A-000625,TXN-B-000625,TXN-A-000625-L1249,TXN-B-000625-L1250,EXACT_PRIMARY_ID,MATCHED,N,Exact match on all fields
SCN-0626,CLEAN_EXACT_MATCH,TXN-A-000626,TXN-B-000626,TXN-A-000626-L1251,TXN-B-000626-L1252,EXACT_PRIMARY_ID,MATCHED,N,Exact match on all fields
SCN-0627,CLEAN_EXACT_MATCH,TXN-A-000627,TXN-B-000627,TXN-A-000627-L1253,TXN-B-000627-L1254,EXACT_PRIMARY_ID,MATCHED,N,Exact match on all fields
SCN-0628,CLEAN_EXACT_MATCH,TXN-A-000628,TXN-B-000628,TXN-A-000628-L1255,TXN-B-000628-L1256,EXACT_PRIMARY_ID,MATCHED,N,Exact match on all fields
SCN-0629,CLEAN_EXACT_MATCH,TXN-A-000629,TXN-B-000629,TXN-A-000629-L1257,TXN-B-000629-L1258,EXACT_PRIMARY_ID,MATCHED,N,Exact match on all fields
SCN-0630,CLEAN_EXACT_MATCH,TXN-A-000630,TXN-B-000630,TXN-A-000630-L1259,TXN-B-000630-L1260,EXACT_PRIMARY_ID,MATCHED,N,Exact match on all fields
SCN-0631,CLEAN_EXACT_MATCH,TXN-A-000631,TXN-B-000631,TXN-A-000631-L1261,TXN-B-000631-L1262,EXACT_PRIMARY_ID,MATCHED,N,Exact match on all fields
SCN-0632,CLEAN_EXACT_MATCH,TXN-A-000632,TXN-B-000632,TXN-A-000632-L1263,TXN-B-000632-L1264,EXACT_PRIMARY_ID,MATCHED,N,Exact match on all fields
SCN-0633,CLEAN_EXACT_MATCH,TXN-A-000633,TXN-B-000633,TXN-A-000633-L1265,TXN-B-000633-L1266,EXACT_PRIMARY_ID,MATCHED,N,Exact match on all fields
SCN-0634,CLEAN_EXACT_MATCH,TXN-A-000634,TXN-B-000634,TXN-A-000634-L1267,TXN-B-000634-L1268,EXACT_PRIMARY_ID,MATCHED,N,Exact match on all fields
SCN-0635,CLEAN_EXACT_MATCH,TXN-A-000635,TXN-B-000635,TXN-A-000635-L1269,TXN-B-000635-L1270,EXACT_PRIMARY_ID,MATCHED,N,Exact match on all fields
SCN-0636,CLEAN_EXACT_MATCH,TXN-A-000636,TXN-B-000636,TXN-A-000636-L1271,TXN-B-000636-L1272,EXACT_PRIMARY_ID,MATCHED,N,Exact match on all fields
SCN-0637,CLEAN_EXACT_MATCH,TXN-A-000637,TXN-B-000637,TXN-A-000637-L1273,TXN-B-000637-L1274,EXACT_PRIMARY_ID,MATCHED,N,Exact match on all fields
SCN-0638,CLEAN_EXACT_MATCH,TXN-A-000638,TXN-B-000638,TXN-A-000638-L1275,TXN-B-000638-L1276,EXACT_PRIMARY_ID,MATCHED,N,Exact match on all fields
SCN-0639,CLEAN_EXACT_MATCH,TXN-A-000639,TXN-B-000639,TXN-A-000639-L1277,TXN-B-000639-L1278,EXACT_PRIMARY_ID,MATCHED,N,Exact match on all fields
SCN-0640,CLEAN_EXACT_MATCH,TXN-A-000640,TXN-B-000640,TXN-A-000640-L1279,TXN-B-000640-L1280,EXACT_PRIMARY_ID,MATCHED,N,Exact match on all fields
SCN-0641,CLEAN_EXACT_MATCH,TXN-A-000641,TXN-B-000641,TXN-A-000641-L1281,TXN-B-000641-L1282,EXACT_PRIMARY_ID,MATCHED,N,Exact match on all fields
SCN-0642,CLEAN_EXACT_MATCH,TXN-A-000642,TXN-B-000642,TXN-A-000642-L1283,TXN-B-000642-L1284,EXACT_PRIMARY_ID,MATCHED,N,Exact match on all fields
SCN-0643,CLEAN_EXACT_MATCH,TXN-A-000643,TXN-B-000643,TXN-A-000643-L1285,TXN-B-000643-L1286,EXACT_PRIMARY_ID,MATCHED,N,Exact match on all fields
SCN-0644,CLEAN_EXACT_MATCH,TXN-A-000644,TXN-B-000644,TXN-A-000644-L1287,TXN-B-000644-L1288,EXACT_PRIMARY_ID,MATCHED,N,Exact match on all fields
SCN-0645,CLEAN_EXACT_MATCH,TXN-A-000645,TXN-B-000645,TXN-A-000645-L1289,TXN-B-000645-L1290,EXACT_PRIMARY_ID,MATCHED,N,Exact match on all fields
SCN-0646,CLEAN_EXACT_MATCH,TXN-A-000646,TXN-B-000646,TXN-A-000646-L1291,TXN-B-000646-L1292,EXACT_PRIMARY_ID,MATCHED,N,Exact match on all fields
SCN-0647,CLEAN_EXACT_MATCH,TXN-A-000647,TXN-B-000647,TXN-A-000647-L1293,TXN-B-000647-L1294,EXACT_PRIMARY_ID,MATCHED,N,Exact match on all fields
SCN-0648,CLEAN_EXACT_MATCH,TXN-A-000648,TXN-B-000648,TXN-A-000648-L1295,TXN-B-000648-L1296,EXACT_PRIMARY_ID,MATCHED,N,Exact match on all fields
SCN-0649,CLEAN_EXACT_MATCH,TXN-A-000649,TXN-B-000649,TXN-A-000649-L1297,TXN-B-000649-L1298,EXACT_PRIMARY_ID,MATCHED,N,Exact match on all fields
SCN-0650,CLEAN_EXACT_MATCH,TXN-A-000650,TXN-B-000650,TXN-A-000650-L1299,TXN-B-000650-L1300,EXACT_PRIMARY_ID,MATCHED,N,Exact match on all fields
SCN-0651,CLEAN_EXACT_MATCH,TXN-A-000651,TXN-B-000651,TXN-A-000651-L1301,TXN-B-000651-L1302,EXACT_PRIMARY_ID,MATCHED,N,Exact match on all fields
SCN-0652,CLEAN_EXACT_MATCH,TXN-A-000652,TXN-B-000652,TXN-A-000652-L1303,TXN-B-000652-L1304,EXACT_PRIMARY_ID,MATCHED,N,Exact match on all fields
SCN-0653,CLEAN_EXACT_MATCH,TXN-A-000653,TXN-B-000653,TXN-A-000653-L1305,TXN-B-000653-L1306,EXACT_PRIMARY_ID,MATCHED,N,Exact match on all fields
SCN-0654,CLEAN_EXACT_MATCH,TXN-A-000654,TXN-B-000654,TXN-A-000654-L1307,TXN-B-000654-L1308,EXACT_PRIMARY_ID,MATCHED,N,Exact match on all fields
SCN-0655,CLEAN_EXACT_MATCH,TXN-A-000655,TXN-B-000655,TXN-A-000655-L1309,TXN-B-000655-L1310,EXACT_PRIMARY_ID,MATCHED,N,Exact match on all fields
SCN-0656,CLEAN_EXACT_MATCH,TXN-A-000656,TXN-B-000656,TXN-A-000656-L1311,TXN-B-000656-L1312,EXACT_PRIMARY_ID,MATCHED,N,Exact match on all fields
SCN-0657,CLEAN_EXACT_MATCH,TXN-A-000657,TXN-B-000657,TXN-A-000657-L1313,TXN-B-000657-L1314,EXACT_PRIMARY_ID,MATCHED,N,Exact match on all fields
SCN-0658,CLEAN_EXACT_MATCH,TXN-A-000658,TXN-B-000658,TXN-A-000658-L1315,TXN-B-000658-L1316,EXACT_PRIMARY_ID,MATCHED,N,Exact match on all fields
SCN-0659,CLEAN_EXACT_MATCH,TXN-A-000659,TXN-B-000659,TXN-A-000659-L1317,TXN-B-000659-L1318,EXACT_PRIMARY_ID,MATCHED,N,Exact match on all fields
SCN-0660,CLEAN_EXACT_MATCH,TXN-A-000660,TXN-B-000660,TXN-A-000660-L1319,TXN-B-000660-L1320,EXACT_PRIMARY_ID,MATCHED,N,Exact match on all fields
SCN-0661,CLEAN_EXACT_MATCH,TXN-A-000661,TXN-B-000661,TXN-A-000661-L1321,TXN-B-000661-L1322,EXACT_PRIMARY_ID,MATCHED,N,Exact match on all fields
SCN-0662,CLEAN_EXACT_MATCH,TXN-A-000662,TXN-B-000662,TXN-A-000662-L1323,TXN-B-000662-L1324,EXACT_PRIMARY_ID,MATCHED,N,Exact match on all fields
SCN-0663,CLEAN_EXACT_MATCH,TXN-A-000663,TXN-B-000663,TXN-A-000663-L1325,TXN-B-000663-L1326,EXACT_PRIMARY_ID,MATCHED,N,Exact match on all fields
SCN-0664,CLEAN_EXACT_MATCH,TXN-A-000664,TXN-B-000664,TXN-A-000664-L1327,TXN-B-000664-L1328,EXACT_PRIMARY_ID,MATCHED,N,Exact match on all fields
SCN-0665,CLEAN_EXACT_MATCH,TXN-A-000665,TXN-B-000665,TXN-A-000665-L1329,TXN-B-000665-L1330,EXACT_PRIMARY_ID,MATCHED,N,Exact match on all fields
SCN-0666,CLEAN_EXACT_MATCH,TXN-A-000666,TXN-B-000666,TXN-A-000666-L1331,TXN-B-000666-L1332,EXACT_PRIMARY_ID,MATCHED,N,Exact match on all fields
SCN-0667,CLEAN_EXACT_MATCH,TXN-A-000667,TXN-B-000667,TXN-A-000667-L1333,TXN-B-000667-L1334,EXACT_PRIMARY_ID,MATCHED,N,Exact match on all fields
SCN-0668,CLEAN_EXACT_MATCH,TXN-A-000668,TXN-B-000668,TXN-A-000668-L1335,TXN-B-000668-L1336,EXACT_PRIMARY_ID,MATCHED,N,Exact match on all fields
SCN-0669,CLEAN_EXACT_MATCH,TXN-A-000669,TXN-B-000669,TXN-A-000669-L1337,TXN-B-000669-L1338,EXACT_PRIMARY_ID,MATCHED,N,Exact match on all fields
SCN-0670,CLEAN_EXACT_MATCH,TXN-A-000670,TXN-B-000670,TXN-A-000670-L1339,TXN-B-000670-L1340,EXACT_PRIMARY_ID,MATCHED,N,Exact match on all fields
SCN-0671,CLEAN_EXACT_MATCH,TXN-A-000671,TXN-B-000671,TXN-A-000671-L1341,TXN-B-000671-L1342,EXACT_PRIMARY_ID,MATCHED,N,Exact match on all fields
SCN-0672,CLEAN_EXACT_MATCH,TXN-A-000672,TXN-B-000672,TXN-A-000672-L1343,TXN-B-000672-L1344,EXACT_PRIMARY_ID,MATCHED,N,Exact match on all fields
SCN-0673,CLEAN_EXACT_MATCH,TXN-A-000673,TXN-B-000673,TXN-A-000673-L1345,TXN-B-000673-L1346,EXACT_PRIMARY_ID,MATCHED,N,Exact match on all fields
SCN-0674,CLEAN_EXACT_MATCH,TXN-A-000674,TXN-B-000674,TXN-A-000674-L1347,TXN-B-000674-L1348,EXACT_PRIMARY_ID,MATCHED,N,Exact match on all fields
SCN-0675,CLEAN_EXACT_MATCH,TXN-A-000675,TXN-B-000675,TXN-A-000675-L1349,TXN-B-000675-L1350,EXACT_PRIMARY_ID,MATCHED,N,Exact match on all fields
SCN-0676,CLEAN_EXACT_MATCH,TXN-A-000676,TXN-B-000676,TXN-A-000676-L1351,TXN-B-000676-L1352,EXACT_PRIMARY_ID,MATCHED,N,Exact match on all fields
SCN-0677,CLEAN_EXACT_MATCH,TXN-A-000677,TXN-B-000677,TXN-A-000677-L1353,TXN-B-000677-L1354,EXACT_PRIMARY_ID,MATCHED,N,Exact match on all fields
SCN-0678,CLEAN_EXACT_MATCH,TXN-A-000678,TXN-B-000678,TXN-A-000678-L1355,TXN-B-000678-L1356,EXACT_PRIMARY_ID,MATCHED,N,Exact match on all fields
SCN-0679,CLEAN_EXACT_MATCH,TXN-A-000679,TXN-B-000679,TXN-A-000679-L1357,TXN-B-000679-L1358,EXACT_PRIMARY_ID,MATCHED,N,Exact match on all fields
SCN-0680,CLEAN_EXACT_MATCH,TXN-A-000680,TXN-B-000680,TXN-A-000680-L1359,TXN-B-000680-L1360,EXACT_PRIMARY_ID,MATCHED,N,Exact match on all fields
SCN-0681,CLEAN_EXACT_MATCH,TXN-A-000681,TXN-B-000681,TXN-A-000681-L1361,TXN-B-000681-L1362,EXACT_PRIMARY_ID,MATCHED,N,Exact match on all fields
SCN-0682,CLEAN_EXACT_MATCH,TXN-A-000682,TXN-B-000682,TXN-A-000682-L1363,TXN-B-000682-L1364,EXACT_PRIMARY_ID,MATCHED,N,Exact match on all fields
SCN-0683,CLEAN_EXACT_MATCH,TXN-A-000683,TXN-B-000683,TXN-A-000683-L1365,TXN-B-000683-L1366,EXACT_PRIMARY_ID,MATCHED,N,Exact match on all fields
SCN-0684,CLEAN_EXACT_MATCH,TXN-A-000684,TXN-B-000684,TXN-A-000684-L1367,TXN-B-000684-L1368,EXACT_PRIMARY_ID,MATCHED,N,Exact match on all fields
SCN-0685,CLEAN_EXACT_MATCH,TXN-A-000685,TXN-B-000685,TXN-A-000685-L1369,TXN-B-000685-L1370,EXACT_PRIMARY_ID,MATCHED,N,Exact match on all fields
SCN-0686,CLEAN_EXACT_MATCH,TXN-A-000686,TXN-B-000686,TXN-A-000686-L1371,TXN-B-000686-L1372,EXACT_PRIMARY_ID,MATCHED,N,Exact match on all fields
SCN-0687,CLEAN_EXACT_MATCH,TXN-A-000687,TXN-B-000687,TXN-A-000687-L1373,TXN-B-000687-L1374,EXACT_PRIMARY_ID,MATCHED,N,Exact match on all fields
SCN-0688,CLEAN_EXACT_MATCH,TXN-A-000688,TXN-B-000688,TXN-A-000688-L1375,TXN-B-000688-L1376,EXACT_PRIMARY_ID,MATCHED,N,Exact match on all fields
SCN-0689,CLEAN_EXACT_MATCH,TXN-A-000689,TXN-B-000689,TXN-A-000689-L1377,TXN-B-000689-L1378,EXACT_PRIMARY_ID,MATCHED,N,Exact match on all fields
SCN-0690,CLEAN_EXACT_MATCH,TXN-A-000690,TXN-B-000690,TXN-A-000690-L1379,TXN-B-000690-L1380,EXACT_PRIMARY_ID,MATCHED,N,Exact match on all fields
SCN-0691,CLEAN_EXACT_MATCH,TXN-A-000691,TXN-B-000691,TXN-A-000691-L1381,TXN-B-000691-L1382,EXACT_PRIMARY_ID,MATCHED,N,Exact match on all fields
SCN-0692,CLEAN_EXACT_MATCH,TXN-A-000692,TXN-B-000692,TXN-A-000692-L1383,TXN-B-000692-L1384,EXACT_PRIMARY_ID,MATCHED,N,Exact match on all fields
SCN-0693,CLEAN_EXACT_MATCH,TXN-A-000693,TXN-B-000693,TXN-A-000693-L1385,TXN-B-000693-L1386,EXACT_PRIMARY_ID,MATCHED,N,Exact match on all fields
SCN-0694,CLEAN_EXACT_MATCH,TXN-A-000694,TXN-B-000694,TXN-A-000694-L1387,TXN-B-000694-L1388,EXACT_PRIMARY_ID,MATCHED,N,Exact match on all fields
SCN-0695,CLEAN_EXACT_MATCH,TXN-A-000695,TXN-B-000695,TXN-A-000695-L1389,TXN-B-000695-L1390,EXACT_PRIMARY_ID,MATCHED,N,Exact match on all fields
SCN-0696,CLEAN_EXACT_MATCH,TXN-A-000696,TXN-B-000696,TXN-A-000696-L1391,TXN-B-000696-L1392,EXACT_PRIMARY_ID,MATCHED,N,Exact match on all fields
SCN-0697,CLEAN_EXACT_MATCH,TXN-A-000697,TXN-B-000697,TXN-A-000697-L1393,TXN-B-000697-L1394,EXACT_PRIMARY_ID,MATCHED,N,Exact match on all fields
SCN-0698,CLEAN_EXACT_MATCH,TXN-A-000698,TXN-B-000698,TXN-A-000698-L1395,TXN-B-000698-L1396,EXACT_PRIMARY_ID,MATCHED,N,Exact match on all fields
SCN-0699,CLEAN_EXACT_MATCH,TXN-A-000699,TXN-B-000699,TXN-A-000699-L1397,TXN-B-000699-L1398,EXACT_PRIMARY_ID,MATCHED,N,Exact match on all fields
SCN-0700,CLEAN_EXACT_MATCH,TXN-A-000700,TXN-B-000700,TXN-A-000700-L1399,TXN-B-000700-L1400,EXACT_PRIMARY_ID,MATCHED,N,Exact match on all fields
SCN-0701,CLEAN_EXACT_MATCH,TXN-A-000701,TXN-B-000701,TXN-A-000701-L1401,TXN-B-000701-L1402,EXACT_PRIMARY_ID,MATCHED,N,Exact match on all fields
SCN-0702,CLEAN_EXACT_MATCH,TXN-A-000702,TXN-B-000702,TXN-A-000702-L1403,TXN-B-000702-L1404,EXACT_PRIMARY_ID,MATCHED,N,Exact match on all fields
SCN-0703,CLEAN_EXACT_MATCH,TXN-A-000703,TXN-B-000703,TXN-A-000703-L1405,TXN-B-000703-L1406,EXACT_PRIMARY_ID,MATCHED,N,Exact match on all fields
SCN-0704,CLEAN_EXACT_MATCH,TXN-A-000704,TXN-B-000704,TXN-A-000704-L1407,TXN-B-000704-L1408,EXACT_PRIMARY_ID,MATCHED,N,Exact match on all fields
SCN-0705,CLEAN_EXACT_MATCH,TXN-A-000705,TXN-B-000705,TXN-A-000705-L1409,TXN-B-000705-L1410,EXACT_PRIMARY_ID,MATCHED,N,Exact match on all fields
SCN-0706,CLEAN_EXACT_MATCH,TXN-A-000706,TXN-B-000706,TXN-A-000706-L1411,TXN-B-000706-L1412,EXACT_PRIMARY_ID,MATCHED,N,Exact match on all fields
SCN-0707,CLEAN_EXACT_MATCH,TXN-A-000707,TXN-B-000707,TXN-A-000707-L1413,TXN-B-000707-L1414,EXACT_PRIMARY_ID,MATCHED,N,Exact match on all fields
SCN-0708,CLEAN_EXACT_MATCH,TXN-A-000708,TXN-B-000708,TXN-A-000708-L1415,TXN-B-000708-L1416,EXACT_PRIMARY_ID,MATCHED,N,Exact match on all fields
SCN-0709,CLEAN_EXACT_MATCH,TXN-A-000709,TXN-B-000709,TXN-A-000709-L1417,TXN-B-000709-L1418,EXACT_PRIMARY_ID,MATCHED,N,Exact match on all fields
SCN-0710,CLEAN_EXACT_MATCH,TXN-A-000710,TXN-B-000710,TXN-A-000710-L1419,TXN-B-000710-L1420,EXACT_PRIMARY_ID,MATCHED,N,Exact match on all fields
SCN-0711,CLEAN_EXACT_MATCH,TXN-A-000711,TXN-B-000711,TXN-A-000711-L1421,TXN-B-000711-L1422,EXACT_PRIMARY_ID,MATCHED,N,Exact match on all fields
SCN-0712,CLEAN_EXACT_MATCH,TXN-A-000712,TXN-B-000712,TXN-A-000712-L1423,TXN-B-000712-L1424,EXACT_PRIMARY_ID,MATCHED,N,Exact match on all fields
SCN-0713,CLEAN_EXACT_MATCH,TXN-A-000713,TXN-B-000713,TXN-A-000713-L1425,TXN-B-000713-L1426,EXACT_PRIMARY_ID,MATCHED,N,Exact match on all fields
SCN-0714,CLEAN_EXACT_MATCH,TXN-A-000714,TXN-B-000714,TXN-A-000714-L1427,TXN-B-000714-L1428,EXACT_PRIMARY_ID,MATCHED,N,Exact match on all fields
SCN-0715,CLEAN_EXACT_MATCH,TXN-A-000715,TXN-B-000715,TXN-A-000715-L1429,TXN-B-000715-L1430,EXACT_PRIMARY_ID,MATCHED,N,Exact match on all fields
SCN-0716,CLEAN_EXACT_MATCH,TXN-A-000716,TXN-B-000716,TXN-A-000716-L1431,TXN-B-000716-L1432,EXACT_PRIMARY_ID,MATCHED,N,Exact match on all fields
SCN-0717,CLEAN_EXACT_MATCH,TXN-A-000717,TXN-B-000717,TXN-A-000717-L1433,TXN-B-000717-L1434,EXACT_PRIMARY_ID,MATCHED,N,Exact match on all fields
SCN-0718,CLEAN_EXACT_MATCH,TXN-A-000718,TXN-B-000718,TXN-A-000718-L1435,TXN-B-000718-L1436,EXACT_PRIMARY_ID,MATCHED,N,Exact match on all fields
SCN-0719,CLEAN_EXACT_MATCH,TXN-A-000719,TXN-B-000719,TXN-A-000719-L1437,TXN-B-000719-L1438,EXACT_PRIMARY_ID,MATCHED,N,Exact match on all fields
SCN-0720,CLEAN_EXACT_MATCH,TXN-A-000720,TXN-B-000720,TXN-A-000720-L1439,TXN-B-000720-L1440,EXACT_PRIMARY_ID,MATCHED,N,Exact match on all fields
SCN-0721,CLEAN_EXACT_MATCH,TXN-A-000721,TXN-B-000721,TXN-A-000721-L1441,TXN-B-000721-L1442,EXACT_PRIMARY_ID,MATCHED,N,Exact match on all fields
SCN-0722,CLEAN_EXACT_MATCH,TXN-A-000722,TXN-B-000722,TXN-A-000722-L1443,TXN-B-000722-L1444,EXACT_PRIMARY_ID,MATCHED,N,Exact match on all fields
SCN-0723,CLEAN_EXACT_MATCH,TXN-A-000723,TXN-B-000723,TXN-A-000723-L1445,TXN-B-000723-L1446,EXACT_PRIMARY_ID,MATCHED,N,Exact match on all fields
SCN-0724,CLEAN_EXACT_MATCH,TXN-A-000724,TXN-B-000724,TXN-A-000724-L1447,TXN-B-000724-L1448,EXACT_PRIMARY_ID,MATCHED,N,Exact match on all fields
SCN-0725,CLEAN_EXACT_MATCH,TXN-A-000725,TXN-B-000725,TXN-A-000725-L1449,TXN-B-000725-L1450,EXACT_PRIMARY_ID,MATCHED,N,Exact match on all fields
SCN-0726,CLEAN_EXACT_MATCH,TXN-A-000726,TXN-B-000726,TXN-A-000726-L1451,TXN-B-000726-L1452,EXACT_PRIMARY_ID,MATCHED,N,Exact match on all fields
SCN-0727,CLEAN_EXACT_MATCH,TXN-A-000727,TXN-B-000727,TXN-A-000727-L1453,TXN-B-000727-L1454,EXACT_PRIMARY_ID,MATCHED,N,Exact match on all fields
SCN-0728,CLEAN_EXACT_MATCH,TXN-A-000728,TXN-B-000728,TXN-A-000728-L1455,TXN-B-000728-L1456,EXACT_PRIMARY_ID,MATCHED,N,Exact match on all fields
SCN-0729,CLEAN_EXACT_MATCH,TXN-A-000729,TXN-B-000729,TXN-A-000729-L1457,TXN-B-000729-L1458,EXACT_PRIMARY_ID,MATCHED,N,Exact match on all fields
SCN-0730,CLEAN_EXACT_MATCH,TXN-A-000730,TXN-B-000730,TXN-A-000730-L1459,TXN-B-000730-L1460,EXACT_PRIMARY_ID,MATCHED,N,Exact match on all fields
SCN-0731,CLEAN_EXACT_MATCH,TXN-A-000731,TXN-B-000731,TXN-A-000731-L1461,TXN-B-000731-L1462,EXACT_PRIMARY_ID,MATCHED,N,Exact match on all fields
SCN-0732,CLEAN_EXACT_MATCH,TXN-A-000732,TXN-B-000732,TXN-A-000732-L1463,TXN-B-000732-L1464,EXACT_PRIMARY_ID,MATCHED,N,Exact match on all fields
SCN-0733,CLEAN_EXACT_MATCH,TXN-A-000733,TXN-B-000733,TXN-A-000733-L1465,TXN-B-000733-L1466,EXACT_PRIMARY_ID,MATCHED,N,Exact match on all fields
SCN-0734,CLEAN_EXACT_MATCH,TXN-A-000734,TXN-B-000734,TXN-A-000734-L1467,TXN-B-000734-L1468,EXACT_PRIMARY_ID,MATCHED,N,Exact match on all fields
SCN-0735,CLEAN_EXACT_MATCH,TXN-A-000735,TXN-B-000735,TXN-A-000735-L1469,TXN-B-000735-L1470,EXACT_PRIMARY_ID,MATCHED,N,Exact match on all fields
SCN-0736,CLEAN_EXACT_MATCH,TXN-A-000736,TXN-B-000736,TXN-A-000736-L1471,TXN-B-000736-L1472,EXACT_PRIMARY_ID,MATCHED,N,Exact match on all fields
SCN-0737,CLEAN_EXACT_MATCH,TXN-A-000737,TXN-B-000737,TXN-A-000737-L1473,TXN-B-000737-L1474,EXACT_PRIMARY_ID,MATCHED,N,Exact match on all fields
SCN-0738,CLEAN_EXACT_MATCH,TXN-A-000738,TXN-B-000738,TXN-A-000738-L1475,TXN-B-000738-L1476,EXACT_PRIMARY_ID,MATCHED,N,Exact match on all fields
SCN-0739,CLEAN_EXACT_MATCH,TXN-A-000739,TXN-B-000739,TXN-A-000739-L1477,TXN-B-000739-L1478,EXACT_PRIMARY_ID,MATCHED,N,Exact match on all fields
SCN-0740,CLEAN_EXACT_MATCH,TXN-A-000740,TXN-B-000740,TXN-A-000740-L1479,TXN-B-000740-L1480,EXACT_PRIMARY_ID,MATCHED,N,Exact match on all fields
SCN-0741,CLEAN_EXACT_MATCH,TXN-A-000741,TXN-B-000741,TXN-A-000741-L1481,TXN-B-000741-L1482,EXACT_PRIMARY_ID,MATCHED,N,Exact match on all fields
SCN-0742,CLEAN_EXACT_MATCH,TXN-A-000742,TXN-B-000742,TXN-A-000742-L1483,TXN-B-000742-L1484,EXACT_PRIMARY_ID,MATCHED,N,Exact match on all fields
SCN-0743,CLEAN_EXACT_MATCH,TXN-A-000743,TXN-B-000743,TXN-A-000743-L1485,TXN-B-000743-L1486,EXACT_PRIMARY_ID,MATCHED,N,Exact match on all fields
SCN-0744,CLEAN_EXACT_MATCH,TXN-A-000744,TXN-B-000744,TXN-A-000744-L1487,TXN-B-000744-L1488,EXACT_PRIMARY_ID,MATCHED,N,Exact match on all fields
SCN-0745,CLEAN_EXACT_MATCH,TXN-A-000745,TXN-B-000745,TXN-A-000745-L1489,TXN-B-000745-L1490,EXACT_PRIMARY_ID,MATCHED,N,Exact match on all fields
SCN-0746,CLEAN_EXACT_MATCH,TXN-A-000746,TXN-B-000746,TXN-A-000746-L1491,TXN-B-000746-L1492,EXACT_PRIMARY_ID,MATCHED,N,Exact match on all fields
SCN-0747,CLEAN_EXACT_MATCH,TXN-A-000747,TXN-B-000747,TXN-A-000747-L1493,TXN-B-000747-L1494,EXACT_PRIMARY_ID,MATCHED,N,Exact match on all fields
SCN-0748,CLEAN_EXACT_MATCH,TXN-A-000748,TXN-B-000748,TXN-A-000748-L1495,TXN-B-000748-L1496,EXACT_PRIMARY_ID,MATCHED,N,Exact match on all fields
SCN-0749,CLEAN_EXACT_MATCH,TXN-A-000749,TXN-B-000749,TXN-A-000749-L1497,TXN-B-000749-L1498,EXACT_PRIMARY_ID,MATCHED,N,Exact match on all fields
SCN-0750,CLEAN_EXACT_MATCH,TXN-A-000750,TXN-B-000750,TXN-A-000750-L1499,TXN-B-000750-L1500,EXACT_PRIMARY_ID,MATCHED,N,Exact match on all fields
SCN-0751,CLEAN_EXACT_MATCH,TXN-A-000751,TXN-B-000751,TXN-A-000751-L1501,TXN-B-000751-L1502,EXACT_PRIMARY_ID,MATCHED,N,Exact match on all fields
SCN-0752,CLEAN_EXACT_MATCH,TXN-A-000752,TXN-B-000752,TXN-A-000752-L1503,TXN-B-000752-L1504,EXACT_PRIMARY_ID,MATCHED,N,Exact match on all fields
SCN-0753,CLEAN_EXACT_MATCH,TXN-A-000753,TXN-B-000753,TXN-A-000753-L1505,TXN-B-000753-L1506,EXACT_PRIMARY_ID,MATCHED,N,Exact match on all fields
SCN-0754,CLEAN_EXACT_MATCH,TXN-A-000754,TXN-B-000754,TXN-A-000754-L1507,TXN-B-000754-L1508,EXACT_PRIMARY_ID,MATCHED,N,Exact match on all fields
SCN-0755,CLEAN_EXACT_MATCH,TXN-A-000755,TXN-B-000755,TXN-A-000755-L1509,TXN-B-000755-L1510,EXACT_PRIMARY_ID,MATCHED,N,Exact match on all fields
SCN-0756,CLEAN_EXACT_MATCH,TXN-A-000756,TXN-B-000756,TXN-A-000756-L1511,TXN-B-000756-L1512,EXACT_PRIMARY_ID,MATCHED,N,Exact match on all fields
SCN-0757,CLEAN_EXACT_MATCH,TXN-A-000757,TXN-B-000757,TXN-A-000757-L1513,TXN-B-000757-L1514,EXACT_PRIMARY_ID,MATCHED,N,Exact match on all fields
SCN-0758,CLEAN_EXACT_MATCH,TXN-A-000758,TXN-B-000758,TXN-A-000758-L1515,TXN-B-000758-L1516,EXACT_PRIMARY_ID,MATCHED,N,Exact match on all fields
SCN-0759,CLEAN_EXACT_MATCH,TXN-A-000759,TXN-B-000759,TXN-A-000759-L1517,TXN-B-000759-L1518,EXACT_PRIMARY_ID,MATCHED,N,Exact match on all fields
SCN-0760,CLEAN_EXACT_MATCH,TXN-A-000760,TXN-B-000760,TXN-A-000760-L1519,TXN-B-000760-L1520,EXACT_PRIMARY_ID,MATCHED,N,Exact match on all fields
SCN-0761,CLEAN_EXACT_MATCH,TXN-A-000761,TXN-B-000761,TXN-A-000761-L1521,TXN-B-000761-L1522,EXACT_PRIMARY_ID,MATCHED,N,Exact match on all fields
SCN-0762,CLEAN_EXACT_MATCH,TXN-A-000762,TXN-B-000762,TXN-A-000762-L1523,TXN-B-000762-L1524,EXACT_PRIMARY_ID,MATCHED,N,Exact match on all fields
SCN-0763,CLEAN_EXACT_MATCH,TXN-A-000763,TXN-B-000763,TXN-A-000763-L1525,TXN-B-000763-L1526,EXACT_PRIMARY_ID,MATCHED,N,Exact match on all fields
SCN-0764,CLEAN_EXACT_MATCH,TXN-A-000764,TXN-B-000764,TXN-A-000764-L1527,TXN-B-000764-L1528,EXACT_PRIMARY_ID,MATCHED,N,Exact match on all fields
SCN-0765,CLEAN_EXACT_MATCH,TXN-A-000765,TXN-B-000765,TXN-A-000765-L1529,TXN-B-000765-L1530,EXACT_PRIMARY_ID,MATCHED,N,Exact match on all fields
SCN-0766,CLEAN_EXACT_MATCH,TXN-A-000766,TXN-B-000766,TXN-A-000766-L1531,TXN-B-000766-L1532,EXACT_PRIMARY_ID,MATCHED,N,Exact match on all fields
SCN-0767,CLEAN_EXACT_MATCH,TXN-A-000767,TXN-B-000767,TXN-A-000767-L1533,TXN-B-000767-L1534,EXACT_PRIMARY_ID,MATCHED,N,Exact match on all fields
SCN-0768,CLEAN_EXACT_MATCH,TXN-A-000768,TXN-B-000768,TXN-A-000768-L1535,TXN-B-000768-L1536,EXACT_PRIMARY_ID,MATCHED,N,Exact match on all fields
SCN-0769,CLEAN_EXACT_MATCH,TXN-A-000769,TXN-B-000769,TXN-A-000769-L1537,TXN-B-000769-L1538,EXACT_PRIMARY_ID,MATCHED,N,Exact match on all fields
SCN-0770,CLEAN_EXACT_MATCH,TXN-A-000770,TXN-B-000770,TXN-A-000770-L1539,TXN-B-000770-L1540,EXACT_PRIMARY_ID,MATCHED,N,Exact match on all fields
SCN-0771,CLEAN_EXACT_MATCH,TXN-A-000771,TXN-B-000771,TXN-A-000771-L1541,TXN-B-000771-L1542,EXACT_PRIMARY_ID,MATCHED,N,Exact match on all fields
SCN-0772,CLEAN_EXACT_MATCH,TXN-A-000772,TXN-B-000772,TXN-A-000772-L1543,TXN-B-000772-L1544,EXACT_PRIMARY_ID,MATCHED,N,Exact match on all fields
SCN-0773,CLEAN_EXACT_MATCH,TXN-A-000773,TXN-B-000773,TXN-A-000773-L1545,TXN-B-000773-L1546,EXACT_PRIMARY_ID,MATCHED,N,Exact match on all fields
SCN-0774,CLEAN_EXACT_MATCH,TXN-A-000774,TXN-B-000774,TXN-A-000774-L1547,TXN-B-000774-L1548,EXACT_PRIMARY_ID,MATCHED,N,Exact match on all fields
SCN-0775,CLEAN_EXACT_MATCH,TXN-A-000775,TXN-B-000775,TXN-A-000775-L1549,TXN-B-000775-L1550,EXACT_PRIMARY_ID,MATCHED,N,Exact match on all fields
SCN-0776,CLEAN_EXACT_MATCH,TXN-A-000776,TXN-B-000776,TXN-A-000776-L1551,TXN-B-000776-L1552,EXACT_PRIMARY_ID,MATCHED,N,Exact match on all fields
SCN-0777,CLEAN_EXACT_MATCH,TXN-A-000777,TXN-B-000777,TXN-A-000777-L1553,TXN-B-000777-L1554,EXACT_PRIMARY_ID,MATCHED,N,Exact match on all fields
SCN-0778,CLEAN_EXACT_MATCH,TXN-A-000778,TXN-B-000778,TXN-A-000778-L1555,TXN-B-000778-L1556,EXACT_PRIMARY_ID,MATCHED,N,Exact match on all fields
SCN-0779,CLEAN_EXACT_MATCH,TXN-A-000779,TXN-B-000779,TXN-A-000779-L1557,TXN-B-000779-L1558,EXACT_PRIMARY_ID,MATCHED,N,Exact match on all fields
SCN-0780,CLEAN_EXACT_MATCH,TXN-A-000780,TXN-B-000780,TXN-A-000780-L1559,TXN-B-000780-L1560,EXACT_PRIMARY_ID,MATCHED,N,Exact match on all fields
SCN-0781,CLEAN_EXACT_MATCH,TXN-A-000781,TXN-B-000781,TXN-A-000781-L1561,TXN-B-000781-L1562,EXACT_PRIMARY_ID,MATCHED,N,Exact match on all fields
SCN-0782,CLEAN_EXACT_MATCH,TXN-A-000782,TXN-B-000782,TXN-A-000782-L1563,TXN-B-000782-L1564,EXACT_PRIMARY_ID,MATCHED,N,Exact match on all fields
SCN-0783,CLEAN_EXACT_MATCH,TXN-A-000783,TXN-B-000783,TXN-A-000783-L1565,TXN-B-000783-L1566,EXACT_PRIMARY_ID,MATCHED,N,Exact match on all fields
SCN-0784,CLEAN_EXACT_MATCH,TXN-A-000784,TXN-B-000784,TXN-A-000784-L1567,TXN-B-000784-L1568,EXACT_PRIMARY_ID,MATCHED,N,Exact match on all fields
SCN-0785,CLEAN_EXACT_MATCH,TXN-A-000785,TXN-B-000785,TXN-A-000785-L1569,TXN-B-000785-L1570,EXACT_PRIMARY_ID,MATCHED,N,Exact match on all fields
SCN-0786,CLEAN_EXACT_MATCH,TXN-A-000786,TXN-B-000786,TXN-A-000786-L1571,TXN-B-000786-L1572,EXACT_PRIMARY_ID,MATCHED,N,Exact match on all fields
SCN-0787,CLEAN_EXACT_MATCH,TXN-A-000787,TXN-B-000787,TXN-A-000787-L1573,TXN-B-000787-L1574,EXACT_PRIMARY_ID,MATCHED,N,Exact match on all fields
SCN-0788,CLEAN_EXACT_MATCH,TXN-A-000788,TXN-B-000788,TXN-A-000788-L1575,TXN-B-000788-L1576,EXACT_PRIMARY_ID,MATCHED,N,Exact match on all fields
SCN-0789,CLEAN_EXACT_MATCH,TXN-A-000789,TXN-B-000789,TXN-A-000789-L1577,TXN-B-000789-L1578,EXACT_PRIMARY_ID,MATCHED,N,Exact match on all fields
SCN-0790,CLEAN_EXACT_MATCH,TXN-A-000790,TXN-B-000790,TXN-A-000790-L1579,TXN-B-000790-L1580,EXACT_PRIMARY_ID,MATCHED,N,Exact match on all fields
SCN-0791,CLEAN_EXACT_MATCH,TXN-A-000791,TXN-B-000791,TXN-A-000791-L1581,TXN-B-000791-L1582,EXACT_PRIMARY_ID,MATCHED,N,Exact match on all fields
SCN-0792,CLEAN_EXACT_MATCH,TXN-A-000792,TXN-B-000792,TXN-A-000792-L1583,TXN-B-000792-L1584,EXACT_PRIMARY_ID,MATCHED,N,Exact match on all fields
SCN-0793,CLEAN_EXACT_MATCH,TXN-A-000793,TXN-B-000793,TXN-A-000793-L1585,TXN-B-000793-L1586,EXACT_PRIMARY_ID,MATCHED,N,Exact match on all fields
SCN-0794,CLEAN_EXACT_MATCH,TXN-A-000794,TXN-B-000794,TXN-A-000794-L1587,TXN-B-000794-L1588,EXACT_PRIMARY_ID,MATCHED,N,Exact match on all fields
SCN-0795,CLEAN_EXACT_MATCH,TXN-A-000795,TXN-B-000795,TXN-A-000795-L1589,TXN-B-000795-L1590,EXACT_PRIMARY_ID,MATCHED,N,Exact match on all fields
SCN-0796,CLEAN_EXACT_MATCH,TXN-A-000796,TXN-B-000796,TXN-A-000796-L1591,TXN-B-000796-L1592,EXACT_PRIMARY_ID,MATCHED,N,Exact match on all fields
SCN-0797,CLEAN_EXACT_MATCH,TXN-A-000797,TXN-B-000797,TXN-A-000797-L1593,TXN-B-000797-L1594,EXACT_PRIMARY_ID,MATCHED,N,Exact match on all fields
SCN-0798,CLEAN_EXACT_MATCH,TXN-A-000798,TXN-B-000798,TXN-A-000798-L1595,TXN-B-000798-L1596,EXACT_PRIMARY_ID,MATCHED,N,Exact match on all fields
SCN-0799,CLEAN_EXACT_MATCH,TXN-A-000799,TXN-B-000799,TXN-A-000799-L1597,TXN-B-000799-L1598,EXACT_PRIMARY_ID,MATCHED,N,Exact match on all fields
SCN-0800,CLEAN_EXACT_MATCH,TXN-A-000800,TXN-B-000800,TXN-A-000800-L1599,TXN-B-000800-L1600,EXACT_PRIMARY_ID,MATCHED,N,Exact match on all fields
SCN-0801,CLEAN_EXACT_MATCH,TXN-A-000801,TXN-B-000801,TXN-A-000801-L1601,TXN-B-000801-L1602,EXACT_PRIMARY_ID,MATCHED,N,Exact match on all fields
SCN-0802,CLEAN_EXACT_MATCH,TXN-A-000802,TXN-B-000802,TXN-A-000802-L1603,TXN-B-000802-L1604,EXACT_PRIMARY_ID,MATCHED,N,Exact match on all fields
SCN-0803,CLEAN_EXACT_MATCH,TXN-A-000803,TXN-B-000803,TXN-A-000803-L1605,TXN-B-000803-L1606,EXACT_PRIMARY_ID,MATCHED,N,Exact match on all fields
SCN-0804,CLEAN_EXACT_MATCH,TXN-A-000804,TXN-B-000804,TXN-A-000804-L1607,TXN-B-000804-L1608,EXACT_PRIMARY_ID,MATCHED,N,Exact match on all fields
SCN-0805,CLEAN_EXACT_MATCH,TXN-A-000805,TXN-B-000805,TXN-A-000805-L1609,TXN-B-000805-L1610,EXACT_PRIMARY_ID,MATCHED,N,Exact match on all fields
SCN-0806,CLEAN_EXACT_MATCH,TXN-A-000806,TXN-B-000806,TXN-A-000806-L1611,TXN-B-000806-L1612,EXACT_PRIMARY_ID,MATCHED,N,Exact match on all fields
SCN-0807,CLEAN_EXACT_MATCH,TXN-A-000807,TXN-B-000807,TXN-A-000807-L1613,TXN-B-000807-L1614,EXACT_PRIMARY_ID,MATCHED,N,Exact match on all fields
SCN-0808,CLEAN_EXACT_MATCH,TXN-A-000808,TXN-B-000808,TXN-A-000808-L1615,TXN-B-000808-L1616,EXACT_PRIMARY_ID,MATCHED,N,Exact match on all fields
SCN-0809,CLEAN_EXACT_MATCH,TXN-A-000809,TXN-B-000809,TXN-A-000809-L1617,TXN-B-000809-L1618,EXACT_PRIMARY_ID,MATCHED,N,Exact match on all fields
SCN-0810,CLEAN_EXACT_MATCH,TXN-A-000810,TXN-B-000810,TXN-A-000810-L1619,TXN-B-000810-L1620,EXACT_PRIMARY_ID,MATCHED,N,Exact match on all fields
SCN-0811,CLEAN_EXACT_MATCH,TXN-A-000811,TXN-B-000811,TXN-A-000811-L1621,TXN-B-000811-L1622,EXACT_PRIMARY_ID,MATCHED,N,Exact match on all fields
SCN-0812,CLEAN_EXACT_MATCH,TXN-A-000812,TXN-B-000812,TXN-A-000812-L1623,TXN-B-000812-L1624,EXACT_PRIMARY_ID,MATCHED,N,Exact match on all fields
SCN-0813,CLEAN_EXACT_MATCH,TXN-A-000813,TXN-B-000813,TXN-A-000813-L1625,TXN-B-000813-L1626,EXACT_PRIMARY_ID,MATCHED,N,Exact match on all fields
SCN-0814,CLEAN_EXACT_MATCH,TXN-A-000814,TXN-B-000814,TXN-A-000814-L1627,TXN-B-000814-L1628,EXACT_PRIMARY_ID,MATCHED,N,Exact match on all fields
SCN-0815,CLEAN_EXACT_MATCH,TXN-A-000815,TXN-B-000815,TXN-A-000815-L1629,TXN-B-000815-L1630,EXACT_PRIMARY_ID,MATCHED,N,Exact match on all fields
SCN-0816,CLEAN_EXACT_MATCH,TXN-A-000816,TXN-B-000816,TXN-A-000816-L1631,TXN-B-000816-L1632,EXACT_PRIMARY_ID,MATCHED,N,Exact match on all fields
SCN-0817,CLEAN_EXACT_MATCH,TXN-A-000817,TXN-B-000817,TXN-A-000817-L1633,TXN-B-000817-L1634,EXACT_PRIMARY_ID,MATCHED,N,Exact match on all fields
SCN-0818,CLEAN_EXACT_MATCH,TXN-A-000818,TXN-B-000818,TXN-A-000818-L1635,TXN-B-000818-L1636,EXACT_PRIMARY_ID,MATCHED,N,Exact match on all fields
SCN-0819,CLEAN_EXACT_MATCH,TXN-A-000819,TXN-B-000819,TXN-A-000819-L1637,TXN-B-000819-L1638,EXACT_PRIMARY_ID,MATCHED,N,Exact match on all fields
SCN-0820,CLEAN_EXACT_MATCH,TXN-A-000820,TXN-B-000820,TXN-A-000820-L1639,TXN-B-000820-L1640,EXACT_PRIMARY_ID,MATCHED,N,Exact match on all fields
SCN-0821,CLEAN_EXACT_MATCH,TXN-A-000821,TXN-B-000821,TXN-A-000821-L1641,TXN-B-000821-L1642,EXACT_PRIMARY_ID,MATCHED,N,Exact match on all fields
SCN-0822,CLEAN_EXACT_MATCH,TXN-A-000822,TXN-B-000822,TXN-A-000822-L1643,TXN-B-000822-L1644,EXACT_PRIMARY_ID,MATCHED,N,Exact match on all fields
SCN-0823,CLEAN_EXACT_MATCH,TXN-A-000823,TXN-B-000823,TXN-A-000823-L1645,TXN-B-000823-L1646,EXACT_PRIMARY_ID,MATCHED,N,Exact match on all fields
SCN-0824,CLEAN_EXACT_MATCH,TXN-A-000824,TXN-B-000824,TXN-A-000824-L1647,TXN-B-000824-L1648,EXACT_PRIMARY_ID,MATCHED,N,Exact match on all fields
SCN-0825,CLEAN_EXACT_MATCH,TXN-A-000825,TXN-B-000825,TXN-A-000825-L1649,TXN-B-000825-L1650,EXACT_PRIMARY_ID,MATCHED,N,Exact match on all fields
SCN-0826,CLEAN_EXACT_MATCH,TXN-A-000826,TXN-B-000826,TXN-A-000826-L1651,TXN-B-000826-L1652,EXACT_PRIMARY_ID,MATCHED,N,Exact match on all fields
SCN-0827,CLEAN_EXACT_MATCH,TXN-A-000827,TXN-B-000827,TXN-A-000827-L1653,TXN-B-000827-L1654,EXACT_PRIMARY_ID,MATCHED,N,Exact match on all fields
SCN-0828,CLEAN_EXACT_MATCH,TXN-A-000828,TXN-B-000828,TXN-A-000828-L1655,TXN-B-000828-L1656,EXACT_PRIMARY_ID,MATCHED,N,Exact match on all fields
SCN-0829,CLEAN_EXACT_MATCH,TXN-A-000829,TXN-B-000829,TXN-A-000829-L1657,TXN-B-000829-L1658,EXACT_PRIMARY_ID,MATCHED,N,Exact match on all fields
SCN-0830,CLEAN_EXACT_MATCH,TXN-A-000830,TXN-B-000830,TXN-A-000830-L1659,TXN-B-000830-L1660,EXACT_PRIMARY_ID,MATCHED,N,Exact match on all fields
SCN-0831,CLEAN_EXACT_MATCH,TXN-A-000831,TXN-B-000831,TXN-A-000831-L1661,TXN-B-000831-L1662,EXACT_PRIMARY_ID,MATCHED,N,Exact match on all fields
SCN-0832,CLEAN_EXACT_MATCH,TXN-A-000832,TXN-B-000832,TXN-A-000832-L1663,TXN-B-000832-L1664,EXACT_PRIMARY_ID,MATCHED,N,Exact match on all fields
SCN-0833,CLEAN_EXACT_MATCH,TXN-A-000833,TXN-B-000833,TXN-A-000833-L1665,TXN-B-000833-L1666,EXACT_PRIMARY_ID,MATCHED,N,Exact match on all fields
SCN-0834,CLEAN_EXACT_MATCH,TXN-A-000834,TXN-B-000834,TXN-A-000834-L1667,TXN-B-000834-L1668,EXACT_PRIMARY_ID,MATCHED,N,Exact match on all fields
SCN-0835,CLEAN_EXACT_MATCH,TXN-A-000835,TXN-B-000835,TXN-A-000835-L1669,TXN-B-000835-L1670,EXACT_PRIMARY_ID,MATCHED,N,Exact match on all fields
SCN-0836,CLEAN_EXACT_MATCH,TXN-A-000836,TXN-B-000836,TXN-A-000836-L1671,TXN-B-000836-L1672,EXACT_PRIMARY_ID,MATCHED,N,Exact match on all fields
SCN-0837,CLEAN_EXACT_MATCH,TXN-A-000837,TXN-B-000837,TXN-A-000837-L1673,TXN-B-000837-L1674,EXACT_PRIMARY_ID,MATCHED,N,Exact match on all fields
SCN-0838,CLEAN_EXACT_MATCH,TXN-A-000838,TXN-B-000838,TXN-A-000838-L1675,TXN-B-000838-L1676,EXACT_PRIMARY_ID,MATCHED,N,Exact match on all fields
SCN-0839,CLEAN_EXACT_MATCH,TXN-A-000839,TXN-B-000839,TXN-A-000839-L1677,TXN-B-000839-L1678,EXACT_PRIMARY_ID,MATCHED,N,Exact match on all fields
SCN-0840,CLEAN_EXACT_MATCH,TXN-A-000840,TXN-B-000840,TXN-A-000840-L1679,TXN-B-000840-L1680,EXACT_PRIMARY_ID,MATCHED,N,Exact match on all fields
SCN-0841,CLEAN_EXACT_MATCH,TXN-A-000841,TXN-B-000841,TXN-A-000841-L1681,TXN-B-000841-L1682,EXACT_PRIMARY_ID,MATCHED,N,Exact match on all fields
SCN-0842,CLEAN_EXACT_MATCH,TXN-A-000842,TXN-B-000842,TXN-A-000842-L1683,TXN-B-000842-L1684,EXACT_PRIMARY_ID,MATCHED,N,Exact match on all fields
SCN-0843,CLEAN_EXACT_MATCH,TXN-A-000843,TXN-B-000843,TXN-A-000843-L1685,TXN-B-000843-L1686,EXACT_PRIMARY_ID,MATCHED,N,Exact match on all fields
SCN-0844,CLEAN_EXACT_MATCH,TXN-A-000844,TXN-B-000844,TXN-A-000844-L1687,TXN-B-000844-L1688,EXACT_PRIMARY_ID,MATCHED,N,Exact match on all fields
SCN-0845,CLEAN_EXACT_MATCH,TXN-A-000845,TXN-B-000845,TXN-A-000845-L1689,TXN-B-000845-L1690,EXACT_PRIMARY_ID,MATCHED,N,Exact match on all fields
SCN-0846,CLEAN_EXACT_MATCH,TXN-A-000846,TXN-B-000846,TXN-A-000846-L1691,TXN-B-000846-L1692,EXACT_PRIMARY_ID,MATCHED,N,Exact match on all fields
SCN-0847,CLEAN_EXACT_MATCH,TXN-A-000847,TXN-B-000847,TXN-A-000847-L1693,TXN-B-000847-L1694,EXACT_PRIMARY_ID,MATCHED,N,Exact match on all fields
SCN-0848,CLEAN_EXACT_MATCH,TXN-A-000848,TXN-B-000848,TXN-A-000848-L1695,TXN-B-000848-L1696,EXACT_PRIMARY_ID,MATCHED,N,Exact match on all fields
SCN-0849,CLEAN_EXACT_MATCH,TXN-A-000849,TXN-B-000849,TXN-A-000849-L1697,TXN-B-000849-L1698,EXACT_PRIMARY_ID,MATCHED,N,Exact match on all fields
SCN-0850,CLEAN_EXACT_MATCH,TXN-A-000850,TXN-B-000850,TXN-A-000850-L1699,TXN-B-000850-L1700,EXACT_PRIMARY_ID,MATCHED,N,Exact match on all fields
SCN-0851,CLEAN_EXACT_MATCH,TXN-A-000851,TXN-B-000851,TXN-A-000851-L1701,TXN-B-000851-L1702,EXACT_PRIMARY_ID,MATCHED,N,Exact match on all fields
SCN-0852,CLEAN_EXACT_MATCH,TXN-A-000852,TXN-B-000852,TXN-A-000852-L1703,TXN-B-000852-L1704,EXACT_PRIMARY_ID,MATCHED,N,Exact match on all fields
SCN-0853,CLEAN_EXACT_MATCH,TXN-A-000853,TXN-B-000853,TXN-A-000853-L1705,TXN-B-000853-L1706,EXACT_PRIMARY_ID,MATCHED,N,Exact match on all fields
SCN-0854,CLEAN_EXACT_MATCH,TXN-A-000854,TXN-B-000854,TXN-A-000854-L1707,TXN-B-000854-L1708,EXACT_PRIMARY_ID,MATCHED,N,Exact match on all fields
SCN-0855,CLEAN_EXACT_MATCH,TXN-A-000855,TXN-B-000855,TXN-A-000855-L1709,TXN-B-000855-L1710,EXACT_PRIMARY_ID,MATCHED,N,Exact match on all fields
SCN-0856,CLEAN_EXACT_MATCH,TXN-A-000856,TXN-B-000856,TXN-A-000856-L1711,TXN-B-000856-L1712,EXACT_PRIMARY_ID,MATCHED,N,Exact match on all fields
SCN-0857,CLEAN_EXACT_MATCH,TXN-A-000857,TXN-B-000857,TXN-A-000857-L1713,TXN-B-000857-L1714,EXACT_PRIMARY_ID,MATCHED,N,Exact match on all fields
SCN-0858,CLEAN_EXACT_MATCH,TXN-A-000858,TXN-B-000858,TXN-A-000858-L1715,TXN-B-000858-L1716,EXACT_PRIMARY_ID,MATCHED,N,Exact match on all fields
SCN-0859,CLEAN_EXACT_MATCH,TXN-A-000859,TXN-B-000859,TXN-A-000859-L1717,TXN-B-000859-L1718,EXACT_PRIMARY_ID,MATCHED,N,Exact match on all fields
SCN-0860,CLEAN_EXACT_MATCH,TXN-A-000860,TXN-B-000860,TXN-A-000860-L1719,TXN-B-000860-L1720,EXACT_PRIMARY_ID,MATCHED,N,Exact match on all fields
SCN-0861,CLEAN_EXACT_MATCH,TXN-A-000861,TXN-B-000861,TXN-A-000861-L1721,TXN-B-000861-L1722,EXACT_PRIMARY_ID,MATCHED,N,Exact match on all fields
SCN-0862,CLEAN_EXACT_MATCH,TXN-A-000862,TXN-B-000862,TXN-A-000862-L1723,TXN-B-000862-L1724,EXACT_PRIMARY_ID,MATCHED,N,Exact match on all fields
SCN-0863,CLEAN_EXACT_MATCH,TXN-A-000863,TXN-B-000863,TXN-A-000863-L1725,TXN-B-000863-L1726,EXACT_PRIMARY_ID,MATCHED,N,Exact match on all fields
SCN-0864,CLEAN_EXACT_MATCH,TXN-A-000864,TXN-B-000864,TXN-A-000864-L1727,TXN-B-000864-L1728,EXACT_PRIMARY_ID,MATCHED,N,Exact match on all fields
SCN-0865,CLEAN_EXACT_MATCH,TXN-A-000865,TXN-B-000865,TXN-A-000865-L1729,TXN-B-000865-L1730,EXACT_PRIMARY_ID,MATCHED,N,Exact match on all fields
SCN-0866,CLEAN_EXACT_MATCH,TXN-A-000866,TXN-B-000866,TXN-A-000866-L1731,TXN-B-000866-L1732,EXACT_PRIMARY_ID,MATCHED,N,Exact match on all fields
SCN-0867,CLEAN_EXACT_MATCH,TXN-A-000867,TXN-B-000867,TXN-A-000867-L1733,TXN-B-000867-L1734,EXACT_PRIMARY_ID,MATCHED,N,Exact match on all fields
SCN-0868,CLEAN_EXACT_MATCH,TXN-A-000868,TXN-B-000868,TXN-A-000868-L1735,TXN-B-000868-L1736,EXACT_PRIMARY_ID,MATCHED,N,Exact match on all fields
SCN-0869,CLEAN_EXACT_MATCH,TXN-A-000869,TXN-B-000869,TXN-A-000869-L1737,TXN-B-000869-L1738,EXACT_PRIMARY_ID,MATCHED,N,Exact match on all fields
SCN-0870,CLEAN_EXACT_MATCH,TXN-A-000870,TXN-B-000870,TXN-A-000870-L1739,TXN-B-000870-L1740,EXACT_PRIMARY_ID,MATCHED,N,Exact match on all fields
SCN-0871,CLEAN_EXACT_MATCH,TXN-A-000871,TXN-B-000871,TXN-A-000871-L1741,TXN-B-000871-L1742,EXACT_PRIMARY_ID,MATCHED,N,Exact match on all fields
SCN-0872,CLEAN_EXACT_MATCH,TXN-A-000872,TXN-B-000872,TXN-A-000872-L1743,TXN-B-000872-L1744,EXACT_PRIMARY_ID,MATCHED,N,Exact match on all fields
SCN-0873,CLEAN_EXACT_MATCH,TXN-A-000873,TXN-B-000873,TXN-A-000873-L1745,TXN-B-000873-L1746,EXACT_PRIMARY_ID,MATCHED,N,Exact match on all fields
SCN-0874,CLEAN_EXACT_MATCH,TXN-A-000874,TXN-B-000874,TXN-A-000874-L1747,TXN-B-000874-L1748,EXACT_PRIMARY_ID,MATCHED,N,Exact match on all fields
SCN-0875,CLEAN_EXACT_MATCH,TXN-A-000875,TXN-B-000875,TXN-A-000875-L1749,TXN-B-000875-L1750,EXACT_PRIMARY_ID,MATCHED,N,Exact match on all fields
SCN-0876,CLEAN_EXACT_MATCH,TXN-A-000876,TXN-B-000876,TXN-A-000876-L1751,TXN-B-000876-L1752,EXACT_PRIMARY_ID,MATCHED,N,Exact match on all fields
SCN-0877,CLEAN_EXACT_MATCH,TXN-A-000877,TXN-B-000877,TXN-A-000877-L1753,TXN-B-000877-L1754,EXACT_PRIMARY_ID,MATCHED,N,Exact match on all fields
SCN-0878,CLEAN_EXACT_MATCH,TXN-A-000878,TXN-B-000878,TXN-A-000878-L1755,TXN-B-000878-L1756,EXACT_PRIMARY_ID,MATCHED,N,Exact match on all fields
SCN-0879,CLEAN_EXACT_MATCH,TXN-A-000879,TXN-B-000879,TXN-A-000879-L1757,TXN-B-000879-L1758,EXACT_PRIMARY_ID,MATCHED,N,Exact match on all fields
SCN-0880,CLEAN_EXACT_MATCH,TXN-A-000880,TXN-B-000880,TXN-A-000880-L1759,TXN-B-000880-L1760,EXACT_PRIMARY_ID,MATCHED,N,Exact match on all fields
SCN-0881,CLEAN_EXACT_MATCH,TXN-A-000881,TXN-B-000881,TXN-A-000881-L1761,TXN-B-000881-L1762,EXACT_PRIMARY_ID,MATCHED,N,Exact match on all fields
SCN-0882,CLEAN_EXACT_MATCH,TXN-A-000882,TXN-B-000882,TXN-A-000882-L1763,TXN-B-000882-L1764,EXACT_PRIMARY_ID,MATCHED,N,Exact match on all fields
SCN-0883,CLEAN_EXACT_MATCH,TXN-A-000883,TXN-B-000883,TXN-A-000883-L1765,TXN-B-000883-L1766,EXACT_PRIMARY_ID,MATCHED,N,Exact match on all fields
SCN-0884,CLEAN_EXACT_MATCH,TXN-A-000884,TXN-B-000884,TXN-A-000884-L1767,TXN-B-000884-L1768,EXACT_PRIMARY_ID,MATCHED,N,Exact match on all fields
SCN-0885,CLEAN_EXACT_MATCH,TXN-A-000885,TXN-B-000885,TXN-A-000885-L1769,TXN-B-000885-L1770,EXACT_PRIMARY_ID,MATCHED,N,Exact match on all fields
SCN-0886,CLEAN_EXACT_MATCH,TXN-A-000886,TXN-B-000886,TXN-A-000886-L1771,TXN-B-000886-L1772,EXACT_PRIMARY_ID,MATCHED,N,Exact match on all fields
SCN-0887,CLEAN_EXACT_MATCH,TXN-A-000887,TXN-B-000887,TXN-A-000887-L1773,TXN-B-000887-L1774,EXACT_PRIMARY_ID,MATCHED,N,Exact match on all fields
SCN-0888,CLEAN_EXACT_MATCH,TXN-A-000888,TXN-B-000888,TXN-A-000888-L1775,TXN-B-000888-L1776,EXACT_PRIMARY_ID,MATCHED,N,Exact match on all fields
SCN-0889,CLEAN_EXACT_MATCH,TXN-A-000889,TXN-B-000889,TXN-A-000889-L1777,TXN-B-000889-L1778,EXACT_PRIMARY_ID,MATCHED,N,Exact match on all fields
SCN-0890,CLEAN_EXACT_MATCH,TXN-A-000890,TXN-B-000890,TXN-A-000890-L1779,TXN-B-000890-L1780,EXACT_PRIMARY_ID,MATCHED,N,Exact match on all fields
SCN-0891,CLEAN_EXACT_MATCH,TXN-A-000891,TXN-B-000891,TXN-A-000891-L1781,TXN-B-000891-L1782,EXACT_PRIMARY_ID,MATCHED,N,Exact match on all fields
SCN-0892,CLEAN_EXACT_MATCH,TXN-A-000892,TXN-B-000892,TXN-A-000892-L1783,TXN-B-000892-L1784,EXACT_PRIMARY_ID,MATCHED,N,Exact match on all fields
SCN-0893,CLEAN_EXACT_MATCH,TXN-A-000893,TXN-B-000893,TXN-A-000893-L1785,TXN-B-000893-L1786,EXACT_PRIMARY_ID,MATCHED,N,Exact match on all fields
SCN-0894,CLEAN_EXACT_MATCH,TXN-A-000894,TXN-B-000894,TXN-A-000894-L1787,TXN-B-000894-L1788,EXACT_PRIMARY_ID,MATCHED,N,Exact match on all fields
SCN-0895,CLEAN_EXACT_MATCH,TXN-A-000895,TXN-B-000895,TXN-A-000895-L1789,TXN-B-000895-L1790,EXACT_PRIMARY_ID,MATCHED,N,Exact match on all fields
SCN-0896,CLEAN_EXACT_MATCH,TXN-A-000896,TXN-B-000896,TXN-A-000896-L1791,TXN-B-000896-L1792,EXACT_PRIMARY_ID,MATCHED,N,Exact match on all fields
SCN-0897,CLEAN_EXACT_MATCH,TXN-A-000897,TXN-B-000897,TXN-A-000897-L1793,TXN-B-000897-L1794,EXACT_PRIMARY_ID,MATCHED,N,Exact match on all fields
SCN-0898,CLEAN_EXACT_MATCH,TXN-A-000898,TXN-B-000898,TXN-A-000898-L1795,TXN-B-000898-L1796,EXACT_PRIMARY_ID,MATCHED,N,Exact match on all fields
SCN-0899,CLEAN_EXACT_MATCH,TXN-A-000899,TXN-B-000899,TXN-A-000899-L1797,TXN-B-000899-L1798,EXACT_PRIMARY_ID,MATCHED,N,Exact match on all fields
SCN-0900,CLEAN_EXACT_MATCH,TXN-A-000900,TXN-B-000900,TXN-A-000900-L1799,TXN-B-000900-L1800,EXACT_PRIMARY_ID,MATCHED,N,Exact match on all fields
SCN-0901,PRIMARY_ID_MATCH,TXN-A-000901,TXN-B-000901,TXN-A-000901-L1801,TXN-B-000901-L1802,EXACT_PRIMARY_ID,MATCHED,N,Matched via reference_id
SCN-0902,PRIMARY_ID_MATCH,TXN-A-000902,TXN-B-000902,TXN-A-000902-L1803,TXN-B-000902-L1804,EXACT_PRIMARY_ID,MATCHED,N,Matched via reference_id
SCN-0903,PRIMARY_ID_MATCH,TXN-A-000903,TXN-B-000903,TXN-A-000903-L1805,TXN-B-000903-L1806,EXACT_PRIMARY_ID,MATCHED,N,Matched via reference_id
SCN-0904,PRIMARY_ID_MATCH,TXN-A-000904,TXN-B-000904,TXN-A-000904-L1807,TXN-B-000904-L1808,EXACT_PRIMARY_ID,MATCHED,N,Matched via reference_id
SCN-0905,PRIMARY_ID_MATCH,TXN-A-000905,TXN-B-000905,TXN-A-000905-L1809,TXN-B-000905-L1810,EXACT_PRIMARY_ID,MATCHED,N,Matched via reference_id
SCN-0906,PRIMARY_ID_MATCH,TXN-A-000906,TXN-B-000906,TXN-A-000906-L1811,TXN-B-000906-L1812,EXACT_PRIMARY_ID,MATCHED,N,Matched via reference_id
SCN-0907,PRIMARY_ID_MATCH,TXN-A-000907,TXN-B-000907,TXN-A-000907-L1813,TXN-B-000907-L1814,EXACT_PRIMARY_ID,MATCHED,N,Matched via reference_id
SCN-0908,PRIMARY_ID_MATCH,TXN-A-000908,TXN-B-000908,TXN-A-000908-L1815,TXN-B-000908-L1816,EXACT_PRIMARY_ID,MATCHED,N,Matched via reference_id
SCN-0909,PRIMARY_ID_MATCH,TXN-A-000909,TXN-B-000909,TXN-A-000909-L1817,TXN-B-000909-L1818,EXACT_PRIMARY_ID,MATCHED,N,Matched via reference_id
SCN-0910,PRIMARY_ID_MATCH,TXN-A-000910,TXN-B-000910,TXN-A-000910-L1819,TXN-B-000910-L1820,EXACT_PRIMARY_ID,MATCHED,N,Matched via reference_id
SCN-0911,PRIMARY_ID_MATCH,TXN-A-000911,TXN-B-000911,TXN-A-000911-L1821,TXN-B-000911-L1822,EXACT_PRIMARY_ID,MATCHED,N,Matched via reference_id
SCN-0912,PRIMARY_ID_MATCH,TXN-A-000912,TXN-B-000912,TXN-A-000912-L1823,TXN-B-000912-L1824,EXACT_PRIMARY_ID,MATCHED,N,Matched via reference_id
SCN-0913,PRIMARY_ID_MATCH,TXN-A-000913,TXN-B-000913,TXN-A-000913-L1825,TXN-B-000913-L1826,EXACT_PRIMARY_ID,MATCHED,N,Matched via reference_id
SCN-0914,PRIMARY_ID_MATCH,TXN-A-000914,TXN-B-000914,TXN-A-000914-L1827,TXN-B-000914-L1828,EXACT_PRIMARY_ID,MATCHED,N,Matched via reference_id
SCN-0915,PRIMARY_ID_MATCH,TXN-A-000915,TXN-B-000915,TXN-A-000915-L1829,TXN-B-000915-L1830,EXACT_PRIMARY_ID,MATCHED,N,Matched via reference_id
SCN-0916,PRIMARY_ID_MATCH,TXN-A-000916,TXN-B-000916,TXN-A-000916-L1831,TXN-B-000916-L1832,EXACT_PRIMARY_ID,MATCHED,N,Matched via reference_id
SCN-0917,PRIMARY_ID_MATCH,TXN-A-000917,TXN-B-000917,TXN-A-000917-L1833,TXN-B-000917-L1834,EXACT_PRIMARY_ID,MATCHED,N,Matched via reference_id
SCN-0918,PRIMARY_ID_MATCH,TXN-A-000918,TXN-B-000918,TXN-A-000918-L1835,TXN-B-000918-L1836,EXACT_PRIMARY_ID,MATCHED,N,Matched via reference_id
SCN-0919,PRIMARY_ID_MATCH,TXN-A-000919,TXN-B-000919,TXN-A-000919-L1837,TXN-B-000919-L1838,EXACT_PRIMARY_ID,MATCHED,N,Matched via reference_id
SCN-0920,PRIMARY_ID_MATCH,TXN-A-000920,TXN-B-000920,TXN-A-000920-L1839,TXN-B-000920-L1840,EXACT_PRIMARY_ID,MATCHED,N,Matched via reference_id
SCN-0921,PRIMARY_ID_MATCH,TXN-A-000921,TXN-B-000921,TXN-A-000921-L1841,TXN-B-000921-L1842,EXACT_PRIMARY_ID,MATCHED,N,Matched via reference_id
SCN-0922,PRIMARY_ID_MATCH,TXN-A-000922,TXN-B-000922,TXN-A-000922-L1843,TXN-B-000922-L1844,EXACT_PRIMARY_ID,MATCHED,N,Matched via reference_id
SCN-0923,PRIMARY_ID_MATCH,TXN-A-000923,TXN-B-000923,TXN-A-000923-L1845,TXN-B-000923-L1846,EXACT_PRIMARY_ID,MATCHED,N,Matched via reference_id
SCN-0924,PRIMARY_ID_MATCH,TXN-A-000924,TXN-B-000924,TXN-A-000924-L1847,TXN-B-000924-L1848,EXACT_PRIMARY_ID,MATCHED,N,Matched via reference_id
SCN-0925,PRIMARY_ID_MATCH,TXN-A-000925,TXN-B-000925,TXN-A-000925-L1849,TXN-B-000925-L1850,EXACT_PRIMARY_ID,MATCHED,N,Matched via reference_id
SCN-0926,PRIMARY_ID_MATCH,TXN-A-000926,TXN-B-000926,TXN-A-000926-L1851,TXN-B-000926-L1852,EXACT_PRIMARY_ID,MATCHED,N,Matched via reference_id
SCN-0927,PRIMARY_ID_MATCH,TXN-A-000927,TXN-B-000927,TXN-A-000927-L1853,TXN-B-000927-L1854,EXACT_PRIMARY_ID,MATCHED,N,Matched via reference_id
SCN-0928,PRIMARY_ID_MATCH,TXN-A-000928,TXN-B-000928,TXN-A-000928-L1855,TXN-B-000928-L1856,EXACT_PRIMARY_ID,MATCHED,N,Matched via reference_id
SCN-0929,PRIMARY_ID_MATCH,TXN-A-000929,TXN-B-000929,TXN-A-000929-L1857,TXN-B-000929-L1858,EXACT_PRIMARY_ID,MATCHED,N,Matched via reference_id
SCN-0930,PRIMARY_ID_MATCH,TXN-A-000930,TXN-B-000930,TXN-A-000930-L1859,TXN-B-000930-L1860,EXACT_PRIMARY_ID,MATCHED,N,Matched via reference_id
SCN-0931,PRIMARY_ID_MATCH,TXN-A-000931,TXN-B-000931,TXN-A-000931-L1861,TXN-B-000931-L1862,EXACT_PRIMARY_ID,MATCHED,N,Matched via reference_id
SCN-0932,PRIMARY_ID_MATCH,TXN-A-000932,TXN-B-000932,TXN-A-000932-L1863,TXN-B-000932-L1864,EXACT_PRIMARY_ID,MATCHED,N,Matched via reference_id
SCN-0933,PRIMARY_ID_MATCH,TXN-A-000933,TXN-B-000933,TXN-A-000933-L1865,TXN-B-000933-L1866,EXACT_PRIMARY_ID,MATCHED,N,Matched via reference_id
SCN-0934,PRIMARY_ID_MATCH,TXN-A-000934,TXN-B-000934,TXN-A-000934-L1867,TXN-B-000934-L1868,EXACT_PRIMARY_ID,MATCHED,N,Matched via reference_id
SCN-0935,PRIMARY_ID_MATCH,TXN-A-000935,TXN-B-000935,TXN-A-000935-L1869,TXN-B-000935-L1870,EXACT_PRIMARY_ID,MATCHED,N,Matched via reference_id
SCN-0936,PRIMARY_ID_MATCH,TXN-A-000936,TXN-B-000936,TXN-A-000936-L1871,TXN-B-000936-L1872,EXACT_PRIMARY_ID,MATCHED,N,Matched via reference_id
SCN-0937,PRIMARY_ID_MATCH,TXN-A-000937,TXN-B-000937,TXN-A-000937-L1873,TXN-B-000937-L1874,EXACT_PRIMARY_ID,MATCHED,N,Matched via reference_id
SCN-0938,PRIMARY_ID_MATCH,TXN-A-000938,TXN-B-000938,TXN-A-000938-L1875,TXN-B-000938-L1876,EXACT_PRIMARY_ID,MATCHED,N,Matched via reference_id
SCN-0939,PRIMARY_ID_MATCH,TXN-A-000939,TXN-B-000939,TXN-A-000939-L1877,TXN-B-000939-L1878,EXACT_PRIMARY_ID,MATCHED,N,Matched via reference_id
SCN-0940,PRIMARY_ID_MATCH,TXN-A-000940,TXN-B-000940,TXN-A-000940-L1879,TXN-B-000940-L1880,EXACT_PRIMARY_ID,MATCHED,N,Matched via reference_id
SCN-0941,PRIMARY_ID_MATCH,TXN-A-000941,TXN-B-000941,TXN-A-000941-L1881,TXN-B-000941-L1882,EXACT_PRIMARY_ID,MATCHED,N,Matched via reference_id
SCN-0942,PRIMARY_ID_MATCH,TXN-A-000942,TXN-B-000942,TXN-A-000942-L1883,TXN-B-000942-L1884,EXACT_PRIMARY_ID,MATCHED,N,Matched via reference_id
SCN-0943,PRIMARY_ID_MATCH,TXN-A-000943,TXN-B-000943,TXN-A-000943-L1885,TXN-B-000943-L1886,EXACT_PRIMARY_ID,MATCHED,N,Matched via reference_id
SCN-0944,PRIMARY_ID_MATCH,TXN-A-000944,TXN-B-000944,TXN-A-000944-L1887,TXN-B-000944-L1888,EXACT_PRIMARY_ID,MATCHED,N,Matched via reference_id
SCN-0945,PRIMARY_ID_MATCH,TXN-A-000945,TXN-B-000945,TXN-A-000945-L1889,TXN-B-000945-L1890,EXACT_PRIMARY_ID,MATCHED,N,Matched via reference_id
SCN-0946,PRIMARY_ID_MATCH,TXN-A-000946,TXN-B-000946,TXN-A-000946-L1891,TXN-B-000946-L1892,EXACT_PRIMARY_ID,MATCHED,N,Matched via reference_id
SCN-0947,PRIMARY_ID_MATCH,TXN-A-000947,TXN-B-000947,TXN-A-000947-L1893,TXN-B-000947-L1894,EXACT_PRIMARY_ID,MATCHED,N,Matched via reference_id
SCN-0948,PRIMARY_ID_MATCH,TXN-A-000948,TXN-B-000948,TXN-A-000948-L1895,TXN-B-000948-L1896,EXACT_PRIMARY_ID,MATCHED,N,Matched via reference_id
SCN-0949,PRIMARY_ID_MATCH,TXN-A-000949,TXN-B-000949,TXN-A-000949-L1897,TXN-B-000949-L1898,EXACT_PRIMARY_ID,MATCHED,N,Matched via reference_id
SCN-0950,PRIMARY_ID_MATCH,TXN-A-000950,TXN-B-000950,TXN-A-000950-L1899,TXN-B-000950-L1900,EXACT_PRIMARY_ID,MATCHED,N,Matched via reference_id
SCN-0951,PRIMARY_ID_MATCH,TXN-A-000951,TXN-B-000951,TXN-A-000951-L1901,TXN-B-000951-L1902,EXACT_PRIMARY_ID,MATCHED,N,Matched via reference_id
SCN-0952,PRIMARY_ID_MATCH,TXN-A-000952,TXN-B-000952,TXN-A-000952-L1903,TXN-B-000952-L1904,EXACT_PRIMARY_ID,MATCHED,N,Matched via reference_id
SCN-0953,PRIMARY_ID_MATCH,TXN-A-000953,TXN-B-000953,TXN-A-000953-L1905,TXN-B-000953-L1906,EXACT_PRIMARY_ID,MATCHED,N,Matched via reference_id
SCN-0954,PRIMARY_ID_MATCH,TXN-A-000954,TXN-B-000954,TXN-A-000954-L1907,TXN-B-000954-L1908,EXACT_PRIMARY_ID,MATCHED,N,Matched via reference_id
SCN-0955,PRIMARY_ID_MATCH,TXN-A-000955,TXN-B-000955,TXN-A-000955-L1909,TXN-B-000955-L1910,EXACT_PRIMARY_ID,MATCHED,N,Matched via reference_id
SCN-0956,PRIMARY_ID_MATCH,TXN-A-000956,TXN-B-000956,TXN-A-000956-L1911,TXN-B-000956-L1912,EXACT_PRIMARY_ID,MATCHED,N,Matched via reference_id
SCN-0957,PRIMARY_ID_MATCH,TXN-A-000957,TXN-B-000957,TXN-A-000957-L1913,TXN-B-000957-L1914,EXACT_PRIMARY_ID,MATCHED,N,Matched via reference_id
SCN-0958,PRIMARY_ID_MATCH,TXN-A-000958,TXN-B-000958,TXN-A-000958-L1915,TXN-B-000958-L1916,EXACT_PRIMARY_ID,MATCHED,N,Matched via reference_id
SCN-0959,PRIMARY_ID_MATCH,TXN-A-000959,TXN-B-000959,TXN-A-000959-L1917,TXN-B-000959-L1918,EXACT_PRIMARY_ID,MATCHED,N,Matched via reference_id
SCN-0960,PRIMARY_ID_MATCH,TXN-A-000960,TXN-B-000960,TXN-A-000960-L1919,TXN-B-000960-L1920,EXACT_PRIMARY_ID,MATCHED,N,Matched via reference_id
SCN-0961,PRIMARY_ID_MATCH,TXN-A-000961,TXN-B-000961,TXN-A-000961-L1921,TXN-B-000961-L1922,EXACT_PRIMARY_ID,MATCHED,N,Matched via reference_id
SCN-0962,PRIMARY_ID_MATCH,TXN-A-000962,TXN-B-000962,TXN-A-000962-L1923,TXN-B-000962-L1924,EXACT_PRIMARY_ID,MATCHED,N,Matched via reference_id
SCN-0963,PRIMARY_ID_MATCH,TXN-A-000963,TXN-B-000963,TXN-A-000963-L1925,TXN-B-000963-L1926,EXACT_PRIMARY_ID,MATCHED,N,Matched via reference_id
SCN-0964,PRIMARY_ID_MATCH,TXN-A-000964,TXN-B-000964,TXN-A-000964-L1927,TXN-B-000964-L1928,EXACT_PRIMARY_ID,MATCHED,N,Matched via reference_id
SCN-0965,PRIMARY_ID_MATCH,TXN-A-000965,TXN-B-000965,TXN-A-000965-L1929,TXN-B-000965-L1930,EXACT_PRIMARY_ID,MATCHED,N,Matched via reference_id
SCN-0966,PRIMARY_ID_MATCH,TXN-A-000966,TXN-B-000966,TXN-A-000966-L1931,TXN-B-000966-L1932,EXACT_PRIMARY_ID,MATCHED,N,Matched via reference_id
SCN-0967,PRIMARY_ID_MATCH,TXN-A-000967,TXN-B-000967,TXN-A-000967-L1933,TXN-B-000967-L1934,EXACT_PRIMARY_ID,MATCHED,N,Matched via reference_id
SCN-0968,PRIMARY_ID_MATCH,TXN-A-000968,TXN-B-000968,TXN-A-000968-L1935,TXN-B-000968-L1936,EXACT_PRIMARY_ID,MATCHED,N,Matched via reference_id
SCN-0969,PRIMARY_ID_MATCH,TXN-A-000969,TXN-B-000969,TXN-A-000969-L1937,TXN-B-000969-L1938,EXACT_PRIMARY_ID,MATCHED,N,Matched via reference_id
SCN-0970,PRIMARY_ID_MATCH,TXN-A-000970,TXN-B-000970,TXN-A-000970-L1939,TXN-B-000970-L1940,EXACT_PRIMARY_ID,MATCHED,N,Matched via reference_id
SCN-0971,PRIMARY_ID_MATCH,TXN-A-000971,TXN-B-000971,TXN-A-000971-L1941,TXN-B-000971-L1942,EXACT_PRIMARY_ID,MATCHED,N,Matched via reference_id
SCN-0972,PRIMARY_ID_MATCH,TXN-A-000972,TXN-B-000972,TXN-A-000972-L1943,TXN-B-000972-L1944,EXACT_PRIMARY_ID,MATCHED,N,Matched via reference_id
SCN-0973,PRIMARY_ID_MATCH,TXN-A-000973,TXN-B-000973,TXN-A-000973-L1945,TXN-B-000973-L1946,EXACT_PRIMARY_ID,MATCHED,N,Matched via reference_id
SCN-0974,PRIMARY_ID_MATCH,TXN-A-000974,TXN-B-000974,TXN-A-000974-L1947,TXN-B-000974-L1948,EXACT_PRIMARY_ID,MATCHED,N,Matched via reference_id
SCN-0975,PRIMARY_ID_MATCH,TXN-A-000975,TXN-B-000975,TXN-A-000975-L1949,TXN-B-000975-L1950,EXACT_PRIMARY_ID,MATCHED,N,Matched via reference_id
SCN-0976,PRIMARY_ID_MATCH,TXN-A-000976,TXN-B-000976,TXN-A-000976-L1951,TXN-B-000976-L1952,EXACT_PRIMARY_ID,MATCHED,N,Matched via reference_id
SCN-0977,PRIMARY_ID_MATCH,TXN-A-000977,TXN-B-000977,TXN-A-000977-L1953,TXN-B-000977-L1954,EXACT_PRIMARY_ID,MATCHED,N,Matched via reference_id
SCN-0978,PRIMARY_ID_MATCH,TXN-A-000978,TXN-B-000978,TXN-A-000978-L1955,TXN-B-000978-L1956,EXACT_PRIMARY_ID,MATCHED,N,Matched via reference_id
SCN-0979,PRIMARY_ID_MATCH,TXN-A-000979,TXN-B-000979,TXN-A-000979-L1957,TXN-B-000979-L1958,EXACT_PRIMARY_ID,MATCHED,N,Matched via reference_id
SCN-0980,PRIMARY_ID_MATCH,TXN-A-000980,TXN-B-000980,TXN-A-000980-L1959,TXN-B-000980-L1960,EXACT_PRIMARY_ID,MATCHED,N,Matched via reference_id
SCN-0981,PRIMARY_ID_MATCH,TXN-A-000981,TXN-B-000981,TXN-A-000981-L1961,TXN-B-000981-L1962,EXACT_PRIMARY_ID,MATCHED,N,Matched via reference_id
SCN-0982,PRIMARY_ID_MATCH,TXN-A-000982,TXN-B-000982,TXN-A-000982-L1963,TXN-B-000982-L1964,EXACT_PRIMARY_ID,MATCHED,N,Matched via reference_id
SCN-0983,PRIMARY_ID_MATCH,TXN-A-000983,TXN-B-000983,TXN-A-000983-L1965,TXN-B-000983-L1966,EXACT_PRIMARY_ID,MATCHED,N,Matched via reference_id
SCN-0984,PRIMARY_ID_MATCH,TXN-A-000984,TXN-B-000984,TXN-A-000984-L1967,TXN-B-000984-L1968,EXACT_PRIMARY_ID,MATCHED,N,Matched via reference_id
SCN-0985,PRIMARY_ID_MATCH,TXN-A-000985,TXN-B-000985,TXN-A-000985-L1969,TXN-B-000985-L1970,EXACT_PRIMARY_ID,MATCHED,N,Matched via reference_id
SCN-0986,PRIMARY_ID_MATCH,TXN-A-000986,TXN-B-000986,TXN-A-000986-L1971,TXN-B-000986-L1972,EXACT_PRIMARY_ID,MATCHED,N,Matched via reference_id
SCN-0987,PRIMARY_ID_MATCH,TXN-A-000987,TXN-B-000987,TXN-A-000987-L1973,TXN-B-000987-L1974,EXACT_PRIMARY_ID,MATCHED,N,Matched via reference_id
SCN-0988,PRIMARY_ID_MATCH,TXN-A-000988,TXN-B-000988,TXN-A-000988-L1975,TXN-B-000988-L1976,EXACT_PRIMARY_ID,MATCHED,N,Matched via reference_id
SCN-0989,PRIMARY_ID_MATCH,TXN-A-000989,TXN-B-000989,TXN-A-000989-L1977,TXN-B-000989-L1978,EXACT_PRIMARY_ID,MATCHED,N,Matched via reference_id
SCN-0990,PRIMARY_ID_MATCH,TXN-A-000990,TXN-B-000990,TXN-A-000990-L1979,TXN-B-000990-L1980,EXACT_PRIMARY_ID,MATCHED,N,Matched via reference_id
SCN-0991,PRIMARY_ID_MATCH,TXN-A-000991,TXN-B-000991,TXN-A-000991-L1981,TXN-B-000991-L1982,EXACT_PRIMARY_ID,MATCHED,N,Matched via reference_id
SCN-0992,PRIMARY_ID_MATCH,TXN-A-000992,TXN-B-000992,TXN-A-000992-L1983,TXN-B-000992-L1984,EXACT_PRIMARY_ID,MATCHED,N,Matched via reference_id
SCN-0993,PRIMARY_ID_MATCH,TXN-A-000993,TXN-B-000993,TXN-A-000993-L1985,TXN-B-000993-L1986,EXACT_PRIMARY_ID,MATCHED,N,Matched via reference_id
SCN-0994,PRIMARY_ID_MATCH,TXN-A-000994,TXN-B-000994,TXN-A-000994-L1987,TXN-B-000994-L1988,EXACT_PRIMARY_ID,MATCHED,N,Matched via reference_id
SCN-0995,PRIMARY_ID_MATCH,TXN-A-000995,TXN-B-000995,TXN-A-000995-L1989,TXN-B-000995-L1990,EXACT_PRIMARY_ID,MATCHED,N,Matched via reference_id
SCN-0996,PRIMARY_ID_MATCH,TXN-A-000996,TXN-B-000996,TXN-A-000996-L1991,TXN-B-000996-L1992,EXACT_PRIMARY_ID,MATCHED,N,Matched via reference_id
SCN-0997,PRIMARY_ID_MATCH,TXN-A-000997,TXN-B-000997,TXN-A-000997-L1993,TXN-B-000997-L1994,EXACT_PRIMARY_ID,MATCHED,N,Matched via reference_id
SCN-0998,PRIMARY_ID_MATCH,TXN-A-000998,TXN-B-000998,TXN-A-000998-L1995,TXN-B-000998-L1996,EXACT_PRIMARY_ID,MATCHED,N,Matched via reference_id
SCN-0999,PRIMARY_ID_MATCH,TXN-A-000999,TXN-B-000999,TXN-A-000999-L1997,TXN-B-000999-L1998,EXACT_PRIMARY_ID,MATCHED,N,Matched via reference_id
SCN-1000,PRIMARY_ID_MATCH,TXN-A-001000,TXN-B-001000,TXN-A-001000-L1999,TXN-B-001000-L2000,EXACT_PRIMARY_ID,MATCHED,N,Matched via reference_id
SCN-1001,PRIMARY_ID_MATCH,TXN-A-001001,TXN-B-001001,TXN-A-001001-L2001,TXN-B-001001-L2002,EXACT_PRIMARY_ID,MATCHED,N,Matched via reference_id
SCN-1002,PRIMARY_ID_MATCH,TXN-A-001002,TXN-B-001002,TXN-A-001002-L2003,TXN-B-001002-L2004,EXACT_PRIMARY_ID,MATCHED,N,Matched via reference_id
SCN-1003,PRIMARY_ID_MATCH,TXN-A-001003,TXN-B-001003,TXN-A-001003-L2005,TXN-B-001003-L2006,EXACT_PRIMARY_ID,MATCHED,N,Matched via reference_id
SCN-1004,PRIMARY_ID_MATCH,TXN-A-001004,TXN-B-001004,TXN-A-001004-L2007,TXN-B-001004-L2008,EXACT_PRIMARY_ID,MATCHED,N,Matched via reference_id
SCN-1005,PRIMARY_ID_MATCH,TXN-A-001005,TXN-B-001005,TXN-A-001005-L2009,TXN-B-001005-L2010,EXACT_PRIMARY_ID,MATCHED,N,Matched via reference_id
SCN-1006,PRIMARY_ID_MATCH,TXN-A-001006,TXN-B-001006,TXN-A-001006-L2011,TXN-B-001006-L2012,EXACT_PRIMARY_ID,MATCHED,N,Matched via reference_id
SCN-1007,PRIMARY_ID_MATCH,TXN-A-001007,TXN-B-001007,TXN-A-001007-L2013,TXN-B-001007-L2014,EXACT_PRIMARY_ID,MATCHED,N,Matched via reference_id
SCN-1008,PRIMARY_ID_MATCH,TXN-A-001008,TXN-B-001008,TXN-A-001008-L2015,TXN-B-001008-L2016,EXACT_PRIMARY_ID,MATCHED,N,Matched via reference_id
SCN-1009,PRIMARY_ID_MATCH,TXN-A-001009,TXN-B-001009,TXN-A-001009-L2017,TXN-B-001009-L2018,EXACT_PRIMARY_ID,MATCHED,N,Matched via reference_id
SCN-1010,PRIMARY_ID_MATCH,TXN-A-001010,TXN-B-001010,TXN-A-001010-L2019,TXN-B-001010-L2020,EXACT_PRIMARY_ID,MATCHED,N,Matched via reference_id
SCN-1011,PRIMARY_ID_MATCH,TXN-A-001011,TXN-B-001011,TXN-A-001011-L2021,TXN-B-001011-L2022,EXACT_PRIMARY_ID,MATCHED,N,Matched via reference_id
SCN-1012,PRIMARY_ID_MATCH,TXN-A-001012,TXN-B-001012,TXN-A-001012-L2023,TXN-B-001012-L2024,EXACT_PRIMARY_ID,MATCHED,N,Matched via reference_id
SCN-1013,PRIMARY_ID_MATCH,TXN-A-001013,TXN-B-001013,TXN-A-001013-L2025,TXN-B-001013-L2026,EXACT_PRIMARY_ID,MATCHED,N,Matched via reference_id
SCN-1014,PRIMARY_ID_MATCH,TXN-A-001014,TXN-B-001014,TXN-A-001014-L2027,TXN-B-001014-L2028,EXACT_PRIMARY_ID,MATCHED,N,Matched via reference_id
SCN-1015,PRIMARY_ID_MATCH,TXN-A-001015,TXN-B-001015,TXN-A-001015-L2029,TXN-B-001015-L2030,EXACT_PRIMARY_ID,MATCHED,N,Matched via reference_id
SCN-1016,PRIMARY_ID_MATCH,TXN-A-001016,TXN-B-001016,TXN-A-001016-L2031,TXN-B-001016-L2032,EXACT_PRIMARY_ID,MATCHED,N,Matched via reference_id
SCN-1017,PRIMARY_ID_MATCH,TXN-A-001017,TXN-B-001017,TXN-A-001017-L2033,TXN-B-001017-L2034,EXACT_PRIMARY_ID,MATCHED,N,Matched via reference_id
SCN-1018,PRIMARY_ID_MATCH,TXN-A-001018,TXN-B-001018,TXN-A-001018-L2035,TXN-B-001018-L2036,EXACT_PRIMARY_ID,MATCHED,N,Matched via reference_id
SCN-1019,PRIMARY_ID_MATCH,TXN-A-001019,TXN-B-001019,TXN-A-001019-L2037,TXN-B-001019-L2038,EXACT_PRIMARY_ID,MATCHED,N,Matched via reference_id
SCN-1020,PRIMARY_ID_MATCH,TXN-A-001020,TXN-B-001020,TXN-A-001020-L2039,TXN-B-001020-L2040,EXACT_PRIMARY_ID,MATCHED,N,Matched via reference_id
SCN-1021,BARCODE_MATCH,TXN-A-001021,TXN-B-001021,TXN-A-001021-L2041,TXN-B-001021-L2042,EXACT_BARCODE,MATCHED,N,Matched via barcode; product_id differs
SCN-1022,BARCODE_MATCH,TXN-A-001022,TXN-B-001022,TXN-A-001022-L2043,TXN-B-001022-L2044,EXACT_BARCODE,MATCHED,N,Matched via barcode; product_id differs
SCN-1023,BARCODE_MATCH,TXN-A-001023,TXN-B-001023,TXN-A-001023-L2045,TXN-B-001023-L2046,EXACT_BARCODE,MATCHED,N,Matched via barcode; product_id differs
SCN-1024,BARCODE_MATCH,TXN-A-001024,TXN-B-001024,TXN-A-001024-L2047,TXN-B-001024-L2048,EXACT_BARCODE,MATCHED,N,Matched via barcode; product_id differs
SCN-1025,BARCODE_MATCH,TXN-A-001025,TXN-B-001025,TXN-A-001025-L2049,TXN-B-001025-L2050,EXACT_BARCODE,MATCHED,N,Matched via barcode; product_id differs
SCN-1026,BARCODE_MATCH,TXN-A-001026,TXN-B-001026,TXN-A-001026-L2051,TXN-B-001026-L2052,EXACT_BARCODE,MATCHED,N,Matched via barcode; product_id differs
SCN-1027,BARCODE_MATCH,TXN-A-001027,TXN-B-001027,TXN-A-001027-L2053,TXN-B-001027-L2054,EXACT_BARCODE,MATCHED,N,Matched via barcode; product_id differs
SCN-1028,BARCODE_MATCH,TXN-A-001028,TXN-B-001028,TXN-A-001028-L2055,TXN-B-001028-L2056,EXACT_BARCODE,MATCHED,N,Matched via barcode; product_id differs
SCN-1029,BARCODE_MATCH,TXN-A-001029,TXN-B-001029,TXN-A-001029-L2057,TXN-B-001029-L2058,EXACT_BARCODE,MATCHED,N,Matched via barcode; product_id differs
SCN-1030,BARCODE_MATCH,TXN-A-001030,TXN-B-001030,TXN-A-001030-L2059,TXN-B-001030-L2060,EXACT_BARCODE,MATCHED,N,Matched via barcode; product_id differs
SCN-1031,BARCODE_MATCH,TXN-A-001031,TXN-B-001031,TXN-A-001031-L2061,TXN-B-001031-L2062,EXACT_BARCODE,MATCHED,N,Matched via barcode; product_id differs
SCN-1032,BARCODE_MATCH,TXN-A-001032,TXN-B-001032,TXN-A-001032-L2063,TXN-B-001032-L2064,EXACT_BARCODE,MATCHED,N,Matched via barcode; product_id differs
SCN-1033,BARCODE_MATCH,TXN-A-001033,TXN-B-001033,TXN-A-001033-L2065,TXN-B-001033-L2066,EXACT_BARCODE,MATCHED,N,Matched via barcode; product_id differs
SCN-1034,BARCODE_MATCH,TXN-A-001034,TXN-B-001034,TXN-A-001034-L2067,TXN-B-001034-L2068,EXACT_BARCODE,MATCHED,N,Matched via barcode; product_id differs
SCN-1035,BARCODE_MATCH,TXN-A-001035,TXN-B-001035,TXN-A-001035-L2069,TXN-B-001035-L2070,EXACT_BARCODE,MATCHED,N,Matched via barcode; product_id differs
SCN-1036,BARCODE_MATCH,TXN-A-001036,TXN-B-001036,TXN-A-001036-L2071,TXN-B-001036-L2072,EXACT_BARCODE,MATCHED,N,Matched via barcode; product_id differs
SCN-1037,BARCODE_MATCH,TXN-A-001037,TXN-B-001037,TXN-A-001037-L2073,TXN-B-001037-L2074,EXACT_BARCODE,MATCHED,N,Matched via barcode; product_id differs
SCN-1038,BARCODE_MATCH,TXN-A-001038,TXN-B-001038,TXN-A-001038-L2075,TXN-B-001038-L2076,EXACT_BARCODE,MATCHED,N,Matched via barcode; product_id differs
SCN-1039,BARCODE_MATCH,TXN-A-001039,TXN-B-001039,TXN-A-001039-L2077,TXN-B-001039-L2078,EXACT_BARCODE,MATCHED,N,Matched via barcode; product_id differs
SCN-1040,BARCODE_MATCH,TXN-A-001040,TXN-B-001040,TXN-A-001040-L2079,TXN-B-001040-L2080,EXACT_BARCODE,MATCHED,N,Matched via barcode; product_id differs
SCN-1041,BARCODE_MATCH,TXN-A-001041,TXN-B-001041,TXN-A-001041-L2081,TXN-B-001041-L2082,EXACT_BARCODE,MATCHED,N,Matched via barcode; product_id differs
SCN-1042,BARCODE_MATCH,TXN-A-001042,TXN-B-001042,TXN-A-001042-L2083,TXN-B-001042-L2084,EXACT_BARCODE,MATCHED,N,Matched via barcode; product_id differs
SCN-1043,BARCODE_MATCH,TXN-A-001043,TXN-B-001043,TXN-A-001043-L2085,TXN-B-001043-L2086,EXACT_BARCODE,MATCHED,N,Matched via barcode; product_id differs
SCN-1044,BARCODE_MATCH,TXN-A-001044,TXN-B-001044,TXN-A-001044-L2087,TXN-B-001044-L2088,EXACT_BARCODE,MATCHED,N,Matched via barcode; product_id differs
SCN-1045,BARCODE_MATCH,TXN-A-001045,TXN-B-001045,TXN-A-001045-L2089,TXN-B-001045-L2090,EXACT_BARCODE,MATCHED,N,Matched via barcode; product_id differs
SCN-1046,BARCODE_MATCH,TXN-A-001046,TXN-B-001046,TXN-A-001046-L2091,TXN-B-001046-L2092,EXACT_BARCODE,MATCHED,N,Matched via barcode; product_id differs
SCN-1047,BARCODE_MATCH,TXN-A-001047,TXN-B-001047,TXN-A-001047-L2093,TXN-B-001047-L2094,EXACT_BARCODE,MATCHED,N,Matched via barcode; product_id differs
SCN-1048,BARCODE_MATCH,TXN-A-001048,TXN-B-001048,TXN-A-001048-L2095,TXN-B-001048-L2096,EXACT_BARCODE,MATCHED,N,Matched via barcode; product_id differs
SCN-1049,BARCODE_MATCH,TXN-A-001049,TXN-B-001049,TXN-A-001049-L2097,TXN-B-001049-L2098,EXACT_BARCODE,MATCHED,N,Matched via barcode; product_id differs
SCN-1050,BARCODE_MATCH,TXN-A-001050,TXN-B-001050,TXN-A-001050-L2099,TXN-B-001050-L2100,EXACT_BARCODE,MATCHED,N,Matched via barcode; product_id differs
SCN-1051,BARCODE_MATCH,TXN-A-001051,TXN-B-001051,TXN-A-001051-L2101,TXN-B-001051-L2102,EXACT_BARCODE,MATCHED,N,Matched via barcode; product_id differs
SCN-1052,BARCODE_MATCH,TXN-A-001052,TXN-B-001052,TXN-A-001052-L2103,TXN-B-001052-L2104,EXACT_BARCODE,MATCHED,N,Matched via barcode; product_id differs
SCN-1053,BARCODE_MATCH,TXN-A-001053,TXN-B-001053,TXN-A-001053-L2105,TXN-B-001053-L2106,EXACT_BARCODE,MATCHED,N,Matched via barcode; product_id differs
SCN-1054,BARCODE_MATCH,TXN-A-001054,TXN-B-001054,TXN-A-001054-L2107,TXN-B-001054-L2108,EXACT_BARCODE,MATCHED,N,Matched via barcode; product_id differs
SCN-1055,BARCODE_MATCH,TXN-A-001055,TXN-B-001055,TXN-A-001055-L2109,TXN-B-001055-L2110,EXACT_BARCODE,MATCHED,N,Matched via barcode; product_id differs
SCN-1056,BARCODE_MATCH,TXN-A-001056,TXN-B-001056,TXN-A-001056-L2111,TXN-B-001056-L2112,EXACT_BARCODE,MATCHED,N,Matched via barcode; product_id differs
SCN-1057,BARCODE_MATCH,TXN-A-001057,TXN-B-001057,TXN-A-001057-L2113,TXN-B-001057-L2114,EXACT_BARCODE,MATCHED,N,Matched via barcode; product_id differs
SCN-1058,BARCODE_MATCH,TXN-A-001058,TXN-B-001058,TXN-A-001058-L2115,TXN-B-001058-L2116,EXACT_BARCODE,MATCHED,N,Matched via barcode; product_id differs
SCN-1059,BARCODE_MATCH,TXN-A-001059,TXN-B-001059,TXN-A-001059-L2117,TXN-B-001059-L2118,EXACT_BARCODE,MATCHED,N,Matched via barcode; product_id differs
SCN-1060,BARCODE_MATCH,TXN-A-001060,TXN-B-001060,TXN-A-001060-L2119,TXN-B-001060-L2120,EXACT_BARCODE,MATCHED,N,Matched via barcode; product_id differs
SCN-1061,BARCODE_MATCH,TXN-A-001061,TXN-B-001061,TXN-A-001061-L2121,TXN-B-001061-L2122,EXACT_BARCODE,MATCHED,N,Matched via barcode; product_id differs
SCN-1062,BARCODE_MATCH,TXN-A-001062,TXN-B-001062,TXN-A-001062-L2123,TXN-B-001062-L2124,EXACT_BARCODE,MATCHED,N,Matched via barcode; product_id differs
SCN-1063,BARCODE_MATCH,TXN-A-001063,TXN-B-001063,TXN-A-001063-L2125,TXN-B-001063-L2126,EXACT_BARCODE,MATCHED,N,Matched via barcode; product_id differs
SCN-1064,BARCODE_MATCH,TXN-A-001064,TXN-B-001064,TXN-A-001064-L2127,TXN-B-001064-L2128,EXACT_BARCODE,MATCHED,N,Matched via barcode; product_id differs
SCN-1065,BARCODE_MATCH,TXN-A-001065,TXN-B-001065,TXN-A-001065-L2129,TXN-B-001065-L2130,EXACT_BARCODE,MATCHED,N,Matched via barcode; product_id differs
SCN-1066,BARCODE_MATCH,TXN-A-001066,TXN-B-001066,TXN-A-001066-L2131,TXN-B-001066-L2132,EXACT_BARCODE,MATCHED,N,Matched via barcode; product_id differs
SCN-1067,BARCODE_MATCH,TXN-A-001067,TXN-B-001067,TXN-A-001067-L2133,TXN-B-001067-L2134,EXACT_BARCODE,MATCHED,N,Matched via barcode; product_id differs
SCN-1068,BARCODE_MATCH,TXN-A-001068,TXN-B-001068,TXN-A-001068-L2135,TXN-B-001068-L2136,EXACT_BARCODE,MATCHED,N,Matched via barcode; product_id differs
SCN-1069,BARCODE_MATCH,TXN-A-001069,TXN-B-001069,TXN-A-001069-L2137,TXN-B-001069-L2138,EXACT_BARCODE,MATCHED,N,Matched via barcode; product_id differs
SCN-1070,BARCODE_MATCH,TXN-A-001070,TXN-B-001070,TXN-A-001070-L2139,TXN-B-001070-L2140,EXACT_BARCODE,MATCHED,N,Matched via barcode; product_id differs
SCN-1071,BARCODE_MATCH,TXN-A-001071,TXN-B-001071,TXN-A-001071-L2141,TXN-B-001071-L2142,EXACT_BARCODE,MATCHED,N,Matched via barcode; product_id differs
SCN-1072,BARCODE_MATCH,TXN-A-001072,TXN-B-001072,TXN-A-001072-L2143,TXN-B-001072-L2144,EXACT_BARCODE,MATCHED,N,Matched via barcode; product_id differs
SCN-1073,BARCODE_MATCH,TXN-A-001073,TXN-B-001073,TXN-A-001073-L2145,TXN-B-001073-L2146,EXACT_BARCODE,MATCHED,N,Matched via barcode; product_id differs
SCN-1074,BARCODE_MATCH,TXN-A-001074,TXN-B-001074,TXN-A-001074-L2147,TXN-B-001074-L2148,EXACT_BARCODE,MATCHED,N,Matched via barcode; product_id differs
SCN-1075,BARCODE_MATCH,TXN-A-001075,TXN-B-001075,TXN-A-001075-L2149,TXN-B-001075-L2150,EXACT_BARCODE,MATCHED,N,Matched via barcode; product_id differs
SCN-1076,BARCODE_MATCH,TXN-A-001076,TXN-B-001076,TXN-A-001076-L2151,TXN-B-001076-L2152,EXACT_BARCODE,MATCHED,N,Matched via barcode; product_id differs
SCN-1077,BARCODE_MATCH,TXN-A-001077,TXN-B-001077,TXN-A-001077-L2153,TXN-B-001077-L2154,EXACT_BARCODE,MATCHED,N,Matched via barcode; product_id differs
SCN-1078,BARCODE_MATCH,TXN-A-001078,TXN-B-001078,TXN-A-001078-L2155,TXN-B-001078-L2156,EXACT_BARCODE,MATCHED,N,Matched via barcode; product_id differs
SCN-1079,BARCODE_MATCH,TXN-A-001079,TXN-B-001079,TXN-A-001079-L2157,TXN-B-001079-L2158,EXACT_BARCODE,MATCHED,N,Matched via barcode; product_id differs
SCN-1080,BARCODE_MATCH,TXN-A-001080,TXN-B-001080,TXN-A-001080-L2159,TXN-B-001080-L2160,EXACT_BARCODE,MATCHED,N,Matched via barcode; product_id differs
SCN-1081,BARCODE_MATCH,TXN-A-001081,TXN-B-001081,TXN-A-001081-L2161,TXN-B-001081-L2162,EXACT_BARCODE,MATCHED,N,Matched via barcode; product_id differs
SCN-1082,BARCODE_MATCH,TXN-A-001082,TXN-B-001082,TXN-A-001082-L2163,TXN-B-001082-L2164,EXACT_BARCODE,MATCHED,N,Matched via barcode; product_id differs
SCN-1083,BARCODE_MATCH,TXN-A-001083,TXN-B-001083,TXN-A-001083-L2165,TXN-B-001083-L2166,EXACT_BARCODE,MATCHED,N,Matched via barcode; product_id differs
SCN-1084,BARCODE_MATCH,TXN-A-001084,TXN-B-001084,TXN-A-001084-L2167,TXN-B-001084-L2168,EXACT_BARCODE,MATCHED,N,Matched via barcode; product_id differs
SCN-1085,BARCODE_MATCH,TXN-A-001085,TXN-B-001085,TXN-A-001085-L2169,TXN-B-001085-L2170,EXACT_BARCODE,MATCHED,N,Matched via barcode; product_id differs
SCN-1086,BARCODE_MATCH,TXN-A-001086,TXN-B-001086,TXN-A-001086-L2171,TXN-B-001086-L2172,EXACT_BARCODE,MATCHED,N,Matched via barcode; product_id differs
SCN-1087,BARCODE_MATCH,TXN-A-001087,TXN-B-001087,TXN-A-001087-L2173,TXN-B-001087-L2174,EXACT_BARCODE,MATCHED,N,Matched via barcode; product_id differs
SCN-1088,BARCODE_MATCH,TXN-A-001088,TXN-B-001088,TXN-A-001088-L2175,TXN-B-001088-L2176,EXACT_BARCODE,MATCHED,N,Matched via barcode; product_id differs
SCN-1089,BARCODE_MATCH,TXN-A-001089,TXN-B-001089,TXN-A-001089-L2177,TXN-B-001089-L2178,EXACT_BARCODE,MATCHED,N,Matched via barcode; product_id differs
SCN-1090,BARCODE_MATCH,TXN-A-001090,TXN-B-001090,TXN-A-001090-L2179,TXN-B-001090-L2180,EXACT_BARCODE,MATCHED,N,Matched via barcode; product_id differs
SCN-1091,BARCODE_MATCH,TXN-A-001091,TXN-B-001091,TXN-A-001091-L2181,TXN-B-001091-L2182,EXACT_BARCODE,MATCHED,N,Matched via barcode; product_id differs
SCN-1092,BARCODE_MATCH,TXN-A-001092,TXN-B-001092,TXN-A-001092-L2183,TXN-B-001092-L2184,EXACT_BARCODE,MATCHED,N,Matched via barcode; product_id differs
SCN-1093,BARCODE_MATCH,TXN-A-001093,TXN-B-001093,TXN-A-001093-L2185,TXN-B-001093-L2186,EXACT_BARCODE,MATCHED,N,Matched via barcode; product_id differs
SCN-1094,BARCODE_MATCH,TXN-A-001094,TXN-B-001094,TXN-A-001094-L2187,TXN-B-001094-L2188,EXACT_BARCODE,MATCHED,N,Matched via barcode; product_id differs
SCN-1095,BARCODE_MATCH,TXN-A-001095,TXN-B-001095,TXN-A-001095-L2189,TXN-B-001095-L2190,EXACT_BARCODE,MATCHED,N,Matched via barcode; product_id differs
SCN-1096,BARCODE_MATCH,TXN-A-001096,TXN-B-001096,TXN-A-001096-L2191,TXN-B-001096-L2192,EXACT_BARCODE,MATCHED,N,Matched via barcode; product_id differs
SCN-1097,BARCODE_MATCH,TXN-A-001097,TXN-B-001097,TXN-A-001097-L2193,TXN-B-001097-L2194,EXACT_BARCODE,MATCHED,N,Matched via barcode; product_id differs
SCN-1098,BARCODE_MATCH,TXN-A-001098,TXN-B-001098,TXN-A-001098-L2195,TXN-B-001098-L2196,EXACT_BARCODE,MATCHED,N,Matched via barcode; product_id differs
SCN-1099,BARCODE_MATCH,TXN-A-001099,TXN-B-001099,TXN-A-001099-L2197,TXN-B-001099-L2198,EXACT_BARCODE,MATCHED,N,Matched via barcode; product_id differs
SCN-1100,BARCODE_MATCH,TXN-A-001100,TXN-B-001100,TXN-A-001100-L2199,TXN-B-001100-L2200,EXACT_BARCODE,MATCHED,N,Matched via barcode; product_id differs
SCN-1101,BARCODE_MATCH,TXN-A-001101,TXN-B-001101,TXN-A-001101-L2201,TXN-B-001101-L2202,EXACT_BARCODE,MATCHED,N,Matched via barcode; product_id differs
SCN-1102,BARCODE_MATCH,TXN-A-001102,TXN-B-001102,TXN-A-001102-L2203,TXN-B-001102-L2204,EXACT_BARCODE,MATCHED,N,Matched via barcode; product_id differs
SCN-1103,BARCODE_MATCH,TXN-A-001103,TXN-B-001103,TXN-A-001103-L2205,TXN-B-001103-L2206,EXACT_BARCODE,MATCHED,N,Matched via barcode; product_id differs
SCN-1104,BARCODE_MATCH,TXN-A-001104,TXN-B-001104,TXN-A-001104-L2207,TXN-B-001104-L2208,EXACT_BARCODE,MATCHED,N,Matched via barcode; product_id differs
SCN-1105,BARCODE_MATCH,TXN-A-001105,TXN-B-001105,TXN-A-001105-L2209,TXN-B-001105-L2210,EXACT_BARCODE,MATCHED,N,Matched via barcode; product_id differs
SCN-1106,BARCODE_MATCH,TXN-A-001106,TXN-B-001106,TXN-A-001106-L2211,TXN-B-001106-L2212,EXACT_BARCODE,MATCHED,N,Matched via barcode; product_id differs
SCN-1107,BARCODE_MATCH,TXN-A-001107,TXN-B-001107,TXN-A-001107-L2213,TXN-B-001107-L2214,EXACT_BARCODE,MATCHED,N,Matched via barcode; product_id differs
SCN-1108,BARCODE_MATCH,TXN-A-001108,TXN-B-001108,TXN-A-001108-L2215,TXN-B-001108-L2216,EXACT_BARCODE,MATCHED,N,Matched via barcode; product_id differs
SCN-1109,BARCODE_MATCH,TXN-A-001109,TXN-B-001109,TXN-A-001109-L2217,TXN-B-001109-L2218,EXACT_BARCODE,MATCHED,N,Matched via barcode; product_id differs
SCN-1110,BARCODE_MATCH,TXN-A-001110,TXN-B-001110,TXN-A-001110-L2219,TXN-B-001110-L2220,EXACT_BARCODE,MATCHED,N,Matched via barcode; product_id differs
SCN-1111,BARCODE_MATCH,TXN-A-001111,TXN-B-001111,TXN-A-001111-L2221,TXN-B-001111-L2222,EXACT_BARCODE,MATCHED,N,Matched via barcode; product_id differs
SCN-1112,BARCODE_MATCH,TXN-A-001112,TXN-B-001112,TXN-A-001112-L2223,TXN-B-001112-L2224,EXACT_BARCODE,MATCHED,N,Matched via barcode; product_id differs
SCN-1113,BARCODE_MATCH,TXN-A-001113,TXN-B-001113,TXN-A-001113-L2225,TXN-B-001113-L2226,EXACT_BARCODE,MATCHED,N,Matched via barcode; product_id differs
SCN-1114,BARCODE_MATCH,TXN-A-001114,TXN-B-001114,TXN-A-001114-L2227,TXN-B-001114-L2228,EXACT_BARCODE,MATCHED,N,Matched via barcode; product_id differs
SCN-1115,BARCODE_MATCH,TXN-A-001115,TXN-B-001115,TXN-A-001115-L2229,TXN-B-001115-L2230,EXACT_BARCODE,MATCHED,N,Matched via barcode; product_id differs
SCN-1116,BARCODE_MATCH,TXN-A-001116,TXN-B-001116,TXN-A-001116-L2231,TXN-B-001116-L2232,EXACT_BARCODE,MATCHED,N,Matched via barcode; product_id differs
SCN-1117,BARCODE_MATCH,TXN-A-001117,TXN-B-001117,TXN-A-001117-L2233,TXN-B-001117-L2234,EXACT_BARCODE,MATCHED,N,Matched via barcode; product_id differs
SCN-1118,BARCODE_MATCH,TXN-A-001118,TXN-B-001118,TXN-A-001118-L2235,TXN-B-001118-L2236,EXACT_BARCODE,MATCHED,N,Matched via barcode; product_id differs
SCN-1119,BARCODE_MATCH,TXN-A-001119,TXN-B-001119,TXN-A-001119-L2237,TXN-B-001119-L2238,EXACT_BARCODE,MATCHED,N,Matched via barcode; product_id differs
SCN-1120,BARCODE_MATCH,TXN-A-001120,TXN-B-001120,TXN-A-001120-L2239,TXN-B-001120-L2240,EXACT_BARCODE,MATCHED,N,Matched via barcode; product_id differs
SCN-1121,BARCODE_MATCH,TXN-A-001121,TXN-B-001121,TXN-A-001121-L2241,TXN-B-001121-L2242,EXACT_BARCODE,MATCHED,N,Matched via barcode; product_id differs
SCN-1122,BARCODE_MATCH,TXN-A-001122,TXN-B-001122,TXN-A-001122-L2243,TXN-B-001122-L2244,EXACT_BARCODE,MATCHED,N,Matched via barcode; product_id differs
SCN-1123,BARCODE_MATCH,TXN-A-001123,TXN-B-001123,TXN-A-001123-L2245,TXN-B-001123-L2246,EXACT_BARCODE,MATCHED,N,Matched via barcode; product_id differs
SCN-1124,BARCODE_MATCH,TXN-A-001124,TXN-B-001124,TXN-A-001124-L2247,TXN-B-001124-L2248,EXACT_BARCODE,MATCHED,N,Matched via barcode; product_id differs
SCN-1125,BARCODE_MATCH,TXN-A-001125,TXN-B-001125,TXN-A-001125-L2249,TXN-B-001125-L2250,EXACT_BARCODE,MATCHED,N,Matched via barcode; product_id differs
SCN-1126,BARCODE_MATCH,TXN-A-001126,TXN-B-001126,TXN-A-001126-L2251,TXN-B-001126-L2252,EXACT_BARCODE,MATCHED,N,Matched via barcode; product_id differs
SCN-1127,BARCODE_MATCH,TXN-A-001127,TXN-B-001127,TXN-A-001127-L2253,TXN-B-001127-L2254,EXACT_BARCODE,MATCHED,N,Matched via barcode; product_id differs
SCN-1128,BARCODE_MATCH,TXN-A-001128,TXN-B-001128,TXN-A-001128-L2255,TXN-B-001128-L2256,EXACT_BARCODE,MATCHED,N,Matched via barcode; product_id differs
SCN-1129,BARCODE_MATCH,TXN-A-001129,TXN-B-001129,TXN-A-001129-L2257,TXN-B-001129-L2258,EXACT_BARCODE,MATCHED,N,Matched via barcode; product_id differs
SCN-1130,BARCODE_MATCH,TXN-A-001130,TXN-B-001130,TXN-A-001130-L2259,TXN-B-001130-L2260,EXACT_BARCODE,MATCHED,N,Matched via barcode; product_id differs
SCN-1131,PRODUCT_CODE_MATCH,TXN-A-001131,TXN-B-001131,TXN-A-001131-L2261,TXN-B-001131-L2262,EXACT_PRODUCT_CODE,MATCHED,N,Matched via product_code
SCN-1132,PRODUCT_CODE_MATCH,TXN-A-001132,TXN-B-001132,TXN-A-001132-L2263,TXN-B-001132-L2264,EXACT_PRODUCT_CODE,MATCHED,N,Matched via product_code
SCN-1133,PRODUCT_CODE_MATCH,TXN-A-001133,TXN-B-001133,TXN-A-001133-L2265,TXN-B-001133-L2266,EXACT_PRODUCT_CODE,MATCHED,N,Matched via product_code
SCN-1134,PRODUCT_CODE_MATCH,TXN-A-001134,TXN-B-001134,TXN-A-001134-L2267,TXN-B-001134-L2268,EXACT_PRODUCT_CODE,MATCHED,N,Matched via product_code
SCN-1135,PRODUCT_CODE_MATCH,TXN-A-001135,TXN-B-001135,TXN-A-001135-L2269,TXN-B-001135-L2270,EXACT_PRODUCT_CODE,MATCHED,N,Matched via product_code
SCN-1136,PRODUCT_CODE_MATCH,TXN-A-001136,TXN-B-001136,TXN-A-001136-L2271,TXN-B-001136-L2272,EXACT_PRODUCT_CODE,MATCHED,N,Matched via product_code
SCN-1137,PRODUCT_CODE_MATCH,TXN-A-001137,TXN-B-001137,TXN-A-001137-L2273,TXN-B-001137-L2274,EXACT_PRODUCT_CODE,MATCHED,N,Matched via product_code
SCN-1138,PRODUCT_CODE_MATCH,TXN-A-001138,TXN-B-001138,TXN-A-001138-L2275,TXN-B-001138-L2276,EXACT_PRODUCT_CODE,MATCHED,N,Matched via product_code
SCN-1139,PRODUCT_CODE_MATCH,TXN-A-001139,TXN-B-001139,TXN-A-001139-L2277,TXN-B-001139-L2278,EXACT_PRODUCT_CODE,MATCHED,N,Matched via product_code
SCN-1140,PRODUCT_CODE_MATCH,TXN-A-001140,TXN-B-001140,TXN-A-001140-L2279,TXN-B-001140-L2280,EXACT_PRODUCT_CODE,MATCHED,N,Matched via product_code
SCN-1141,PRODUCT_CODE_MATCH,TXN-A-001141,TXN-B-001141,TXN-A-001141-L2281,TXN-B-001141-L2282,EXACT_PRODUCT_CODE,MATCHED,N,Matched via product_code
SCN-1142,PRODUCT_CODE_MATCH,TXN-A-001142,TXN-B-001142,TXN-A-001142-L2283,TXN-B-001142-L2284,EXACT_PRODUCT_CODE,MATCHED,N,Matched via product_code
SCN-1143,PRODUCT_CODE_MATCH,TXN-A-001143,TXN-B-001143,TXN-A-001143-L2285,TXN-B-001143-L2286,EXACT_PRODUCT_CODE,MATCHED,N,Matched via product_code
SCN-1144,PRODUCT_CODE_MATCH,TXN-A-001144,TXN-B-001144,TXN-A-001144-L2287,TXN-B-001144-L2288,EXACT_PRODUCT_CODE,MATCHED,N,Matched via product_code
SCN-1145,PRODUCT_CODE_MATCH,TXN-A-001145,TXN-B-001145,TXN-A-001145-L2289,TXN-B-001145-L2290,EXACT_PRODUCT_CODE,MATCHED,N,Matched via product_code
SCN-1146,PRODUCT_CODE_MATCH,TXN-A-001146,TXN-B-001146,TXN-A-001146-L2291,TXN-B-001146-L2292,EXACT_PRODUCT_CODE,MATCHED,N,Matched via product_code
SCN-1147,PRODUCT_CODE_MATCH,TXN-A-001147,TXN-B-001147,TXN-A-001147-L2293,TXN-B-001147-L2294,EXACT_PRODUCT_CODE,MATCHED,N,Matched via product_code
SCN-1148,PRODUCT_CODE_MATCH,TXN-A-001148,TXN-B-001148,TXN-A-001148-L2295,TXN-B-001148-L2296,EXACT_PRODUCT_CODE,MATCHED,N,Matched via product_code
SCN-1149,PRODUCT_CODE_MATCH,TXN-A-001149,TXN-B-001149,TXN-A-001149-L2297,TXN-B-001149-L2298,EXACT_PRODUCT_CODE,MATCHED,N,Matched via product_code
SCN-1150,PRODUCT_CODE_MATCH,TXN-A-001150,TXN-B-001150,TXN-A-001150-L2299,TXN-B-001150-L2300,EXACT_PRODUCT_CODE,MATCHED,N,Matched via product_code
SCN-1151,PRODUCT_CODE_MATCH,TXN-A-001151,TXN-B-001151,TXN-A-001151-L2301,TXN-B-001151-L2302,EXACT_PRODUCT_CODE,MATCHED,N,Matched via product_code
SCN-1152,PRODUCT_CODE_MATCH,TXN-A-001152,TXN-B-001152,TXN-A-001152-L2303,TXN-B-001152-L2304,EXACT_PRODUCT_CODE,MATCHED,N,Matched via product_code
SCN-1153,PRODUCT_CODE_MATCH,TXN-A-001153,TXN-B-001153,TXN-A-001153-L2305,TXN-B-001153-L2306,EXACT_PRODUCT_CODE,MATCHED,N,Matched via product_code
SCN-1154,PRODUCT_CODE_MATCH,TXN-A-001154,TXN-B-001154,TXN-A-001154-L2307,TXN-B-001154-L2308,EXACT_PRODUCT_CODE,MATCHED,N,Matched via product_code
SCN-1155,PRODUCT_CODE_MATCH,TXN-A-001155,TXN-B-001155,TXN-A-001155-L2309,TXN-B-001155-L2310,EXACT_PRODUCT_CODE,MATCHED,N,Matched via product_code
SCN-1156,PRODUCT_CODE_MATCH,TXN-A-001156,TXN-B-001156,TXN-A-001156-L2311,TXN-B-001156-L2312,EXACT_PRODUCT_CODE,MATCHED,N,Matched via product_code
SCN-1157,PRODUCT_CODE_MATCH,TXN-A-001157,TXN-B-001157,TXN-A-001157-L2313,TXN-B-001157-L2314,EXACT_PRODUCT_CODE,MATCHED,N,Matched via product_code
SCN-1158,PRODUCT_CODE_MATCH,TXN-A-001158,TXN-B-001158,TXN-A-001158-L2315,TXN-B-001158-L2316,EXACT_PRODUCT_CODE,MATCHED,N,Matched via product_code
SCN-1159,PRODUCT_CODE_MATCH,TXN-A-001159,TXN-B-001159,TXN-A-001159-L2317,TXN-B-001159-L2318,EXACT_PRODUCT_CODE,MATCHED,N,Matched via product_code
SCN-1160,PRODUCT_CODE_MATCH,TXN-A-001160,TXN-B-001160,TXN-A-001160-L2319,TXN-B-001160-L2320,EXACT_PRODUCT_CODE,MATCHED,N,Matched via product_code
SCN-1161,PRODUCT_CODE_MATCH,TXN-A-001161,TXN-B-001161,TXN-A-001161-L2321,TXN-B-001161-L2322,EXACT_PRODUCT_CODE,MATCHED,N,Matched via product_code
SCN-1162,PRODUCT_CODE_MATCH,TXN-A-001162,TXN-B-001162,TXN-A-001162-L2323,TXN-B-001162-L2324,EXACT_PRODUCT_CODE,MATCHED,N,Matched via product_code
SCN-1163,PRODUCT_CODE_MATCH,TXN-A-001163,TXN-B-001163,TXN-A-001163-L2325,TXN-B-001163-L2326,EXACT_PRODUCT_CODE,MATCHED,N,Matched via product_code
SCN-1164,PRODUCT_CODE_MATCH,TXN-A-001164,TXN-B-001164,TXN-A-001164-L2327,TXN-B-001164-L2328,EXACT_PRODUCT_CODE,MATCHED,N,Matched via product_code
SCN-1165,PRODUCT_CODE_MATCH,TXN-A-001165,TXN-B-001165,TXN-A-001165-L2329,TXN-B-001165-L2330,EXACT_PRODUCT_CODE,MATCHED,N,Matched via product_code
SCN-1166,PRODUCT_CODE_MATCH,TXN-A-001166,TXN-B-001166,TXN-A-001166-L2331,TXN-B-001166-L2332,EXACT_PRODUCT_CODE,MATCHED,N,Matched via product_code
SCN-1167,PRODUCT_CODE_MATCH,TXN-A-001167,TXN-B-001167,TXN-A-001167-L2333,TXN-B-001167-L2334,EXACT_PRODUCT_CODE,MATCHED,N,Matched via product_code
SCN-1168,PRODUCT_CODE_MATCH,TXN-A-001168,TXN-B-001168,TXN-A-001168-L2335,TXN-B-001168-L2336,EXACT_PRODUCT_CODE,MATCHED,N,Matched via product_code
SCN-1169,PRODUCT_CODE_MATCH,TXN-A-001169,TXN-B-001169,TXN-A-001169-L2337,TXN-B-001169-L2338,EXACT_PRODUCT_CODE,MATCHED,N,Matched via product_code
SCN-1170,PRODUCT_CODE_MATCH,TXN-A-001170,TXN-B-001170,TXN-A-001170-L2339,TXN-B-001170-L2340,EXACT_PRODUCT_CODE,MATCHED,N,Matched via product_code
SCN-1171,PRODUCT_CODE_MATCH,TXN-A-001171,TXN-B-001171,TXN-A-001171-L2341,TXN-B-001171-L2342,EXACT_PRODUCT_CODE,MATCHED,N,Matched via product_code
SCN-1172,PRODUCT_CODE_MATCH,TXN-A-001172,TXN-B-001172,TXN-A-001172-L2343,TXN-B-001172-L2344,EXACT_PRODUCT_CODE,MATCHED,N,Matched via product_code
SCN-1173,PRODUCT_CODE_MATCH,TXN-A-001173,TXN-B-001173,TXN-A-001173-L2345,TXN-B-001173-L2346,EXACT_PRODUCT_CODE,MATCHED,N,Matched via product_code
SCN-1174,PRODUCT_CODE_MATCH,TXN-A-001174,TXN-B-001174,TXN-A-001174-L2347,TXN-B-001174-L2348,EXACT_PRODUCT_CODE,MATCHED,N,Matched via product_code
SCN-1175,PRODUCT_CODE_MATCH,TXN-A-001175,TXN-B-001175,TXN-A-001175-L2349,TXN-B-001175-L2350,EXACT_PRODUCT_CODE,MATCHED,N,Matched via product_code
SCN-1176,PRODUCT_CODE_MATCH,TXN-A-001176,TXN-B-001176,TXN-A-001176-L2351,TXN-B-001176-L2352,EXACT_PRODUCT_CODE,MATCHED,N,Matched via product_code
SCN-1177,PRODUCT_CODE_MATCH,TXN-A-001177,TXN-B-001177,TXN-A-001177-L2353,TXN-B-001177-L2354,EXACT_PRODUCT_CODE,MATCHED,N,Matched via product_code
SCN-1178,PRODUCT_CODE_MATCH,TXN-A-001178,TXN-B-001178,TXN-A-001178-L2355,TXN-B-001178-L2356,EXACT_PRODUCT_CODE,MATCHED,N,Matched via product_code
SCN-1179,PRODUCT_CODE_MATCH,TXN-A-001179,TXN-B-001179,TXN-A-001179-L2357,TXN-B-001179-L2358,EXACT_PRODUCT_CODE,MATCHED,N,Matched via product_code
SCN-1180,PRODUCT_CODE_MATCH,TXN-A-001180,TXN-B-001180,TXN-A-001180-L2359,TXN-B-001180-L2360,EXACT_PRODUCT_CODE,MATCHED,N,Matched via product_code
SCN-1181,PRODUCT_CODE_MATCH,TXN-A-001181,TXN-B-001181,TXN-A-001181-L2361,TXN-B-001181-L2362,EXACT_PRODUCT_CODE,MATCHED,N,Matched via product_code
SCN-1182,PRODUCT_CODE_MATCH,TXN-A-001182,TXN-B-001182,TXN-A-001182-L2363,TXN-B-001182-L2364,EXACT_PRODUCT_CODE,MATCHED,N,Matched via product_code
SCN-1183,PRODUCT_CODE_MATCH,TXN-A-001183,TXN-B-001183,TXN-A-001183-L2365,TXN-B-001183-L2366,EXACT_PRODUCT_CODE,MATCHED,N,Matched via product_code
SCN-1184,PRODUCT_CODE_MATCH,TXN-A-001184,TXN-B-001184,TXN-A-001184-L2367,TXN-B-001184-L2368,EXACT_PRODUCT_CODE,MATCHED,N,Matched via product_code
SCN-1185,PRODUCT_CODE_MATCH,TXN-A-001185,TXN-B-001185,TXN-A-001185-L2369,TXN-B-001185-L2370,EXACT_PRODUCT_CODE,MATCHED,N,Matched via product_code
SCN-1186,PRODUCT_CODE_MATCH,TXN-A-001186,TXN-B-001186,TXN-A-001186-L2371,TXN-B-001186-L2372,EXACT_PRODUCT_CODE,MATCHED,N,Matched via product_code
SCN-1187,PRODUCT_CODE_MATCH,TXN-A-001187,TXN-B-001187,TXN-A-001187-L2373,TXN-B-001187-L2374,EXACT_PRODUCT_CODE,MATCHED,N,Matched via product_code
SCN-1188,PRODUCT_CODE_MATCH,TXN-A-001188,TXN-B-001188,TXN-A-001188-L2375,TXN-B-001188-L2376,EXACT_PRODUCT_CODE,MATCHED,N,Matched via product_code
SCN-1189,PRODUCT_CODE_MATCH,TXN-A-001189,TXN-B-001189,TXN-A-001189-L2377,TXN-B-001189-L2378,EXACT_PRODUCT_CODE,MATCHED,N,Matched via product_code
SCN-1190,PRODUCT_CODE_MATCH,TXN-A-001190,TXN-B-001190,TXN-A-001190-L2379,TXN-B-001190-L2380,EXACT_PRODUCT_CODE,MATCHED,N,Matched via product_code
SCN-1191,PRODUCT_CODE_MATCH,TXN-A-001191,TXN-B-001191,TXN-A-001191-L2381,TXN-B-001191-L2382,EXACT_PRODUCT_CODE,MATCHED,N,Matched via product_code
SCN-1192,PRODUCT_CODE_MATCH,TXN-A-001192,TXN-B-001192,TXN-A-001192-L2383,TXN-B-001192-L2384,EXACT_PRODUCT_CODE,MATCHED,N,Matched via product_code
SCN-1193,PRODUCT_CODE_MATCH,TXN-A-001193,TXN-B-001193,TXN-A-001193-L2385,TXN-B-001193-L2386,EXACT_PRODUCT_CODE,MATCHED,N,Matched via product_code
SCN-1194,PRODUCT_CODE_MATCH,TXN-A-001194,TXN-B-001194,TXN-A-001194-L2387,TXN-B-001194-L2388,EXACT_PRODUCT_CODE,MATCHED,N,Matched via product_code
SCN-1195,PRODUCT_CODE_MATCH,TXN-A-001195,TXN-B-001195,TXN-A-001195-L2389,TXN-B-001195-L2390,EXACT_PRODUCT_CODE,MATCHED,N,Matched via product_code
SCN-1196,PRODUCT_CODE_MATCH,TXN-A-001196,TXN-B-001196,TXN-A-001196-L2391,TXN-B-001196-L2392,EXACT_PRODUCT_CODE,MATCHED,N,Matched via product_code
SCN-1197,PRODUCT_CODE_MATCH,TXN-A-001197,TXN-B-001197,TXN-A-001197-L2393,TXN-B-001197-L2394,EXACT_PRODUCT_CODE,MATCHED,N,Matched via product_code
SCN-1198,PRODUCT_CODE_MATCH,TXN-A-001198,TXN-B-001198,TXN-A-001198-L2395,TXN-B-001198-L2396,EXACT_PRODUCT_CODE,MATCHED,N,Matched via product_code
SCN-1199,PRODUCT_CODE_MATCH,TXN-A-001199,TXN-B-001199,TXN-A-001199-L2397,TXN-B-001199-L2398,EXACT_PRODUCT_CODE,MATCHED,N,Matched via product_code
SCN-1200,PRODUCT_CODE_MATCH,TXN-A-001200,TXN-B-001200,TXN-A-001200-L2399,TXN-B-001200-L2400,EXACT_PRODUCT_CODE,MATCHED,N,Matched via product_code
SCN-1201,PRODUCT_CODE_MATCH,TXN-A-001201,TXN-B-001201,TXN-A-001201-L2401,TXN-B-001201-L2402,EXACT_PRODUCT_CODE,MATCHED,N,Matched via product_code
SCN-1202,PRODUCT_CODE_MATCH,TXN-A-001202,TXN-B-001202,TXN-A-001202-L2403,TXN-B-001202-L2404,EXACT_PRODUCT_CODE,MATCHED,N,Matched via product_code
SCN-1203,PRODUCT_CODE_MATCH,TXN-A-001203,TXN-B-001203,TXN-A-001203-L2405,TXN-B-001203-L2406,EXACT_PRODUCT_CODE,MATCHED,N,Matched via product_code
SCN-1204,PRODUCT_CODE_MATCH,TXN-A-001204,TXN-B-001204,TXN-A-001204-L2407,TXN-B-001204-L2408,EXACT_PRODUCT_CODE,MATCHED,N,Matched via product_code
SCN-1205,PRODUCT_CODE_MATCH,TXN-A-001205,TXN-B-001205,TXN-A-001205-L2409,TXN-B-001205-L2410,EXACT_PRODUCT_CODE,MATCHED,N,Matched via product_code
SCN-1206,PRODUCT_CODE_MATCH,TXN-A-001206,TXN-B-001206,TXN-A-001206-L2411,TXN-B-001206-L2412,EXACT_PRODUCT_CODE,MATCHED,N,Matched via product_code
SCN-1207,PRODUCT_CODE_MATCH,TXN-A-001207,TXN-B-001207,TXN-A-001207-L2413,TXN-B-001207-L2414,EXACT_PRODUCT_CODE,MATCHED,N,Matched via product_code
SCN-1208,PRODUCT_CODE_MATCH,TXN-A-001208,TXN-B-001208,TXN-A-001208-L2415,TXN-B-001208-L2416,EXACT_PRODUCT_CODE,MATCHED,N,Matched via product_code
SCN-1209,PRODUCT_CODE_MATCH,TXN-A-001209,TXN-B-001209,TXN-A-001209-L2417,TXN-B-001209-L2418,EXACT_PRODUCT_CODE,MATCHED,N,Matched via product_code
SCN-1210,PRODUCT_CODE_MATCH,TXN-A-001210,TXN-B-001210,TXN-A-001210-L2419,TXN-B-001210-L2420,EXACT_PRODUCT_CODE,MATCHED,N,Matched via product_code
SCN-1211,PRODUCT_CODE_MATCH,TXN-A-001211,TXN-B-001211,TXN-A-001211-L2421,TXN-B-001211-L2422,EXACT_PRODUCT_CODE,MATCHED,N,Matched via product_code
SCN-1212,PRODUCT_CODE_MATCH,TXN-A-001212,TXN-B-001212,TXN-A-001212-L2423,TXN-B-001212-L2424,EXACT_PRODUCT_CODE,MATCHED,N,Matched via product_code
SCN-1213,PRODUCT_CODE_MATCH,TXN-A-001213,TXN-B-001213,TXN-A-001213-L2425,TXN-B-001213-L2426,EXACT_PRODUCT_CODE,MATCHED,N,Matched via product_code
SCN-1214,PRODUCT_CODE_MATCH,TXN-A-001214,TXN-B-001214,TXN-A-001214-L2427,TXN-B-001214-L2428,EXACT_PRODUCT_CODE,MATCHED,N,Matched via product_code
SCN-1215,PRODUCT_CODE_MATCH,TXN-A-001215,TXN-B-001215,TXN-A-001215-L2429,TXN-B-001215-L2430,EXACT_PRODUCT_CODE,MATCHED,N,Matched via product_code
SCN-1216,PRODUCT_CODE_MATCH,TXN-A-001216,TXN-B-001216,TXN-A-001216-L2431,TXN-B-001216-L2432,EXACT_PRODUCT_CODE,MATCHED,N,Matched via product_code
SCN-1217,PRODUCT_CODE_MATCH,TXN-A-001217,TXN-B-001217,TXN-A-001217-L2433,TXN-B-001217-L2434,EXACT_PRODUCT_CODE,MATCHED,N,Matched via product_code
SCN-1218,PRODUCT_CODE_MATCH,TXN-A-001218,TXN-B-001218,TXN-A-001218-L2435,TXN-B-001218-L2436,EXACT_PRODUCT_CODE,MATCHED,N,Matched via product_code
SCN-1219,PRODUCT_CODE_MATCH,TXN-A-001219,TXN-B-001219,TXN-A-001219-L2437,TXN-B-001219-L2438,EXACT_PRODUCT_CODE,MATCHED,N,Matched via product_code
SCN-1220,PRODUCT_CODE_MATCH,TXN-A-001220,TXN-B-001220,TXN-A-001220-L2439,TXN-B-001220-L2440,EXACT_PRODUCT_CODE,MATCHED,N,Matched via product_code
SCN-1221,PRODUCT_CODE_MATCH,TXN-A-001221,TXN-B-001221,TXN-A-001221-L2441,TXN-B-001221-L2442,EXACT_PRODUCT_CODE,MATCHED,N,Matched via product_code
SCN-1222,PRODUCT_CODE_MATCH,TXN-A-001222,TXN-B-001222,TXN-A-001222-L2443,TXN-B-001222-L2444,EXACT_PRODUCT_CODE,MATCHED,N,Matched via product_code
SCN-1223,PRODUCT_CODE_MATCH,TXN-A-001223,TXN-B-001223,TXN-A-001223-L2445,TXN-B-001223-L2446,EXACT_PRODUCT_CODE,MATCHED,N,Matched via product_code
SCN-1224,PRODUCT_CODE_MATCH,TXN-A-001224,TXN-B-001224,TXN-A-001224-L2447,TXN-B-001224-L2448,EXACT_PRODUCT_CODE,MATCHED,N,Matched via product_code
SCN-1225,PRODUCT_CODE_MATCH,TXN-A-001225,TXN-B-001225,TXN-A-001225-L2449,TXN-B-001225-L2450,EXACT_PRODUCT_CODE,MATCHED,N,Matched via product_code
SCN-1226,PRODUCT_CODE_MATCH,TXN-A-001226,TXN-B-001226,TXN-A-001226-L2451,TXN-B-001226-L2452,EXACT_PRODUCT_CODE,MATCHED,N,Matched via product_code
SCN-1227,PRODUCT_CODE_MATCH,TXN-A-001227,TXN-B-001227,TXN-A-001227-L2453,TXN-B-001227-L2454,EXACT_PRODUCT_CODE,MATCHED,N,Matched via product_code
SCN-1228,PRODUCT_CODE_MATCH,TXN-A-001228,TXN-B-001228,TXN-A-001228-L2455,TXN-B-001228-L2456,EXACT_PRODUCT_CODE,MATCHED,N,Matched via product_code
SCN-1229,PRODUCT_CODE_MATCH,TXN-A-001229,TXN-B-001229,TXN-A-001229-L2457,TXN-B-001229-L2458,EXACT_PRODUCT_CODE,MATCHED,N,Matched via product_code
SCN-1230,PRODUCT_CODE_MATCH,TXN-A-001230,TXN-B-001230,TXN-A-001230-L2459,TXN-B-001230-L2460,EXACT_PRODUCT_CODE,MATCHED,N,Matched via product_code
SCN-1231,PRODUCT_CODE_MATCH,TXN-A-001231,TXN-B-001231,TXN-A-001231-L2461,TXN-B-001231-L2462,EXACT_PRODUCT_CODE,MATCHED,N,Matched via product_code
SCN-1232,PRODUCT_CODE_MATCH,TXN-A-001232,TXN-B-001232,TXN-A-001232-L2463,TXN-B-001232-L2464,EXACT_PRODUCT_CODE,MATCHED,N,Matched via product_code
SCN-1233,PRODUCT_CODE_MATCH,TXN-A-001233,TXN-B-001233,TXN-A-001233-L2465,TXN-B-001233-L2466,EXACT_PRODUCT_CODE,MATCHED,N,Matched via product_code
SCN-1234,PRODUCT_CODE_MATCH,TXN-A-001234,TXN-B-001234,TXN-A-001234-L2467,TXN-B-001234-L2468,EXACT_PRODUCT_CODE,MATCHED,N,Matched via product_code
SCN-1235,PRODUCT_CODE_MATCH,TXN-A-001235,TXN-B-001235,TXN-A-001235-L2469,TXN-B-001235-L2470,EXACT_PRODUCT_CODE,MATCHED,N,Matched via product_code
SCN-1236,PRODUCT_CODE_MATCH,TXN-A-001236,TXN-B-001236,TXN-A-001236-L2471,TXN-B-001236-L2472,EXACT_PRODUCT_CODE,MATCHED,N,Matched via product_code
SCN-1237,PRODUCT_CODE_MATCH,TXN-A-001237,TXN-B-001237,TXN-A-001237-L2473,TXN-B-001237-L2474,EXACT_PRODUCT_CODE,MATCHED,N,Matched via product_code
SCN-1238,PRODUCT_CODE_MATCH,TXN-A-001238,TXN-B-001238,TXN-A-001238-L2475,TXN-B-001238-L2476,EXACT_PRODUCT_CODE,MATCHED,N,Matched via product_code
SCN-1239,PRODUCT_CODE_MATCH,TXN-A-001239,TXN-B-001239,TXN-A-001239-L2477,TXN-B-001239-L2478,EXACT_PRODUCT_CODE,MATCHED,N,Matched via product_code
SCN-1240,PRODUCT_CODE_MATCH,TXN-A-001240,TXN-B-001240,TXN-A-001240-L2479,TXN-B-001240-L2480,EXACT_PRODUCT_CODE,MATCHED,N,Matched via product_code
SCN-1241,NORMALIZED_NAME_MATCH,TXN-A-001241,TXN-B-001241,TXN-A-001241-L2481,TXN-B-001241-L2482,NORMALIZED_NAME,MATCHED,N,Matched via normalized product name
SCN-1242,NORMALIZED_NAME_MATCH,TXN-A-001242,TXN-B-001242,TXN-A-001242-L2483,TXN-B-001242-L2484,NORMALIZED_NAME,MATCHED,N,Matched via normalized product name
SCN-1243,NORMALIZED_NAME_MATCH,TXN-A-001243,TXN-B-001243,TXN-A-001243-L2485,TXN-B-001243-L2486,NORMALIZED_NAME,MATCHED,N,Matched via normalized product name
SCN-1244,NORMALIZED_NAME_MATCH,TXN-A-001244,TXN-B-001244,TXN-A-001244-L2487,TXN-B-001244-L2488,NORMALIZED_NAME,MATCHED,N,Matched via normalized product name
SCN-1245,NORMALIZED_NAME_MATCH,TXN-A-001245,TXN-B-001245,TXN-A-001245-L2489,TXN-B-001245-L2490,NORMALIZED_NAME,MATCHED,N,Matched via normalized product name
SCN-1246,NORMALIZED_NAME_MATCH,TXN-A-001246,TXN-B-001246,TXN-A-001246-L2491,TXN-B-001246-L2492,NORMALIZED_NAME,MATCHED,N,Matched via normalized product name
SCN-1247,NORMALIZED_NAME_MATCH,TXN-A-001247,TXN-B-001247,TXN-A-001247-L2493,TXN-B-001247-L2494,NORMALIZED_NAME,MATCHED,N,Matched via normalized product name
SCN-1248,NORMALIZED_NAME_MATCH,TXN-A-001248,TXN-B-001248,TXN-A-001248-L2495,TXN-B-001248-L2496,NORMALIZED_NAME,MATCHED,N,Matched via normalized product name
SCN-1249,NORMALIZED_NAME_MATCH,TXN-A-001249,TXN-B-001249,TXN-A-001249-L2497,TXN-B-001249-L2498,NORMALIZED_NAME,MATCHED,N,Matched via normalized product name
SCN-1250,NORMALIZED_NAME_MATCH,TXN-A-001250,TXN-B-001250,TXN-A-001250-L2499,TXN-B-001250-L2500,NORMALIZED_NAME,MATCHED,N,Matched via normalized product name
SCN-1251,NORMALIZED_NAME_MATCH,TXN-A-001251,TXN-B-001251,TXN-A-001251-L2501,TXN-B-001251-L2502,NORMALIZED_NAME,MATCHED,N,Matched via normalized product name
SCN-1252,NORMALIZED_NAME_MATCH,TXN-A-001252,TXN-B-001252,TXN-A-001252-L2503,TXN-B-001252-L2504,NORMALIZED_NAME,MATCHED,N,Matched via normalized product name
SCN-1253,NORMALIZED_NAME_MATCH,TXN-A-001253,TXN-B-001253,TXN-A-001253-L2505,TXN-B-001253-L2506,NORMALIZED_NAME,MATCHED,N,Matched via normalized product name
SCN-1254,NORMALIZED_NAME_MATCH,TXN-A-001254,TXN-B-001254,TXN-A-001254-L2507,TXN-B-001254-L2508,NORMALIZED_NAME,MATCHED,N,Matched via normalized product name
SCN-1255,NORMALIZED_NAME_MATCH,TXN-A-001255,TXN-B-001255,TXN-A-001255-L2509,TXN-B-001255-L2510,NORMALIZED_NAME,MATCHED,N,Matched via normalized product name
SCN-1256,NORMALIZED_NAME_MATCH,TXN-A-001256,TXN-B-001256,TXN-A-001256-L2511,TXN-B-001256-L2512,NORMALIZED_NAME,MATCHED,N,Matched via normalized product name
SCN-1257,NORMALIZED_NAME_MATCH,TXN-A-001257,TXN-B-001257,TXN-A-001257-L2513,TXN-B-001257-L2514,NORMALIZED_NAME,MATCHED,N,Matched via normalized product name
SCN-1258,NORMALIZED_NAME_MATCH,TXN-A-001258,TXN-B-001258,TXN-A-001258-L2515,TXN-B-001258-L2516,NORMALIZED_NAME,MATCHED,N,Matched via normalized product name
SCN-1259,NORMALIZED_NAME_MATCH,TXN-A-001259,TXN-B-001259,TXN-A-001259-L2517,TXN-B-001259-L2518,NORMALIZED_NAME,MATCHED,N,Matched via normalized product name
SCN-1260,NORMALIZED_NAME_MATCH,TXN-A-001260,TXN-B-001260,TXN-A-001260-L2519,TXN-B-001260-L2520,NORMALIZED_NAME,MATCHED,N,Matched via normalized product name
SCN-1261,NORMALIZED_NAME_MATCH,TXN-A-001261,TXN-B-001261,TXN-A-001261-L2521,TXN-B-001261-L2522,NORMALIZED_NAME,MATCHED,N,Matched via normalized product name
SCN-1262,NORMALIZED_NAME_MATCH,TXN-A-001262,TXN-B-001262,TXN-A-001262-L2523,TXN-B-001262-L2524,NORMALIZED_NAME,MATCHED,N,Matched via normalized product name
SCN-1263,NORMALIZED_NAME_MATCH,TXN-A-001263,TXN-B-001263,TXN-A-001263-L2525,TXN-B-001263-L2526,NORMALIZED_NAME,MATCHED,N,Matched via normalized product name
SCN-1264,NORMALIZED_NAME_MATCH,TXN-A-001264,TXN-B-001264,TXN-A-001264-L2527,TXN-B-001264-L2528,NORMALIZED_NAME,MATCHED,N,Matched via normalized product name
SCN-1265,NORMALIZED_NAME_MATCH,TXN-A-001265,TXN-B-001265,TXN-A-001265-L2529,TXN-B-001265-L2530,NORMALIZED_NAME,MATCHED,N,Matched via normalized product name
SCN-1266,NORMALIZED_NAME_MATCH,TXN-A-001266,TXN-B-001266,TXN-A-001266-L2531,TXN-B-001266-L2532,NORMALIZED_NAME,MATCHED,N,Matched via normalized product name
SCN-1267,NORMALIZED_NAME_MATCH,TXN-A-001267,TXN-B-001267,TXN-A-001267-L2533,TXN-B-001267-L2534,NORMALIZED_NAME,MATCHED,N,Matched via normalized product name
SCN-1268,NORMALIZED_NAME_MATCH,TXN-A-001268,TXN-B-001268,TXN-A-001268-L2535,TXN-B-001268-L2536,NORMALIZED_NAME,MATCHED,N,Matched via normalized product name
SCN-1269,NORMALIZED_NAME_MATCH,TXN-A-001269,TXN-B-001269,TXN-A-001269-L2537,TXN-B-001269-L2538,NORMALIZED_NAME,MATCHED,N,Matched via normalized product name
SCN-1270,NORMALIZED_NAME_MATCH,TXN-A-001270,TXN-B-001270,TXN-A-001270-L2539,TXN-B-001270-L2540,NORMALIZED_NAME,MATCHED,N,Matched via normalized product name
SCN-1271,NORMALIZED_NAME_MATCH,TXN-A-001271,TXN-B-001271,TXN-A-001271-L2541,TXN-B-001271-L2542,NORMALIZED_NAME,MATCHED,N,Matched via normalized product name
SCN-1272,NORMALIZED_NAME_MATCH,TXN-A-001272,TXN-B-001272,TXN-A-001272-L2543,TXN-B-001272-L2544,NORMALIZED_NAME,MATCHED,N,Matched via normalized product name
SCN-1273,NORMALIZED_NAME_MATCH,TXN-A-001273,TXN-B-001273,TXN-A-001273-L2545,TXN-B-001273-L2546,NORMALIZED_NAME,MATCHED,N,Matched via normalized product name
SCN-1274,NORMALIZED_NAME_MATCH,TXN-A-001274,TXN-B-001274,TXN-A-001274-L2547,TXN-B-001274-L2548,NORMALIZED_NAME,MATCHED,N,Matched via normalized product name
SCN-1275,NORMALIZED_NAME_MATCH,TXN-A-001275,TXN-B-001275,TXN-A-001275-L2549,TXN-B-001275-L2550,NORMALIZED_NAME,MATCHED,N,Matched via normalized product name
SCN-1276,NORMALIZED_NAME_MATCH,TXN-A-001276,TXN-B-001276,TXN-A-001276-L2551,TXN-B-001276-L2552,NORMALIZED_NAME,MATCHED,N,Matched via normalized product name
SCN-1277,NORMALIZED_NAME_MATCH,TXN-A-001277,TXN-B-001277,TXN-A-001277-L2553,TXN-B-001277-L2554,NORMALIZED_NAME,MATCHED,N,Matched via normalized product name
SCN-1278,NORMALIZED_NAME_MATCH,TXN-A-001278,TXN-B-001278,TXN-A-001278-L2555,TXN-B-001278-L2556,NORMALIZED_NAME,MATCHED,N,Matched via normalized product name
SCN-1279,NORMALIZED_NAME_MATCH,TXN-A-001279,TXN-B-001279,TXN-A-001279-L2557,TXN-B-001279-L2558,NORMALIZED_NAME,MATCHED,N,Matched via normalized product name
SCN-1280,NORMALIZED_NAME_MATCH,TXN-A-001280,TXN-B-001280,TXN-A-001280-L2559,TXN-B-001280-L2560,NORMALIZED_NAME,MATCHED,N,Matched via normalized product name
SCN-1281,NORMALIZED_NAME_MATCH,TXN-A-001281,TXN-B-001281,TXN-A-001281-L2561,TXN-B-001281-L2562,NORMALIZED_NAME,MATCHED,N,Matched via normalized product name
SCN-1282,NORMALIZED_NAME_MATCH,TXN-A-001282,TXN-B-001282,TXN-A-001282-L2563,TXN-B-001282-L2564,NORMALIZED_NAME,MATCHED,N,Matched via normalized product name
SCN-1283,NORMALIZED_NAME_MATCH,TXN-A-001283,TXN-B-001283,TXN-A-001283-L2565,TXN-B-001283-L2566,NORMALIZED_NAME,MATCHED,N,Matched via normalized product name
SCN-1284,NORMALIZED_NAME_MATCH,TXN-A-001284,TXN-B-001284,TXN-A-001284-L2567,TXN-B-001284-L2568,NORMALIZED_NAME,MATCHED,N,Matched via normalized product name
SCN-1285,NORMALIZED_NAME_MATCH,TXN-A-001285,TXN-B-001285,TXN-A-001285-L2569,TXN-B-001285-L2570,NORMALIZED_NAME,MATCHED,N,Matched via normalized product name
SCN-1286,NORMALIZED_NAME_MATCH,TXN-A-001286,TXN-B-001286,TXN-A-001286-L2571,TXN-B-001286-L2572,NORMALIZED_NAME,MATCHED,N,Matched via normalized product name
SCN-1287,NORMALIZED_NAME_MATCH,TXN-A-001287,TXN-B-001287,TXN-A-001287-L2573,TXN-B-001287-L2574,NORMALIZED_NAME,MATCHED,N,Matched via normalized product name
SCN-1288,NORMALIZED_NAME_MATCH,TXN-A-001288,TXN-B-001288,TXN-A-001288-L2575,TXN-B-001288-L2576,NORMALIZED_NAME,MATCHED,N,Matched via normalized product name
SCN-1289,NORMALIZED_NAME_MATCH,TXN-A-001289,TXN-B-001289,TXN-A-001289-L2577,TXN-B-001289-L2578,NORMALIZED_NAME,MATCHED,N,Matched via normalized product name
SCN-1290,NORMALIZED_NAME_MATCH,TXN-A-001290,TXN-B-001290,TXN-A-001290-L2579,TXN-B-001290-L2580,NORMALIZED_NAME,MATCHED,N,Matched via normalized product name
SCN-1291,NORMALIZED_NAME_MATCH,TXN-A-001291,TXN-B-001291,TXN-A-001291-L2581,TXN-B-001291-L2582,NORMALIZED_NAME,MATCHED,N,Matched via normalized product name
SCN-1292,NORMALIZED_NAME_MATCH,TXN-A-001292,TXN-B-001292,TXN-A-001292-L2583,TXN-B-001292-L2584,NORMALIZED_NAME,MATCHED,N,Matched via normalized product name
SCN-1293,NORMALIZED_NAME_MATCH,TXN-A-001293,TXN-B-001293,TXN-A-001293-L2585,TXN-B-001293-L2586,NORMALIZED_NAME,MATCHED,N,Matched via normalized product name
SCN-1294,NORMALIZED_NAME_MATCH,TXN-A-001294,TXN-B-001294,TXN-A-001294-L2587,TXN-B-001294-L2588,NORMALIZED_NAME,MATCHED,N,Matched via normalized product name
SCN-1295,NORMALIZED_NAME_MATCH,TXN-A-001295,TXN-B-001295,TXN-A-001295-L2589,TXN-B-001295-L2590,NORMALIZED_NAME,MATCHED,N,Matched via normalized product name
SCN-1296,NORMALIZED_NAME_MATCH,TXN-A-001296,TXN-B-001296,TXN-A-001296-L2591,TXN-B-001296-L2592,NORMALIZED_NAME,MATCHED,N,Matched via normalized product name
SCN-1297,NORMALIZED_NAME_MATCH,TXN-A-001297,TXN-B-001297,TXN-A-001297-L2593,TXN-B-001297-L2594,NORMALIZED_NAME,MATCHED,N,Matched via normalized product name
SCN-1298,NORMALIZED_NAME_MATCH,TXN-A-001298,TXN-B-001298,TXN-A-001298-L2595,TXN-B-001298-L2596,NORMALIZED_NAME,MATCHED,N,Matched via normalized product name
SCN-1299,NORMALIZED_NAME_MATCH,TXN-A-001299,TXN-B-001299,TXN-A-001299-L2597,TXN-B-001299-L2598,NORMALIZED_NAME,MATCHED,N,Matched via normalized product name
SCN-1300,NORMALIZED_NAME_MATCH,TXN-A-001300,TXN-B-001300,TXN-A-001300-L2599,TXN-B-001300-L2600,NORMALIZED_NAME,MATCHED,N,Matched via normalized product name
SCN-1301,NORMALIZED_NAME_MATCH,TXN-A-001301,TXN-B-001301,TXN-A-001301-L2601,TXN-B-001301-L2602,NORMALIZED_NAME,MATCHED,N,Matched via normalized product name
SCN-1302,NORMALIZED_NAME_MATCH,TXN-A-001302,TXN-B-001302,TXN-A-001302-L2603,TXN-B-001302-L2604,NORMALIZED_NAME,MATCHED,N,Matched via normalized product name
SCN-1303,NORMALIZED_NAME_MATCH,TXN-A-001303,TXN-B-001303,TXN-A-001303-L2605,TXN-B-001303-L2606,NORMALIZED_NAME,MATCHED,N,Matched via normalized product name
SCN-1304,NORMALIZED_NAME_MATCH,TXN-A-001304,TXN-B-001304,TXN-A-001304-L2607,TXN-B-001304-L2608,NORMALIZED_NAME,MATCHED,N,Matched via normalized product name
SCN-1305,NORMALIZED_NAME_MATCH,TXN-A-001305,TXN-B-001305,TXN-A-001305-L2609,TXN-B-001305-L2610,NORMALIZED_NAME,MATCHED,N,Matched via normalized product name
SCN-1306,NORMALIZED_NAME_MATCH,TXN-A-001306,TXN-B-001306,TXN-A-001306-L2611,TXN-B-001306-L2612,NORMALIZED_NAME,MATCHED,N,Matched via normalized product name
SCN-1307,NORMALIZED_NAME_MATCH,TXN-A-001307,TXN-B-001307,TXN-A-001307-L2613,TXN-B-001307-L2614,NORMALIZED_NAME,MATCHED,N,Matched via normalized product name
SCN-1308,NORMALIZED_NAME_MATCH,TXN-A-001308,TXN-B-001308,TXN-A-001308-L2615,TXN-B-001308-L2616,NORMALIZED_NAME,MATCHED,N,Matched via normalized product name
SCN-1309,NORMALIZED_NAME_MATCH,TXN-A-001309,TXN-B-001309,TXN-A-001309-L2617,TXN-B-001309-L2618,NORMALIZED_NAME,MATCHED,N,Matched via normalized product name
SCN-1310,NORMALIZED_NAME_MATCH,TXN-A-001310,TXN-B-001310,TXN-A-001310-L2619,TXN-B-001310-L2620,NORMALIZED_NAME,MATCHED,N,Matched via normalized product name
SCN-1311,NORMALIZED_NAME_MATCH,TXN-A-001311,TXN-B-001311,TXN-A-001311-L2621,TXN-B-001311-L2622,NORMALIZED_NAME,MATCHED,N,Matched via normalized product name
SCN-1312,NORMALIZED_NAME_MATCH,TXN-A-001312,TXN-B-001312,TXN-A-001312-L2623,TXN-B-001312-L2624,NORMALIZED_NAME,MATCHED,N,Matched via normalized product name
SCN-1313,NORMALIZED_NAME_MATCH,TXN-A-001313,TXN-B-001313,TXN-A-001313-L2625,TXN-B-001313-L2626,NORMALIZED_NAME,MATCHED,N,Matched via normalized product name
SCN-1314,NORMALIZED_NAME_MATCH,TXN-A-001314,TXN-B-001314,TXN-A-001314-L2627,TXN-B-001314-L2628,NORMALIZED_NAME,MATCHED,N,Matched via normalized product name
SCN-1315,NORMALIZED_NAME_MATCH,TXN-A-001315,TXN-B-001315,TXN-A-001315-L2629,TXN-B-001315-L2630,NORMALIZED_NAME,MATCHED,N,Matched via normalized product name
SCN-1316,NORMALIZED_NAME_MATCH,TXN-A-001316,TXN-B-001316,TXN-A-001316-L2631,TXN-B-001316-L2632,NORMALIZED_NAME,MATCHED,N,Matched via normalized product name
SCN-1317,NORMALIZED_NAME_MATCH,TXN-A-001317,TXN-B-001317,TXN-A-001317-L2633,TXN-B-001317-L2634,NORMALIZED_NAME,MATCHED,N,Matched via normalized product name
SCN-1318,NORMALIZED_NAME_MATCH,TXN-A-001318,TXN-B-001318,TXN-A-001318-L2635,TXN-B-001318-L2636,NORMALIZED_NAME,MATCHED,N,Matched via normalized product name
SCN-1319,NORMALIZED_NAME_MATCH,TXN-A-001319,TXN-B-001319,TXN-A-001319-L2637,TXN-B-001319-L2638,NORMALIZED_NAME,MATCHED,N,Matched via normalized product name
SCN-1320,NORMALIZED_NAME_MATCH,TXN-A-001320,TXN-B-001320,TXN-A-001320-L2639,TXN-B-001320-L2640,NORMALIZED_NAME,MATCHED,N,Matched via normalized product name
SCN-1321,NORMALIZED_NAME_MATCH,TXN-A-001321,TXN-B-001321,TXN-A-001321-L2641,TXN-B-001321-L2642,NORMALIZED_NAME,MATCHED,N,Matched via normalized product name
SCN-1322,NORMALIZED_NAME_MATCH,TXN-A-001322,TXN-B-001322,TXN-A-001322-L2643,TXN-B-001322-L2644,NORMALIZED_NAME,MATCHED,N,Matched via normalized product name
SCN-1323,NORMALIZED_NAME_MATCH,TXN-A-001323,TXN-B-001323,TXN-A-001323-L2645,TXN-B-001323-L2646,NORMALIZED_NAME,MATCHED,N,Matched via normalized product name
SCN-1324,NORMALIZED_NAME_MATCH,TXN-A-001324,TXN-B-001324,TXN-A-001324-L2647,TXN-B-001324-L2648,NORMALIZED_NAME,MATCHED,N,Matched via normalized product name
SCN-1325,NORMALIZED_NAME_MATCH,TXN-A-001325,TXN-B-001325,TXN-A-001325-L2649,TXN-B-001325-L2650,NORMALIZED_NAME,MATCHED,N,Matched via normalized product name
SCN-1326,NORMALIZED_NAME_MATCH,TXN-A-001326,TXN-B-001326,TXN-A-001326-L2651,TXN-B-001326-L2652,NORMALIZED_NAME,MATCHED,N,Matched via normalized product name
SCN-1327,NORMALIZED_NAME_MATCH,TXN-A-001327,TXN-B-001327,TXN-A-001327-L2653,TXN-B-001327-L2654,NORMALIZED_NAME,MATCHED,N,Matched via normalized product name
SCN-1328,NORMALIZED_NAME_MATCH,TXN-A-001328,TXN-B-001328,TXN-A-001328-L2655,TXN-B-001328-L2656,NORMALIZED_NAME,MATCHED,N,Matched via normalized product name
SCN-1329,NORMALIZED_NAME_MATCH,TXN-A-001329,TXN-B-001329,TXN-A-001329-L2657,TXN-B-001329-L2658,NORMALIZED_NAME,MATCHED,N,Matched via normalized product name
SCN-1330,NORMALIZED_NAME_MATCH,TXN-A-001330,TXN-B-001330,TXN-A-001330-L2659,TXN-B-001330-L2660,NORMALIZED_NAME,MATCHED,N,Matched via normalized product name
SCN-1331,FUZZY_NAME_MATCH,TXN-A-001331,TXN-B-001331,TXN-A-001331-L2661,TXN-B-001331-L2662,FUZZY_NAME,MATCHED,N,Fuzzy name match above accept threshold
SCN-1332,FUZZY_NAME_MATCH,TXN-A-001332,TXN-B-001332,TXN-A-001332-L2663,TXN-B-001332-L2664,FUZZY_NAME,MATCHED,N,Fuzzy name match above accept threshold
SCN-1333,FUZZY_NAME_MATCH,TXN-A-001333,TXN-B-001333,TXN-A-001333-L2665,TXN-B-001333-L2666,FUZZY_NAME,MATCHED,N,Fuzzy name match above accept threshold
SCN-1334,FUZZY_NAME_MATCH,TXN-A-001334,TXN-B-001334,TXN-A-001334-L2667,TXN-B-001334-L2668,FUZZY_NAME,MATCHED,N,Fuzzy name match above accept threshold
SCN-1335,FUZZY_NAME_MATCH,TXN-A-001335,TXN-B-001335,TXN-A-001335-L2669,TXN-B-001335-L2670,FUZZY_NAME,MATCHED,N,Fuzzy name match above accept threshold
SCN-1336,FUZZY_NAME_MATCH,TXN-A-001336,TXN-B-001336,TXN-A-001336-L2671,TXN-B-001336-L2672,FUZZY_NAME,MATCHED,N,Fuzzy name match above accept threshold
SCN-1337,FUZZY_NAME_MATCH,TXN-A-001337,TXN-B-001337,TXN-A-001337-L2673,TXN-B-001337-L2674,FUZZY_NAME,MATCHED,N,Fuzzy name match above accept threshold
SCN-1338,FUZZY_NAME_MATCH,TXN-A-001338,TXN-B-001338,TXN-A-001338-L2675,TXN-B-001338-L2676,FUZZY_NAME,MATCHED,N,Fuzzy name match above accept threshold
SCN-1339,FUZZY_NAME_MATCH,TXN-A-001339,TXN-B-001339,TXN-A-001339-L2677,TXN-B-001339-L2678,FUZZY_NAME,MATCHED,N,Fuzzy name match above accept threshold
SCN-1340,FUZZY_NAME_MATCH,TXN-A-001340,TXN-B-001340,TXN-A-001340-L2679,TXN-B-001340-L2680,FUZZY_NAME,MATCHED,N,Fuzzy name match above accept threshold
SCN-1341,FUZZY_NAME_MATCH,TXN-A-001341,TXN-B-001341,TXN-A-001341-L2681,TXN-B-001341-L2682,FUZZY_NAME,MATCHED,N,Fuzzy name match above accept threshold
SCN-1342,FUZZY_NAME_MATCH,TXN-A-001342,TXN-B-001342,TXN-A-001342-L2683,TXN-B-001342-L2684,FUZZY_NAME,MATCHED,N,Fuzzy name match above accept threshold
SCN-1343,FUZZY_NAME_MATCH,TXN-A-001343,TXN-B-001343,TXN-A-001343-L2685,TXN-B-001343-L2686,FUZZY_NAME,MATCHED,N,Fuzzy name match above accept threshold
SCN-1344,FUZZY_NAME_MATCH,TXN-A-001344,TXN-B-001344,TXN-A-001344-L2687,TXN-B-001344-L2688,FUZZY_NAME,MATCHED,N,Fuzzy name match above accept threshold
SCN-1345,FUZZY_NAME_MATCH,TXN-A-001345,TXN-B-001345,TXN-A-001345-L2689,TXN-B-001345-L2690,FUZZY_NAME,MATCHED,N,Fuzzy name match above accept threshold
SCN-1346,FUZZY_NAME_MATCH,TXN-A-001346,TXN-B-001346,TXN-A-001346-L2691,TXN-B-001346-L2692,FUZZY_NAME,MATCHED,N,Fuzzy name match above accept threshold
SCN-1347,FUZZY_NAME_MATCH,TXN-A-001347,TXN-B-001347,TXN-A-001347-L2693,TXN-B-001347-L2694,FUZZY_NAME,MATCHED,N,Fuzzy name match above accept threshold
SCN-1348,FUZZY_NAME_MATCH,TXN-A-001348,TXN-B-001348,TXN-A-001348-L2695,TXN-B-001348-L2696,FUZZY_NAME,MATCHED,N,Fuzzy name match above accept threshold
SCN-1349,FUZZY_NAME_MATCH,TXN-A-001349,TXN-B-001349,TXN-A-001349-L2697,TXN-B-001349-L2698,FUZZY_NAME,MATCHED,N,Fuzzy name match above accept threshold
SCN-1350,FUZZY_NAME_MATCH,TXN-A-001350,TXN-B-001350,TXN-A-001350-L2699,TXN-B-001350-L2700,FUZZY_NAME,MATCHED,N,Fuzzy name match above accept threshold
SCN-1351,FUZZY_NAME_MATCH,TXN-A-001351,TXN-B-001351,TXN-A-001351-L2701,TXN-B-001351-L2702,FUZZY_NAME,MATCHED,N,Fuzzy name match above accept threshold
SCN-1352,FUZZY_NAME_MATCH,TXN-A-001352,TXN-B-001352,TXN-A-001352-L2703,TXN-B-001352-L2704,FUZZY_NAME,MATCHED,N,Fuzzy name match above accept threshold
SCN-1353,FUZZY_NAME_MATCH,TXN-A-001353,TXN-B-001353,TXN-A-001353-L2705,TXN-B-001353-L2706,FUZZY_NAME,MATCHED,N,Fuzzy name match above accept threshold
SCN-1354,FUZZY_NAME_MATCH,TXN-A-001354,TXN-B-001354,TXN-A-001354-L2707,TXN-B-001354-L2708,FUZZY_NAME,MATCHED,N,Fuzzy name match above accept threshold
SCN-1355,FUZZY_NAME_MATCH,TXN-A-001355,TXN-B-001355,TXN-A-001355-L2709,TXN-B-001355-L2710,FUZZY_NAME,MATCHED,N,Fuzzy name match above accept threshold
SCN-1356,FUZZY_NAME_MATCH,TXN-A-001356,TXN-B-001356,TXN-A-001356-L2711,TXN-B-001356-L2712,FUZZY_NAME,MATCHED,N,Fuzzy name match above accept threshold
SCN-1357,FUZZY_NAME_MATCH,TXN-A-001357,TXN-B-001357,TXN-A-001357-L2713,TXN-B-001357-L2714,FUZZY_NAME,MATCHED,N,Fuzzy name match above accept threshold
SCN-1358,FUZZY_NAME_MATCH,TXN-A-001358,TXN-B-001358,TXN-A-001358-L2715,TXN-B-001358-L2716,FUZZY_NAME,MATCHED,N,Fuzzy name match above accept threshold
SCN-1359,FUZZY_NAME_MATCH,TXN-A-001359,TXN-B-001359,TXN-A-001359-L2717,TXN-B-001359-L2718,FUZZY_NAME,MATCHED,N,Fuzzy name match above accept threshold
SCN-1360,FUZZY_NAME_MATCH,TXN-A-001360,TXN-B-001360,TXN-A-001360-L2719,TXN-B-001360-L2720,FUZZY_NAME,MATCHED,N,Fuzzy name match above accept threshold
SCN-1361,FUZZY_NAME_MATCH,TXN-A-001361,TXN-B-001361,TXN-A-001361-L2721,TXN-B-001361-L2722,FUZZY_NAME,MATCHED,N,Fuzzy name match above accept threshold
SCN-1362,FUZZY_NAME_MATCH,TXN-A-001362,TXN-B-001362,TXN-A-001362-L2723,TXN-B-001362-L2724,FUZZY_NAME,MATCHED,N,Fuzzy name match above accept threshold
SCN-1363,FUZZY_NAME_MATCH,TXN-A-001363,TXN-B-001363,TXN-A-001363-L2725,TXN-B-001363-L2726,FUZZY_NAME,MATCHED,N,Fuzzy name match above accept threshold
SCN-1364,FUZZY_NAME_MATCH,TXN-A-001364,TXN-B-001364,TXN-A-001364-L2727,TXN-B-001364-L2728,FUZZY_NAME,MATCHED,N,Fuzzy name match above accept threshold
SCN-1365,FUZZY_NAME_MATCH,TXN-A-001365,TXN-B-001365,TXN-A-001365-L2729,TXN-B-001365-L2730,FUZZY_NAME,MATCHED,N,Fuzzy name match above accept threshold
SCN-1366,FUZZY_NAME_MATCH,TXN-A-001366,TXN-B-001366,TXN-A-001366-L2731,TXN-B-001366-L2732,FUZZY_NAME,MATCHED,N,Fuzzy name match above accept threshold
SCN-1367,FUZZY_NAME_MATCH,TXN-A-001367,TXN-B-001367,TXN-A-001367-L2733,TXN-B-001367-L2734,FUZZY_NAME,MATCHED,N,Fuzzy name match above accept threshold
SCN-1368,FUZZY_NAME_MATCH,TXN-A-001368,TXN-B-001368,TXN-A-001368-L2735,TXN-B-001368-L2736,FUZZY_NAME,MATCHED,N,Fuzzy name match above accept threshold
SCN-1369,FUZZY_NAME_MATCH,TXN-A-001369,TXN-B-001369,TXN-A-001369-L2737,TXN-B-001369-L2738,FUZZY_NAME,MATCHED,N,Fuzzy name match above accept threshold
SCN-1370,FUZZY_NAME_MATCH,TXN-A-001370,TXN-B-001370,TXN-A-001370-L2739,TXN-B-001370-L2740,FUZZY_NAME,MATCHED,N,Fuzzy name match above accept threshold
SCN-1371,FUZZY_NAME_MATCH,TXN-A-001371,TXN-B-001371,TXN-A-001371-L2741,TXN-B-001371-L2742,FUZZY_NAME,MATCHED,N,Fuzzy name match above accept threshold
SCN-1372,FUZZY_NAME_MATCH,TXN-A-001372,TXN-B-001372,TXN-A-001372-L2743,TXN-B-001372-L2744,FUZZY_NAME,MATCHED,N,Fuzzy name match above accept threshold
SCN-1373,FUZZY_NAME_MATCH,TXN-A-001373,TXN-B-001373,TXN-A-001373-L2745,TXN-B-001373-L2746,FUZZY_NAME,MATCHED,N,Fuzzy name match above accept threshold
SCN-1374,FUZZY_NAME_MATCH,TXN-A-001374,TXN-B-001374,TXN-A-001374-L2747,TXN-B-001374-L2748,FUZZY_NAME,MATCHED,N,Fuzzy name match above accept threshold
SCN-1375,FUZZY_NAME_MATCH,TXN-A-001375,TXN-B-001375,TXN-A-001375-L2749,TXN-B-001375-L2750,FUZZY_NAME,MATCHED,N,Fuzzy name match above accept threshold
SCN-1376,FUZZY_NAME_MATCH,TXN-A-001376,TXN-B-001376,TXN-A-001376-L2751,TXN-B-001376-L2752,FUZZY_NAME,MATCHED,N,Fuzzy name match above accept threshold
SCN-1377,FUZZY_NAME_MATCH,TXN-A-001377,TXN-B-001377,TXN-A-001377-L2753,TXN-B-001377-L2754,FUZZY_NAME,MATCHED,N,Fuzzy name match above accept threshold
SCN-1378,FUZZY_NAME_MATCH,TXN-A-001378,TXN-B-001378,TXN-A-001378-L2755,TXN-B-001378-L2756,FUZZY_NAME,MATCHED,N,Fuzzy name match above accept threshold
SCN-1379,FUZZY_NAME_MATCH,TXN-A-001379,TXN-B-001379,TXN-A-001379-L2757,TXN-B-001379-L2758,FUZZY_NAME,MATCHED,N,Fuzzy name match above accept threshold
SCN-1380,FUZZY_NAME_MATCH,TXN-A-001380,TXN-B-001380,TXN-A-001380-L2759,TXN-B-001380-L2760,FUZZY_NAME,MATCHED,N,Fuzzy name match above accept threshold
SCN-1381,FUZZY_NAME_MATCH,TXN-A-001381,TXN-B-001381,TXN-A-001381-L2761,TXN-B-001381-L2762,FUZZY_NAME,MATCHED,N,Fuzzy name match above accept threshold
SCN-1382,FUZZY_NAME_MATCH,TXN-A-001382,TXN-B-001382,TXN-A-001382-L2763,TXN-B-001382-L2764,FUZZY_NAME,MATCHED,N,Fuzzy name match above accept threshold
SCN-1383,FUZZY_NAME_MATCH,TXN-A-001383,TXN-B-001383,TXN-A-001383-L2765,TXN-B-001383-L2766,FUZZY_NAME,MATCHED,N,Fuzzy name match above accept threshold
SCN-1384,FUZZY_NAME_MATCH,TXN-A-001384,TXN-B-001384,TXN-A-001384-L2767,TXN-B-001384-L2768,FUZZY_NAME,MATCHED,N,Fuzzy name match above accept threshold
SCN-1385,FUZZY_NAME_MATCH,TXN-A-001385,TXN-B-001385,TXN-A-001385-L2769,TXN-B-001385-L2770,FUZZY_NAME,MATCHED,N,Fuzzy name match above accept threshold
SCN-1386,FUZZY_NAME_MATCH,TXN-A-001386,TXN-B-001386,TXN-A-001386-L2771,TXN-B-001386-L2772,FUZZY_NAME,MATCHED,N,Fuzzy name match above accept threshold
SCN-1387,FUZZY_NAME_MATCH,TXN-A-001387,TXN-B-001387,TXN-A-001387-L2773,TXN-B-001387-L2774,FUZZY_NAME,MATCHED,N,Fuzzy name match above accept threshold
SCN-1388,FUZZY_NAME_MATCH,TXN-A-001388,TXN-B-001388,TXN-A-001388-L2775,TXN-B-001388-L2776,FUZZY_NAME,MATCHED,N,Fuzzy name match above accept threshold
SCN-1389,FUZZY_NAME_MATCH,TXN-A-001389,TXN-B-001389,TXN-A-001389-L2777,TXN-B-001389-L2778,FUZZY_NAME,MATCHED,N,Fuzzy name match above accept threshold
SCN-1390,FUZZY_NAME_MATCH,TXN-A-001390,TXN-B-001390,TXN-A-001390-L2779,TXN-B-001390-L2780,FUZZY_NAME,MATCHED,N,Fuzzy name match above accept threshold
SCN-1391,FUZZY_NAME_MATCH,TXN-A-001391,TXN-B-001391,TXN-A-001391-L2781,TXN-B-001391-L2782,FUZZY_NAME,MATCHED,N,Fuzzy name match above accept threshold
SCN-1392,FUZZY_NAME_MATCH,TXN-A-001392,TXN-B-001392,TXN-A-001392-L2783,TXN-B-001392-L2784,FUZZY_NAME,MATCHED,N,Fuzzy name match above accept threshold
SCN-1393,FUZZY_NAME_MATCH,TXN-A-001393,TXN-B-001393,TXN-A-001393-L2785,TXN-B-001393-L2786,FUZZY_NAME,MATCHED,N,Fuzzy name match above accept threshold
SCN-1394,FUZZY_NAME_MATCH,TXN-A-001394,TXN-B-001394,TXN-A-001394-L2787,TXN-B-001394-L2788,FUZZY_NAME,MATCHED,N,Fuzzy name match above accept threshold
SCN-1395,FUZZY_NAME_MATCH,TXN-A-001395,TXN-B-001395,TXN-A-001395-L2789,TXN-B-001395-L2790,FUZZY_NAME,MATCHED,N,Fuzzy name match above accept threshold
SCN-1396,FUZZY_NAME_MATCH,TXN-A-001396,TXN-B-001396,TXN-A-001396-L2791,TXN-B-001396-L2792,FUZZY_NAME,MATCHED,N,Fuzzy name match above accept threshold
SCN-1397,FUZZY_NAME_MATCH,TXN-A-001397,TXN-B-001397,TXN-A-001397-L2793,TXN-B-001397-L2794,FUZZY_NAME,MATCHED,N,Fuzzy name match above accept threshold
SCN-1398,FUZZY_NAME_MATCH,TXN-A-001398,TXN-B-001398,TXN-A-001398-L2795,TXN-B-001398-L2796,FUZZY_NAME,MATCHED,N,Fuzzy name match above accept threshold
SCN-1399,FUZZY_NAME_MATCH,TXN-A-001399,TXN-B-001399,TXN-A-001399-L2797,TXN-B-001399-L2798,FUZZY_NAME,MATCHED,N,Fuzzy name match above accept threshold
SCN-1400,FUZZY_NAME_MATCH,TXN-A-001400,TXN-B-001400,TXN-A-001400-L2799,TXN-B-001400-L2800,FUZZY_NAME,MATCHED,N,Fuzzy name match above accept threshold
SCN-1401,GENERIC_STRENGTH_EQUIVALENT,TXN-A-001401,TXN-B-001401,TXN-A-001401-L2801,TXN-B-001401-L2802,GENERIC_STRENGTH_EQUIVALENT,MATCHED_WITH_SUBSTITUTE,N,"Same generic name and strength, different brand"
SCN-1402,GENERIC_STRENGTH_EQUIVALENT,TXN-A-001402,TXN-B-001402,TXN-A-001402-L2803,TXN-B-001402-L2804,GENERIC_STRENGTH_EQUIVALENT,MATCHED_WITH_SUBSTITUTE,N,"Same generic name and strength, different brand"
SCN-1403,GENERIC_STRENGTH_EQUIVALENT,TXN-A-001403,TXN-B-001403,TXN-A-001403-L2805,TXN-B-001403-L2806,GENERIC_STRENGTH_EQUIVALENT,MATCHED_WITH_SUBSTITUTE,N,"Same generic name and strength, different brand"
SCN-1404,GENERIC_STRENGTH_EQUIVALENT,TXN-A-001404,TXN-B-001404,TXN-A-001404-L2807,TXN-B-001404-L2808,GENERIC_STRENGTH_EQUIVALENT,MATCHED_WITH_SUBSTITUTE,N,"Same generic name and strength, different brand"
SCN-1405,GENERIC_STRENGTH_EQUIVALENT,TXN-A-001405,TXN-B-001405,TXN-A-001405-L2809,TXN-B-001405-L2810,GENERIC_STRENGTH_EQUIVALENT,MATCHED_WITH_SUBSTITUTE,N,"Same generic name and strength, different brand"
SCN-1406,GENERIC_STRENGTH_EQUIVALENT,TXN-A-001406,TXN-B-001406,TXN-A-001406-L2811,TXN-B-001406-L2812,GENERIC_STRENGTH_EQUIVALENT,MATCHED_WITH_SUBSTITUTE,N,"Same generic name and strength, different brand"
SCN-1407,GENERIC_STRENGTH_EQUIVALENT,TXN-A-001407,TXN-B-001407,TXN-A-001407-L2813,TXN-B-001407-L2814,GENERIC_STRENGTH_EQUIVALENT,MATCHED_WITH_SUBSTITUTE,N,"Same generic name and strength, different brand"
SCN-1408,GENERIC_STRENGTH_EQUIVALENT,TXN-A-001408,TXN-B-001408,TXN-A-001408-L2815,TXN-B-001408-L2816,GENERIC_STRENGTH_EQUIVALENT,MATCHED_WITH_SUBSTITUTE,N,"Same generic name and strength, different brand"
SCN-1409,GENERIC_STRENGTH_EQUIVALENT,TXN-A-001409,TXN-B-001409,TXN-A-001409-L2817,TXN-B-001409-L2818,GENERIC_STRENGTH_EQUIVALENT,MATCHED_WITH_SUBSTITUTE,N,"Same generic name and strength, different brand"
SCN-1410,GENERIC_STRENGTH_EQUIVALENT,TXN-A-001410,TXN-B-001410,TXN-A-001410-L2819,TXN-B-001410-L2820,GENERIC_STRENGTH_EQUIVALENT,MATCHED_WITH_SUBSTITUTE,N,"Same generic name and strength, different brand"
SCN-1411,GENERIC_STRENGTH_EQUIVALENT,TXN-A-001411,TXN-B-001411,TXN-A-001411-L2821,TXN-B-001411-L2822,GENERIC_STRENGTH_EQUIVALENT,MATCHED_WITH_SUBSTITUTE,N,"Same generic name and strength, different brand"
SCN-1412,GENERIC_STRENGTH_EQUIVALENT,TXN-A-001412,TXN-B-001412,TXN-A-001412-L2823,TXN-B-001412-L2824,GENERIC_STRENGTH_EQUIVALENT,MATCHED_WITH_SUBSTITUTE,N,"Same generic name and strength, different brand"
SCN-1413,GENERIC_STRENGTH_EQUIVALENT,TXN-A-001413,TXN-B-001413,TXN-A-001413-L2825,TXN-B-001413-L2826,GENERIC_STRENGTH_EQUIVALENT,MATCHED_WITH_SUBSTITUTE,N,"Same generic name and strength, different brand"
SCN-1414,GENERIC_STRENGTH_EQUIVALENT,TXN-A-001414,TXN-B-001414,TXN-A-001414-L2827,TXN-B-001414-L2828,GENERIC_STRENGTH_EQUIVALENT,MATCHED_WITH_SUBSTITUTE,N,"Same generic name and strength, different brand"
SCN-1415,GENERIC_STRENGTH_EQUIVALENT,TXN-A-001415,TXN-B-001415,TXN-A-001415-L2829,TXN-B-001415-L2830,GENERIC_STRENGTH_EQUIVALENT,MATCHED_WITH_SUBSTITUTE,N,"Same generic name and strength, different brand"
SCN-1416,GENERIC_STRENGTH_EQUIVALENT,TXN-A-001416,TXN-B-001416,TXN-A-001416-L2831,TXN-B-001416-L2832,GENERIC_STRENGTH_EQUIVALENT,MATCHED_WITH_SUBSTITUTE,N,"Same generic name and strength, different brand"
SCN-1417,GENERIC_STRENGTH_EQUIVALENT,TXN-A-001417,TXN-B-001417,TXN-A-001417-L2833,TXN-B-001417-L2834,GENERIC_STRENGTH_EQUIVALENT,MATCHED_WITH_SUBSTITUTE,N,"Same generic name and strength, different brand"
SCN-1418,GENERIC_STRENGTH_EQUIVALENT,TXN-A-001418,TXN-B-001418,TXN-A-001418-L2835,TXN-B-001418-L2836,GENERIC_STRENGTH_EQUIVALENT,MATCHED_WITH_SUBSTITUTE,N,"Same generic name and strength, different brand"
SCN-1419,GENERIC_STRENGTH_EQUIVALENT,TXN-A-001419,TXN-B-001419,TXN-A-001419-L2837,TXN-B-001419-L2838,GENERIC_STRENGTH_EQUIVALENT,MATCHED_WITH_SUBSTITUTE,N,"Same generic name and strength, different brand"
SCN-1420,GENERIC_STRENGTH_EQUIVALENT,TXN-A-001420,TXN-B-001420,TXN-A-001420-L2839,TXN-B-001420-L2840,GENERIC_STRENGTH_EQUIVALENT,MATCHED_WITH_SUBSTITUTE,N,"Same generic name and strength, different brand"
SCN-1421,GENERIC_STRENGTH_EQUIVALENT,TXN-A-001421,TXN-B-001421,TXN-A-001421-L2841,TXN-B-001421-L2842,GENERIC_STRENGTH_EQUIVALENT,MATCHED_WITH_SUBSTITUTE,N,"Same generic name and strength, different brand"
SCN-1422,GENERIC_STRENGTH_EQUIVALENT,TXN-A-001422,TXN-B-001422,TXN-A-001422-L2843,TXN-B-001422-L2844,GENERIC_STRENGTH_EQUIVALENT,MATCHED_WITH_SUBSTITUTE,N,"Same generic name and strength, different brand"
SCN-1423,GENERIC_STRENGTH_EQUIVALENT,TXN-A-001423,TXN-B-001423,TXN-A-001423-L2845,TXN-B-001423-L2846,GENERIC_STRENGTH_EQUIVALENT,MATCHED_WITH_SUBSTITUTE,N,"Same generic name and strength, different brand"
SCN-1424,GENERIC_STRENGTH_EQUIVALENT,TXN-A-001424,TXN-B-001424,TXN-A-001424-L2847,TXN-B-001424-L2848,GENERIC_STRENGTH_EQUIVALENT,MATCHED_WITH_SUBSTITUTE,N,"Same generic name and strength, different brand"
SCN-1425,GENERIC_STRENGTH_EQUIVALENT,TXN-A-001425,TXN-B-001425,TXN-A-001425-L2849,TXN-B-001425-L2850,GENERIC_STRENGTH_EQUIVALENT,MATCHED_WITH_SUBSTITUTE,N,"Same generic name and strength, different brand"
SCN-1426,GENERIC_STRENGTH_EQUIVALENT,TXN-A-001426,TXN-B-001426,TXN-A-001426-L2851,TXN-B-001426-L2852,GENERIC_STRENGTH_EQUIVALENT,MATCHED_WITH_SUBSTITUTE,N,"Same generic name and strength, different brand"
SCN-1427,GENERIC_STRENGTH_EQUIVALENT,TXN-A-001427,TXN-B-001427,TXN-A-001427-L2853,TXN-B-001427-L2854,GENERIC_STRENGTH_EQUIVALENT,MATCHED_WITH_SUBSTITUTE,N,"Same generic name and strength, different brand"
SCN-1428,GENERIC_STRENGTH_EQUIVALENT,TXN-A-001428,TXN-B-001428,TXN-A-001428-L2855,TXN-B-001428-L2856,GENERIC_STRENGTH_EQUIVALENT,MATCHED_WITH_SUBSTITUTE,N,"Same generic name and strength, different brand"
SCN-1429,GENERIC_STRENGTH_EQUIVALENT,TXN-A-001429,TXN-B-001429,TXN-A-001429-L2857,TXN-B-001429-L2858,GENERIC_STRENGTH_EQUIVALENT,MATCHED_WITH_SUBSTITUTE,N,"Same generic name and strength, different brand"
SCN-1430,GENERIC_STRENGTH_EQUIVALENT,TXN-A-001430,TXN-B-001430,TXN-A-001430-L2859,TXN-B-001430-L2860,GENERIC_STRENGTH_EQUIVALENT,MATCHED_WITH_SUBSTITUTE,N,"Same generic name and strength, different brand"
SCN-1431,GENERIC_STRENGTH_EQUIVALENT,TXN-A-001431,TXN-B-001431,TXN-A-001431-L2861,TXN-B-001431-L2862,GENERIC_STRENGTH_EQUIVALENT,MATCHED_WITH_SUBSTITUTE,N,"Same generic name and strength, different brand"
SCN-1432,GENERIC_STRENGTH_EQUIVALENT,TXN-A-001432,TXN-B-001432,TXN-A-001432-L2863,TXN-B-001432-L2864,GENERIC_STRENGTH_EQUIVALENT,MATCHED_WITH_SUBSTITUTE,N,"Same generic name and strength, different brand"
SCN-1433,GENERIC_STRENGTH_EQUIVALENT,TXN-A-001433,TXN-B-001433,TXN-A-001433-L2865,TXN-B-001433-L2866,GENERIC_STRENGTH_EQUIVALENT,MATCHED_WITH_SUBSTITUTE,N,"Same generic name and strength, different brand"
SCN-1434,GENERIC_STRENGTH_EQUIVALENT,TXN-A-001434,TXN-B-001434,TXN-A-001434-L2867,TXN-B-001434-L2868,GENERIC_STRENGTH_EQUIVALENT,MATCHED_WITH_SUBSTITUTE,N,"Same generic name and strength, different brand"
SCN-1435,GENERIC_STRENGTH_EQUIVALENT,TXN-A-001435,TXN-B-001435,TXN-A-001435-L2869,TXN-B-001435-L2870,GENERIC_STRENGTH_EQUIVALENT,MATCHED_WITH_SUBSTITUTE,N,"Same generic name and strength, different brand"
SCN-1436,GENERIC_STRENGTH_EQUIVALENT,TXN-A-001436,TXN-B-001436,TXN-A-001436-L2871,TXN-B-001436-L2872,GENERIC_STRENGTH_EQUIVALENT,MATCHED_WITH_SUBSTITUTE,N,"Same generic name and strength, different brand"
SCN-1437,GENERIC_STRENGTH_EQUIVALENT,TXN-A-001437,TXN-B-001437,TXN-A-001437-L2873,TXN-B-001437-L2874,GENERIC_STRENGTH_EQUIVALENT,MATCHED_WITH_SUBSTITUTE,N,"Same generic name and strength, different brand"
SCN-1438,GENERIC_STRENGTH_EQUIVALENT,TXN-A-001438,TXN-B-001438,TXN-A-001438-L2875,TXN-B-001438-L2876,GENERIC_STRENGTH_EQUIVALENT,MATCHED_WITH_SUBSTITUTE,N,"Same generic name and strength, different brand"
SCN-1439,GENERIC_STRENGTH_EQUIVALENT,TXN-A-001439,TXN-B-001439,TXN-A-001439-L2877,TXN-B-001439-L2878,GENERIC_STRENGTH_EQUIVALENT,MATCHED_WITH_SUBSTITUTE,N,"Same generic name and strength, different brand"
SCN-1440,GENERIC_STRENGTH_EQUIVALENT,TXN-A-001440,TXN-B-001440,TXN-A-001440-L2879,TXN-B-001440-L2880,GENERIC_STRENGTH_EQUIVALENT,MATCHED_WITH_SUBSTITUTE,N,"Same generic name and strength, different brand"
SCN-1441,GENERIC_STRENGTH_EQUIVALENT,TXN-A-001441,TXN-B-001441,TXN-A-001441-L2881,TXN-B-001441-L2882,GENERIC_STRENGTH_EQUIVALENT,MATCHED_WITH_SUBSTITUTE,N,"Same generic name and strength, different brand"
SCN-1442,GENERIC_STRENGTH_EQUIVALENT,TXN-A-001442,TXN-B-001442,TXN-A-001442-L2883,TXN-B-001442-L2884,GENERIC_STRENGTH_EQUIVALENT,MATCHED_WITH_SUBSTITUTE,N,"Same generic name and strength, different brand"
SCN-1443,GENERIC_STRENGTH_EQUIVALENT,TXN-A-001443,TXN-B-001443,TXN-A-001443-L2885,TXN-B-001443-L2886,GENERIC_STRENGTH_EQUIVALENT,MATCHED_WITH_SUBSTITUTE,N,"Same generic name and strength, different brand"
SCN-1444,GENERIC_STRENGTH_EQUIVALENT,TXN-A-001444,TXN-B-001444,TXN-A-001444-L2887,TXN-B-001444-L2888,GENERIC_STRENGTH_EQUIVALENT,MATCHED_WITH_SUBSTITUTE,N,"Same generic name and strength, different brand"
SCN-1445,GENERIC_STRENGTH_EQUIVALENT,TXN-A-001445,TXN-B-001445,TXN-A-001445-L2889,TXN-B-001445-L2890,GENERIC_STRENGTH_EQUIVALENT,MATCHED_WITH_SUBSTITUTE,N,"Same generic name and strength, different brand"
SCN-1446,GENERIC_STRENGTH_EQUIVALENT,TXN-A-001446,TXN-B-001446,TXN-A-001446-L2891,TXN-B-001446-L2892,GENERIC_STRENGTH_EQUIVALENT,MATCHED_WITH_SUBSTITUTE,N,"Same generic name and strength, different brand"
SCN-1447,GENERIC_STRENGTH_EQUIVALENT,TXN-A-001447,TXN-B-001447,TXN-A-001447-L2893,TXN-B-001447-L2894,GENERIC_STRENGTH_EQUIVALENT,MATCHED_WITH_SUBSTITUTE,N,"Same generic name and strength, different brand"
SCN-1448,GENERIC_STRENGTH_EQUIVALENT,TXN-A-001448,TXN-B-001448,TXN-A-001448-L2895,TXN-B-001448-L2896,GENERIC_STRENGTH_EQUIVALENT,MATCHED_WITH_SUBSTITUTE,N,"Same generic name and strength, different brand"
SCN-1449,GENERIC_STRENGTH_EQUIVALENT,TXN-A-001449,TXN-B-001449,TXN-A-001449-L2897,TXN-B-001449-L2898,GENERIC_STRENGTH_EQUIVALENT,MATCHED_WITH_SUBSTITUTE,N,"Same generic name and strength, different brand"
SCN-1450,GENERIC_STRENGTH_EQUIVALENT,TXN-A-001450,TXN-B-001450,TXN-A-001450-L2899,TXN-B-001450-L2900,GENERIC_STRENGTH_EQUIVALENT,MATCHED_WITH_SUBSTITUTE,N,"Same generic name and strength, different brand"
SCN-1451,GENERIC_STRENGTH_EQUIVALENT,TXN-A-001451,TXN-B-001451,TXN-A-001451-L2901,TXN-B-001451-L2902,GENERIC_STRENGTH_EQUIVALENT,MATCHED_WITH_SUBSTITUTE,N,"Same generic name and strength, different brand"
SCN-1452,GENERIC_STRENGTH_EQUIVALENT,TXN-A-001452,TXN-B-001452,TXN-A-001452-L2903,TXN-B-001452-L2904,GENERIC_STRENGTH_EQUIVALENT,MATCHED_WITH_SUBSTITUTE,N,"Same generic name and strength, different brand"
SCN-1453,GENERIC_STRENGTH_EQUIVALENT,TXN-A-001453,TXN-B-001453,TXN-A-001453-L2905,TXN-B-001453-L2906,GENERIC_STRENGTH_EQUIVALENT,MATCHED_WITH_SUBSTITUTE,N,"Same generic name and strength, different brand"
SCN-1454,GENERIC_STRENGTH_EQUIVALENT,TXN-A-001454,TXN-B-001454,TXN-A-001454-L2907,TXN-B-001454-L2908,GENERIC_STRENGTH_EQUIVALENT,MATCHED_WITH_SUBSTITUTE,N,"Same generic name and strength, different brand"
SCN-1455,GENERIC_STRENGTH_EQUIVALENT,TXN-A-001455,TXN-B-001455,TXN-A-001455-L2909,TXN-B-001455-L2910,GENERIC_STRENGTH_EQUIVALENT,MATCHED_WITH_SUBSTITUTE,N,"Same generic name and strength, different brand"
SCN-1456,GENERIC_STRENGTH_EQUIVALENT,TXN-A-001456,TXN-B-001456,TXN-A-001456-L2911,TXN-B-001456-L2912,GENERIC_STRENGTH_EQUIVALENT,MATCHED_WITH_SUBSTITUTE,N,"Same generic name and strength, different brand"
SCN-1457,GENERIC_STRENGTH_EQUIVALENT,TXN-A-001457,TXN-B-001457,TXN-A-001457-L2913,TXN-B-001457-L2914,GENERIC_STRENGTH_EQUIVALENT,MATCHED_WITH_SUBSTITUTE,N,"Same generic name and strength, different brand"
SCN-1458,GENERIC_STRENGTH_EQUIVALENT,TXN-A-001458,TXN-B-001458,TXN-A-001458-L2915,TXN-B-001458-L2916,GENERIC_STRENGTH_EQUIVALENT,MATCHED_WITH_SUBSTITUTE,N,"Same generic name and strength, different brand"
SCN-1459,GENERIC_STRENGTH_EQUIVALENT,TXN-A-001459,TXN-B-001459,TXN-A-001459-L2917,TXN-B-001459-L2918,GENERIC_STRENGTH_EQUIVALENT,MATCHED_WITH_SUBSTITUTE,N,"Same generic name and strength, different brand"
SCN-1460,GENERIC_STRENGTH_EQUIVALENT,TXN-A-001460,TXN-B-001460,TXN-A-001460-L2919,TXN-B-001460-L2920,GENERIC_STRENGTH_EQUIVALENT,MATCHED_WITH_SUBSTITUTE,N,"Same generic name and strength, different brand"
SCN-1461,GENERIC_STRENGTH_EQUIVALENT,TXN-A-001461,TXN-B-001461,TXN-A-001461-L2921,TXN-B-001461-L2922,GENERIC_STRENGTH_EQUIVALENT,MATCHED_WITH_SUBSTITUTE,N,"Same generic name and strength, different brand"
SCN-1462,GENERIC_STRENGTH_EQUIVALENT,TXN-A-001462,TXN-B-001462,TXN-A-001462-L2923,TXN-B-001462-L2924,GENERIC_STRENGTH_EQUIVALENT,MATCHED_WITH_SUBSTITUTE,N,"Same generic name and strength, different brand"
SCN-1463,GENERIC_STRENGTH_EQUIVALENT,TXN-A-001463,TXN-B-001463,TXN-A-001463-L2925,TXN-B-001463-L2926,GENERIC_STRENGTH_EQUIVALENT,MATCHED_WITH_SUBSTITUTE,N,"Same generic name and strength, different brand"
SCN-1464,GENERIC_STRENGTH_EQUIVALENT,TXN-A-001464,TXN-B-001464,TXN-A-001464-L2927,TXN-B-001464-L2928,GENERIC_STRENGTH_EQUIVALENT,MATCHED_WITH_SUBSTITUTE,N,"Same generic name and strength, different brand"
SCN-1465,GENERIC_STRENGTH_EQUIVALENT,TXN-A-001465,TXN-B-001465,TXN-A-001465-L2929,TXN-B-001465-L2930,GENERIC_STRENGTH_EQUIVALENT,MATCHED_WITH_SUBSTITUTE,N,"Same generic name and strength, different brand"
SCN-1466,GENERIC_STRENGTH_EQUIVALENT,TXN-A-001466,TXN-B-001466,TXN-A-001466-L2931,TXN-B-001466-L2932,GENERIC_STRENGTH_EQUIVALENT,MATCHED_WITH_SUBSTITUTE,N,"Same generic name and strength, different brand"
SCN-1467,GENERIC_STRENGTH_EQUIVALENT,TXN-A-001467,TXN-B-001467,TXN-A-001467-L2933,TXN-B-001467-L2934,GENERIC_STRENGTH_EQUIVALENT,MATCHED_WITH_SUBSTITUTE,N,"Same generic name and strength, different brand"
SCN-1468,GENERIC_STRENGTH_EQUIVALENT,TXN-A-001468,TXN-B-001468,TXN-A-001468-L2935,TXN-B-001468-L2936,GENERIC_STRENGTH_EQUIVALENT,MATCHED_WITH_SUBSTITUTE,N,"Same generic name and strength, different brand"
SCN-1469,GENERIC_STRENGTH_EQUIVALENT,TXN-A-001469,TXN-B-001469,TXN-A-001469-L2937,TXN-B-001469-L2938,GENERIC_STRENGTH_EQUIVALENT,MATCHED_WITH_SUBSTITUTE,N,"Same generic name and strength, different brand"
SCN-1470,GENERIC_STRENGTH_EQUIVALENT,TXN-A-001470,TXN-B-001470,TXN-A-001470-L2939,TXN-B-001470-L2940,GENERIC_STRENGTH_EQUIVALENT,MATCHED_WITH_SUBSTITUTE,N,"Same generic name and strength, different brand"
SCN-1471,POSSIBLE_SUBSTITUTE,TXN-A-001471,TXN-B-001471,TXN-A-001471-L2941,TXN-B-001471-L2942,POSSIBLE_SUBSTITUTE,MATCHED_WITH_SUBSTITUTE,Y,"Different strength, possible substitute"
SCN-1472,POSSIBLE_SUBSTITUTE,TXN-A-001472,TXN-B-001472,TXN-A-001472-L2943,TXN-B-001472-L2944,POSSIBLE_SUBSTITUTE,MATCHED_WITH_SUBSTITUTE,Y,"Different strength, possible substitute"
SCN-1473,POSSIBLE_SUBSTITUTE,TXN-A-001473,TXN-B-001473,TXN-A-001473-L2945,TXN-B-001473-L2946,POSSIBLE_SUBSTITUTE,MATCHED_WITH_SUBSTITUTE,Y,"Different strength, possible substitute"
SCN-1474,POSSIBLE_SUBSTITUTE,TXN-A-001474,TXN-B-001474,TXN-A-001474-L2947,TXN-B-001474-L2948,POSSIBLE_SUBSTITUTE,MATCHED_WITH_SUBSTITUTE,Y,"Different strength, possible substitute"
SCN-1475,POSSIBLE_SUBSTITUTE,TXN-A-001475,TXN-B-001475,TXN-A-001475-L2949,TXN-B-001475-L2950,POSSIBLE_SUBSTITUTE,MATCHED_WITH_SUBSTITUTE,Y,"Different strength, possible substitute"
SCN-1476,POSSIBLE_SUBSTITUTE,TXN-A-001476,TXN-B-001476,TXN-A-001476-L2951,TXN-B-001476-L2952,POSSIBLE_SUBSTITUTE,MATCHED_WITH_SUBSTITUTE,Y,"Different strength, possible substitute"
SCN-1477,POSSIBLE_SUBSTITUTE,TXN-A-001477,TXN-B-001477,TXN-A-001477-L2953,TXN-B-001477-L2954,POSSIBLE_SUBSTITUTE,MATCHED_WITH_SUBSTITUTE,Y,"Different strength, possible substitute"
SCN-1478,POSSIBLE_SUBSTITUTE,TXN-A-001478,TXN-B-001478,TXN-A-001478-L2955,TXN-B-001478-L2956,POSSIBLE_SUBSTITUTE,MATCHED_WITH_SUBSTITUTE,Y,"Different strength, possible substitute"
SCN-1479,POSSIBLE_SUBSTITUTE,TXN-A-001479,TXN-B-001479,TXN-A-001479-L2957,TXN-B-001479-L2958,POSSIBLE_SUBSTITUTE,MATCHED_WITH_SUBSTITUTE,Y,"Different strength, possible substitute"
SCN-1480,POSSIBLE_SUBSTITUTE,TXN-A-001480,TXN-B-001480,TXN-A-001480-L2959,TXN-B-001480-L2960,POSSIBLE_SUBSTITUTE,MATCHED_WITH_SUBSTITUTE,Y,"Different strength, possible substitute"
SCN-1481,POSSIBLE_SUBSTITUTE,TXN-A-001481,TXN-B-001481,TXN-A-001481-L2961,TXN-B-001481-L2962,POSSIBLE_SUBSTITUTE,MATCHED_WITH_SUBSTITUTE,Y,"Different strength, possible substitute"
SCN-1482,POSSIBLE_SUBSTITUTE,TXN-A-001482,TXN-B-001482,TXN-A-001482-L2963,TXN-B-001482-L2964,POSSIBLE_SUBSTITUTE,MATCHED_WITH_SUBSTITUTE,Y,"Different strength, possible substitute"
SCN-1483,POSSIBLE_SUBSTITUTE,TXN-A-001483,TXN-B-001483,TXN-A-001483-L2965,TXN-B-001483-L2966,POSSIBLE_SUBSTITUTE,MATCHED_WITH_SUBSTITUTE,Y,"Different strength, possible substitute"
SCN-1484,POSSIBLE_SUBSTITUTE,TXN-A-001484,TXN-B-001484,TXN-A-001484-L2967,TXN-B-001484-L2968,POSSIBLE_SUBSTITUTE,MATCHED_WITH_SUBSTITUTE,Y,"Different strength, possible substitute"
SCN-1485,POSSIBLE_SUBSTITUTE,TXN-A-001485,TXN-B-001485,TXN-A-001485-L2969,TXN-B-001485-L2970,POSSIBLE_SUBSTITUTE,MATCHED_WITH_SUBSTITUTE,Y,"Different strength, possible substitute"
SCN-1486,POSSIBLE_SUBSTITUTE,TXN-A-001486,TXN-B-001486,TXN-A-001486-L2971,TXN-B-001486-L2972,POSSIBLE_SUBSTITUTE,MATCHED_WITH_SUBSTITUTE,Y,"Different strength, possible substitute"
SCN-1487,POSSIBLE_SUBSTITUTE,TXN-A-001487,TXN-B-001487,TXN-A-001487-L2973,TXN-B-001487-L2974,POSSIBLE_SUBSTITUTE,MATCHED_WITH_SUBSTITUTE,Y,"Different strength, possible substitute"
SCN-1488,POSSIBLE_SUBSTITUTE,TXN-A-001488,TXN-B-001488,TXN-A-001488-L2975,TXN-B-001488-L2976,POSSIBLE_SUBSTITUTE,MATCHED_WITH_SUBSTITUTE,Y,"Different strength, possible substitute"
SCN-1489,POSSIBLE_SUBSTITUTE,TXN-A-001489,TXN-B-001489,TXN-A-001489-L2977,TXN-B-001489-L2978,POSSIBLE_SUBSTITUTE,MATCHED_WITH_SUBSTITUTE,Y,"Different strength, possible substitute"
SCN-1490,POSSIBLE_SUBSTITUTE,TXN-A-001490,TXN-B-001490,TXN-A-001490-L2979,TXN-B-001490-L2980,POSSIBLE_SUBSTITUTE,MATCHED_WITH_SUBSTITUTE,Y,"Different strength, possible substitute"
SCN-1491,POSSIBLE_SUBSTITUTE,TXN-A-001491,TXN-B-001491,TXN-A-001491-L2981,TXN-B-001491-L2982,POSSIBLE_SUBSTITUTE,MATCHED_WITH_SUBSTITUTE,Y,"Different strength, possible substitute"
SCN-1492,POSSIBLE_SUBSTITUTE,TXN-A-001492,TXN-B-001492,TXN-A-001492-L2983,TXN-B-001492-L2984,POSSIBLE_SUBSTITUTE,MATCHED_WITH_SUBSTITUTE,Y,"Different strength, possible substitute"
SCN-1493,POSSIBLE_SUBSTITUTE,TXN-A-001493,TXN-B-001493,TXN-A-001493-L2985,TXN-B-001493-L2986,POSSIBLE_SUBSTITUTE,MATCHED_WITH_SUBSTITUTE,Y,"Different strength, possible substitute"
SCN-1494,POSSIBLE_SUBSTITUTE,TXN-A-001494,TXN-B-001494,TXN-A-001494-L2987,TXN-B-001494-L2988,POSSIBLE_SUBSTITUTE,MATCHED_WITH_SUBSTITUTE,Y,"Different strength, possible substitute"
SCN-1495,POSSIBLE_SUBSTITUTE,TXN-A-001495,TXN-B-001495,TXN-A-001495-L2989,TXN-B-001495-L2990,POSSIBLE_SUBSTITUTE,MATCHED_WITH_SUBSTITUTE,Y,"Different strength, possible substitute"
SCN-1496,POSSIBLE_SUBSTITUTE,TXN-A-001496,TXN-B-001496,TXN-A-001496-L2991,TXN-B-001496-L2992,POSSIBLE_SUBSTITUTE,MATCHED_WITH_SUBSTITUTE,Y,"Different strength, possible substitute"
SCN-1497,POSSIBLE_SUBSTITUTE,TXN-A-001497,TXN-B-001497,TXN-A-001497-L2993,TXN-B-001497-L2994,POSSIBLE_SUBSTITUTE,MATCHED_WITH_SUBSTITUTE,Y,"Different strength, possible substitute"
SCN-1498,POSSIBLE_SUBSTITUTE,TXN-A-001498,TXN-B-001498,TXN-A-001498-L2995,TXN-B-001498-L2996,POSSIBLE_SUBSTITUTE,MATCHED_WITH_SUBSTITUTE,Y,"Different strength, possible substitute"
SCN-1499,POSSIBLE_SUBSTITUTE,TXN-A-001499,TXN-B-001499,TXN-A-001499-L2997,TXN-B-001499-L2998,POSSIBLE_SUBSTITUTE,MATCHED_WITH_SUBSTITUTE,Y,"Different strength, possible substitute"
SCN-1500,POSSIBLE_SUBSTITUTE,TXN-A-001500,TXN-B-001500,TXN-A-001500-L2999,TXN-B-001500-L3000,POSSIBLE_SUBSTITUTE,MATCHED_WITH_SUBSTITUTE,Y,"Different strength, possible substitute"
SCN-1501,POSSIBLE_SUBSTITUTE,TXN-A-001501,TXN-B-001501,TXN-A-001501-L3001,TXN-B-001501-L3002,POSSIBLE_SUBSTITUTE,MATCHED_WITH_SUBSTITUTE,Y,"Different strength, possible substitute"
SCN-1502,POSSIBLE_SUBSTITUTE,TXN-A-001502,TXN-B-001502,TXN-A-001502-L3003,TXN-B-001502-L3004,POSSIBLE_SUBSTITUTE,MATCHED_WITH_SUBSTITUTE,Y,"Different strength, possible substitute"
SCN-1503,POSSIBLE_SUBSTITUTE,TXN-A-001503,TXN-B-001503,TXN-A-001503-L3005,TXN-B-001503-L3006,POSSIBLE_SUBSTITUTE,MATCHED_WITH_SUBSTITUTE,Y,"Different strength, possible substitute"
SCN-1504,POSSIBLE_SUBSTITUTE,TXN-A-001504,TXN-B-001504,TXN-A-001504-L3007,TXN-B-001504-L3008,POSSIBLE_SUBSTITUTE,MATCHED_WITH_SUBSTITUTE,Y,"Different strength, possible substitute"
SCN-1505,POSSIBLE_SUBSTITUTE,TXN-A-001505,TXN-B-001505,TXN-A-001505-L3009,TXN-B-001505-L3010,POSSIBLE_SUBSTITUTE,MATCHED_WITH_SUBSTITUTE,Y,"Different strength, possible substitute"
SCN-1506,POSSIBLE_SUBSTITUTE,TXN-A-001506,TXN-B-001506,TXN-A-001506-L3011,TXN-B-001506-L3012,POSSIBLE_SUBSTITUTE,MATCHED_WITH_SUBSTITUTE,Y,"Different strength, possible substitute"
SCN-1507,POSSIBLE_SUBSTITUTE,TXN-A-001507,TXN-B-001507,TXN-A-001507-L3013,TXN-B-001507-L3014,POSSIBLE_SUBSTITUTE,MATCHED_WITH_SUBSTITUTE,Y,"Different strength, possible substitute"
SCN-1508,POSSIBLE_SUBSTITUTE,TXN-A-001508,TXN-B-001508,TXN-A-001508-L3015,TXN-B-001508-L3016,POSSIBLE_SUBSTITUTE,MATCHED_WITH_SUBSTITUTE,Y,"Different strength, possible substitute"
SCN-1509,POSSIBLE_SUBSTITUTE,TXN-A-001509,TXN-B-001509,TXN-A-001509-L3017,TXN-B-001509-L3018,POSSIBLE_SUBSTITUTE,MATCHED_WITH_SUBSTITUTE,Y,"Different strength, possible substitute"
SCN-1510,POSSIBLE_SUBSTITUTE,TXN-A-001510,TXN-B-001510,TXN-A-001510-L3019,TXN-B-001510-L3020,POSSIBLE_SUBSTITUTE,MATCHED_WITH_SUBSTITUTE,Y,"Different strength, possible substitute"
SCN-1511,POSSIBLE_SUBSTITUTE,TXN-A-001511,TXN-B-001511,TXN-A-001511-L3021,TXN-B-001511-L3022,POSSIBLE_SUBSTITUTE,MATCHED_WITH_SUBSTITUTE,Y,"Different strength, possible substitute"
SCN-1512,POSSIBLE_SUBSTITUTE,TXN-A-001512,TXN-B-001512,TXN-A-001512-L3023,TXN-B-001512-L3024,POSSIBLE_SUBSTITUTE,MATCHED_WITH_SUBSTITUTE,Y,"Different strength, possible substitute"
SCN-1513,POSSIBLE_SUBSTITUTE,TXN-A-001513,TXN-B-001513,TXN-A-001513-L3025,TXN-B-001513-L3026,POSSIBLE_SUBSTITUTE,MATCHED_WITH_SUBSTITUTE,Y,"Different strength, possible substitute"
SCN-1514,POSSIBLE_SUBSTITUTE,TXN-A-001514,TXN-B-001514,TXN-A-001514-L3027,TXN-B-001514-L3028,POSSIBLE_SUBSTITUTE,MATCHED_WITH_SUBSTITUTE,Y,"Different strength, possible substitute"
SCN-1515,POSSIBLE_SUBSTITUTE,TXN-A-001515,TXN-B-001515,TXN-A-001515-L3029,TXN-B-001515-L3030,POSSIBLE_SUBSTITUTE,MATCHED_WITH_SUBSTITUTE,Y,"Different strength, possible substitute"
SCN-1516,MISSING_IN_SOURCE_A,,TXN-B-001516,,TXN-B-001516-L3031,UNMATCHED,MISSING_IN_SOURCE_A,Y,Transaction exists only in Source B
SCN-1517,MISSING_IN_SOURCE_A,,TXN-B-001517,,TXN-B-001517-L3032,UNMATCHED,MISSING_IN_SOURCE_A,Y,Transaction exists only in Source B
SCN-1518,MISSING_IN_SOURCE_A,,TXN-B-001518,,TXN-B-001518-L3033,UNMATCHED,MISSING_IN_SOURCE_A,Y,Transaction exists only in Source B
SCN-1519,MISSING_IN_SOURCE_A,,TXN-B-001519,,TXN-B-001519-L3034,UNMATCHED,MISSING_IN_SOURCE_A,Y,Transaction exists only in Source B
SCN-1520,MISSING_IN_SOURCE_A,,TXN-B-001520,,TXN-B-001520-L3035,UNMATCHED,MISSING_IN_SOURCE_A,Y,Transaction exists only in Source B
SCN-1521,MISSING_IN_SOURCE_A,,TXN-B-001521,,TXN-B-001521-L3036,UNMATCHED,MISSING_IN_SOURCE_A,Y,Transaction exists only in Source B
SCN-1522,MISSING_IN_SOURCE_A,,TXN-B-001522,,TXN-B-001522-L3037,UNMATCHED,MISSING_IN_SOURCE_A,Y,Transaction exists only in Source B
SCN-1523,MISSING_IN_SOURCE_A,,TXN-B-001523,,TXN-B-001523-L3038,UNMATCHED,MISSING_IN_SOURCE_A,Y,Transaction exists only in Source B
SCN-1524,MISSING_IN_SOURCE_A,,TXN-B-001524,,TXN-B-001524-L3039,UNMATCHED,MISSING_IN_SOURCE_A,Y,Transaction exists only in Source B
SCN-1525,MISSING_IN_SOURCE_A,,TXN-B-001525,,TXN-B-001525-L3040,UNMATCHED,MISSING_IN_SOURCE_A,Y,Transaction exists only in Source B
SCN-1526,MISSING_IN_SOURCE_A,,TXN-B-001526,,TXN-B-001526-L3041,UNMATCHED,MISSING_IN_SOURCE_A,Y,Transaction exists only in Source B
SCN-1527,MISSING_IN_SOURCE_A,,TXN-B-001527,,TXN-B-001527-L3042,UNMATCHED,MISSING_IN_SOURCE_A,Y,Transaction exists only in Source B
SCN-1528,MISSING_IN_SOURCE_A,,TXN-B-001528,,TXN-B-001528-L3043,UNMATCHED,MISSING_IN_SOURCE_A,Y,Transaction exists only in Source B
SCN-1529,MISSING_IN_SOURCE_A,,TXN-B-001529,,TXN-B-001529-L3044,UNMATCHED,MISSING_IN_SOURCE_A,Y,Transaction exists only in Source B
SCN-1530,MISSING_IN_SOURCE_A,,TXN-B-001530,,TXN-B-001530-L3045,UNMATCHED,MISSING_IN_SOURCE_A,Y,Transaction exists only in Source B
SCN-1531,MISSING_IN_SOURCE_A,,TXN-B-001531,,TXN-B-001531-L3046,UNMATCHED,MISSING_IN_SOURCE_A,Y,Transaction exists only in Source B
SCN-1532,MISSING_IN_SOURCE_A,,TXN-B-001532,,TXN-B-001532-L3047,UNMATCHED,MISSING_IN_SOURCE_A,Y,Transaction exists only in Source B
SCN-1533,MISSING_IN_SOURCE_A,,TXN-B-001533,,TXN-B-001533-L3048,UNMATCHED,MISSING_IN_SOURCE_A,Y,Transaction exists only in Source B
SCN-1534,MISSING_IN_SOURCE_A,,TXN-B-001534,,TXN-B-001534-L3049,UNMATCHED,MISSING_IN_SOURCE_A,Y,Transaction exists only in Source B
SCN-1535,MISSING_IN_SOURCE_A,,TXN-B-001535,,TXN-B-001535-L3050,UNMATCHED,MISSING_IN_SOURCE_A,Y,Transaction exists only in Source B
SCN-1536,MISSING_IN_SOURCE_A,,TXN-B-001536,,TXN-B-001536-L3051,UNMATCHED,MISSING_IN_SOURCE_A,Y,Transaction exists only in Source B
SCN-1537,MISSING_IN_SOURCE_A,,TXN-B-001537,,TXN-B-001537-L3052,UNMATCHED,MISSING_IN_SOURCE_A,Y,Transaction exists only in Source B
SCN-1538,MISSING_IN_SOURCE_A,,TXN-B-001538,,TXN-B-001538-L3053,UNMATCHED,MISSING_IN_SOURCE_A,Y,Transaction exists only in Source B
SCN-1539,MISSING_IN_SOURCE_A,,TXN-B-001539,,TXN-B-001539-L3054,UNMATCHED,MISSING_IN_SOURCE_A,Y,Transaction exists only in Source B
SCN-1540,MISSING_IN_SOURCE_A,,TXN-B-001540,,TXN-B-001540-L3055,UNMATCHED,MISSING_IN_SOURCE_A,Y,Transaction exists only in Source B
SCN-1541,MISSING_IN_SOURCE_A,,TXN-B-001541,,TXN-B-001541-L3056,UNMATCHED,MISSING_IN_SOURCE_A,Y,Transaction exists only in Source B
SCN-1542,MISSING_IN_SOURCE_A,,TXN-B-001542,,TXN-B-001542-L3057,UNMATCHED,MISSING_IN_SOURCE_A,Y,Transaction exists only in Source B
SCN-1543,MISSING_IN_SOURCE_A,,TXN-B-001543,,TXN-B-001543-L3058,UNMATCHED,MISSING_IN_SOURCE_A,Y,Transaction exists only in Source B
SCN-1544,MISSING_IN_SOURCE_A,,TXN-B-001544,,TXN-B-001544-L3059,UNMATCHED,MISSING_IN_SOURCE_A,Y,Transaction exists only in Source B
SCN-1545,MISSING_IN_SOURCE_A,,TXN-B-001545,,TXN-B-001545-L3060,UNMATCHED,MISSING_IN_SOURCE_A,Y,Transaction exists only in Source B
SCN-1546,MISSING_IN_SOURCE_A,,TXN-B-001546,,TXN-B-001546-L3061,UNMATCHED,MISSING_IN_SOURCE_A,Y,Transaction exists only in Source B
SCN-1547,MISSING_IN_SOURCE_A,,TXN-B-001547,,TXN-B-001547-L3062,UNMATCHED,MISSING_IN_SOURCE_A,Y,Transaction exists only in Source B
SCN-1548,MISSING_IN_SOURCE_A,,TXN-B-001548,,TXN-B-001548-L3063,UNMATCHED,MISSING_IN_SOURCE_A,Y,Transaction exists only in Source B
SCN-1549,MISSING_IN_SOURCE_A,,TXN-B-001549,,TXN-B-001549-L3064,UNMATCHED,MISSING_IN_SOURCE_A,Y,Transaction exists only in Source B
SCN-1550,MISSING_IN_SOURCE_A,,TXN-B-001550,,TXN-B-001550-L3065,UNMATCHED,MISSING_IN_SOURCE_A,Y,Transaction exists only in Source B
SCN-1551,MISSING_IN_SOURCE_A,,TXN-B-001551,,TXN-B-001551-L3066,UNMATCHED,MISSING_IN_SOURCE_A,Y,Transaction exists only in Source B
SCN-1552,MISSING_IN_SOURCE_A,,TXN-B-001552,,TXN-B-001552-L3067,UNMATCHED,MISSING_IN_SOURCE_A,Y,Transaction exists only in Source B
SCN-1553,MISSING_IN_SOURCE_A,,TXN-B-001553,,TXN-B-001553-L3068,UNMATCHED,MISSING_IN_SOURCE_A,Y,Transaction exists only in Source B
SCN-1554,MISSING_IN_SOURCE_A,,TXN-B-001554,,TXN-B-001554-L3069,UNMATCHED,MISSING_IN_SOURCE_A,Y,Transaction exists only in Source B
SCN-1555,MISSING_IN_SOURCE_A,,TXN-B-001555,,TXN-B-001555-L3070,UNMATCHED,MISSING_IN_SOURCE_A,Y,Transaction exists only in Source B
SCN-1556,MISSING_IN_SOURCE_A,,TXN-B-001556,,TXN-B-001556-L3071,UNMATCHED,MISSING_IN_SOURCE_A,Y,Transaction exists only in Source B
SCN-1557,MISSING_IN_SOURCE_A,,TXN-B-001557,,TXN-B-001557-L3072,UNMATCHED,MISSING_IN_SOURCE_A,Y,Transaction exists only in Source B
SCN-1558,MISSING_IN_SOURCE_A,,TXN-B-001558,,TXN-B-001558-L3073,UNMATCHED,MISSING_IN_SOURCE_A,Y,Transaction exists only in Source B
SCN-1559,MISSING_IN_SOURCE_A,,TXN-B-001559,,TXN-B-001559-L3074,UNMATCHED,MISSING_IN_SOURCE_A,Y,Transaction exists only in Source B
SCN-1560,MISSING_IN_SOURCE_A,,TXN-B-001560,,TXN-B-001560-L3075,UNMATCHED,MISSING_IN_SOURCE_A,Y,Transaction exists only in Source B
SCN-1561,MISSING_IN_SOURCE_A,,TXN-B-001561,,TXN-B-001561-L3076,UNMATCHED,MISSING_IN_SOURCE_A,Y,Transaction exists only in Source B
SCN-1562,MISSING_IN_SOURCE_A,,TXN-B-001562,,TXN-B-001562-L3077,UNMATCHED,MISSING_IN_SOURCE_A,Y,Transaction exists only in Source B
SCN-1563,MISSING_IN_SOURCE_A,,TXN-B-001563,,TXN-B-001563-L3078,UNMATCHED,MISSING_IN_SOURCE_A,Y,Transaction exists only in Source B
SCN-1564,MISSING_IN_SOURCE_A,,TXN-B-001564,,TXN-B-001564-L3079,UNMATCHED,MISSING_IN_SOURCE_A,Y,Transaction exists only in Source B
SCN-1565,MISSING_IN_SOURCE_A,,TXN-B-001565,,TXN-B-001565-L3080,UNMATCHED,MISSING_IN_SOURCE_A,Y,Transaction exists only in Source B
SCN-1566,MISSING_IN_SOURCE_A,,TXN-B-001566,,TXN-B-001566-L3081,UNMATCHED,MISSING_IN_SOURCE_A,Y,Transaction exists only in Source B
SCN-1567,MISSING_IN_SOURCE_A,,TXN-B-001567,,TXN-B-001567-L3082,UNMATCHED,MISSING_IN_SOURCE_A,Y,Transaction exists only in Source B
SCN-1568,MISSING_IN_SOURCE_A,,TXN-B-001568,,TXN-B-001568-L3083,UNMATCHED,MISSING_IN_SOURCE_A,Y,Transaction exists only in Source B
SCN-1569,MISSING_IN_SOURCE_A,,TXN-B-001569,,TXN-B-001569-L3084,UNMATCHED,MISSING_IN_SOURCE_A,Y,Transaction exists only in Source B
SCN-1570,MISSING_IN_SOURCE_A,,TXN-B-001570,,TXN-B-001570-L3085,UNMATCHED,MISSING_IN_SOURCE_A,Y,Transaction exists only in Source B
SCN-1571,MISSING_IN_SOURCE_A,,TXN-B-001571,,TXN-B-001571-L3086,UNMATCHED,MISSING_IN_SOURCE_A,Y,Transaction exists only in Source B
SCN-1572,MISSING_IN_SOURCE_A,,TXN-B-001572,,TXN-B-001572-L3087,UNMATCHED,MISSING_IN_SOURCE_A,Y,Transaction exists only in Source B
SCN-1573,MISSING_IN_SOURCE_A,,TXN-B-001573,,TXN-B-001573-L3088,UNMATCHED,MISSING_IN_SOURCE_A,Y,Transaction exists only in Source B
SCN-1574,MISSING_IN_SOURCE_A,,TXN-B-001574,,TXN-B-001574-L3089,UNMATCHED,MISSING_IN_SOURCE_A,Y,Transaction exists only in Source B
SCN-1575,MISSING_IN_SOURCE_A,,TXN-B-001575,,TXN-B-001575-L3090,UNMATCHED,MISSING_IN_SOURCE_A,Y,Transaction exists only in Source B
SCN-1576,MISSING_IN_SOURCE_B,TXN-A-001516,,TXN-A-001516-L3091,,UNMATCHED,MISSING_IN_SOURCE_B,Y,Transaction exists only in Source A
SCN-1577,MISSING_IN_SOURCE_B,TXN-A-001517,,TXN-A-001517-L3092,,UNMATCHED,MISSING_IN_SOURCE_B,Y,Transaction exists only in Source A
SCN-1578,MISSING_IN_SOURCE_B,TXN-A-001518,,TXN-A-001518-L3093,,UNMATCHED,MISSING_IN_SOURCE_B,Y,Transaction exists only in Source A
SCN-1579,MISSING_IN_SOURCE_B,TXN-A-001519,,TXN-A-001519-L3094,,UNMATCHED,MISSING_IN_SOURCE_B,Y,Transaction exists only in Source A
SCN-1580,MISSING_IN_SOURCE_B,TXN-A-001520,,TXN-A-001520-L3095,,UNMATCHED,MISSING_IN_SOURCE_B,Y,Transaction exists only in Source A
SCN-1581,MISSING_IN_SOURCE_B,TXN-A-001521,,TXN-A-001521-L3096,,UNMATCHED,MISSING_IN_SOURCE_B,Y,Transaction exists only in Source A
SCN-1582,MISSING_IN_SOURCE_B,TXN-A-001522,,TXN-A-001522-L3097,,UNMATCHED,MISSING_IN_SOURCE_B,Y,Transaction exists only in Source A
SCN-1583,MISSING_IN_SOURCE_B,TXN-A-001523,,TXN-A-001523-L3098,,UNMATCHED,MISSING_IN_SOURCE_B,Y,Transaction exists only in Source A
SCN-1584,MISSING_IN_SOURCE_B,TXN-A-001524,,TXN-A-001524-L3099,,UNMATCHED,MISSING_IN_SOURCE_B,Y,Transaction exists only in Source A
SCN-1585,MISSING_IN_SOURCE_B,TXN-A-001525,,TXN-A-001525-L3100,,UNMATCHED,MISSING_IN_SOURCE_B,Y,Transaction exists only in Source A
SCN-1586,MISSING_IN_SOURCE_B,TXN-A-001526,,TXN-A-001526-L3101,,UNMATCHED,MISSING_IN_SOURCE_B,Y,Transaction exists only in Source A
SCN-1587,MISSING_IN_SOURCE_B,TXN-A-001527,,TXN-A-001527-L3102,,UNMATCHED,MISSING_IN_SOURCE_B,Y,Transaction exists only in Source A
SCN-1588,MISSING_IN_SOURCE_B,TXN-A-001528,,TXN-A-001528-L3103,,UNMATCHED,MISSING_IN_SOURCE_B,Y,Transaction exists only in Source A
SCN-1589,MISSING_IN_SOURCE_B,TXN-A-001529,,TXN-A-001529-L3104,,UNMATCHED,MISSING_IN_SOURCE_B,Y,Transaction exists only in Source A
SCN-1590,MISSING_IN_SOURCE_B,TXN-A-001530,,TXN-A-001530-L3105,,UNMATCHED,MISSING_IN_SOURCE_B,Y,Transaction exists only in Source A
SCN-1591,MISSING_IN_SOURCE_B,TXN-A-001531,,TXN-A-001531-L3106,,UNMATCHED,MISSING_IN_SOURCE_B,Y,Transaction exists only in Source A
SCN-1592,MISSING_IN_SOURCE_B,TXN-A-001532,,TXN-A-001532-L3107,,UNMATCHED,MISSING_IN_SOURCE_B,Y,Transaction exists only in Source A
SCN-1593,MISSING_IN_SOURCE_B,TXN-A-001533,,TXN-A-001533-L3108,,UNMATCHED,MISSING_IN_SOURCE_B,Y,Transaction exists only in Source A
SCN-1594,MISSING_IN_SOURCE_B,TXN-A-001534,,TXN-A-001534-L3109,,UNMATCHED,MISSING_IN_SOURCE_B,Y,Transaction exists only in Source A
SCN-1595,MISSING_IN_SOURCE_B,TXN-A-001535,,TXN-A-001535-L3110,,UNMATCHED,MISSING_IN_SOURCE_B,Y,Transaction exists only in Source A
SCN-1596,MISSING_IN_SOURCE_B,TXN-A-001536,,TXN-A-001536-L3111,,UNMATCHED,MISSING_IN_SOURCE_B,Y,Transaction exists only in Source A
SCN-1597,MISSING_IN_SOURCE_B,TXN-A-001537,,TXN-A-001537-L3112,,UNMATCHED,MISSING_IN_SOURCE_B,Y,Transaction exists only in Source A
SCN-1598,MISSING_IN_SOURCE_B,TXN-A-001538,,TXN-A-001538-L3113,,UNMATCHED,MISSING_IN_SOURCE_B,Y,Transaction exists only in Source A
SCN-1599,MISSING_IN_SOURCE_B,TXN-A-001539,,TXN-A-001539-L3114,,UNMATCHED,MISSING_IN_SOURCE_B,Y,Transaction exists only in Source A
SCN-1600,MISSING_IN_SOURCE_B,TXN-A-001540,,TXN-A-001540-L3115,,UNMATCHED,MISSING_IN_SOURCE_B,Y,Transaction exists only in Source A
SCN-1601,MISSING_IN_SOURCE_B,TXN-A-001541,,TXN-A-001541-L3116,,UNMATCHED,MISSING_IN_SOURCE_B,Y,Transaction exists only in Source A
SCN-1602,MISSING_IN_SOURCE_B,TXN-A-001542,,TXN-A-001542-L3117,,UNMATCHED,MISSING_IN_SOURCE_B,Y,Transaction exists only in Source A
SCN-1603,MISSING_IN_SOURCE_B,TXN-A-001543,,TXN-A-001543-L3118,,UNMATCHED,MISSING_IN_SOURCE_B,Y,Transaction exists only in Source A
SCN-1604,MISSING_IN_SOURCE_B,TXN-A-001544,,TXN-A-001544-L3119,,UNMATCHED,MISSING_IN_SOURCE_B,Y,Transaction exists only in Source A
SCN-1605,MISSING_IN_SOURCE_B,TXN-A-001545,,TXN-A-001545-L3120,,UNMATCHED,MISSING_IN_SOURCE_B,Y,Transaction exists only in Source A
SCN-1606,MISSING_IN_SOURCE_B,TXN-A-001546,,TXN-A-001546-L3121,,UNMATCHED,MISSING_IN_SOURCE_B,Y,Transaction exists only in Source A
SCN-1607,MISSING_IN_SOURCE_B,TXN-A-001547,,TXN-A-001547-L3122,,UNMATCHED,MISSING_IN_SOURCE_B,Y,Transaction exists only in Source A
SCN-1608,MISSING_IN_SOURCE_B,TXN-A-001548,,TXN-A-001548-L3123,,UNMATCHED,MISSING_IN_SOURCE_B,Y,Transaction exists only in Source A
SCN-1609,MISSING_IN_SOURCE_B,TXN-A-001549,,TXN-A-001549-L3124,,UNMATCHED,MISSING_IN_SOURCE_B,Y,Transaction exists only in Source A
SCN-1610,MISSING_IN_SOURCE_B,TXN-A-001550,,TXN-A-001550-L3125,,UNMATCHED,MISSING_IN_SOURCE_B,Y,Transaction exists only in Source A
SCN-1611,MISSING_IN_SOURCE_B,TXN-A-001551,,TXN-A-001551-L3126,,UNMATCHED,MISSING_IN_SOURCE_B,Y,Transaction exists only in Source A
SCN-1612,MISSING_IN_SOURCE_B,TXN-A-001552,,TXN-A-001552-L3127,,UNMATCHED,MISSING_IN_SOURCE_B,Y,Transaction exists only in Source A
SCN-1613,MISSING_IN_SOURCE_B,TXN-A-001553,,TXN-A-001553-L3128,,UNMATCHED,MISSING_IN_SOURCE_B,Y,Transaction exists only in Source A
SCN-1614,MISSING_IN_SOURCE_B,TXN-A-001554,,TXN-A-001554-L3129,,UNMATCHED,MISSING_IN_SOURCE_B,Y,Transaction exists only in Source A
SCN-1615,MISSING_IN_SOURCE_B,TXN-A-001555,,TXN-A-001555-L3130,,UNMATCHED,MISSING_IN_SOURCE_B,Y,Transaction exists only in Source A
SCN-1616,MISSING_IN_SOURCE_B,TXN-A-001556,,TXN-A-001556-L3131,,UNMATCHED,MISSING_IN_SOURCE_B,Y,Transaction exists only in Source A
SCN-1617,MISSING_IN_SOURCE_B,TXN-A-001557,,TXN-A-001557-L3132,,UNMATCHED,MISSING_IN_SOURCE_B,Y,Transaction exists only in Source A
SCN-1618,MISSING_IN_SOURCE_B,TXN-A-001558,,TXN-A-001558-L3133,,UNMATCHED,MISSING_IN_SOURCE_B,Y,Transaction exists only in Source A
SCN-1619,MISSING_IN_SOURCE_B,TXN-A-001559,,TXN-A-001559-L3134,,UNMATCHED,MISSING_IN_SOURCE_B,Y,Transaction exists only in Source A
SCN-1620,MISSING_IN_SOURCE_B,TXN-A-001560,,TXN-A-001560-L3135,,UNMATCHED,MISSING_IN_SOURCE_B,Y,Transaction exists only in Source A
SCN-1621,MISSING_IN_SOURCE_B,TXN-A-001561,,TXN-A-001561-L3136,,UNMATCHED,MISSING_IN_SOURCE_B,Y,Transaction exists only in Source A
SCN-1622,MISSING_IN_SOURCE_B,TXN-A-001562,,TXN-A-001562-L3137,,UNMATCHED,MISSING_IN_SOURCE_B,Y,Transaction exists only in Source A
SCN-1623,MISSING_IN_SOURCE_B,TXN-A-001563,,TXN-A-001563-L3138,,UNMATCHED,MISSING_IN_SOURCE_B,Y,Transaction exists only in Source A
SCN-1624,MISSING_IN_SOURCE_B,TXN-A-001564,,TXN-A-001564-L3139,,UNMATCHED,MISSING_IN_SOURCE_B,Y,Transaction exists only in Source A
SCN-1625,MISSING_IN_SOURCE_B,TXN-A-001565,,TXN-A-001565-L3140,,UNMATCHED,MISSING_IN_SOURCE_B,Y,Transaction exists only in Source A
SCN-1626,MISSING_IN_SOURCE_B,TXN-A-001566,,TXN-A-001566-L3141,,UNMATCHED,MISSING_IN_SOURCE_B,Y,Transaction exists only in Source A
SCN-1627,MISSING_IN_SOURCE_B,TXN-A-001567,,TXN-A-001567-L3142,,UNMATCHED,MISSING_IN_SOURCE_B,Y,Transaction exists only in Source A
SCN-1628,MISSING_IN_SOURCE_B,TXN-A-001568,,TXN-A-001568-L3143,,UNMATCHED,MISSING_IN_SOURCE_B,Y,Transaction exists only in Source A
SCN-1629,MISSING_IN_SOURCE_B,TXN-A-001569,,TXN-A-001569-L3144,,UNMATCHED,MISSING_IN_SOURCE_B,Y,Transaction exists only in Source A
SCN-1630,MISSING_IN_SOURCE_B,TXN-A-001570,,TXN-A-001570-L3145,,UNMATCHED,MISSING_IN_SOURCE_B,Y,Transaction exists only in Source A
SCN-1631,MISSING_IN_SOURCE_B,TXN-A-001571,,TXN-A-001571-L3146,,UNMATCHED,MISSING_IN_SOURCE_B,Y,Transaction exists only in Source A
SCN-1632,MISSING_IN_SOURCE_B,TXN-A-001572,,TXN-A-001572-L3147,,UNMATCHED,MISSING_IN_SOURCE_B,Y,Transaction exists only in Source A
SCN-1633,MISSING_IN_SOURCE_B,TXN-A-001573,,TXN-A-001573-L3148,,UNMATCHED,MISSING_IN_SOURCE_B,Y,Transaction exists only in Source A
SCN-1634,MISSING_IN_SOURCE_B,TXN-A-001574,,TXN-A-001574-L3149,,UNMATCHED,MISSING_IN_SOURCE_B,Y,Transaction exists only in Source A
SCN-1635,MISSING_IN_SOURCE_B,TXN-A-001575,,TXN-A-001575-L3150,,UNMATCHED,MISSING_IN_SOURCE_B,Y,Transaction exists only in Source A
SCN-1636,ADDITIONAL_TRANSACTION,TXN-A-001576,,TXN-A-001576-L3151,,UNMATCHED,ADDITIONAL_TRANSACTION,Y,Additional transaction in Source A with no counterpart
SCN-1637,ADDITIONAL_TRANSACTION,TXN-A-001577,,TXN-A-001577-L3152,,UNMATCHED,ADDITIONAL_TRANSACTION,Y,Additional transaction in Source A with no counterpart
SCN-1638,ADDITIONAL_TRANSACTION,TXN-A-001578,,TXN-A-001578-L3153,,UNMATCHED,ADDITIONAL_TRANSACTION,Y,Additional transaction in Source A with no counterpart
SCN-1639,ADDITIONAL_TRANSACTION,TXN-A-001579,,TXN-A-001579-L3154,,UNMATCHED,ADDITIONAL_TRANSACTION,Y,Additional transaction in Source A with no counterpart
SCN-1640,ADDITIONAL_TRANSACTION,TXN-A-001580,,TXN-A-001580-L3155,,UNMATCHED,ADDITIONAL_TRANSACTION,Y,Additional transaction in Source A with no counterpart
SCN-1641,ADDITIONAL_TRANSACTION,TXN-A-001581,,TXN-A-001581-L3156,,UNMATCHED,ADDITIONAL_TRANSACTION,Y,Additional transaction in Source A with no counterpart
SCN-1642,ADDITIONAL_TRANSACTION,TXN-A-001582,,TXN-A-001582-L3157,,UNMATCHED,ADDITIONAL_TRANSACTION,Y,Additional transaction in Source A with no counterpart
SCN-1643,ADDITIONAL_TRANSACTION,TXN-A-001583,,TXN-A-001583-L3158,,UNMATCHED,ADDITIONAL_TRANSACTION,Y,Additional transaction in Source A with no counterpart
SCN-1644,ADDITIONAL_TRANSACTION,TXN-A-001584,,TXN-A-001584-L3159,,UNMATCHED,ADDITIONAL_TRANSACTION,Y,Additional transaction in Source A with no counterpart
SCN-1645,ADDITIONAL_TRANSACTION,TXN-A-001585,,TXN-A-001585-L3160,,UNMATCHED,ADDITIONAL_TRANSACTION,Y,Additional transaction in Source A with no counterpart
SCN-1646,ADDITIONAL_TRANSACTION,TXN-A-001586,,TXN-A-001586-L3161,,UNMATCHED,ADDITIONAL_TRANSACTION,Y,Additional transaction in Source A with no counterpart
SCN-1647,ADDITIONAL_TRANSACTION,TXN-A-001587,,TXN-A-001587-L3162,,UNMATCHED,ADDITIONAL_TRANSACTION,Y,Additional transaction in Source A with no counterpart
SCN-1648,ADDITIONAL_TRANSACTION,TXN-A-001588,,TXN-A-001588-L3163,,UNMATCHED,ADDITIONAL_TRANSACTION,Y,Additional transaction in Source A with no counterpart
SCN-1649,ADDITIONAL_TRANSACTION,TXN-A-001589,,TXN-A-001589-L3164,,UNMATCHED,ADDITIONAL_TRANSACTION,Y,Additional transaction in Source A with no counterpart
SCN-1650,ADDITIONAL_TRANSACTION,TXN-A-001590,,TXN-A-001590-L3165,,UNMATCHED,ADDITIONAL_TRANSACTION,Y,Additional transaction in Source A with no counterpart
SCN-1651,ADDITIONAL_TRANSACTION,TXN-A-001591,,TXN-A-001591-L3166,,UNMATCHED,ADDITIONAL_TRANSACTION,Y,Additional transaction in Source A with no counterpart
SCN-1652,ADDITIONAL_TRANSACTION,TXN-A-001592,,TXN-A-001592-L3167,,UNMATCHED,ADDITIONAL_TRANSACTION,Y,Additional transaction in Source A with no counterpart
SCN-1653,ADDITIONAL_TRANSACTION,TXN-A-001593,,TXN-A-001593-L3168,,UNMATCHED,ADDITIONAL_TRANSACTION,Y,Additional transaction in Source A with no counterpart
SCN-1654,ADDITIONAL_TRANSACTION,TXN-A-001594,,TXN-A-001594-L3169,,UNMATCHED,ADDITIONAL_TRANSACTION,Y,Additional transaction in Source A with no counterpart
SCN-1655,ADDITIONAL_TRANSACTION,TXN-A-001595,,TXN-A-001595-L3170,,UNMATCHED,ADDITIONAL_TRANSACTION,Y,Additional transaction in Source A with no counterpart
SCN-1656,ADDITIONAL_TRANSACTION,TXN-A-001596,,TXN-A-001596-L3171,,UNMATCHED,ADDITIONAL_TRANSACTION,Y,Additional transaction in Source A with no counterpart
SCN-1657,ADDITIONAL_TRANSACTION,TXN-A-001597,,TXN-A-001597-L3172,,UNMATCHED,ADDITIONAL_TRANSACTION,Y,Additional transaction in Source A with no counterpart
SCN-1658,ADDITIONAL_TRANSACTION,TXN-A-001598,,TXN-A-001598-L3173,,UNMATCHED,ADDITIONAL_TRANSACTION,Y,Additional transaction in Source A with no counterpart
SCN-1659,ADDITIONAL_TRANSACTION,TXN-A-001599,,TXN-A-001599-L3174,,UNMATCHED,ADDITIONAL_TRANSACTION,Y,Additional transaction in Source A with no counterpart
SCN-1660,ADDITIONAL_TRANSACTION,TXN-A-001600,,TXN-A-001600-L3175,,UNMATCHED,ADDITIONAL_TRANSACTION,Y,Additional transaction in Source A with no counterpart
SCN-1661,ADDITIONAL_TRANSACTION,TXN-A-001601,,TXN-A-001601-L3176,,UNMATCHED,ADDITIONAL_TRANSACTION,Y,Additional transaction in Source A with no counterpart
SCN-1662,ADDITIONAL_TRANSACTION,TXN-A-001602,,TXN-A-001602-L3177,,UNMATCHED,ADDITIONAL_TRANSACTION,Y,Additional transaction in Source A with no counterpart
SCN-1663,ADDITIONAL_TRANSACTION,TXN-A-001603,,TXN-A-001603-L3178,,UNMATCHED,ADDITIONAL_TRANSACTION,Y,Additional transaction in Source A with no counterpart
SCN-1664,ADDITIONAL_TRANSACTION,TXN-A-001604,,TXN-A-001604-L3179,,UNMATCHED,ADDITIONAL_TRANSACTION,Y,Additional transaction in Source A with no counterpart
SCN-1665,ADDITIONAL_TRANSACTION,TXN-A-001605,,TXN-A-001605-L3180,,UNMATCHED,ADDITIONAL_TRANSACTION,Y,Additional transaction in Source A with no counterpart
SCN-1666,ADDITIONAL_TRANSACTION,TXN-A-001606,,TXN-A-001606-L3181,,UNMATCHED,ADDITIONAL_TRANSACTION,Y,Additional transaction in Source A with no counterpart
SCN-1667,ADDITIONAL_TRANSACTION,TXN-A-001607,,TXN-A-001607-L3182,,UNMATCHED,ADDITIONAL_TRANSACTION,Y,Additional transaction in Source A with no counterpart
SCN-1668,ADDITIONAL_TRANSACTION,TXN-A-001608,,TXN-A-001608-L3183,,UNMATCHED,ADDITIONAL_TRANSACTION,Y,Additional transaction in Source A with no counterpart
SCN-1669,ADDITIONAL_TRANSACTION,TXN-A-001609,,TXN-A-001609-L3184,,UNMATCHED,ADDITIONAL_TRANSACTION,Y,Additional transaction in Source A with no counterpart
SCN-1670,ADDITIONAL_TRANSACTION,TXN-A-001610,,TXN-A-001610-L3185,,UNMATCHED,ADDITIONAL_TRANSACTION,Y,Additional transaction in Source A with no counterpart
SCN-1671,ADDITIONAL_TRANSACTION,TXN-A-001611,,TXN-A-001611-L3186,,UNMATCHED,ADDITIONAL_TRANSACTION,Y,Additional transaction in Source A with no counterpart
SCN-1672,ADDITIONAL_TRANSACTION,TXN-A-001612,,TXN-A-001612-L3187,,UNMATCHED,ADDITIONAL_TRANSACTION,Y,Additional transaction in Source A with no counterpart
SCN-1673,ADDITIONAL_TRANSACTION,TXN-A-001613,,TXN-A-001613-L3188,,UNMATCHED,ADDITIONAL_TRANSACTION,Y,Additional transaction in Source A with no counterpart
SCN-1674,ADDITIONAL_TRANSACTION,TXN-A-001614,,TXN-A-001614-L3189,,UNMATCHED,ADDITIONAL_TRANSACTION,Y,Additional transaction in Source A with no counterpart
SCN-1675,ADDITIONAL_TRANSACTION,TXN-A-001615,,TXN-A-001615-L3190,,UNMATCHED,ADDITIONAL_TRANSACTION,Y,Additional transaction in Source A with no counterpart
SCN-1676,ADDITIONAL_ITEM,TXN-A-001616,TXN-B-001576,TXN-A-001616-L3192,,UNMATCHED,ADDITIONAL_ITEM,Y,Extra line in Source A not present in Source B
SCN-1677,ADDITIONAL_ITEM,TXN-A-001617,TXN-B-001577,TXN-A-001617-L3195,,UNMATCHED,ADDITIONAL_ITEM,Y,Extra line in Source A not present in Source B
SCN-1678,ADDITIONAL_ITEM,TXN-A-001618,TXN-B-001578,TXN-A-001618-L3198,,UNMATCHED,ADDITIONAL_ITEM,Y,Extra line in Source A not present in Source B
SCN-1679,ADDITIONAL_ITEM,TXN-A-001619,TXN-B-001579,TXN-A-001619-L3201,,UNMATCHED,ADDITIONAL_ITEM,Y,Extra line in Source A not present in Source B
SCN-1680,ADDITIONAL_ITEM,TXN-A-001620,TXN-B-001580,TXN-A-001620-L3204,,UNMATCHED,ADDITIONAL_ITEM,Y,Extra line in Source A not present in Source B
SCN-1681,ADDITIONAL_ITEM,TXN-A-001621,TXN-B-001581,TXN-A-001621-L3207,,UNMATCHED,ADDITIONAL_ITEM,Y,Extra line in Source A not present in Source B
SCN-1682,ADDITIONAL_ITEM,TXN-A-001622,TXN-B-001582,TXN-A-001622-L3210,,UNMATCHED,ADDITIONAL_ITEM,Y,Extra line in Source A not present in Source B
SCN-1683,ADDITIONAL_ITEM,TXN-A-001623,TXN-B-001583,TXN-A-001623-L3213,,UNMATCHED,ADDITIONAL_ITEM,Y,Extra line in Source A not present in Source B
SCN-1684,ADDITIONAL_ITEM,TXN-A-001624,TXN-B-001584,TXN-A-001624-L3216,,UNMATCHED,ADDITIONAL_ITEM,Y,Extra line in Source A not present in Source B
SCN-1685,ADDITIONAL_ITEM,TXN-A-001625,TXN-B-001585,TXN-A-001625-L3219,,UNMATCHED,ADDITIONAL_ITEM,Y,Extra line in Source A not present in Source B
SCN-1686,ADDITIONAL_ITEM,TXN-A-001626,TXN-B-001586,TXN-A-001626-L3222,,UNMATCHED,ADDITIONAL_ITEM,Y,Extra line in Source A not present in Source B
SCN-1687,ADDITIONAL_ITEM,TXN-A-001627,TXN-B-001587,TXN-A-001627-L3225,,UNMATCHED,ADDITIONAL_ITEM,Y,Extra line in Source A not present in Source B
SCN-1688,ADDITIONAL_ITEM,TXN-A-001628,TXN-B-001588,TXN-A-001628-L3228,,UNMATCHED,ADDITIONAL_ITEM,Y,Extra line in Source A not present in Source B
SCN-1689,ADDITIONAL_ITEM,TXN-A-001629,TXN-B-001589,TXN-A-001629-L3231,,UNMATCHED,ADDITIONAL_ITEM,Y,Extra line in Source A not present in Source B
SCN-1690,ADDITIONAL_ITEM,TXN-A-001630,TXN-B-001590,TXN-A-001630-L3234,,UNMATCHED,ADDITIONAL_ITEM,Y,Extra line in Source A not present in Source B
SCN-1691,ADDITIONAL_ITEM,TXN-A-001631,TXN-B-001591,TXN-A-001631-L3237,,UNMATCHED,ADDITIONAL_ITEM,Y,Extra line in Source A not present in Source B
SCN-1692,ADDITIONAL_ITEM,TXN-A-001632,TXN-B-001592,TXN-A-001632-L3240,,UNMATCHED,ADDITIONAL_ITEM,Y,Extra line in Source A not present in Source B
SCN-1693,ADDITIONAL_ITEM,TXN-A-001633,TXN-B-001593,TXN-A-001633-L3243,,UNMATCHED,ADDITIONAL_ITEM,Y,Extra line in Source A not present in Source B
SCN-1694,ADDITIONAL_ITEM,TXN-A-001634,TXN-B-001594,TXN-A-001634-L3246,,UNMATCHED,ADDITIONAL_ITEM,Y,Extra line in Source A not present in Source B
SCN-1695,ADDITIONAL_ITEM,TXN-A-001635,TXN-B-001595,TXN-A-001635-L3249,,UNMATCHED,ADDITIONAL_ITEM,Y,Extra line in Source A not present in Source B
SCN-1696,ADDITIONAL_ITEM,TXN-A-001636,TXN-B-001596,TXN-A-001636-L3252,,UNMATCHED,ADDITIONAL_ITEM,Y,Extra line in Source A not present in Source B
SCN-1697,ADDITIONAL_ITEM,TXN-A-001637,TXN-B-001597,TXN-A-001637-L3255,,UNMATCHED,ADDITIONAL_ITEM,Y,Extra line in Source A not present in Source B
SCN-1698,ADDITIONAL_ITEM,TXN-A-001638,TXN-B-001598,TXN-A-001638-L3258,,UNMATCHED,ADDITIONAL_ITEM,Y,Extra line in Source A not present in Source B
SCN-1699,ADDITIONAL_ITEM,TXN-A-001639,TXN-B-001599,TXN-A-001639-L3261,,UNMATCHED,ADDITIONAL_ITEM,Y,Extra line in Source A not present in Source B
SCN-1700,ADDITIONAL_ITEM,TXN-A-001640,TXN-B-001600,TXN-A-001640-L3264,,UNMATCHED,ADDITIONAL_ITEM,Y,Extra line in Source A not present in Source B
SCN-1701,ADDITIONAL_ITEM,TXN-A-001641,TXN-B-001601,TXN-A-001641-L3267,,UNMATCHED,ADDITIONAL_ITEM,Y,Extra line in Source A not present in Source B
SCN-1702,ADDITIONAL_ITEM,TXN-A-001642,TXN-B-001602,TXN-A-001642-L3270,,UNMATCHED,ADDITIONAL_ITEM,Y,Extra line in Source A not present in Source B
SCN-1703,ADDITIONAL_ITEM,TXN-A-001643,TXN-B-001603,TXN-A-001643-L3273,,UNMATCHED,ADDITIONAL_ITEM,Y,Extra line in Source A not present in Source B
SCN-1704,ADDITIONAL_ITEM,TXN-A-001644,TXN-B-001604,TXN-A-001644-L3276,,UNMATCHED,ADDITIONAL_ITEM,Y,Extra line in Source A not present in Source B
SCN-1705,ADDITIONAL_ITEM,TXN-A-001645,TXN-B-001605,TXN-A-001645-L3279,,UNMATCHED,ADDITIONAL_ITEM,Y,Extra line in Source A not present in Source B
SCN-1706,ADDITIONAL_ITEM,TXN-A-001646,TXN-B-001606,TXN-A-001646-L3282,,UNMATCHED,ADDITIONAL_ITEM,Y,Extra line in Source A not present in Source B
SCN-1707,ADDITIONAL_ITEM,TXN-A-001647,TXN-B-001607,TXN-A-001647-L3285,,UNMATCHED,ADDITIONAL_ITEM,Y,Extra line in Source A not present in Source B
SCN-1708,ADDITIONAL_ITEM,TXN-A-001648,TXN-B-001608,TXN-A-001648-L3288,,UNMATCHED,ADDITIONAL_ITEM,Y,Extra line in Source A not present in Source B
SCN-1709,ADDITIONAL_ITEM,TXN-A-001649,TXN-B-001609,TXN-A-001649-L3291,,UNMATCHED,ADDITIONAL_ITEM,Y,Extra line in Source A not present in Source B
SCN-1710,ADDITIONAL_ITEM,TXN-A-001650,TXN-B-001610,TXN-A-001650-L3294,,UNMATCHED,ADDITIONAL_ITEM,Y,Extra line in Source A not present in Source B
SCN-1711,ADDITIONAL_ITEM,TXN-A-001651,TXN-B-001611,TXN-A-001651-L3297,,UNMATCHED,ADDITIONAL_ITEM,Y,Extra line in Source A not present in Source B
SCN-1712,ADDITIONAL_ITEM,TXN-A-001652,TXN-B-001612,TXN-A-001652-L3300,,UNMATCHED,ADDITIONAL_ITEM,Y,Extra line in Source A not present in Source B
SCN-1713,ADDITIONAL_ITEM,TXN-A-001653,TXN-B-001613,TXN-A-001653-L3303,,UNMATCHED,ADDITIONAL_ITEM,Y,Extra line in Source A not present in Source B
SCN-1714,ADDITIONAL_ITEM,TXN-A-001654,TXN-B-001614,TXN-A-001654-L3306,,UNMATCHED,ADDITIONAL_ITEM,Y,Extra line in Source A not present in Source B
SCN-1715,ADDITIONAL_ITEM,TXN-A-001655,TXN-B-001615,TXN-A-001655-L3309,,UNMATCHED,ADDITIONAL_ITEM,Y,Extra line in Source A not present in Source B
SCN-1716,ADDITIONAL_ITEM,TXN-A-001656,TXN-B-001616,TXN-A-001656-L3312,,UNMATCHED,ADDITIONAL_ITEM,Y,Extra line in Source A not present in Source B
SCN-1717,ADDITIONAL_ITEM,TXN-A-001657,TXN-B-001617,TXN-A-001657-L3315,,UNMATCHED,ADDITIONAL_ITEM,Y,Extra line in Source A not present in Source B
SCN-1718,ADDITIONAL_ITEM,TXN-A-001658,TXN-B-001618,TXN-A-001658-L3318,,UNMATCHED,ADDITIONAL_ITEM,Y,Extra line in Source A not present in Source B
SCN-1719,ADDITIONAL_ITEM,TXN-A-001659,TXN-B-001619,TXN-A-001659-L3321,,UNMATCHED,ADDITIONAL_ITEM,Y,Extra line in Source A not present in Source B
SCN-1720,ADDITIONAL_ITEM,TXN-A-001660,TXN-B-001620,TXN-A-001660-L3324,,UNMATCHED,ADDITIONAL_ITEM,Y,Extra line in Source A not present in Source B
SCN-1721,ADDITIONAL_ITEM,TXN-A-001661,TXN-B-001621,TXN-A-001661-L3327,,UNMATCHED,ADDITIONAL_ITEM,Y,Extra line in Source A not present in Source B
SCN-1722,ADDITIONAL_ITEM,TXN-A-001662,TXN-B-001622,TXN-A-001662-L3330,,UNMATCHED,ADDITIONAL_ITEM,Y,Extra line in Source A not present in Source B
SCN-1723,ADDITIONAL_ITEM,TXN-A-001663,TXN-B-001623,TXN-A-001663-L3333,,UNMATCHED,ADDITIONAL_ITEM,Y,Extra line in Source A not present in Source B
SCN-1724,ADDITIONAL_ITEM,TXN-A-001664,TXN-B-001624,TXN-A-001664-L3336,,UNMATCHED,ADDITIONAL_ITEM,Y,Extra line in Source A not present in Source B
SCN-1725,ADDITIONAL_ITEM,TXN-A-001665,TXN-B-001625,TXN-A-001665-L3339,,UNMATCHED,ADDITIONAL_ITEM,Y,Extra line in Source A not present in Source B
SCN-1726,ADDITIONAL_ITEM,TXN-A-001666,TXN-B-001626,TXN-A-001666-L3342,,UNMATCHED,ADDITIONAL_ITEM,Y,Extra line in Source A not present in Source B
SCN-1727,ADDITIONAL_ITEM,TXN-A-001667,TXN-B-001627,TXN-A-001667-L3345,,UNMATCHED,ADDITIONAL_ITEM,Y,Extra line in Source A not present in Source B
SCN-1728,ADDITIONAL_ITEM,TXN-A-001668,TXN-B-001628,TXN-A-001668-L3348,,UNMATCHED,ADDITIONAL_ITEM,Y,Extra line in Source A not present in Source B
SCN-1729,ADDITIONAL_ITEM,TXN-A-001669,TXN-B-001629,TXN-A-001669-L3351,,UNMATCHED,ADDITIONAL_ITEM,Y,Extra line in Source A not present in Source B
SCN-1730,ADDITIONAL_ITEM,TXN-A-001670,TXN-B-001630,TXN-A-001670-L3354,,UNMATCHED,ADDITIONAL_ITEM,Y,Extra line in Source A not present in Source B
SCN-1731,QUANTITY_SHORTAGE,TXN-A-001671,TXN-B-001631,TXN-A-001671-L3356,TXN-B-001631-L3357,EXACT_PRIMARY_ID,QUANTITY_DIFFERENCE,Y,Source A quantity less than Source B
SCN-1732,QUANTITY_SHORTAGE,TXN-A-001672,TXN-B-001632,TXN-A-001672-L3358,TXN-B-001632-L3359,EXACT_PRIMARY_ID,QUANTITY_DIFFERENCE,Y,Source A quantity less than Source B
SCN-1733,QUANTITY_SHORTAGE,TXN-A-001673,TXN-B-001633,TXN-A-001673-L3360,TXN-B-001633-L3361,EXACT_PRIMARY_ID,QUANTITY_DIFFERENCE,Y,Source A quantity less than Source B
SCN-1734,QUANTITY_SHORTAGE,TXN-A-001674,TXN-B-001634,TXN-A-001674-L3362,TXN-B-001634-L3363,EXACT_PRIMARY_ID,QUANTITY_DIFFERENCE,Y,Source A quantity less than Source B
SCN-1735,QUANTITY_SHORTAGE,TXN-A-001675,TXN-B-001635,TXN-A-001675-L3364,TXN-B-001635-L3365,EXACT_PRIMARY_ID,QUANTITY_DIFFERENCE,Y,Source A quantity less than Source B
SCN-1736,QUANTITY_SHORTAGE,TXN-A-001676,TXN-B-001636,TXN-A-001676-L3366,TXN-B-001636-L3367,EXACT_PRIMARY_ID,QUANTITY_DIFFERENCE,Y,Source A quantity less than Source B
SCN-1737,QUANTITY_SHORTAGE,TXN-A-001677,TXN-B-001637,TXN-A-001677-L3368,TXN-B-001637-L3369,EXACT_PRIMARY_ID,QUANTITY_DIFFERENCE,Y,Source A quantity less than Source B
SCN-1738,QUANTITY_SHORTAGE,TXN-A-001678,TXN-B-001638,TXN-A-001678-L3370,TXN-B-001638-L3371,EXACT_PRIMARY_ID,QUANTITY_DIFFERENCE,Y,Source A quantity less than Source B
SCN-1739,QUANTITY_SHORTAGE,TXN-A-001679,TXN-B-001639,TXN-A-001679-L3372,TXN-B-001639-L3373,EXACT_PRIMARY_ID,QUANTITY_DIFFERENCE,Y,Source A quantity less than Source B
SCN-1740,QUANTITY_SHORTAGE,TXN-A-001680,TXN-B-001640,TXN-A-001680-L3374,TXN-B-001640-L3375,EXACT_PRIMARY_ID,QUANTITY_DIFFERENCE,Y,Source A quantity less than Source B
SCN-1741,QUANTITY_SHORTAGE,TXN-A-001681,TXN-B-001641,TXN-A-001681-L3376,TXN-B-001641-L3377,EXACT_PRIMARY_ID,QUANTITY_DIFFERENCE,Y,Source A quantity less than Source B
SCN-1742,QUANTITY_SHORTAGE,TXN-A-001682,TXN-B-001642,TXN-A-001682-L3378,TXN-B-001642-L3379,EXACT_PRIMARY_ID,QUANTITY_DIFFERENCE,Y,Source A quantity less than Source B
SCN-1743,QUANTITY_SHORTAGE,TXN-A-001683,TXN-B-001643,TXN-A-001683-L3380,TXN-B-001643-L3381,EXACT_PRIMARY_ID,QUANTITY_DIFFERENCE,Y,Source A quantity less than Source B
SCN-1744,QUANTITY_SHORTAGE,TXN-A-001684,TXN-B-001644,TXN-A-001684-L3382,TXN-B-001644-L3383,EXACT_PRIMARY_ID,QUANTITY_DIFFERENCE,Y,Source A quantity less than Source B
SCN-1745,QUANTITY_SHORTAGE,TXN-A-001685,TXN-B-001645,TXN-A-001685-L3384,TXN-B-001645-L3385,EXACT_PRIMARY_ID,QUANTITY_DIFFERENCE,Y,Source A quantity less than Source B
SCN-1746,QUANTITY_SHORTAGE,TXN-A-001686,TXN-B-001646,TXN-A-001686-L3386,TXN-B-001646-L3387,EXACT_PRIMARY_ID,QUANTITY_DIFFERENCE,Y,Source A quantity less than Source B
SCN-1747,QUANTITY_SHORTAGE,TXN-A-001687,TXN-B-001647,TXN-A-001687-L3388,TXN-B-001647-L3389,EXACT_PRIMARY_ID,QUANTITY_DIFFERENCE,Y,Source A quantity less than Source B
SCN-1748,QUANTITY_SHORTAGE,TXN-A-001688,TXN-B-001648,TXN-A-001688-L3390,TXN-B-001648-L3391,EXACT_PRIMARY_ID,QUANTITY_DIFFERENCE,Y,Source A quantity less than Source B
SCN-1749,QUANTITY_SHORTAGE,TXN-A-001689,TXN-B-001649,TXN-A-001689-L3392,TXN-B-001649-L3393,EXACT_PRIMARY_ID,QUANTITY_DIFFERENCE,Y,Source A quantity less than Source B
SCN-1750,QUANTITY_SHORTAGE,TXN-A-001690,TXN-B-001650,TXN-A-001690-L3394,TXN-B-001650-L3395,EXACT_PRIMARY_ID,QUANTITY_DIFFERENCE,Y,Source A quantity less than Source B
SCN-1751,QUANTITY_SHORTAGE,TXN-A-001691,TXN-B-001651,TXN-A-001691-L3396,TXN-B-001651-L3397,EXACT_PRIMARY_ID,QUANTITY_DIFFERENCE,Y,Source A quantity less than Source B
SCN-1752,QUANTITY_SHORTAGE,TXN-A-001692,TXN-B-001652,TXN-A-001692-L3398,TXN-B-001652-L3399,EXACT_PRIMARY_ID,QUANTITY_DIFFERENCE,Y,Source A quantity less than Source B
SCN-1753,QUANTITY_SHORTAGE,TXN-A-001693,TXN-B-001653,TXN-A-001693-L3400,TXN-B-001653-L3401,EXACT_PRIMARY_ID,QUANTITY_DIFFERENCE,Y,Source A quantity less than Source B
SCN-1754,QUANTITY_SHORTAGE,TXN-A-001694,TXN-B-001654,TXN-A-001694-L3402,TXN-B-001654-L3403,EXACT_PRIMARY_ID,QUANTITY_DIFFERENCE,Y,Source A quantity less than Source B
SCN-1755,QUANTITY_SHORTAGE,TXN-A-001695,TXN-B-001655,TXN-A-001695-L3404,TXN-B-001655-L3405,EXACT_PRIMARY_ID,QUANTITY_DIFFERENCE,Y,Source A quantity less than Source B
SCN-1756,QUANTITY_SHORTAGE,TXN-A-001696,TXN-B-001656,TXN-A-001696-L3406,TXN-B-001656-L3407,EXACT_PRIMARY_ID,QUANTITY_DIFFERENCE,Y,Source A quantity less than Source B
SCN-1757,QUANTITY_SHORTAGE,TXN-A-001697,TXN-B-001657,TXN-A-001697-L3408,TXN-B-001657-L3409,EXACT_PRIMARY_ID,QUANTITY_DIFFERENCE,Y,Source A quantity less than Source B
SCN-1758,QUANTITY_SHORTAGE,TXN-A-001698,TXN-B-001658,TXN-A-001698-L3410,TXN-B-001658-L3411,EXACT_PRIMARY_ID,QUANTITY_DIFFERENCE,Y,Source A quantity less than Source B
SCN-1759,QUANTITY_SHORTAGE,TXN-A-001699,TXN-B-001659,TXN-A-001699-L3412,TXN-B-001659-L3413,EXACT_PRIMARY_ID,QUANTITY_DIFFERENCE,Y,Source A quantity less than Source B
SCN-1760,QUANTITY_SHORTAGE,TXN-A-001700,TXN-B-001660,TXN-A-001700-L3414,TXN-B-001660-L3415,EXACT_PRIMARY_ID,QUANTITY_DIFFERENCE,Y,Source A quantity less than Source B
SCN-1761,QUANTITY_SHORTAGE,TXN-A-001701,TXN-B-001661,TXN-A-001701-L3416,TXN-B-001661-L3417,EXACT_PRIMARY_ID,QUANTITY_DIFFERENCE,Y,Source A quantity less than Source B
SCN-1762,QUANTITY_SHORTAGE,TXN-A-001702,TXN-B-001662,TXN-A-001702-L3418,TXN-B-001662-L3419,EXACT_PRIMARY_ID,QUANTITY_DIFFERENCE,Y,Source A quantity less than Source B
SCN-1763,QUANTITY_SHORTAGE,TXN-A-001703,TXN-B-001663,TXN-A-001703-L3420,TXN-B-001663-L3421,EXACT_PRIMARY_ID,QUANTITY_DIFFERENCE,Y,Source A quantity less than Source B
SCN-1764,QUANTITY_SHORTAGE,TXN-A-001704,TXN-B-001664,TXN-A-001704-L3422,TXN-B-001664-L3423,EXACT_PRIMARY_ID,QUANTITY_DIFFERENCE,Y,Source A quantity less than Source B
SCN-1765,QUANTITY_SHORTAGE,TXN-A-001705,TXN-B-001665,TXN-A-001705-L3424,TXN-B-001665-L3425,EXACT_PRIMARY_ID,QUANTITY_DIFFERENCE,Y,Source A quantity less than Source B
SCN-1766,QUANTITY_SHORTAGE,TXN-A-001706,TXN-B-001666,TXN-A-001706-L3426,TXN-B-001666-L3427,EXACT_PRIMARY_ID,QUANTITY_DIFFERENCE,Y,Source A quantity less than Source B
SCN-1767,QUANTITY_SHORTAGE,TXN-A-001707,TXN-B-001667,TXN-A-001707-L3428,TXN-B-001667-L3429,EXACT_PRIMARY_ID,QUANTITY_DIFFERENCE,Y,Source A quantity less than Source B
SCN-1768,QUANTITY_SHORTAGE,TXN-A-001708,TXN-B-001668,TXN-A-001708-L3430,TXN-B-001668-L3431,EXACT_PRIMARY_ID,QUANTITY_DIFFERENCE,Y,Source A quantity less than Source B
SCN-1769,QUANTITY_SHORTAGE,TXN-A-001709,TXN-B-001669,TXN-A-001709-L3432,TXN-B-001669-L3433,EXACT_PRIMARY_ID,QUANTITY_DIFFERENCE,Y,Source A quantity less than Source B
SCN-1770,QUANTITY_SHORTAGE,TXN-A-001710,TXN-B-001670,TXN-A-001710-L3434,TXN-B-001670-L3435,EXACT_PRIMARY_ID,QUANTITY_DIFFERENCE,Y,Source A quantity less than Source B
SCN-1771,QUANTITY_SHORTAGE,TXN-A-001711,TXN-B-001671,TXN-A-001711-L3436,TXN-B-001671-L3437,EXACT_PRIMARY_ID,QUANTITY_DIFFERENCE,Y,Source A quantity less than Source B
SCN-1772,QUANTITY_SHORTAGE,TXN-A-001712,TXN-B-001672,TXN-A-001712-L3438,TXN-B-001672-L3439,EXACT_PRIMARY_ID,QUANTITY_DIFFERENCE,Y,Source A quantity less than Source B
SCN-1773,QUANTITY_SHORTAGE,TXN-A-001713,TXN-B-001673,TXN-A-001713-L3440,TXN-B-001673-L3441,EXACT_PRIMARY_ID,QUANTITY_DIFFERENCE,Y,Source A quantity less than Source B
SCN-1774,QUANTITY_SHORTAGE,TXN-A-001714,TXN-B-001674,TXN-A-001714-L3442,TXN-B-001674-L3443,EXACT_PRIMARY_ID,QUANTITY_DIFFERENCE,Y,Source A quantity less than Source B
SCN-1775,QUANTITY_SHORTAGE,TXN-A-001715,TXN-B-001675,TXN-A-001715-L3444,TXN-B-001675-L3445,EXACT_PRIMARY_ID,QUANTITY_DIFFERENCE,Y,Source A quantity less than Source B
SCN-1776,QUANTITY_SHORTAGE,TXN-A-001716,TXN-B-001676,TXN-A-001716-L3446,TXN-B-001676-L3447,EXACT_PRIMARY_ID,QUANTITY_DIFFERENCE,Y,Source A quantity less than Source B
SCN-1777,QUANTITY_SHORTAGE,TXN-A-001717,TXN-B-001677,TXN-A-001717-L3448,TXN-B-001677-L3449,EXACT_PRIMARY_ID,QUANTITY_DIFFERENCE,Y,Source A quantity less than Source B
SCN-1778,QUANTITY_SHORTAGE,TXN-A-001718,TXN-B-001678,TXN-A-001718-L3450,TXN-B-001678-L3451,EXACT_PRIMARY_ID,QUANTITY_DIFFERENCE,Y,Source A quantity less than Source B
SCN-1779,QUANTITY_SHORTAGE,TXN-A-001719,TXN-B-001679,TXN-A-001719-L3452,TXN-B-001679-L3453,EXACT_PRIMARY_ID,QUANTITY_DIFFERENCE,Y,Source A quantity less than Source B
SCN-1780,QUANTITY_SHORTAGE,TXN-A-001720,TXN-B-001680,TXN-A-001720-L3454,TXN-B-001680-L3455,EXACT_PRIMARY_ID,QUANTITY_DIFFERENCE,Y,Source A quantity less than Source B
SCN-1781,QUANTITY_SHORTAGE,TXN-A-001721,TXN-B-001681,TXN-A-001721-L3456,TXN-B-001681-L3457,EXACT_PRIMARY_ID,QUANTITY_DIFFERENCE,Y,Source A quantity less than Source B
SCN-1782,QUANTITY_SHORTAGE,TXN-A-001722,TXN-B-001682,TXN-A-001722-L3458,TXN-B-001682-L3459,EXACT_PRIMARY_ID,QUANTITY_DIFFERENCE,Y,Source A quantity less than Source B
SCN-1783,QUANTITY_SHORTAGE,TXN-A-001723,TXN-B-001683,TXN-A-001723-L3460,TXN-B-001683-L3461,EXACT_PRIMARY_ID,QUANTITY_DIFFERENCE,Y,Source A quantity less than Source B
SCN-1784,QUANTITY_SHORTAGE,TXN-A-001724,TXN-B-001684,TXN-A-001724-L3462,TXN-B-001684-L3463,EXACT_PRIMARY_ID,QUANTITY_DIFFERENCE,Y,Source A quantity less than Source B
SCN-1785,QUANTITY_SHORTAGE,TXN-A-001725,TXN-B-001685,TXN-A-001725-L3464,TXN-B-001685-L3465,EXACT_PRIMARY_ID,QUANTITY_DIFFERENCE,Y,Source A quantity less than Source B
SCN-1786,QUANTITY_EXCESS,TXN-A-001726,TXN-B-001686,TXN-A-001726-L3466,TXN-B-001686-L3467,EXACT_PRIMARY_ID,QUANTITY_DIFFERENCE,Y,Source A quantity exceeds Source B
SCN-1787,QUANTITY_EXCESS,TXN-A-001727,TXN-B-001687,TXN-A-001727-L3468,TXN-B-001687-L3469,EXACT_PRIMARY_ID,QUANTITY_DIFFERENCE,Y,Source A quantity exceeds Source B
SCN-1788,QUANTITY_EXCESS,TXN-A-001728,TXN-B-001688,TXN-A-001728-L3470,TXN-B-001688-L3471,EXACT_PRIMARY_ID,QUANTITY_DIFFERENCE,Y,Source A quantity exceeds Source B
SCN-1789,QUANTITY_EXCESS,TXN-A-001729,TXN-B-001689,TXN-A-001729-L3472,TXN-B-001689-L3473,EXACT_PRIMARY_ID,QUANTITY_DIFFERENCE,Y,Source A quantity exceeds Source B
SCN-1790,QUANTITY_EXCESS,TXN-A-001730,TXN-B-001690,TXN-A-001730-L3474,TXN-B-001690-L3475,EXACT_PRIMARY_ID,QUANTITY_DIFFERENCE,Y,Source A quantity exceeds Source B
SCN-1791,QUANTITY_EXCESS,TXN-A-001731,TXN-B-001691,TXN-A-001731-L3476,TXN-B-001691-L3477,EXACT_PRIMARY_ID,QUANTITY_DIFFERENCE,Y,Source A quantity exceeds Source B
SCN-1792,QUANTITY_EXCESS,TXN-A-001732,TXN-B-001692,TXN-A-001732-L3478,TXN-B-001692-L3479,EXACT_PRIMARY_ID,QUANTITY_DIFFERENCE,Y,Source A quantity exceeds Source B
SCN-1793,QUANTITY_EXCESS,TXN-A-001733,TXN-B-001693,TXN-A-001733-L3480,TXN-B-001693-L3481,EXACT_PRIMARY_ID,QUANTITY_DIFFERENCE,Y,Source A quantity exceeds Source B
SCN-1794,QUANTITY_EXCESS,TXN-A-001734,TXN-B-001694,TXN-A-001734-L3482,TXN-B-001694-L3483,EXACT_PRIMARY_ID,QUANTITY_DIFFERENCE,Y,Source A quantity exceeds Source B
SCN-1795,QUANTITY_EXCESS,TXN-A-001735,TXN-B-001695,TXN-A-001735-L3484,TXN-B-001695-L3485,EXACT_PRIMARY_ID,QUANTITY_DIFFERENCE,Y,Source A quantity exceeds Source B
SCN-1796,QUANTITY_EXCESS,TXN-A-001736,TXN-B-001696,TXN-A-001736-L3486,TXN-B-001696-L3487,EXACT_PRIMARY_ID,QUANTITY_DIFFERENCE,Y,Source A quantity exceeds Source B
SCN-1797,QUANTITY_EXCESS,TXN-A-001737,TXN-B-001697,TXN-A-001737-L3488,TXN-B-001697-L3489,EXACT_PRIMARY_ID,QUANTITY_DIFFERENCE,Y,Source A quantity exceeds Source B
SCN-1798,QUANTITY_EXCESS,TXN-A-001738,TXN-B-001698,TXN-A-001738-L3490,TXN-B-001698-L3491,EXACT_PRIMARY_ID,QUANTITY_DIFFERENCE,Y,Source A quantity exceeds Source B
SCN-1799,QUANTITY_EXCESS,TXN-A-001739,TXN-B-001699,TXN-A-001739-L3492,TXN-B-001699-L3493,EXACT_PRIMARY_ID,QUANTITY_DIFFERENCE,Y,Source A quantity exceeds Source B
SCN-1800,QUANTITY_EXCESS,TXN-A-001740,TXN-B-001700,TXN-A-001740-L3494,TXN-B-001700-L3495,EXACT_PRIMARY_ID,QUANTITY_DIFFERENCE,Y,Source A quantity exceeds Source B
SCN-1801,QUANTITY_EXCESS,TXN-A-001741,TXN-B-001701,TXN-A-001741-L3496,TXN-B-001701-L3497,EXACT_PRIMARY_ID,QUANTITY_DIFFERENCE,Y,Source A quantity exceeds Source B
SCN-1802,QUANTITY_EXCESS,TXN-A-001742,TXN-B-001702,TXN-A-001742-L3498,TXN-B-001702-L3499,EXACT_PRIMARY_ID,QUANTITY_DIFFERENCE,Y,Source A quantity exceeds Source B
SCN-1803,QUANTITY_EXCESS,TXN-A-001743,TXN-B-001703,TXN-A-001743-L3500,TXN-B-001703-L3501,EXACT_PRIMARY_ID,QUANTITY_DIFFERENCE,Y,Source A quantity exceeds Source B
SCN-1804,QUANTITY_EXCESS,TXN-A-001744,TXN-B-001704,TXN-A-001744-L3502,TXN-B-001704-L3503,EXACT_PRIMARY_ID,QUANTITY_DIFFERENCE,Y,Source A quantity exceeds Source B
SCN-1805,QUANTITY_EXCESS,TXN-A-001745,TXN-B-001705,TXN-A-001745-L3504,TXN-B-001705-L3505,EXACT_PRIMARY_ID,QUANTITY_DIFFERENCE,Y,Source A quantity exceeds Source B
SCN-1806,QUANTITY_EXCESS,TXN-A-001746,TXN-B-001706,TXN-A-001746-L3506,TXN-B-001706-L3507,EXACT_PRIMARY_ID,QUANTITY_DIFFERENCE,Y,Source A quantity exceeds Source B
SCN-1807,QUANTITY_EXCESS,TXN-A-001747,TXN-B-001707,TXN-A-001747-L3508,TXN-B-001707-L3509,EXACT_PRIMARY_ID,QUANTITY_DIFFERENCE,Y,Source A quantity exceeds Source B
SCN-1808,QUANTITY_EXCESS,TXN-A-001748,TXN-B-001708,TXN-A-001748-L3510,TXN-B-001708-L3511,EXACT_PRIMARY_ID,QUANTITY_DIFFERENCE,Y,Source A quantity exceeds Source B
SCN-1809,QUANTITY_EXCESS,TXN-A-001749,TXN-B-001709,TXN-A-001749-L3512,TXN-B-001709-L3513,EXACT_PRIMARY_ID,QUANTITY_DIFFERENCE,Y,Source A quantity exceeds Source B
SCN-1810,QUANTITY_EXCESS,TXN-A-001750,TXN-B-001710,TXN-A-001750-L3514,TXN-B-001710-L3515,EXACT_PRIMARY_ID,QUANTITY_DIFFERENCE,Y,Source A quantity exceeds Source B
SCN-1811,QUANTITY_EXCESS,TXN-A-001751,TXN-B-001711,TXN-A-001751-L3516,TXN-B-001711-L3517,EXACT_PRIMARY_ID,QUANTITY_DIFFERENCE,Y,Source A quantity exceeds Source B
SCN-1812,QUANTITY_EXCESS,TXN-A-001752,TXN-B-001712,TXN-A-001752-L3518,TXN-B-001712-L3519,EXACT_PRIMARY_ID,QUANTITY_DIFFERENCE,Y,Source A quantity exceeds Source B
SCN-1813,QUANTITY_EXCESS,TXN-A-001753,TXN-B-001713,TXN-A-001753-L3520,TXN-B-001713-L3521,EXACT_PRIMARY_ID,QUANTITY_DIFFERENCE,Y,Source A quantity exceeds Source B
SCN-1814,QUANTITY_EXCESS,TXN-A-001754,TXN-B-001714,TXN-A-001754-L3522,TXN-B-001714-L3523,EXACT_PRIMARY_ID,QUANTITY_DIFFERENCE,Y,Source A quantity exceeds Source B
SCN-1815,QUANTITY_EXCESS,TXN-A-001755,TXN-B-001715,TXN-A-001755-L3524,TXN-B-001715-L3525,EXACT_PRIMARY_ID,QUANTITY_DIFFERENCE,Y,Source A quantity exceeds Source B
SCN-1816,QUANTITY_EXCESS,TXN-A-001756,TXN-B-001716,TXN-A-001756-L3526,TXN-B-001716-L3527,EXACT_PRIMARY_ID,QUANTITY_DIFFERENCE,Y,Source A quantity exceeds Source B
SCN-1817,QUANTITY_EXCESS,TXN-A-001757,TXN-B-001717,TXN-A-001757-L3528,TXN-B-001717-L3529,EXACT_PRIMARY_ID,QUANTITY_DIFFERENCE,Y,Source A quantity exceeds Source B
SCN-1818,QUANTITY_EXCESS,TXN-A-001758,TXN-B-001718,TXN-A-001758-L3530,TXN-B-001718-L3531,EXACT_PRIMARY_ID,QUANTITY_DIFFERENCE,Y,Source A quantity exceeds Source B
SCN-1819,QUANTITY_EXCESS,TXN-A-001759,TXN-B-001719,TXN-A-001759-L3532,TXN-B-001719-L3533,EXACT_PRIMARY_ID,QUANTITY_DIFFERENCE,Y,Source A quantity exceeds Source B
SCN-1820,QUANTITY_EXCESS,TXN-A-001760,TXN-B-001720,TXN-A-001760-L3534,TXN-B-001720-L3535,EXACT_PRIMARY_ID,QUANTITY_DIFFERENCE,Y,Source A quantity exceeds Source B
SCN-1821,QUANTITY_EXCESS,TXN-A-001761,TXN-B-001721,TXN-A-001761-L3536,TXN-B-001721-L3537,EXACT_PRIMARY_ID,QUANTITY_DIFFERENCE,Y,Source A quantity exceeds Source B
SCN-1822,QUANTITY_EXCESS,TXN-A-001762,TXN-B-001722,TXN-A-001762-L3538,TXN-B-001722-L3539,EXACT_PRIMARY_ID,QUANTITY_DIFFERENCE,Y,Source A quantity exceeds Source B
SCN-1823,QUANTITY_EXCESS,TXN-A-001763,TXN-B-001723,TXN-A-001763-L3540,TXN-B-001723-L3541,EXACT_PRIMARY_ID,QUANTITY_DIFFERENCE,Y,Source A quantity exceeds Source B
SCN-1824,QUANTITY_EXCESS,TXN-A-001764,TXN-B-001724,TXN-A-001764-L3542,TXN-B-001724-L3543,EXACT_PRIMARY_ID,QUANTITY_DIFFERENCE,Y,Source A quantity exceeds Source B
SCN-1825,QUANTITY_EXCESS,TXN-A-001765,TXN-B-001725,TXN-A-001765-L3544,TXN-B-001725-L3545,EXACT_PRIMARY_ID,QUANTITY_DIFFERENCE,Y,Source A quantity exceeds Source B
SCN-1826,QUANTITY_EXCESS,TXN-A-001766,TXN-B-001726,TXN-A-001766-L3546,TXN-B-001726-L3547,EXACT_PRIMARY_ID,QUANTITY_DIFFERENCE,Y,Source A quantity exceeds Source B
SCN-1827,QUANTITY_EXCESS,TXN-A-001767,TXN-B-001727,TXN-A-001767-L3548,TXN-B-001727-L3549,EXACT_PRIMARY_ID,QUANTITY_DIFFERENCE,Y,Source A quantity exceeds Source B
SCN-1828,QUANTITY_EXCESS,TXN-A-001768,TXN-B-001728,TXN-A-001768-L3550,TXN-B-001728-L3551,EXACT_PRIMARY_ID,QUANTITY_DIFFERENCE,Y,Source A quantity exceeds Source B
SCN-1829,QUANTITY_EXCESS,TXN-A-001769,TXN-B-001729,TXN-A-001769-L3552,TXN-B-001729-L3553,EXACT_PRIMARY_ID,QUANTITY_DIFFERENCE,Y,Source A quantity exceeds Source B
SCN-1830,QUANTITY_EXCESS,TXN-A-001770,TXN-B-001730,TXN-A-001770-L3554,TXN-B-001730-L3555,EXACT_PRIMARY_ID,QUANTITY_DIFFERENCE,Y,Source A quantity exceeds Source B
SCN-1831,QUANTITY_EXCESS,TXN-A-001771,TXN-B-001731,TXN-A-001771-L3556,TXN-B-001731-L3557,EXACT_PRIMARY_ID,QUANTITY_DIFFERENCE,Y,Source A quantity exceeds Source B
SCN-1832,QUANTITY_EXCESS,TXN-A-001772,TXN-B-001732,TXN-A-001772-L3558,TXN-B-001732-L3559,EXACT_PRIMARY_ID,QUANTITY_DIFFERENCE,Y,Source A quantity exceeds Source B
SCN-1833,QUANTITY_EXCESS,TXN-A-001773,TXN-B-001733,TXN-A-001773-L3560,TXN-B-001733-L3561,EXACT_PRIMARY_ID,QUANTITY_DIFFERENCE,Y,Source A quantity exceeds Source B
SCN-1834,QUANTITY_EXCESS,TXN-A-001774,TXN-B-001734,TXN-A-001774-L3562,TXN-B-001734-L3563,EXACT_PRIMARY_ID,QUANTITY_DIFFERENCE,Y,Source A quantity exceeds Source B
SCN-1835,QUANTITY_EXCESS,TXN-A-001775,TXN-B-001735,TXN-A-001775-L3564,TXN-B-001735-L3565,EXACT_PRIMARY_ID,QUANTITY_DIFFERENCE,Y,Source A quantity exceeds Source B
SCN-1836,QUANTITY_EXCESS,TXN-A-001776,TXN-B-001736,TXN-A-001776-L3566,TXN-B-001736-L3567,EXACT_PRIMARY_ID,QUANTITY_DIFFERENCE,Y,Source A quantity exceeds Source B
SCN-1837,QUANTITY_EXCESS,TXN-A-001777,TXN-B-001737,TXN-A-001777-L3568,TXN-B-001737-L3569,EXACT_PRIMARY_ID,QUANTITY_DIFFERENCE,Y,Source A quantity exceeds Source B
SCN-1838,QUANTITY_EXCESS,TXN-A-001778,TXN-B-001738,TXN-A-001778-L3570,TXN-B-001738-L3571,EXACT_PRIMARY_ID,QUANTITY_DIFFERENCE,Y,Source A quantity exceeds Source B
SCN-1839,QUANTITY_EXCESS,TXN-A-001779,TXN-B-001739,TXN-A-001779-L3572,TXN-B-001739-L3573,EXACT_PRIMARY_ID,QUANTITY_DIFFERENCE,Y,Source A quantity exceeds Source B
SCN-1840,QUANTITY_EXCESS,TXN-A-001780,TXN-B-001740,TXN-A-001780-L3574,TXN-B-001740-L3575,EXACT_PRIMARY_ID,QUANTITY_DIFFERENCE,Y,Source A quantity exceeds Source B
SCN-1841,PRICE_DIFFERENCE,TXN-A-001781,TXN-B-001741,TXN-A-001781-L3576,TXN-B-001741-L3577,EXACT_PRIMARY_ID,PRICE_DIFFERENCE,Y,Unit price variance between sources
SCN-1842,PRICE_DIFFERENCE,TXN-A-001782,TXN-B-001742,TXN-A-001782-L3578,TXN-B-001742-L3579,EXACT_PRIMARY_ID,PRICE_DIFFERENCE,Y,Unit price variance between sources
SCN-1843,PRICE_DIFFERENCE,TXN-A-001783,TXN-B-001743,TXN-A-001783-L3580,TXN-B-001743-L3581,EXACT_PRIMARY_ID,PRICE_DIFFERENCE,Y,Unit price variance between sources
SCN-1844,PRICE_DIFFERENCE,TXN-A-001784,TXN-B-001744,TXN-A-001784-L3582,TXN-B-001744-L3583,EXACT_PRIMARY_ID,PRICE_DIFFERENCE,Y,Unit price variance between sources
SCN-1845,PRICE_DIFFERENCE,TXN-A-001785,TXN-B-001745,TXN-A-001785-L3584,TXN-B-001745-L3585,EXACT_PRIMARY_ID,PRICE_DIFFERENCE,Y,Unit price variance between sources
SCN-1846,PRICE_DIFFERENCE,TXN-A-001786,TXN-B-001746,TXN-A-001786-L3586,TXN-B-001746-L3587,EXACT_PRIMARY_ID,PRICE_DIFFERENCE,Y,Unit price variance between sources
SCN-1847,PRICE_DIFFERENCE,TXN-A-001787,TXN-B-001747,TXN-A-001787-L3588,TXN-B-001747-L3589,EXACT_PRIMARY_ID,PRICE_DIFFERENCE,Y,Unit price variance between sources
SCN-1848,PRICE_DIFFERENCE,TXN-A-001788,TXN-B-001748,TXN-A-001788-L3590,TXN-B-001748-L3591,EXACT_PRIMARY_ID,PRICE_DIFFERENCE,Y,Unit price variance between sources
SCN-1849,PRICE_DIFFERENCE,TXN-A-001789,TXN-B-001749,TXN-A-001789-L3592,TXN-B-001749-L3593,EXACT_PRIMARY_ID,PRICE_DIFFERENCE,Y,Unit price variance between sources
SCN-1850,PRICE_DIFFERENCE,TXN-A-001790,TXN-B-001750,TXN-A-001790-L3594,TXN-B-001750-L3595,EXACT_PRIMARY_ID,PRICE_DIFFERENCE,Y,Unit price variance between sources
SCN-1851,PRICE_DIFFERENCE,TXN-A-001791,TXN-B-001751,TXN-A-001791-L3596,TXN-B-001751-L3597,EXACT_PRIMARY_ID,PRICE_DIFFERENCE,Y,Unit price variance between sources
SCN-1852,PRICE_DIFFERENCE,TXN-A-001792,TXN-B-001752,TXN-A-001792-L3598,TXN-B-001752-L3599,EXACT_PRIMARY_ID,PRICE_DIFFERENCE,Y,Unit price variance between sources
SCN-1853,PRICE_DIFFERENCE,TXN-A-001793,TXN-B-001753,TXN-A-001793-L3600,TXN-B-001753-L3601,EXACT_PRIMARY_ID,PRICE_DIFFERENCE,Y,Unit price variance between sources
SCN-1854,PRICE_DIFFERENCE,TXN-A-001794,TXN-B-001754,TXN-A-001794-L3602,TXN-B-001754-L3603,EXACT_PRIMARY_ID,PRICE_DIFFERENCE,Y,Unit price variance between sources
SCN-1855,PRICE_DIFFERENCE,TXN-A-001795,TXN-B-001755,TXN-A-001795-L3604,TXN-B-001755-L3605,EXACT_PRIMARY_ID,PRICE_DIFFERENCE,Y,Unit price variance between sources
SCN-1856,PRICE_DIFFERENCE,TXN-A-001796,TXN-B-001756,TXN-A-001796-L3606,TXN-B-001756-L3607,EXACT_PRIMARY_ID,PRICE_DIFFERENCE,Y,Unit price variance between sources
SCN-1857,PRICE_DIFFERENCE,TXN-A-001797,TXN-B-001757,TXN-A-001797-L3608,TXN-B-001757-L3609,EXACT_PRIMARY_ID,PRICE_DIFFERENCE,Y,Unit price variance between sources
SCN-1858,PRICE_DIFFERENCE,TXN-A-001798,TXN-B-001758,TXN-A-001798-L3610,TXN-B-001758-L3611,EXACT_PRIMARY_ID,PRICE_DIFFERENCE,Y,Unit price variance between sources
SCN-1859,PRICE_DIFFERENCE,TXN-A-001799,TXN-B-001759,TXN-A-001799-L3612,TXN-B-001759-L3613,EXACT_PRIMARY_ID,PRICE_DIFFERENCE,Y,Unit price variance between sources
SCN-1860,PRICE_DIFFERENCE,TXN-A-001800,TXN-B-001760,TXN-A-001800-L3614,TXN-B-001760-L3615,EXACT_PRIMARY_ID,PRICE_DIFFERENCE,Y,Unit price variance between sources
SCN-1861,PRICE_DIFFERENCE,TXN-A-001801,TXN-B-001761,TXN-A-001801-L3616,TXN-B-001761-L3617,EXACT_PRIMARY_ID,PRICE_DIFFERENCE,Y,Unit price variance between sources
SCN-1862,PRICE_DIFFERENCE,TXN-A-001802,TXN-B-001762,TXN-A-001802-L3618,TXN-B-001762-L3619,EXACT_PRIMARY_ID,PRICE_DIFFERENCE,Y,Unit price variance between sources
SCN-1863,PRICE_DIFFERENCE,TXN-A-001803,TXN-B-001763,TXN-A-001803-L3620,TXN-B-001763-L3621,EXACT_PRIMARY_ID,PRICE_DIFFERENCE,Y,Unit price variance between sources
SCN-1864,PRICE_DIFFERENCE,TXN-A-001804,TXN-B-001764,TXN-A-001804-L3622,TXN-B-001764-L3623,EXACT_PRIMARY_ID,PRICE_DIFFERENCE,Y,Unit price variance between sources
SCN-1865,PRICE_DIFFERENCE,TXN-A-001805,TXN-B-001765,TXN-A-001805-L3624,TXN-B-001765-L3625,EXACT_PRIMARY_ID,PRICE_DIFFERENCE,Y,Unit price variance between sources
SCN-1866,PRICE_DIFFERENCE,TXN-A-001806,TXN-B-001766,TXN-A-001806-L3626,TXN-B-001766-L3627,EXACT_PRIMARY_ID,PRICE_DIFFERENCE,Y,Unit price variance between sources
SCN-1867,PRICE_DIFFERENCE,TXN-A-001807,TXN-B-001767,TXN-A-001807-L3628,TXN-B-001767-L3629,EXACT_PRIMARY_ID,PRICE_DIFFERENCE,Y,Unit price variance between sources
SCN-1868,PRICE_DIFFERENCE,TXN-A-001808,TXN-B-001768,TXN-A-001808-L3630,TXN-B-001768-L3631,EXACT_PRIMARY_ID,PRICE_DIFFERENCE,Y,Unit price variance between sources
SCN-1869,PRICE_DIFFERENCE,TXN-A-001809,TXN-B-001769,TXN-A-001809-L3632,TXN-B-001769-L3633,EXACT_PRIMARY_ID,PRICE_DIFFERENCE,Y,Unit price variance between sources
SCN-1870,PRICE_DIFFERENCE,TXN-A-001810,TXN-B-001770,TXN-A-001810-L3634,TXN-B-001770-L3635,EXACT_PRIMARY_ID,PRICE_DIFFERENCE,Y,Unit price variance between sources
SCN-1871,PRICE_DIFFERENCE,TXN-A-001811,TXN-B-001771,TXN-A-001811-L3636,TXN-B-001771-L3637,EXACT_PRIMARY_ID,PRICE_DIFFERENCE,Y,Unit price variance between sources
SCN-1872,PRICE_DIFFERENCE,TXN-A-001812,TXN-B-001772,TXN-A-001812-L3638,TXN-B-001772-L3639,EXACT_PRIMARY_ID,PRICE_DIFFERENCE,Y,Unit price variance between sources
SCN-1873,PRICE_DIFFERENCE,TXN-A-001813,TXN-B-001773,TXN-A-001813-L3640,TXN-B-001773-L3641,EXACT_PRIMARY_ID,PRICE_DIFFERENCE,Y,Unit price variance between sources
SCN-1874,PRICE_DIFFERENCE,TXN-A-001814,TXN-B-001774,TXN-A-001814-L3642,TXN-B-001774-L3643,EXACT_PRIMARY_ID,PRICE_DIFFERENCE,Y,Unit price variance between sources
SCN-1875,PRICE_DIFFERENCE,TXN-A-001815,TXN-B-001775,TXN-A-001815-L3644,TXN-B-001775-L3645,EXACT_PRIMARY_ID,PRICE_DIFFERENCE,Y,Unit price variance between sources
SCN-1876,PRICE_DIFFERENCE,TXN-A-001816,TXN-B-001776,TXN-A-001816-L3646,TXN-B-001776-L3647,EXACT_PRIMARY_ID,PRICE_DIFFERENCE,Y,Unit price variance between sources
SCN-1877,PRICE_DIFFERENCE,TXN-A-001817,TXN-B-001777,TXN-A-001817-L3648,TXN-B-001777-L3649,EXACT_PRIMARY_ID,PRICE_DIFFERENCE,Y,Unit price variance between sources
SCN-1878,PRICE_DIFFERENCE,TXN-A-001818,TXN-B-001778,TXN-A-001818-L3650,TXN-B-001778-L3651,EXACT_PRIMARY_ID,PRICE_DIFFERENCE,Y,Unit price variance between sources
SCN-1879,PRICE_DIFFERENCE,TXN-A-001819,TXN-B-001779,TXN-A-001819-L3652,TXN-B-001779-L3653,EXACT_PRIMARY_ID,PRICE_DIFFERENCE,Y,Unit price variance between sources
SCN-1880,PRICE_DIFFERENCE,TXN-A-001820,TXN-B-001780,TXN-A-001820-L3654,TXN-B-001780-L3655,EXACT_PRIMARY_ID,PRICE_DIFFERENCE,Y,Unit price variance between sources
SCN-1881,PRICE_DIFFERENCE,TXN-A-001821,TXN-B-001781,TXN-A-001821-L3656,TXN-B-001781-L3657,EXACT_PRIMARY_ID,PRICE_DIFFERENCE,Y,Unit price variance between sources
SCN-1882,PRICE_DIFFERENCE,TXN-A-001822,TXN-B-001782,TXN-A-001822-L3658,TXN-B-001782-L3659,EXACT_PRIMARY_ID,PRICE_DIFFERENCE,Y,Unit price variance between sources
SCN-1883,PRICE_DIFFERENCE,TXN-A-001823,TXN-B-001783,TXN-A-001823-L3660,TXN-B-001783-L3661,EXACT_PRIMARY_ID,PRICE_DIFFERENCE,Y,Unit price variance between sources
SCN-1884,PRICE_DIFFERENCE,TXN-A-001824,TXN-B-001784,TXN-A-001824-L3662,TXN-B-001784-L3663,EXACT_PRIMARY_ID,PRICE_DIFFERENCE,Y,Unit price variance between sources
SCN-1885,PRICE_DIFFERENCE,TXN-A-001825,TXN-B-001785,TXN-A-001825-L3664,TXN-B-001785-L3665,EXACT_PRIMARY_ID,PRICE_DIFFERENCE,Y,Unit price variance between sources
SCN-1886,PRICE_DIFFERENCE,TXN-A-001826,TXN-B-001786,TXN-A-001826-L3666,TXN-B-001786-L3667,EXACT_PRIMARY_ID,PRICE_DIFFERENCE,Y,Unit price variance between sources
SCN-1887,PRICE_DIFFERENCE,TXN-A-001827,TXN-B-001787,TXN-A-001827-L3668,TXN-B-001787-L3669,EXACT_PRIMARY_ID,PRICE_DIFFERENCE,Y,Unit price variance between sources
SCN-1888,PRICE_DIFFERENCE,TXN-A-001828,TXN-B-001788,TXN-A-001828-L3670,TXN-B-001788-L3671,EXACT_PRIMARY_ID,PRICE_DIFFERENCE,Y,Unit price variance between sources
SCN-1889,PRICE_DIFFERENCE,TXN-A-001829,TXN-B-001789,TXN-A-001829-L3672,TXN-B-001789-L3673,EXACT_PRIMARY_ID,PRICE_DIFFERENCE,Y,Unit price variance between sources
SCN-1890,PRICE_DIFFERENCE,TXN-A-001830,TXN-B-001790,TXN-A-001830-L3674,TXN-B-001790-L3675,EXACT_PRIMARY_ID,PRICE_DIFFERENCE,Y,Unit price variance between sources
SCN-1891,AMOUNT_DIFFERENCE,TXN-A-001831,TXN-B-001791,TXN-A-001831-L3676,TXN-B-001791-L3677,EXACT_PRIMARY_ID,AMOUNT_DIFFERENCE,Y,Amount variance between sources
SCN-1892,AMOUNT_DIFFERENCE,TXN-A-001832,TXN-B-001792,TXN-A-001832-L3678,TXN-B-001792-L3679,EXACT_PRIMARY_ID,AMOUNT_DIFFERENCE,Y,Amount variance between sources
SCN-1893,AMOUNT_DIFFERENCE,TXN-A-001833,TXN-B-001793,TXN-A-001833-L3680,TXN-B-001793-L3681,EXACT_PRIMARY_ID,AMOUNT_DIFFERENCE,Y,Amount variance between sources
SCN-1894,AMOUNT_DIFFERENCE,TXN-A-001834,TXN-B-001794,TXN-A-001834-L3682,TXN-B-001794-L3683,EXACT_PRIMARY_ID,AMOUNT_DIFFERENCE,Y,Amount variance between sources
SCN-1895,AMOUNT_DIFFERENCE,TXN-A-001835,TXN-B-001795,TXN-A-001835-L3684,TXN-B-001795-L3685,EXACT_PRIMARY_ID,AMOUNT_DIFFERENCE,Y,Amount variance between sources
SCN-1896,AMOUNT_DIFFERENCE,TXN-A-001836,TXN-B-001796,TXN-A-001836-L3686,TXN-B-001796-L3687,EXACT_PRIMARY_ID,AMOUNT_DIFFERENCE,Y,Amount variance between sources
SCN-1897,AMOUNT_DIFFERENCE,TXN-A-001837,TXN-B-001797,TXN-A-001837-L3688,TXN-B-001797-L3689,EXACT_PRIMARY_ID,AMOUNT_DIFFERENCE,Y,Amount variance between sources
SCN-1898,AMOUNT_DIFFERENCE,TXN-A-001838,TXN-B-001798,TXN-A-001838-L3690,TXN-B-001798-L3691,EXACT_PRIMARY_ID,AMOUNT_DIFFERENCE,Y,Amount variance between sources
SCN-1899,AMOUNT_DIFFERENCE,TXN-A-001839,TXN-B-001799,TXN-A-001839-L3692,TXN-B-001799-L3693,EXACT_PRIMARY_ID,AMOUNT_DIFFERENCE,Y,Amount variance between sources
SCN-1900,AMOUNT_DIFFERENCE,TXN-A-001840,TXN-B-001800,TXN-A-001840-L3694,TXN-B-001800-L3695,EXACT_PRIMARY_ID,AMOUNT_DIFFERENCE,Y,Amount variance between sources
SCN-1901,AMOUNT_DIFFERENCE,TXN-A-001841,TXN-B-001801,TXN-A-001841-L3696,TXN-B-001801-L3697,EXACT_PRIMARY_ID,AMOUNT_DIFFERENCE,Y,Amount variance between sources
SCN-1902,AMOUNT_DIFFERENCE,TXN-A-001842,TXN-B-001802,TXN-A-001842-L3698,TXN-B-001802-L3699,EXACT_PRIMARY_ID,AMOUNT_DIFFERENCE,Y,Amount variance between sources
SCN-1903,AMOUNT_DIFFERENCE,TXN-A-001843,TXN-B-001803,TXN-A-001843-L3700,TXN-B-001803-L3701,EXACT_PRIMARY_ID,AMOUNT_DIFFERENCE,Y,Amount variance between sources
SCN-1904,AMOUNT_DIFFERENCE,TXN-A-001844,TXN-B-001804,TXN-A-001844-L3702,TXN-B-001804-L3703,EXACT_PRIMARY_ID,AMOUNT_DIFFERENCE,Y,Amount variance between sources
SCN-1905,AMOUNT_DIFFERENCE,TXN-A-001845,TXN-B-001805,TXN-A-001845-L3704,TXN-B-001805-L3705,EXACT_PRIMARY_ID,AMOUNT_DIFFERENCE,Y,Amount variance between sources
SCN-1906,AMOUNT_DIFFERENCE,TXN-A-001846,TXN-B-001806,TXN-A-001846-L3706,TXN-B-001806-L3707,EXACT_PRIMARY_ID,AMOUNT_DIFFERENCE,Y,Amount variance between sources
SCN-1907,AMOUNT_DIFFERENCE,TXN-A-001847,TXN-B-001807,TXN-A-001847-L3708,TXN-B-001807-L3709,EXACT_PRIMARY_ID,AMOUNT_DIFFERENCE,Y,Amount variance between sources
SCN-1908,AMOUNT_DIFFERENCE,TXN-A-001848,TXN-B-001808,TXN-A-001848-L3710,TXN-B-001808-L3711,EXACT_PRIMARY_ID,AMOUNT_DIFFERENCE,Y,Amount variance between sources
SCN-1909,AMOUNT_DIFFERENCE,TXN-A-001849,TXN-B-001809,TXN-A-001849-L3712,TXN-B-001809-L3713,EXACT_PRIMARY_ID,AMOUNT_DIFFERENCE,Y,Amount variance between sources
SCN-1910,AMOUNT_DIFFERENCE,TXN-A-001850,TXN-B-001810,TXN-A-001850-L3714,TXN-B-001810-L3715,EXACT_PRIMARY_ID,AMOUNT_DIFFERENCE,Y,Amount variance between sources
SCN-1911,AMOUNT_DIFFERENCE,TXN-A-001851,TXN-B-001811,TXN-A-001851-L3716,TXN-B-001811-L3717,EXACT_PRIMARY_ID,AMOUNT_DIFFERENCE,Y,Amount variance between sources
SCN-1912,AMOUNT_DIFFERENCE,TXN-A-001852,TXN-B-001812,TXN-A-001852-L3718,TXN-B-001812-L3719,EXACT_PRIMARY_ID,AMOUNT_DIFFERENCE,Y,Amount variance between sources
SCN-1913,AMOUNT_DIFFERENCE,TXN-A-001853,TXN-B-001813,TXN-A-001853-L3720,TXN-B-001813-L3721,EXACT_PRIMARY_ID,AMOUNT_DIFFERENCE,Y,Amount variance between sources
SCN-1914,AMOUNT_DIFFERENCE,TXN-A-001854,TXN-B-001814,TXN-A-001854-L3722,TXN-B-001814-L3723,EXACT_PRIMARY_ID,AMOUNT_DIFFERENCE,Y,Amount variance between sources
SCN-1915,AMOUNT_DIFFERENCE,TXN-A-001855,TXN-B-001815,TXN-A-001855-L3724,TXN-B-001815-L3725,EXACT_PRIMARY_ID,AMOUNT_DIFFERENCE,Y,Amount variance between sources
SCN-1916,AMOUNT_DIFFERENCE,TXN-A-001856,TXN-B-001816,TXN-A-001856-L3726,TXN-B-001816-L3727,EXACT_PRIMARY_ID,AMOUNT_DIFFERENCE,Y,Amount variance between sources
SCN-1917,AMOUNT_DIFFERENCE,TXN-A-001857,TXN-B-001817,TXN-A-001857-L3728,TXN-B-001817-L3729,EXACT_PRIMARY_ID,AMOUNT_DIFFERENCE,Y,Amount variance between sources
SCN-1918,AMOUNT_DIFFERENCE,TXN-A-001858,TXN-B-001818,TXN-A-001858-L3730,TXN-B-001818-L3731,EXACT_PRIMARY_ID,AMOUNT_DIFFERENCE,Y,Amount variance between sources
SCN-1919,AMOUNT_DIFFERENCE,TXN-A-001859,TXN-B-001819,TXN-A-001859-L3732,TXN-B-001819-L3733,EXACT_PRIMARY_ID,AMOUNT_DIFFERENCE,Y,Amount variance between sources
SCN-1920,AMOUNT_DIFFERENCE,TXN-A-001860,TXN-B-001820,TXN-A-001860-L3734,TXN-B-001820-L3735,EXACT_PRIMARY_ID,AMOUNT_DIFFERENCE,Y,Amount variance between sources
SCN-1921,AMOUNT_DIFFERENCE,TXN-A-001861,TXN-B-001821,TXN-A-001861-L3736,TXN-B-001821-L3737,EXACT_PRIMARY_ID,AMOUNT_DIFFERENCE,Y,Amount variance between sources
SCN-1922,AMOUNT_DIFFERENCE,TXN-A-001862,TXN-B-001822,TXN-A-001862-L3738,TXN-B-001822-L3739,EXACT_PRIMARY_ID,AMOUNT_DIFFERENCE,Y,Amount variance between sources
SCN-1923,AMOUNT_DIFFERENCE,TXN-A-001863,TXN-B-001823,TXN-A-001863-L3740,TXN-B-001823-L3741,EXACT_PRIMARY_ID,AMOUNT_DIFFERENCE,Y,Amount variance between sources
SCN-1924,AMOUNT_DIFFERENCE,TXN-A-001864,TXN-B-001824,TXN-A-001864-L3742,TXN-B-001824-L3743,EXACT_PRIMARY_ID,AMOUNT_DIFFERENCE,Y,Amount variance between sources
SCN-1925,AMOUNT_DIFFERENCE,TXN-A-001865,TXN-B-001825,TXN-A-001865-L3744,TXN-B-001825-L3745,EXACT_PRIMARY_ID,AMOUNT_DIFFERENCE,Y,Amount variance between sources
SCN-1926,AMOUNT_DIFFERENCE,TXN-A-001866,TXN-B-001826,TXN-A-001866-L3746,TXN-B-001826-L3747,EXACT_PRIMARY_ID,AMOUNT_DIFFERENCE,Y,Amount variance between sources
SCN-1927,AMOUNT_DIFFERENCE,TXN-A-001867,TXN-B-001827,TXN-A-001867-L3748,TXN-B-001827-L3749,EXACT_PRIMARY_ID,AMOUNT_DIFFERENCE,Y,Amount variance between sources
SCN-1928,AMOUNT_DIFFERENCE,TXN-A-001868,TXN-B-001828,TXN-A-001868-L3750,TXN-B-001828-L3751,EXACT_PRIMARY_ID,AMOUNT_DIFFERENCE,Y,Amount variance between sources
SCN-1929,AMOUNT_DIFFERENCE,TXN-A-001869,TXN-B-001829,TXN-A-001869-L3752,TXN-B-001829-L3753,EXACT_PRIMARY_ID,AMOUNT_DIFFERENCE,Y,Amount variance between sources
SCN-1930,AMOUNT_DIFFERENCE,TXN-A-001870,TXN-B-001830,TXN-A-001870-L3754,TXN-B-001830-L3755,EXACT_PRIMARY_ID,AMOUNT_DIFFERENCE,Y,Amount variance between sources
SCN-1931,AMOUNT_DIFFERENCE,TXN-A-001871,TXN-B-001831,TXN-A-001871-L3756,TXN-B-001831-L3757,EXACT_PRIMARY_ID,AMOUNT_DIFFERENCE,Y,Amount variance between sources
SCN-1932,AMOUNT_DIFFERENCE,TXN-A-001872,TXN-B-001832,TXN-A-001872-L3758,TXN-B-001832-L3759,EXACT_PRIMARY_ID,AMOUNT_DIFFERENCE,Y,Amount variance between sources
SCN-1933,AMOUNT_DIFFERENCE,TXN-A-001873,TXN-B-001833,TXN-A-001873-L3760,TXN-B-001833-L3761,EXACT_PRIMARY_ID,AMOUNT_DIFFERENCE,Y,Amount variance between sources
SCN-1934,AMOUNT_DIFFERENCE,TXN-A-001874,TXN-B-001834,TXN-A-001874-L3762,TXN-B-001834-L3763,EXACT_PRIMARY_ID,AMOUNT_DIFFERENCE,Y,Amount variance between sources
SCN-1935,AMOUNT_DIFFERENCE,TXN-A-001875,TXN-B-001835,TXN-A-001875-L3764,TXN-B-001835-L3765,EXACT_PRIMARY_ID,AMOUNT_DIFFERENCE,Y,Amount variance between sources
SCN-1936,AMOUNT_DIFFERENCE,TXN-A-001876,TXN-B-001836,TXN-A-001876-L3766,TXN-B-001836-L3767,EXACT_PRIMARY_ID,AMOUNT_DIFFERENCE,Y,Amount variance between sources
SCN-1937,AMOUNT_DIFFERENCE,TXN-A-001877,TXN-B-001837,TXN-A-001877-L3768,TXN-B-001837-L3769,EXACT_PRIMARY_ID,AMOUNT_DIFFERENCE,Y,Amount variance between sources
SCN-1938,AMOUNT_DIFFERENCE,TXN-A-001878,TXN-B-001838,TXN-A-001878-L3770,TXN-B-001838-L3771,EXACT_PRIMARY_ID,AMOUNT_DIFFERENCE,Y,Amount variance between sources
SCN-1939,AMOUNT_DIFFERENCE,TXN-A-001879,TXN-B-001839,TXN-A-001879-L3772,TXN-B-001839-L3773,EXACT_PRIMARY_ID,AMOUNT_DIFFERENCE,Y,Amount variance between sources
SCN-1940,AMOUNT_DIFFERENCE,TXN-A-001880,TXN-B-001840,TXN-A-001880-L3774,TXN-B-001840-L3775,EXACT_PRIMARY_ID,AMOUNT_DIFFERENCE,Y,Amount variance between sources
SCN-1941,QUANTITY_AND_AMOUNT_DIFFERENCE,TXN-A-001881,TXN-B-001841,TXN-A-001881-L3776,TXN-B-001841-L3777,EXACT_PRIMARY_ID,QUANTITY_AND_AMOUNT_DIFFERENCE,Y,Both quantity and amount differ
SCN-1942,QUANTITY_AND_AMOUNT_DIFFERENCE,TXN-A-001882,TXN-B-001842,TXN-A-001882-L3778,TXN-B-001842-L3779,EXACT_PRIMARY_ID,QUANTITY_AND_AMOUNT_DIFFERENCE,Y,Both quantity and amount differ
SCN-1943,QUANTITY_AND_AMOUNT_DIFFERENCE,TXN-A-001883,TXN-B-001843,TXN-A-001883-L3780,TXN-B-001843-L3781,EXACT_PRIMARY_ID,QUANTITY_AND_AMOUNT_DIFFERENCE,Y,Both quantity and amount differ
SCN-1944,QUANTITY_AND_AMOUNT_DIFFERENCE,TXN-A-001884,TXN-B-001844,TXN-A-001884-L3782,TXN-B-001844-L3783,EXACT_PRIMARY_ID,QUANTITY_AND_AMOUNT_DIFFERENCE,Y,Both quantity and amount differ
SCN-1945,QUANTITY_AND_AMOUNT_DIFFERENCE,TXN-A-001885,TXN-B-001845,TXN-A-001885-L3784,TXN-B-001845-L3785,EXACT_PRIMARY_ID,QUANTITY_AND_AMOUNT_DIFFERENCE,Y,Both quantity and amount differ
SCN-1946,QUANTITY_AND_AMOUNT_DIFFERENCE,TXN-A-001886,TXN-B-001846,TXN-A-001886-L3786,TXN-B-001846-L3787,EXACT_PRIMARY_ID,QUANTITY_AND_AMOUNT_DIFFERENCE,Y,Both quantity and amount differ
SCN-1947,QUANTITY_AND_AMOUNT_DIFFERENCE,TXN-A-001887,TXN-B-001847,TXN-A-001887-L3788,TXN-B-001847-L3789,EXACT_PRIMARY_ID,QUANTITY_AND_AMOUNT_DIFFERENCE,Y,Both quantity and amount differ
SCN-1948,QUANTITY_AND_AMOUNT_DIFFERENCE,TXN-A-001888,TXN-B-001848,TXN-A-001888-L3790,TXN-B-001848-L3791,EXACT_PRIMARY_ID,QUANTITY_AND_AMOUNT_DIFFERENCE,Y,Both quantity and amount differ
SCN-1949,QUANTITY_AND_AMOUNT_DIFFERENCE,TXN-A-001889,TXN-B-001849,TXN-A-001889-L3792,TXN-B-001849-L3793,EXACT_PRIMARY_ID,QUANTITY_AND_AMOUNT_DIFFERENCE,Y,Both quantity and amount differ
SCN-1950,QUANTITY_AND_AMOUNT_DIFFERENCE,TXN-A-001890,TXN-B-001850,TXN-A-001890-L3794,TXN-B-001850-L3795,EXACT_PRIMARY_ID,QUANTITY_AND_AMOUNT_DIFFERENCE,Y,Both quantity and amount differ
SCN-1951,QUANTITY_AND_AMOUNT_DIFFERENCE,TXN-A-001891,TXN-B-001851,TXN-A-001891-L3796,TXN-B-001851-L3797,EXACT_PRIMARY_ID,QUANTITY_AND_AMOUNT_DIFFERENCE,Y,Both quantity and amount differ
SCN-1952,QUANTITY_AND_AMOUNT_DIFFERENCE,TXN-A-001892,TXN-B-001852,TXN-A-001892-L3798,TXN-B-001852-L3799,EXACT_PRIMARY_ID,QUANTITY_AND_AMOUNT_DIFFERENCE,Y,Both quantity and amount differ
SCN-1953,QUANTITY_AND_AMOUNT_DIFFERENCE,TXN-A-001893,TXN-B-001853,TXN-A-001893-L3800,TXN-B-001853-L3801,EXACT_PRIMARY_ID,QUANTITY_AND_AMOUNT_DIFFERENCE,Y,Both quantity and amount differ
SCN-1954,QUANTITY_AND_AMOUNT_DIFFERENCE,TXN-A-001894,TXN-B-001854,TXN-A-001894-L3802,TXN-B-001854-L3803,EXACT_PRIMARY_ID,QUANTITY_AND_AMOUNT_DIFFERENCE,Y,Both quantity and amount differ
SCN-1955,QUANTITY_AND_AMOUNT_DIFFERENCE,TXN-A-001895,TXN-B-001855,TXN-A-001895-L3804,TXN-B-001855-L3805,EXACT_PRIMARY_ID,QUANTITY_AND_AMOUNT_DIFFERENCE,Y,Both quantity and amount differ
SCN-1956,QUANTITY_AND_AMOUNT_DIFFERENCE,TXN-A-001896,TXN-B-001856,TXN-A-001896-L3806,TXN-B-001856-L3807,EXACT_PRIMARY_ID,QUANTITY_AND_AMOUNT_DIFFERENCE,Y,Both quantity and amount differ
SCN-1957,QUANTITY_AND_AMOUNT_DIFFERENCE,TXN-A-001897,TXN-B-001857,TXN-A-001897-L3808,TXN-B-001857-L3809,EXACT_PRIMARY_ID,QUANTITY_AND_AMOUNT_DIFFERENCE,Y,Both quantity and amount differ
SCN-1958,QUANTITY_AND_AMOUNT_DIFFERENCE,TXN-A-001898,TXN-B-001858,TXN-A-001898-L3810,TXN-B-001858-L3811,EXACT_PRIMARY_ID,QUANTITY_AND_AMOUNT_DIFFERENCE,Y,Both quantity and amount differ
SCN-1959,QUANTITY_AND_AMOUNT_DIFFERENCE,TXN-A-001899,TXN-B-001859,TXN-A-001899-L3812,TXN-B-001859-L3813,EXACT_PRIMARY_ID,QUANTITY_AND_AMOUNT_DIFFERENCE,Y,Both quantity and amount differ
SCN-1960,QUANTITY_AND_AMOUNT_DIFFERENCE,TXN-A-001900,TXN-B-001860,TXN-A-001900-L3814,TXN-B-001860-L3815,EXACT_PRIMARY_ID,QUANTITY_AND_AMOUNT_DIFFERENCE,Y,Both quantity and amount differ
SCN-1961,QUANTITY_AND_AMOUNT_DIFFERENCE,TXN-A-001901,TXN-B-001861,TXN-A-001901-L3816,TXN-B-001861-L3817,EXACT_PRIMARY_ID,QUANTITY_AND_AMOUNT_DIFFERENCE,Y,Both quantity and amount differ
SCN-1962,QUANTITY_AND_AMOUNT_DIFFERENCE,TXN-A-001902,TXN-B-001862,TXN-A-001902-L3818,TXN-B-001862-L3819,EXACT_PRIMARY_ID,QUANTITY_AND_AMOUNT_DIFFERENCE,Y,Both quantity and amount differ
SCN-1963,QUANTITY_AND_AMOUNT_DIFFERENCE,TXN-A-001903,TXN-B-001863,TXN-A-001903-L3820,TXN-B-001863-L3821,EXACT_PRIMARY_ID,QUANTITY_AND_AMOUNT_DIFFERENCE,Y,Both quantity and amount differ
SCN-1964,QUANTITY_AND_AMOUNT_DIFFERENCE,TXN-A-001904,TXN-B-001864,TXN-A-001904-L3822,TXN-B-001864-L3823,EXACT_PRIMARY_ID,QUANTITY_AND_AMOUNT_DIFFERENCE,Y,Both quantity and amount differ
SCN-1965,QUANTITY_AND_AMOUNT_DIFFERENCE,TXN-A-001905,TXN-B-001865,TXN-A-001905-L3824,TXN-B-001865-L3825,EXACT_PRIMARY_ID,QUANTITY_AND_AMOUNT_DIFFERENCE,Y,Both quantity and amount differ
SCN-1966,QUANTITY_AND_AMOUNT_DIFFERENCE,TXN-A-001906,TXN-B-001866,TXN-A-001906-L3826,TXN-B-001866-L3827,EXACT_PRIMARY_ID,QUANTITY_AND_AMOUNT_DIFFERENCE,Y,Both quantity and amount differ
SCN-1967,QUANTITY_AND_AMOUNT_DIFFERENCE,TXN-A-001907,TXN-B-001867,TXN-A-001907-L3828,TXN-B-001867-L3829,EXACT_PRIMARY_ID,QUANTITY_AND_AMOUNT_DIFFERENCE,Y,Both quantity and amount differ
SCN-1968,QUANTITY_AND_AMOUNT_DIFFERENCE,TXN-A-001908,TXN-B-001868,TXN-A-001908-L3830,TXN-B-001868-L3831,EXACT_PRIMARY_ID,QUANTITY_AND_AMOUNT_DIFFERENCE,Y,Both quantity and amount differ
SCN-1969,QUANTITY_AND_AMOUNT_DIFFERENCE,TXN-A-001909,TXN-B-001869,TXN-A-001909-L3832,TXN-B-001869-L3833,EXACT_PRIMARY_ID,QUANTITY_AND_AMOUNT_DIFFERENCE,Y,Both quantity and amount differ
SCN-1970,QUANTITY_AND_AMOUNT_DIFFERENCE,TXN-A-001910,TXN-B-001870,TXN-A-001910-L3834,TXN-B-001870-L3835,EXACT_PRIMARY_ID,QUANTITY_AND_AMOUNT_DIFFERENCE,Y,Both quantity and amount differ
SCN-1971,QUANTITY_AND_AMOUNT_DIFFERENCE,TXN-A-001911,TXN-B-001871,TXN-A-001911-L3836,TXN-B-001871-L3837,EXACT_PRIMARY_ID,QUANTITY_AND_AMOUNT_DIFFERENCE,Y,Both quantity and amount differ
SCN-1972,QUANTITY_AND_AMOUNT_DIFFERENCE,TXN-A-001912,TXN-B-001872,TXN-A-001912-L3838,TXN-B-001872-L3839,EXACT_PRIMARY_ID,QUANTITY_AND_AMOUNT_DIFFERENCE,Y,Both quantity and amount differ
SCN-1973,QUANTITY_AND_AMOUNT_DIFFERENCE,TXN-A-001913,TXN-B-001873,TXN-A-001913-L3840,TXN-B-001873-L3841,EXACT_PRIMARY_ID,QUANTITY_AND_AMOUNT_DIFFERENCE,Y,Both quantity and amount differ
SCN-1974,QUANTITY_AND_AMOUNT_DIFFERENCE,TXN-A-001914,TXN-B-001874,TXN-A-001914-L3842,TXN-B-001874-L3843,EXACT_PRIMARY_ID,QUANTITY_AND_AMOUNT_DIFFERENCE,Y,Both quantity and amount differ
SCN-1975,QUANTITY_AND_AMOUNT_DIFFERENCE,TXN-A-001915,TXN-B-001875,TXN-A-001915-L3844,TXN-B-001875-L3845,EXACT_PRIMARY_ID,QUANTITY_AND_AMOUNT_DIFFERENCE,Y,Both quantity and amount differ
SCN-1976,QUANTITY_AND_AMOUNT_DIFFERENCE,TXN-A-001916,TXN-B-001876,TXN-A-001916-L3846,TXN-B-001876-L3847,EXACT_PRIMARY_ID,QUANTITY_AND_AMOUNT_DIFFERENCE,Y,Both quantity and amount differ
SCN-1977,QUANTITY_AND_AMOUNT_DIFFERENCE,TXN-A-001917,TXN-B-001877,TXN-A-001917-L3848,TXN-B-001877-L3849,EXACT_PRIMARY_ID,QUANTITY_AND_AMOUNT_DIFFERENCE,Y,Both quantity and amount differ
SCN-1978,QUANTITY_AND_AMOUNT_DIFFERENCE,TXN-A-001918,TXN-B-001878,TXN-A-001918-L3850,TXN-B-001878-L3851,EXACT_PRIMARY_ID,QUANTITY_AND_AMOUNT_DIFFERENCE,Y,Both quantity and amount differ
SCN-1979,QUANTITY_AND_AMOUNT_DIFFERENCE,TXN-A-001919,TXN-B-001879,TXN-A-001919-L3852,TXN-B-001879-L3853,EXACT_PRIMARY_ID,QUANTITY_AND_AMOUNT_DIFFERENCE,Y,Both quantity and amount differ
SCN-1980,QUANTITY_AND_AMOUNT_DIFFERENCE,TXN-A-001920,TXN-B-001880,TXN-A-001920-L3854,TXN-B-001880-L3855,EXACT_PRIMARY_ID,QUANTITY_AND_AMOUNT_DIFFERENCE,Y,Both quantity and amount differ
SCN-1981,CREDIT,TXN-A-001921,TXN-B-001881,TXN-A-001921-L3856,TXN-B-001881-L3857,EXACT_PRIMARY_ID,CREDIT,N,Credit transaction
SCN-1982,CREDIT,TXN-A-001922,TXN-B-001882,TXN-A-001922-L3858,TXN-B-001882-L3859,EXACT_PRIMARY_ID,CREDIT,N,Credit transaction
SCN-1983,CREDIT,TXN-A-001923,TXN-B-001883,TXN-A-001923-L3860,TXN-B-001883-L3861,EXACT_PRIMARY_ID,CREDIT,N,Credit transaction
SCN-1984,CREDIT,TXN-A-001924,TXN-B-001884,TXN-A-001924-L3862,TXN-B-001884-L3863,EXACT_PRIMARY_ID,CREDIT,N,Credit transaction
SCN-1985,CREDIT,TXN-A-001925,TXN-B-001885,TXN-A-001925-L3864,TXN-B-001885-L3865,EXACT_PRIMARY_ID,CREDIT,N,Credit transaction
SCN-1986,CREDIT,TXN-A-001926,TXN-B-001886,TXN-A-001926-L3866,TXN-B-001886-L3867,EXACT_PRIMARY_ID,CREDIT,N,Credit transaction
SCN-1987,CREDIT,TXN-A-001927,TXN-B-001887,TXN-A-001927-L3868,TXN-B-001887-L3869,EXACT_PRIMARY_ID,CREDIT,N,Credit transaction
SCN-1988,CREDIT,TXN-A-001928,TXN-B-001888,TXN-A-001928-L3870,TXN-B-001888-L3871,EXACT_PRIMARY_ID,CREDIT,N,Credit transaction
SCN-1989,CREDIT,TXN-A-001929,TXN-B-001889,TXN-A-001929-L3872,TXN-B-001889-L3873,EXACT_PRIMARY_ID,CREDIT,N,Credit transaction
SCN-1990,CREDIT,TXN-A-001930,TXN-B-001890,TXN-A-001930-L3874,TXN-B-001890-L3875,EXACT_PRIMARY_ID,CREDIT,N,Credit transaction
SCN-1991,CREDIT,TXN-A-001931,TXN-B-001891,TXN-A-001931-L3876,TXN-B-001891-L3877,EXACT_PRIMARY_ID,CREDIT,N,Credit transaction
SCN-1992,CREDIT,TXN-A-001932,TXN-B-001892,TXN-A-001932-L3878,TXN-B-001892-L3879,EXACT_PRIMARY_ID,CREDIT,N,Credit transaction
SCN-1993,CREDIT,TXN-A-001933,TXN-B-001893,TXN-A-001933-L3880,TXN-B-001893-L3881,EXACT_PRIMARY_ID,CREDIT,N,Credit transaction
SCN-1994,CREDIT,TXN-A-001934,TXN-B-001894,TXN-A-001934-L3882,TXN-B-001894-L3883,EXACT_PRIMARY_ID,CREDIT,N,Credit transaction
SCN-1995,CREDIT,TXN-A-001935,TXN-B-001895,TXN-A-001935-L3884,TXN-B-001895-L3885,EXACT_PRIMARY_ID,CREDIT,N,Credit transaction
SCN-1996,CREDIT,TXN-A-001936,TXN-B-001896,TXN-A-001936-L3886,TXN-B-001896-L3887,EXACT_PRIMARY_ID,CREDIT,N,Credit transaction
SCN-1997,CREDIT,TXN-A-001937,TXN-B-001897,TXN-A-001937-L3888,TXN-B-001897-L3889,EXACT_PRIMARY_ID,CREDIT,N,Credit transaction
SCN-1998,CREDIT,TXN-A-001938,TXN-B-001898,TXN-A-001938-L3890,TXN-B-001898-L3891,EXACT_PRIMARY_ID,CREDIT,N,Credit transaction
SCN-1999,CREDIT,TXN-A-001939,TXN-B-001899,TXN-A-001939-L3892,TXN-B-001899-L3893,EXACT_PRIMARY_ID,CREDIT,N,Credit transaction
SCN-2000,CREDIT,TXN-A-001940,TXN-B-001900,TXN-A-001940-L3894,TXN-B-001900-L3895,EXACT_PRIMARY_ID,CREDIT,N,Credit transaction
SCN-2001,CREDIT,TXN-A-001941,TXN-B-001901,TXN-A-001941-L3896,TXN-B-001901-L3897,EXACT_PRIMARY_ID,CREDIT,N,Credit transaction
SCN-2002,CREDIT,TXN-A-001942,TXN-B-001902,TXN-A-001942-L3898,TXN-B-001902-L3899,EXACT_PRIMARY_ID,CREDIT,N,Credit transaction
SCN-2003,CREDIT,TXN-A-001943,TXN-B-001903,TXN-A-001943-L3900,TXN-B-001903-L3901,EXACT_PRIMARY_ID,CREDIT,N,Credit transaction
SCN-2004,CREDIT,TXN-A-001944,TXN-B-001904,TXN-A-001944-L3902,TXN-B-001904-L3903,EXACT_PRIMARY_ID,CREDIT,N,Credit transaction
SCN-2005,CREDIT,TXN-A-001945,TXN-B-001905,TXN-A-001945-L3904,TXN-B-001905-L3905,EXACT_PRIMARY_ID,CREDIT,N,Credit transaction
SCN-2006,CREDIT,TXN-A-001946,TXN-B-001906,TXN-A-001946-L3906,TXN-B-001906-L3907,EXACT_PRIMARY_ID,CREDIT,N,Credit transaction
SCN-2007,CREDIT,TXN-A-001947,TXN-B-001907,TXN-A-001947-L3908,TXN-B-001907-L3909,EXACT_PRIMARY_ID,CREDIT,N,Credit transaction
SCN-2008,CREDIT,TXN-A-001948,TXN-B-001908,TXN-A-001948-L3910,TXN-B-001908-L3911,EXACT_PRIMARY_ID,CREDIT,N,Credit transaction
SCN-2009,CREDIT,TXN-A-001949,TXN-B-001909,TXN-A-001949-L3912,TXN-B-001909-L3913,EXACT_PRIMARY_ID,CREDIT,N,Credit transaction
SCN-2010,CREDIT,TXN-A-001950,TXN-B-001910,TXN-A-001950-L3914,TXN-B-001910-L3915,EXACT_PRIMARY_ID,CREDIT,N,Credit transaction
SCN-2011,CREDIT,TXN-A-001951,TXN-B-001911,TXN-A-001951-L3916,TXN-B-001911-L3917,EXACT_PRIMARY_ID,CREDIT,N,Credit transaction
SCN-2012,CREDIT,TXN-A-001952,TXN-B-001912,TXN-A-001952-L3918,TXN-B-001912-L3919,EXACT_PRIMARY_ID,CREDIT,N,Credit transaction
SCN-2013,CREDIT,TXN-A-001953,TXN-B-001913,TXN-A-001953-L3920,TXN-B-001913-L3921,EXACT_PRIMARY_ID,CREDIT,N,Credit transaction
SCN-2014,CREDIT,TXN-A-001954,TXN-B-001914,TXN-A-001954-L3922,TXN-B-001914-L3923,EXACT_PRIMARY_ID,CREDIT,N,Credit transaction
SCN-2015,CREDIT,TXN-A-001955,TXN-B-001915,TXN-A-001955-L3924,TXN-B-001915-L3925,EXACT_PRIMARY_ID,CREDIT,N,Credit transaction
SCN-2016,CREDIT,TXN-A-001956,TXN-B-001916,TXN-A-001956-L3926,TXN-B-001916-L3927,EXACT_PRIMARY_ID,CREDIT,N,Credit transaction
SCN-2017,CREDIT,TXN-A-001957,TXN-B-001917,TXN-A-001957-L3928,TXN-B-001917-L3929,EXACT_PRIMARY_ID,CREDIT,N,Credit transaction
SCN-2018,CREDIT,TXN-A-001958,TXN-B-001918,TXN-A-001958-L3930,TXN-B-001918-L3931,EXACT_PRIMARY_ID,CREDIT,N,Credit transaction
SCN-2019,CREDIT,TXN-A-001959,TXN-B-001919,TXN-A-001959-L3932,TXN-B-001919-L3933,EXACT_PRIMARY_ID,CREDIT,N,Credit transaction
SCN-2020,CREDIT,TXN-A-001960,TXN-B-001920,TXN-A-001960-L3934,TXN-B-001920-L3935,EXACT_PRIMARY_ID,CREDIT,N,Credit transaction
SCN-2021,CREDIT,TXN-A-001961,TXN-B-001921,TXN-A-001961-L3936,TXN-B-001921-L3937,EXACT_PRIMARY_ID,CREDIT,N,Credit transaction
SCN-2022,CREDIT,TXN-A-001962,TXN-B-001922,TXN-A-001962-L3938,TXN-B-001922-L3939,EXACT_PRIMARY_ID,CREDIT,N,Credit transaction
SCN-2023,CREDIT,TXN-A-001963,TXN-B-001923,TXN-A-001963-L3940,TXN-B-001923-L3941,EXACT_PRIMARY_ID,CREDIT,N,Credit transaction
SCN-2024,CREDIT,TXN-A-001964,TXN-B-001924,TXN-A-001964-L3942,TXN-B-001924-L3943,EXACT_PRIMARY_ID,CREDIT,N,Credit transaction
SCN-2025,CREDIT,TXN-A-001965,TXN-B-001925,TXN-A-001965-L3944,TXN-B-001925-L3945,EXACT_PRIMARY_ID,CREDIT,N,Credit transaction
SCN-2026,REVERSAL,TXN-A-001966,TXN-B-001926,TXN-A-001966-L3946,TXN-B-001926-L3947,EXACT_PRIMARY_ID,REVERSAL,N,Reversal transaction
SCN-2027,REVERSAL,TXN-A-001967,TXN-B-001927,TXN-A-001967-L3948,TXN-B-001927-L3949,EXACT_PRIMARY_ID,REVERSAL,N,Reversal transaction
SCN-2028,REVERSAL,TXN-A-001968,TXN-B-001928,TXN-A-001968-L3950,TXN-B-001928-L3951,EXACT_PRIMARY_ID,REVERSAL,N,Reversal transaction
SCN-2029,REVERSAL,TXN-A-001969,TXN-B-001929,TXN-A-001969-L3952,TXN-B-001929-L3953,EXACT_PRIMARY_ID,REVERSAL,N,Reversal transaction
SCN-2030,REVERSAL,TXN-A-001970,TXN-B-001930,TXN-A-001970-L3954,TXN-B-001930-L3955,EXACT_PRIMARY_ID,REVERSAL,N,Reversal transaction
SCN-2031,REVERSAL,TXN-A-001971,TXN-B-001931,TXN-A-001971-L3956,TXN-B-001931-L3957,EXACT_PRIMARY_ID,REVERSAL,N,Reversal transaction
SCN-2032,REVERSAL,TXN-A-001972,TXN-B-001932,TXN-A-001972-L3958,TXN-B-001932-L3959,EXACT_PRIMARY_ID,REVERSAL,N,Reversal transaction
SCN-2033,REVERSAL,TXN-A-001973,TXN-B-001933,TXN-A-001973-L3960,TXN-B-001933-L3961,EXACT_PRIMARY_ID,REVERSAL,N,Reversal transaction
SCN-2034,REVERSAL,TXN-A-001974,TXN-B-001934,TXN-A-001974-L3962,TXN-B-001934-L3963,EXACT_PRIMARY_ID,REVERSAL,N,Reversal transaction
SCN-2035,REVERSAL,TXN-A-001975,TXN-B-001935,TXN-A-001975-L3964,TXN-B-001935-L3965,EXACT_PRIMARY_ID,REVERSAL,N,Reversal transaction
SCN-2036,REVERSAL,TXN-A-001976,TXN-B-001936,TXN-A-001976-L3966,TXN-B-001936-L3967,EXACT_PRIMARY_ID,REVERSAL,N,Reversal transaction
SCN-2037,REVERSAL,TXN-A-001977,TXN-B-001937,TXN-A-001977-L3968,TXN-B-001937-L3969,EXACT_PRIMARY_ID,REVERSAL,N,Reversal transaction
SCN-2038,REVERSAL,TXN-A-001978,TXN-B-001938,TXN-A-001978-L3970,TXN-B-001938-L3971,EXACT_PRIMARY_ID,REVERSAL,N,Reversal transaction
SCN-2039,REVERSAL,TXN-A-001979,TXN-B-001939,TXN-A-001979-L3972,TXN-B-001939-L3973,EXACT_PRIMARY_ID,REVERSAL,N,Reversal transaction
SCN-2040,REVERSAL,TXN-A-001980,TXN-B-001940,TXN-A-001980-L3974,TXN-B-001940-L3975,EXACT_PRIMARY_ID,REVERSAL,N,Reversal transaction
SCN-2041,REVERSAL,TXN-A-001981,TXN-B-001941,TXN-A-001981-L3976,TXN-B-001941-L3977,EXACT_PRIMARY_ID,REVERSAL,N,Reversal transaction
SCN-2042,REVERSAL,TXN-A-001982,TXN-B-001942,TXN-A-001982-L3978,TXN-B-001942-L3979,EXACT_PRIMARY_ID,REVERSAL,N,Reversal transaction
SCN-2043,REVERSAL,TXN-A-001983,TXN-B-001943,TXN-A-001983-L3980,TXN-B-001943-L3981,EXACT_PRIMARY_ID,REVERSAL,N,Reversal transaction
SCN-2044,REVERSAL,TXN-A-001984,TXN-B-001944,TXN-A-001984-L3982,TXN-B-001944-L3983,EXACT_PRIMARY_ID,REVERSAL,N,Reversal transaction
SCN-2045,REVERSAL,TXN-A-001985,TXN-B-001945,TXN-A-001985-L3984,TXN-B-001945-L3985,EXACT_PRIMARY_ID,REVERSAL,N,Reversal transaction
SCN-2046,REVERSAL,TXN-A-001986,TXN-B-001946,TXN-A-001986-L3986,TXN-B-001946-L3987,EXACT_PRIMARY_ID,REVERSAL,N,Reversal transaction
SCN-2047,REVERSAL,TXN-A-001987,TXN-B-001947,TXN-A-001987-L3988,TXN-B-001947-L3989,EXACT_PRIMARY_ID,REVERSAL,N,Reversal transaction
SCN-2048,REVERSAL,TXN-A-001988,TXN-B-001948,TXN-A-001988-L3990,TXN-B-001948-L3991,EXACT_PRIMARY_ID,REVERSAL,N,Reversal transaction
SCN-2049,REVERSAL,TXN-A-001989,TXN-B-001949,TXN-A-001989-L3992,TXN-B-001949-L3993,EXACT_PRIMARY_ID,REVERSAL,N,Reversal transaction
SCN-2050,REVERSAL,TXN-A-001990,TXN-B-001950,TXN-A-001990-L3994,TXN-B-001950-L3995,EXACT_PRIMARY_ID,REVERSAL,N,Reversal transaction
SCN-2051,REVERSAL,TXN-A-001991,TXN-B-001951,TXN-A-001991-L3996,TXN-B-001951-L3997,EXACT_PRIMARY_ID,REVERSAL,N,Reversal transaction
SCN-2052,REVERSAL,TXN-A-001992,TXN-B-001952,TXN-A-001992-L3998,TXN-B-001952-L3999,EXACT_PRIMARY_ID,REVERSAL,N,Reversal transaction
SCN-2053,REVERSAL,TXN-A-001993,TXN-B-001953,TXN-A-001993-L4000,TXN-B-001953-L4001,EXACT_PRIMARY_ID,REVERSAL,N,Reversal transaction
SCN-2054,REVERSAL,TXN-A-001994,TXN-B-001954,TXN-A-001994-L4002,TXN-B-001954-L4003,EXACT_PRIMARY_ID,REVERSAL,N,Reversal transaction
SCN-2055,REVERSAL,TXN-A-001995,TXN-B-001955,TXN-A-001995-L4004,TXN-B-001955-L4005,EXACT_PRIMARY_ID,REVERSAL,N,Reversal transaction
SCN-2056,REVERSAL,TXN-A-001996,TXN-B-001956,TXN-A-001996-L4006,TXN-B-001956-L4007,EXACT_PRIMARY_ID,REVERSAL,N,Reversal transaction
SCN-2057,REVERSAL,TXN-A-001997,TXN-B-001957,TXN-A-001997-L4008,TXN-B-001957-L4009,EXACT_PRIMARY_ID,REVERSAL,N,Reversal transaction
SCN-2058,REVERSAL,TXN-A-001998,TXN-B-001958,TXN-A-001998-L4010,TXN-B-001958-L4011,EXACT_PRIMARY_ID,REVERSAL,N,Reversal transaction
SCN-2059,REVERSAL,TXN-A-001999,TXN-B-001959,TXN-A-001999-L4012,TXN-B-001959-L4013,EXACT_PRIMARY_ID,REVERSAL,N,Reversal transaction
SCN-2060,REVERSAL,TXN-A-002000,TXN-B-001960,TXN-A-002000-L4014,TXN-B-001960-L4015,EXACT_PRIMARY_ID,REVERSAL,N,Reversal transaction
SCN-2061,DUPLICATE_TRANSACTION_KEY,TXN-A-002001,,TXN-A-002001-L01,,UNMATCHED,DUPLICATE_KEY,Y,Duplicate transaction_id in Source A
SCN-2062,DUPLICATE_TRANSACTION_KEY,TXN-A-002002,,TXN-A-002002-L01,,UNMATCHED,DUPLICATE_KEY,Y,Duplicate transaction_id in Source A
SCN-2063,DUPLICATE_TRANSACTION_KEY,TXN-A-002003,,TXN-A-002003-L01,,UNMATCHED,DUPLICATE_KEY,Y,Duplicate transaction_id in Source A
SCN-2064,DUPLICATE_TRANSACTION_KEY,TXN-A-002004,,TXN-A-002004-L01,,UNMATCHED,DUPLICATE_KEY,Y,Duplicate transaction_id in Source A
SCN-2065,DUPLICATE_TRANSACTION_KEY,TXN-A-002005,,TXN-A-002005-L01,,UNMATCHED,DUPLICATE_KEY,Y,Duplicate transaction_id in Source A
SCN-2066,DUPLICATE_TRANSACTION_KEY,TXN-A-002006,,TXN-A-002006-L01,,UNMATCHED,DUPLICATE_KEY,Y,Duplicate transaction_id in Source A
SCN-2067,DUPLICATE_TRANSACTION_KEY,TXN-A-002007,,TXN-A-002007-L01,,UNMATCHED,DUPLICATE_KEY,Y,Duplicate transaction_id in Source A
SCN-2068,DUPLICATE_TRANSACTION_KEY,TXN-A-002008,,TXN-A-002008-L01,,UNMATCHED,DUPLICATE_KEY,Y,Duplicate transaction_id in Source A
SCN-2069,DUPLICATE_TRANSACTION_KEY,TXN-A-002009,,TXN-A-002009-L01,,UNMATCHED,DUPLICATE_KEY,Y,Duplicate transaction_id in Source A
SCN-2070,DUPLICATE_TRANSACTION_KEY,TXN-A-002010,,TXN-A-002010-L01,,UNMATCHED,DUPLICATE_KEY,Y,Duplicate transaction_id in Source A
SCN-2071,DUPLICATE_TRANSACTION_KEY,TXN-A-002011,,TXN-A-002011-L01,,UNMATCHED,DUPLICATE_KEY,Y,Duplicate transaction_id in Source A
SCN-2072,DUPLICATE_TRANSACTION_KEY,TXN-A-002012,,TXN-A-002012-L01,,UNMATCHED,DUPLICATE_KEY,Y,Duplicate transaction_id in Source A
SCN-2073,DUPLICATE_TRANSACTION_KEY,TXN-A-002013,,TXN-A-002013-L01,,UNMATCHED,DUPLICATE_KEY,Y,Duplicate transaction_id in Source A
SCN-2074,DUPLICATE_TRANSACTION_KEY,TXN-A-002014,,TXN-A-002014-L01,,UNMATCHED,DUPLICATE_KEY,Y,Duplicate transaction_id in Source A
SCN-2075,DUPLICATE_TRANSACTION_KEY,TXN-A-002015,,TXN-A-002015-L01,,UNMATCHED,DUPLICATE_KEY,Y,Duplicate transaction_id in Source A
SCN-2076,DUPLICATE_TRANSACTION_KEY,TXN-A-002016,,TXN-A-002016-L01,,UNMATCHED,DUPLICATE_KEY,Y,Duplicate transaction_id in Source A
SCN-2077,DUPLICATE_TRANSACTION_KEY,TXN-A-002017,,TXN-A-002017-L01,,UNMATCHED,DUPLICATE_KEY,Y,Duplicate transaction_id in Source A
SCN-2078,DUPLICATE_TRANSACTION_KEY,TXN-A-002018,,TXN-A-002018-L01,,UNMATCHED,DUPLICATE_KEY,Y,Duplicate transaction_id in Source A
SCN-2079,DUPLICATE_TRANSACTION_KEY,TXN-A-002019,,TXN-A-002019-L01,,UNMATCHED,DUPLICATE_KEY,Y,Duplicate transaction_id in Source A
SCN-2080,DUPLICATE_TRANSACTION_KEY,TXN-A-002020,,TXN-A-002020-L01,,UNMATCHED,DUPLICATE_KEY,Y,Duplicate transaction_id in Source A
SCN-2081,DUPLICATE_LINE,TXN-A-002021,,TXN-A-002021-L01,,UNMATCHED,DUPLICATE_KEY,Y,Duplicate line_id in Source A
SCN-2082,DUPLICATE_LINE,TXN-A-002022,,TXN-A-002022-L01,,UNMATCHED,DUPLICATE_KEY,Y,Duplicate line_id in Source A
SCN-2083,DUPLICATE_LINE,TXN-A-002023,,TXN-A-002023-L01,,UNMATCHED,DUPLICATE_KEY,Y,Duplicate line_id in Source A
SCN-2084,DUPLICATE_LINE,TXN-A-002024,,TXN-A-002024-L01,,UNMATCHED,DUPLICATE_KEY,Y,Duplicate line_id in Source A
SCN-2085,DUPLICATE_LINE,TXN-A-002025,,TXN-A-002025-L01,,UNMATCHED,DUPLICATE_KEY,Y,Duplicate line_id in Source A
SCN-2086,DUPLICATE_LINE,TXN-A-002026,,TXN-A-002026-L01,,UNMATCHED,DUPLICATE_KEY,Y,Duplicate line_id in Source A
SCN-2087,DUPLICATE_LINE,TXN-A-002027,,TXN-A-002027-L01,,UNMATCHED,DUPLICATE_KEY,Y,Duplicate line_id in Source A
SCN-2088,DUPLICATE_LINE,TXN-A-002028,,TXN-A-002028-L01,,UNMATCHED,DUPLICATE_KEY,Y,Duplicate line_id in Source A
SCN-2089,DUPLICATE_LINE,TXN-A-002029,,TXN-A-002029-L01,,UNMATCHED,DUPLICATE_KEY,Y,Duplicate line_id in Source A
SCN-2090,DUPLICATE_LINE,TXN-A-002030,,TXN-A-002030-L01,,UNMATCHED,DUPLICATE_KEY,Y,Duplicate line_id in Source A
SCN-2091,DUPLICATE_LINE,TXN-A-002031,,TXN-A-002031-L01,,UNMATCHED,DUPLICATE_KEY,Y,Duplicate line_id in Source A
SCN-2092,DUPLICATE_LINE,TXN-A-002032,,TXN-A-002032-L01,,UNMATCHED,DUPLICATE_KEY,Y,Duplicate line_id in Source A
SCN-2093,DUPLICATE_LINE,TXN-A-002033,,TXN-A-002033-L01,,UNMATCHED,DUPLICATE_KEY,Y,Duplicate line_id in Source A
SCN-2094,DUPLICATE_LINE,TXN-A-002034,,TXN-A-002034-L01,,UNMATCHED,DUPLICATE_KEY,Y,Duplicate line_id in Source A
SCN-2095,DUPLICATE_LINE,TXN-A-002035,,TXN-A-002035-L01,,UNMATCHED,DUPLICATE_KEY,Y,Duplicate line_id in Source A
SCN-2096,DUPLICATE_LINE,TXN-A-002036,,TXN-A-002036-L01,,UNMATCHED,DUPLICATE_KEY,Y,Duplicate line_id in Source A
SCN-2097,DUPLICATE_LINE,TXN-A-002037,,TXN-A-002037-L01,,UNMATCHED,DUPLICATE_KEY,Y,Duplicate line_id in Source A
SCN-2098,DUPLICATE_LINE,TXN-A-002038,,TXN-A-002038-L01,,UNMATCHED,DUPLICATE_KEY,Y,Duplicate line_id in Source A
SCN-2099,DUPLICATE_LINE,TXN-A-002039,,TXN-A-002039-L01,,UNMATCHED,DUPLICATE_KEY,Y,Duplicate line_id in Source A
SCN-2100,DUPLICATE_LINE,TXN-A-002040,,TXN-A-002040-L01,,UNMATCHED,DUPLICATE_KEY,Y,Duplicate line_id in Source A
SCN-2101,DUPLICATE_LINE,TXN-A-002041,,TXN-A-002041-L01,,UNMATCHED,DUPLICATE_KEY,Y,Duplicate line_id in Source A
SCN-2102,DUPLICATE_LINE,TXN-A-002042,,TXN-A-002042-L01,,UNMATCHED,DUPLICATE_KEY,Y,Duplicate line_id in Source A
SCN-2103,DUPLICATE_LINE,TXN-A-002043,,TXN-A-002043-L01,,UNMATCHED,DUPLICATE_KEY,Y,Duplicate line_id in Source A
SCN-2104,DUPLICATE_LINE,TXN-A-002044,,TXN-A-002044-L01,,UNMATCHED,DUPLICATE_KEY,Y,Duplicate line_id in Source A
SCN-2105,DUPLICATE_LINE,TXN-A-002045,,TXN-A-002045-L01,,UNMATCHED,DUPLICATE_KEY,Y,Duplicate line_id in Source A
SCN-2106,MISSING_MASTER_RECORD,TXN-A-002046,,TXN-A-002046-L4016,,UNMATCHED,MASTER_DATA_EXCEPTION,Y,Product not found in master data
SCN-2107,MISSING_MASTER_RECORD,TXN-A-002047,,TXN-A-002047-L4017,,UNMATCHED,MASTER_DATA_EXCEPTION,Y,Product not found in master data
SCN-2108,MISSING_MASTER_RECORD,TXN-A-002048,,TXN-A-002048-L4018,,UNMATCHED,MASTER_DATA_EXCEPTION,Y,Product not found in master data
SCN-2109,MISSING_MASTER_RECORD,TXN-A-002049,,TXN-A-002049-L4019,,UNMATCHED,MASTER_DATA_EXCEPTION,Y,Product not found in master data
SCN-2110,MISSING_MASTER_RECORD,TXN-A-002050,,TXN-A-002050-L4020,,UNMATCHED,MASTER_DATA_EXCEPTION,Y,Product not found in master data
SCN-2111,MISSING_MASTER_RECORD,TXN-A-002051,,TXN-A-002051-L4021,,UNMATCHED,MASTER_DATA_EXCEPTION,Y,Product not found in master data
SCN-2112,MISSING_MASTER_RECORD,TXN-A-002052,,TXN-A-002052-L4022,,UNMATCHED,MASTER_DATA_EXCEPTION,Y,Product not found in master data
SCN-2113,MISSING_MASTER_RECORD,TXN-A-002053,,TXN-A-002053-L4023,,UNMATCHED,MASTER_DATA_EXCEPTION,Y,Product not found in master data
SCN-2114,MISSING_MASTER_RECORD,TXN-A-002054,,TXN-A-002054-L4024,,UNMATCHED,MASTER_DATA_EXCEPTION,Y,Product not found in master data
SCN-2115,MISSING_MASTER_RECORD,TXN-A-002055,,TXN-A-002055-L4025,,UNMATCHED,MASTER_DATA_EXCEPTION,Y,Product not found in master data
SCN-2116,MISSING_MASTER_RECORD,TXN-A-002056,,TXN-A-002056-L4026,,UNMATCHED,MASTER_DATA_EXCEPTION,Y,Product not found in master data
SCN-2117,MISSING_MASTER_RECORD,TXN-A-002057,,TXN-A-002057-L4027,,UNMATCHED,MASTER_DATA_EXCEPTION,Y,Product not found in master data
SCN-2118,MISSING_MASTER_RECORD,TXN-A-002058,,TXN-A-002058-L4028,,UNMATCHED,MASTER_DATA_EXCEPTION,Y,Product not found in master data
SCN-2119,MISSING_MASTER_RECORD,TXN-A-002059,,TXN-A-002059-L4029,,UNMATCHED,MASTER_DATA_EXCEPTION,Y,Product not found in master data
SCN-2120,MISSING_MASTER_RECORD,TXN-A-002060,,TXN-A-002060-L4030,,UNMATCHED,MASTER_DATA_EXCEPTION,Y,Product not found in master data
SCN-2121,MISSING_MASTER_RECORD,TXN-A-002061,,TXN-A-002061-L4031,,UNMATCHED,MASTER_DATA_EXCEPTION,Y,Product not found in master data
SCN-2122,MISSING_MASTER_RECORD,TXN-A-002062,,TXN-A-002062-L4032,,UNMATCHED,MASTER_DATA_EXCEPTION,Y,Product not found in master data
SCN-2123,MISSING_MASTER_RECORD,TXN-A-002063,,TXN-A-002063-L4033,,UNMATCHED,MASTER_DATA_EXCEPTION,Y,Product not found in master data
SCN-2124,MISSING_MASTER_RECORD,TXN-A-002064,,TXN-A-002064-L4034,,UNMATCHED,MASTER_DATA_EXCEPTION,Y,Product not found in master data
SCN-2125,MISSING_MASTER_RECORD,TXN-A-002065,,TXN-A-002065-L4035,,UNMATCHED,MASTER_DATA_EXCEPTION,Y,Product not found in master data
SCN-2126,MISSING_MASTER_RECORD,TXN-A-002066,,TXN-A-002066-L4036,,UNMATCHED,MASTER_DATA_EXCEPTION,Y,Product not found in master data
SCN-2127,MISSING_MASTER_RECORD,TXN-A-002067,,TXN-A-002067-L4037,,UNMATCHED,MASTER_DATA_EXCEPTION,Y,Product not found in master data
SCN-2128,MISSING_MASTER_RECORD,TXN-A-002068,,TXN-A-002068-L4038,,UNMATCHED,MASTER_DATA_EXCEPTION,Y,Product not found in master data
SCN-2129,MISSING_MASTER_RECORD,TXN-A-002069,,TXN-A-002069-L4039,,UNMATCHED,MASTER_DATA_EXCEPTION,Y,Product not found in master data
SCN-2130,MISSING_MASTER_RECORD,TXN-A-002070,,TXN-A-002070-L4040,,UNMATCHED,MASTER_DATA_EXCEPTION,Y,Product not found in master data
SCN-2131,MISSING_MASTER_RECORD,TXN-A-002071,,TXN-A-002071-L4041,,UNMATCHED,MASTER_DATA_EXCEPTION,Y,Product not found in master data
SCN-2132,MISSING_MASTER_RECORD,TXN-A-002072,,TXN-A-002072-L4042,,UNMATCHED,MASTER_DATA_EXCEPTION,Y,Product not found in master data
SCN-2133,MISSING_MASTER_RECORD,TXN-A-002073,,TXN-A-002073-L4043,,UNMATCHED,MASTER_DATA_EXCEPTION,Y,Product not found in master data
SCN-2134,MISSING_MASTER_RECORD,TXN-A-002074,,TXN-A-002074-L4044,,UNMATCHED,MASTER_DATA_EXCEPTION,Y,Product not found in master data
SCN-2135,MISSING_MASTER_RECORD,TXN-A-002075,,TXN-A-002075-L4045,,UNMATCHED,MASTER_DATA_EXCEPTION,Y,Product not found in master data
SCN-2136,MALFORMED_IDENTIFIER,TXN-A-002076,,TXN-A-002076-L4046,,UNMATCHED,DATA_QUALITY_EXCEPTION,Y,Malformed product_id
SCN-2137,MALFORMED_IDENTIFIER,TXN-A-002077,,TXN-A-002077-L4047,,UNMATCHED,DATA_QUALITY_EXCEPTION,Y,Malformed product_id
SCN-2138,MALFORMED_IDENTIFIER,TXN-A-002078,,TXN-A-002078-L4048,,UNMATCHED,DATA_QUALITY_EXCEPTION,Y,Malformed product_id
SCN-2139,MALFORMED_IDENTIFIER,TXN-A-002079,,TXN-A-002079-L4049,,UNMATCHED,DATA_QUALITY_EXCEPTION,Y,Malformed product_id
SCN-2140,MALFORMED_IDENTIFIER,TXN-A-002080,,TXN-A-002080-L4050,,UNMATCHED,DATA_QUALITY_EXCEPTION,Y,Malformed product_id
SCN-2141,MALFORMED_IDENTIFIER,TXN-A-002081,,TXN-A-002081-L4051,,UNMATCHED,DATA_QUALITY_EXCEPTION,Y,Malformed product_id
SCN-2142,MALFORMED_IDENTIFIER,TXN-A-002082,,TXN-A-002082-L4052,,UNMATCHED,DATA_QUALITY_EXCEPTION,Y,Malformed product_id
SCN-2143,MALFORMED_IDENTIFIER,TXN-A-002083,,TXN-A-002083-L4053,,UNMATCHED,DATA_QUALITY_EXCEPTION,Y,Malformed product_id
SCN-2144,MALFORMED_IDENTIFIER,TXN-A-002084,,TXN-A-002084-L4054,,UNMATCHED,DATA_QUALITY_EXCEPTION,Y,Malformed product_id
SCN-2145,MALFORMED_IDENTIFIER,TXN-A-002085,,TXN-A-002085-L4055,,UNMATCHED,DATA_QUALITY_EXCEPTION,Y,Malformed product_id
SCN-2146,MALFORMED_IDENTIFIER,TXN-A-002086,,TXN-A-002086-L4056,,UNMATCHED,DATA_QUALITY_EXCEPTION,Y,Malformed product_id
SCN-2147,MALFORMED_IDENTIFIER,TXN-A-002087,,TXN-A-002087-L4057,,UNMATCHED,DATA_QUALITY_EXCEPTION,Y,Malformed product_id
SCN-2148,MALFORMED_IDENTIFIER,TXN-A-002088,,TXN-A-002088-L4058,,UNMATCHED,DATA_QUALITY_EXCEPTION,Y,Malformed product_id
SCN-2149,MALFORMED_IDENTIFIER,TXN-A-002089,,TXN-A-002089-L4059,,UNMATCHED,DATA_QUALITY_EXCEPTION,Y,Malformed product_id
SCN-2150,MALFORMED_IDENTIFIER,TXN-A-002090,,TXN-A-002090-L4060,,UNMATCHED,DATA_QUALITY_EXCEPTION,Y,Malformed product_id
SCN-2151,MALFORMED_IDENTIFIER,TXN-A-002091,,TXN-A-002091-L4061,,UNMATCHED,DATA_QUALITY_EXCEPTION,Y,Malformed product_id
SCN-2152,MALFORMED_IDENTIFIER,TXN-A-002092,,TXN-A-002092-L4062,,UNMATCHED,DATA_QUALITY_EXCEPTION,Y,Malformed product_id
SCN-2153,MALFORMED_IDENTIFIER,TXN-A-002093,,TXN-A-002093-L4063,,UNMATCHED,DATA_QUALITY_EXCEPTION,Y,Malformed product_id
SCN-2154,MALFORMED_IDENTIFIER,TXN-A-002094,,TXN-A-002094-L4064,,UNMATCHED,DATA_QUALITY_EXCEPTION,Y,Malformed product_id
SCN-2155,MALFORMED_IDENTIFIER,TXN-A-002095,,TXN-A-002095-L4065,,UNMATCHED,DATA_QUALITY_EXCEPTION,Y,Malformed product_id
SCN-2156,MALFORMED_IDENTIFIER,TXN-A-002096,,TXN-A-002096-L4066,,UNMATCHED,DATA_QUALITY_EXCEPTION,Y,Malformed product_id
SCN-2157,MALFORMED_IDENTIFIER,TXN-A-002097,,TXN-A-002097-L4067,,UNMATCHED,DATA_QUALITY_EXCEPTION,Y,Malformed product_id
SCN-2158,MALFORMED_IDENTIFIER,TXN-A-002098,,TXN-A-002098-L4068,,UNMATCHED,DATA_QUALITY_EXCEPTION,Y,Malformed product_id
SCN-2159,MALFORMED_IDENTIFIER,TXN-A-002099,,TXN-A-002099-L4069,,UNMATCHED,DATA_QUALITY_EXCEPTION,Y,Malformed product_id
SCN-2160,MALFORMED_IDENTIFIER,TXN-A-002100,,TXN-A-002100-L4070,,UNMATCHED,DATA_QUALITY_EXCEPTION,Y,Malformed product_id
SCN-2161,INVALID_NUMERIC,TXN-A-002101,,TXN-A-002101-L4071,,UNMATCHED,DATA_QUALITY_EXCEPTION,Y,Non-numeric value in quantity or price field
SCN-2162,INVALID_NUMERIC,TXN-A-002102,,TXN-A-002102-L4072,,UNMATCHED,DATA_QUALITY_EXCEPTION,Y,Non-numeric value in quantity or price field
SCN-2163,INVALID_NUMERIC,TXN-A-002103,,TXN-A-002103-L4073,,UNMATCHED,DATA_QUALITY_EXCEPTION,Y,Non-numeric value in quantity or price field
SCN-2164,INVALID_NUMERIC,TXN-A-002104,,TXN-A-002104-L4074,,UNMATCHED,DATA_QUALITY_EXCEPTION,Y,Non-numeric value in quantity or price field
SCN-2165,INVALID_NUMERIC,TXN-A-002105,,TXN-A-002105-L4075,,UNMATCHED,DATA_QUALITY_EXCEPTION,Y,Non-numeric value in quantity or price field
SCN-2166,INVALID_NUMERIC,TXN-A-002106,,TXN-A-002106-L4076,,UNMATCHED,DATA_QUALITY_EXCEPTION,Y,Non-numeric value in quantity or price field
SCN-2167,INVALID_NUMERIC,TXN-A-002107,,TXN-A-002107-L4077,,UNMATCHED,DATA_QUALITY_EXCEPTION,Y,Non-numeric value in quantity or price field
SCN-2168,INVALID_NUMERIC,TXN-A-002108,,TXN-A-002108-L4078,,UNMATCHED,DATA_QUALITY_EXCEPTION,Y,Non-numeric value in quantity or price field
SCN-2169,INVALID_NUMERIC,TXN-A-002109,,TXN-A-002109-L4079,,UNMATCHED,DATA_QUALITY_EXCEPTION,Y,Non-numeric value in quantity or price field
SCN-2170,INVALID_NUMERIC,TXN-A-002110,,TXN-A-002110-L4080,,UNMATCHED,DATA_QUALITY_EXCEPTION,Y,Non-numeric value in quantity or price field
SCN-2171,INVALID_NUMERIC,TXN-A-002111,,TXN-A-002111-L4081,,UNMATCHED,DATA_QUALITY_EXCEPTION,Y,Non-numeric value in quantity or price field
SCN-2172,INVALID_NUMERIC,TXN-A-002112,,TXN-A-002112-L4082,,UNMATCHED,DATA_QUALITY_EXCEPTION,Y,Non-numeric value in quantity or price field
SCN-2173,INVALID_NUMERIC,TXN-A-002113,,TXN-A-002113-L4083,,UNMATCHED,DATA_QUALITY_EXCEPTION,Y,Non-numeric value in quantity or price field
SCN-2174,INVALID_NUMERIC,TXN-A-002114,,TXN-A-002114-L4084,,UNMATCHED,DATA_QUALITY_EXCEPTION,Y,Non-numeric value in quantity or price field
SCN-2175,INVALID_NUMERIC,TXN-A-002115,,TXN-A-002115-L4085,,UNMATCHED,DATA_QUALITY_EXCEPTION,Y,Non-numeric value in quantity or price field
SCN-2176,INVALID_NUMERIC,TXN-A-002116,,TXN-A-002116-L4086,,UNMATCHED,DATA_QUALITY_EXCEPTION,Y,Non-numeric value in quantity or price field
SCN-2177,INVALID_NUMERIC,TXN-A-002117,,TXN-A-002117-L4087,,UNMATCHED,DATA_QUALITY_EXCEPTION,Y,Non-numeric value in quantity or price field
SCN-2178,INVALID_NUMERIC,TXN-A-002118,,TXN-A-002118-L4088,,UNMATCHED,DATA_QUALITY_EXCEPTION,Y,Non-numeric value in quantity or price field
SCN-2179,INVALID_NUMERIC,TXN-A-002119,,TXN-A-002119-L4089,,UNMATCHED,DATA_QUALITY_EXCEPTION,Y,Non-numeric value in quantity or price field
SCN-2180,INVALID_NUMERIC,TXN-A-002120,,TXN-A-002120-L4090,,UNMATCHED,DATA_QUALITY_EXCEPTION,Y,Non-numeric value in quantity or price field
SCN-2181,INVALID_NUMERIC,TXN-A-002121,,TXN-A-002121-L4091,,UNMATCHED,DATA_QUALITY_EXCEPTION,Y,Non-numeric value in quantity or price field
SCN-2182,INVALID_NUMERIC,TXN-A-002122,,TXN-A-002122-L4092,,UNMATCHED,DATA_QUALITY_EXCEPTION,Y,Non-numeric value in quantity or price field
SCN-2183,INVALID_NUMERIC,TXN-A-002123,,TXN-A-002123-L4093,,UNMATCHED,DATA_QUALITY_EXCEPTION,Y,Non-numeric value in quantity or price field
SCN-2184,INVALID_NUMERIC,TXN-A-002124,,TXN-A-002124-L4094,,UNMATCHED,DATA_QUALITY_EXCEPTION,Y,Non-numeric value in quantity or price field
SCN-2185,INVALID_NUMERIC,TXN-A-002125,,TXN-A-002125-L4095,,UNMATCHED,DATA_QUALITY_EXCEPTION,Y,Non-numeric value in quantity or price field
SCN-2186,ABNORMAL_REFERENCE_PRICE,TXN-A-002126,TXN-B-001961,TXN-A-002126-L4096,TXN-B-001961-L4097,EXACT_PRIMARY_ID,PRICE_DIFFERENCE,Y,Unit price far from reference
SCN-2187,ABNORMAL_REFERENCE_PRICE,TXN-A-002127,TXN-B-001962,TXN-A-002127-L4098,TXN-B-001962-L4099,EXACT_PRIMARY_ID,PRICE_DIFFERENCE,Y,Unit price far from reference
SCN-2188,ABNORMAL_REFERENCE_PRICE,TXN-A-002128,TXN-B-001963,TXN-A-002128-L4100,TXN-B-001963-L4101,EXACT_PRIMARY_ID,PRICE_DIFFERENCE,Y,Unit price far from reference
SCN-2189,ABNORMAL_REFERENCE_PRICE,TXN-A-002129,TXN-B-001964,TXN-A-002129-L4102,TXN-B-001964-L4103,EXACT_PRIMARY_ID,PRICE_DIFFERENCE,Y,Unit price far from reference
SCN-2190,ABNORMAL_REFERENCE_PRICE,TXN-A-002130,TXN-B-001965,TXN-A-002130-L4104,TXN-B-001965-L4105,EXACT_PRIMARY_ID,PRICE_DIFFERENCE,Y,Unit price far from reference
SCN-2191,ABNORMAL_REFERENCE_PRICE,TXN-A-002131,TXN-B-001966,TXN-A-002131-L4106,TXN-B-001966-L4107,EXACT_PRIMARY_ID,PRICE_DIFFERENCE,Y,Unit price far from reference
SCN-2192,ABNORMAL_REFERENCE_PRICE,TXN-A-002132,TXN-B-001967,TXN-A-002132-L4108,TXN-B-001967-L4109,EXACT_PRIMARY_ID,PRICE_DIFFERENCE,Y,Unit price far from reference
SCN-2193,ABNORMAL_REFERENCE_PRICE,TXN-A-002133,TXN-B-001968,TXN-A-002133-L4110,TXN-B-001968-L4111,EXACT_PRIMARY_ID,PRICE_DIFFERENCE,Y,Unit price far from reference
SCN-2194,HIGH_VALUE_OUTLIER,TXN-A-002134,TXN-B-001969,TXN-A-002134-L4112,TXN-B-001969-L4113,EXACT_PRIMARY_ID,MATCHED,N,"High value transaction, matched but flagged for review"
SCN-2195,HIGH_VALUE_OUTLIER,TXN-A-002135,TXN-B-001970,TXN-A-002135-L4114,TXN-B-001970-L4115,EXACT_PRIMARY_ID,MATCHED,N,"High value transaction, matched but flagged for review"
SCN-2196,HIGH_VALUE_OUTLIER,TXN-A-002136,TXN-B-001971,TXN-A-002136-L4116,TXN-B-001971-L4117,EXACT_PRIMARY_ID,MATCHED,N,"High value transaction, matched but flagged for review"
SCN-2197,HIGH_VALUE_OUTLIER,TXN-A-002137,TXN-B-001972,TXN-A-002137-L4118,TXN-B-001972-L4119,EXACT_PRIMARY_ID,MATCHED,N,"High value transaction, matched but flagged for review"
SCN-2198,HIGH_VALUE_OUTLIER,TXN-A-002138,TXN-B-001973,TXN-A-002138-L4120,TXN-B-001973-L4121,EXACT_PRIMARY_ID,MATCHED,N,"High value transaction, matched but flagged for review"
SCN-2199,HIGH_VALUE_OUTLIER,TXN-A-002139,TXN-B-001974,TXN-A-002139-L4122,TXN-B-001974-L4123,EXACT_PRIMARY_ID,MATCHED,N,"High value transaction, matched but flagged for review"
SCN-2200,HIGH_VALUE_OUTLIER,TXN-A-002140,TXN-B-001975,TXN-A-002140-L4124,TXN-B-001975-L4125,EXACT_PRIMARY_ID,MATCHED,N,"High value transaction, matched but flagged for review"
SCN-2201,HIGH_VALUE_OUTLIER,TXN-A-002141,TXN-B-001976,TXN-A-002141-L4126,TXN-B-001976-L4127,EXACT_PRIMARY_ID,MATCHED,N,"High value transaction, matched but flagged for review"
SCN-2202,HIGH_VALUE_OUTLIER,TXN-A-002142,TXN-B-001977,TXN-A-002142-L4128,TXN-B-001977-L4129,EXACT_PRIMARY_ID,MATCHED,N,"High value transaction, matched but flagged for review"
SCN-2203,HIGH_VALUE_OUTLIER,TXN-A-002143,TXN-B-001978,TXN-A-002143-L4130,TXN-B-001978-L4131,EXACT_PRIMARY_ID,MATCHED,N,"High value transaction, matched but flagged for review"
SCN-2204,HIGH_VALUE_OUTLIER,TXN-A-002144,TXN-B-001979,TXN-A-002144-L4132,TXN-B-001979-L4133,EXACT_PRIMARY_ID,MATCHED,N,"High value transaction, matched but flagged for review"
SCN-2205,HIGH_VALUE_OUTLIER,TXN-A-002145,TXN-B-001980,TXN-A-002145-L4134,TXN-B-001980-L4135,EXACT_PRIMARY_ID,MATCHED,N,"High value transaction, matched but flagged for review"
SCN-2206,LOW_CONFIDENCE_FUZZY,TXN-A-002146,TXN-B-001981,TXN-A-002146-L4136,TXN-B-001981-L4137,FUZZY_NAME,FUZZY_MATCH_REVIEW,Y,Fuzzy match in review band (0.80-0.92)
SCN-2207,LOW_CONFIDENCE_FUZZY,TXN-A-002147,TXN-B-001982,TXN-A-002147-L4138,TXN-B-001982-L4139,FUZZY_NAME,FUZZY_MATCH_REVIEW,Y,Fuzzy match in review band (0.80-0.92)
SCN-2208,LOW_CONFIDENCE_FUZZY,TXN-A-002148,TXN-B-001983,TXN-A-002148-L4140,TXN-B-001983-L4141,FUZZY_NAME,FUZZY_MATCH_REVIEW,Y,Fuzzy match in review band (0.80-0.92)
SCN-2209,LOW_CONFIDENCE_FUZZY,TXN-A-002149,TXN-B-001984,TXN-A-002149-L4142,TXN-B-001984-L4143,FUZZY_NAME,FUZZY_MATCH_REVIEW,Y,Fuzzy match in review band (0.80-0.92)
SCN-2210,LOW_CONFIDENCE_FUZZY,TXN-A-002150,TXN-B-001985,TXN-A-002150-L4144,TXN-B-001985-L4145,FUZZY_NAME,FUZZY_MATCH_REVIEW,Y,Fuzzy match in review band (0.80-0.92)
SCN-2211,LOW_CONFIDENCE_FUZZY,TXN-A-002151,TXN-B-001986,TXN-A-002151-L4146,TXN-B-001986-L4147,FUZZY_NAME,FUZZY_MATCH_REVIEW,Y,Fuzzy match in review band (0.80-0.92)
SCN-2212,LOW_CONFIDENCE_FUZZY,TXN-A-002152,TXN-B-001987,TXN-A-002152-L4148,TXN-B-001987-L4149,FUZZY_NAME,FUZZY_MATCH_REVIEW,Y,Fuzzy match in review band (0.80-0.92)
SCN-2213,LOW_CONFIDENCE_FUZZY,TXN-A-002153,TXN-B-001988,TXN-A-002153-L4150,TXN-B-001988-L4151,FUZZY_NAME,FUZZY_MATCH_REVIEW,Y,Fuzzy match in review band (0.80-0.92)
SCN-2214,LOW_CONFIDENCE_FUZZY,TXN-A-002154,TXN-B-001989,TXN-A-002154-L4152,TXN-B-001989-L4153,FUZZY_NAME,FUZZY_MATCH_REVIEW,Y,Fuzzy match in review band (0.80-0.92)
SCN-2215,LOW_CONFIDENCE_FUZZY,TXN-A-002155,TXN-B-001990,TXN-A-002155-L4154,TXN-B-001990-L4155,FUZZY_NAME,FUZZY_MATCH_REVIEW,Y,Fuzzy match in review band (0.80-0.92)
SCN-2216,LOW_CONFIDENCE_FUZZY,TXN-A-002156,TXN-B-001991,TXN-A-002156-L4156,TXN-B-001991-L4157,FUZZY_NAME,FUZZY_MATCH_REVIEW,Y,Fuzzy match in review band (0.80-0.92)
SCN-2217,LOW_CONFIDENCE_FUZZY,TXN-A-002157,TXN-B-001992,TXN-A-002157-L4158,TXN-B-001992-L4159,FUZZY_NAME,FUZZY_MATCH_REVIEW,Y,Fuzzy match in review band (0.80-0.92)
SCN-2218,LOW_CONFIDENCE_FUZZY,TXN-A-002158,TXN-B-001993,TXN-A-002158-L4160,TXN-B-001993-L4161,FUZZY_NAME,FUZZY_MATCH_REVIEW,Y,Fuzzy match in review band (0.80-0.92)
SCN-2219,LOW_CONFIDENCE_FUZZY,TXN-A-002159,TXN-B-001994,TXN-A-002159-L4162,TXN-B-001994-L4163,FUZZY_NAME,FUZZY_MATCH_REVIEW,Y,Fuzzy match in review band (0.80-0.92)
SCN-2220,LOW_CONFIDENCE_FUZZY,TXN-A-002160,TXN-B-001995,TXN-A-002160-L4164,TXN-B-001995-L4165,FUZZY_NAME,FUZZY_MATCH_REVIEW,Y,Fuzzy match in review band (0.80-0.92)
SCN-2221,LOW_CONFIDENCE_FUZZY,TXN-A-002161,TXN-B-001996,TXN-A-002161-L4166,TXN-B-001996-L4167,FUZZY_NAME,FUZZY_MATCH_REVIEW,Y,Fuzzy match in review band (0.80-0.92)
SCN-2222,LOW_CONFIDENCE_FUZZY,TXN-A-002162,TXN-B-001997,TXN-A-002162-L4168,TXN-B-001997-L4169,FUZZY_NAME,FUZZY_MATCH_REVIEW,Y,Fuzzy match in review band (0.80-0.92)
SCN-2223,LOW_CONFIDENCE_FUZZY,TXN-A-002163,TXN-B-001998,TXN-A-002163-L4170,TXN-B-001998-L4171,FUZZY_NAME,FUZZY_MATCH_REVIEW,Y,Fuzzy match in review band (0.80-0.92)
SCN-2224,LOW_CONFIDENCE_FUZZY,TXN-A-002164,TXN-B-001999,TXN-A-002164-L4172,TXN-B-001999-L4173,FUZZY_NAME,FUZZY_MATCH_REVIEW,Y,Fuzzy match in review band (0.80-0.92)
SCN-2225,LOW_CONFIDENCE_FUZZY,TXN-A-002165,TXN-B-002000,TXN-A-002165-L4174,TXN-B-002000-L4175,FUZZY_NAME,FUZZY_MATCH_REVIEW,Y,Fuzzy match in review band (0.80-0.92)
SCN-2226,LOW_CONFIDENCE_FUZZY,TXN-A-002166,TXN-B-002001,TXN-A-002166-L4176,TXN-B-002001-L4177,FUZZY_NAME,FUZZY_MATCH_REVIEW,Y,Fuzzy match in review band (0.80-0.92)
SCN-2227,LOW_CONFIDENCE_FUZZY,TXN-A-002167,TXN-B-002002,TXN-A-002167-L4178,TXN-B-002002-L4179,FUZZY_NAME,FUZZY_MATCH_REVIEW,Y,Fuzzy match in review band (0.80-0.92)
SCN-2228,LOW_CONFIDENCE_FUZZY,TXN-A-002168,TXN-B-002003,TXN-A-002168-L4180,TXN-B-002003-L4181,FUZZY_NAME,FUZZY_MATCH_REVIEW,Y,Fuzzy match in review band (0.80-0.92)
SCN-2229,LOW_CONFIDENCE_FUZZY,TXN-A-002169,TXN-B-002004,TXN-A-002169-L4182,TXN-B-002004-L4183,FUZZY_NAME,FUZZY_MATCH_REVIEW,Y,Fuzzy match in review band (0.80-0.92)
SCN-2230,LOW_CONFIDENCE_FUZZY,TXN-A-002170,TXN-B-002005,TXN-A-002170-L4184,TXN-B-002005-L4185,FUZZY_NAME,FUZZY_MATCH_REVIEW,Y,Fuzzy match in review band (0.80-0.92)
SCN-2231,LOW_CONFIDENCE_FUZZY,TXN-A-002171,TXN-B-002006,TXN-A-002171-L4186,TXN-B-002006-L4187,FUZZY_NAME,FUZZY_MATCH_REVIEW,Y,Fuzzy match in review band (0.80-0.92)
SCN-2232,LOW_CONFIDENCE_FUZZY,TXN-A-002172,TXN-B-002007,TXN-A-002172-L4188,TXN-B-002007-L4189,FUZZY_NAME,FUZZY_MATCH_REVIEW,Y,Fuzzy match in review band (0.80-0.92)
SCN-2233,LOW_CONFIDENCE_FUZZY,TXN-A-002173,TXN-B-002008,TXN-A-002173-L4190,TXN-B-002008-L4191,FUZZY_NAME,FUZZY_MATCH_REVIEW,Y,Fuzzy match in review band (0.80-0.92)
SCN-2234,LOW_CONFIDENCE_FUZZY,TXN-A-002174,TXN-B-002009,TXN-A-002174-L4192,TXN-B-002009-L4193,FUZZY_NAME,FUZZY_MATCH_REVIEW,Y,Fuzzy match in review band (0.80-0.92)
SCN-2235,LOW_CONFIDENCE_FUZZY,TXN-A-002175,TXN-B-002010,TXN-A-002175-L4194,TXN-B-002010-L4195,FUZZY_NAME,FUZZY_MATCH_REVIEW,Y,Fuzzy match in review band (0.80-0.92)
SCN-2236,UNRESOLVED,TXN-A-002176,,TXN-A-002176-L4196,,UNMATCHED,UNRESOLVED,Y,No match path succeeded
SCN-2237,UNRESOLVED,TXN-A-002177,,TXN-A-002177-L4197,,UNMATCHED,UNRESOLVED,Y,No match path succeeded
SCN-2238,UNRESOLVED,TXN-A-002178,,TXN-A-002178-L4198,,UNMATCHED,UNRESOLVED,Y,No match path succeeded
SCN-2239,UNRESOLVED,TXN-A-002179,,TXN-A-002179-L4199,,UNMATCHED,UNRESOLVED,Y,No match path succeeded
SCN-2240,UNRESOLVED,TXN-A-002180,,TXN-A-002180-L4200,,UNMATCHED,UNRESOLVED,Y,No match path succeeded
SCN-2241,UNRESOLVED,TXN-A-002181,,TXN-A-002181-L4201,,UNMATCHED,UNRESOLVED,Y,No match path succeeded
SCN-2242,UNRESOLVED,TXN-A-002182,,TXN-A-002182-L4202,,UNMATCHED,UNRESOLVED,Y,No match path succeeded
SCN-2243,UNRESOLVED,TXN-A-002183,,TXN-A-002183-L4203,,UNMATCHED,UNRESOLVED,Y,No match path succeeded
SCN-2244,UNRESOLVED,TXN-A-002184,,TXN-A-002184-L4204,,UNMATCHED,UNRESOLVED,Y,No match path succeeded
SCN-2245,UNRESOLVED,TXN-A-002185,,TXN-A-002185-L4205,,UNMATCHED,UNRESOLVED,Y,No match path succeeded
SCN-2246,UNRESOLVED,TXN-A-002186,,TXN-A-002186-L4206,,UNMATCHED,UNRESOLVED,Y,No match path succeeded
SCN-2247,UNRESOLVED,TXN-A-002187,,TXN-A-002187-L4207,,UNMATCHED,UNRESOLVED,Y,No match path succeeded
SCN-2248,UNRESOLVED,TXN-A-002188,,TXN-A-002188-L4208,,UNMATCHED,UNRESOLVED,Y,No match path succeeded
SCN-2249,UNRESOLVED,TXN-A-002189,,TXN-A-002189-L4209,,UNMATCHED,UNRESOLVED,Y,No match path succeeded
SCN-2250,UNRESOLVED,TXN-A-002190,,TXN-A-002190-L4210,,UNMATCHED,UNRESOLVED,Y,No match path succeeded
SCN-2251,UNRESOLVED,TXN-A-002191,,TXN-A-002191-L4211,,UNMATCHED,UNRESOLVED,Y,No match path succeeded
SCN-2252,UNRESOLVED,TXN-A-002192,,TXN-A-002192-L4212,,UNMATCHED,UNRESOLVED,Y,No match path succeeded
SCN-2253,UNRESOLVED,TXN-A-002193,,TXN-A-002193-L4213,,UNMATCHED,UNRESOLVED,Y,No match path succeeded
SCN-2254,UNRESOLVED,TXN-A-002194,,TXN-A-002194-L4214,,UNMATCHED,UNRESOLVED,Y,No match path succeeded
SCN-2255,UNRESOLVED,TXN-A-002195,,TXN-A-002195-L4215,,UNMATCHED,UNRESOLVED,Y,No match path succeeded
SCN-2256,UNRESOLVED,TXN-A-002196,,TXN-A-002196-L4216,,UNMATCHED,UNRESOLVED,Y,No match path succeeded
SCN-2257,UNRESOLVED,TXN-A-002197,,TXN-A-002197-L4217,,UNMATCHED,UNRESOLVED,Y,No match path succeeded
SCN-2258,UNRESOLVED,TXN-A-002198,,TXN-A-002198-L4218,,UNMATCHED,UNRESOLVED,Y,No match path succeeded
SCN-2259,UNRESOLVED,TXN-A-002199,,TXN-A-002199-L4219,,UNMATCHED,UNRESOLVED,Y,No match path succeeded
SCN-2260,UNRESOLVED,TXN-A-002200,,TXN-A-002200-L4220,,UNMATCHED,UNRESOLVED,Y,No match path succeeded
