transaction_id,branch_id,employee_id,transaction_date,transaction_type,total_amount,source
TXN-A-000001,BR-009,EMP-0031,2026-03-05,SALE,721.11,SOURCE_A
TXN-A-000002,BR-005,EMP-0018,2026-02-07,SALE,679.06,SOURCE_A
TXN-A-000003,BR-002,EMP-0015,2026-03-11,SALE,168.27,SOURCE_A
TXN-A-000004,BR-004,EMP-0032,2026-04-12,SALE,142.84,SOURCE_A
TXN-A-000005,BR-010,EMP-0007,2026-04-10,SALE,41.8,SOURCE_A
TXN-A-000006,BR-007,EMP-0031,2026-04-07,SALE,138.94,SOURCE_A
TXN-A-000007,BR-007,EMP-0017,2026-02-08,SALE,218.78,SOURCE_A
TXN-A-000008,BR-007,EMP-0013,2026-03-10,SALE,30.88,SOURCE_A
TXN-A-000009,BR-002,EMP-0019,2026-02-13,SALE,575.76,SOURCE_A
TXN-A-000010,BR-003,EMP-0021,2026-02-24,SALE,912.43,SOURCE_A
TXN-A-000011,BR-009,EMP-0013,2026-01-09,SALE,131.48,SOURCE_A
TXN-A-000012,BR-006,EMP-0029,2026-01-21,SALE,28.08,SOURCE_A
TXN-A-000013,BR-008,EMP-0023,2026-02-21,SALE,679.6,SOURCE_A
TXN-A-000014,BR-010,EMP-0007,2026-04-11,SALE,209.93,SOURCE_A
TXN-A-000015,BR-007,EMP-0030,2026-03-06,SALE,86.45,SOURCE_A
TXN-A-000016,BR-004,EMP-0015,2026-02-02,SALE,203.59,SOURCE_A
TXN-A-000017,BR-001,EMP-0020,2026-03-14,SALE,52.21,SOURCE_A
TXN-A-000018,BR-006,EMP-0010,2026-04-20,SALE,209.44,SOURCE_A
TXN-A-000019,BR-004,EMP-0007,2026-03-20,SALE,602.36,SOURCE_A
TXN-A-000020,BR-008,EMP-0028,2026-01-19,SALE,116.89,SOURCE_A
TXN-A-000021,BR-005,EMP-0030,2026-01-25,SALE,298.3,SOURCE_A
TXN-A-000022,BR-006,EMP-0003,2026-01-04,SALE,65.03,SOURCE_A
TXN-A-000023,BR-009,EMP-0009,2026-02-26,SALE,61.52,SOURCE_A
TXN-A-000024,BR-003,EMP-0014,2026-01-04,SALE,25.28,SOURCE_A
TXN-A-000025,BR-010,EMP-0028,2026-03-21,SALE,26.33,SOURCE_A
TXN-A-000026,BR-004,EMP-0026,2026-02-01,SALE,478.94,SOURCE_A
TXN-A-000027,BR-007,EMP-0008,2026-03-06,SALE,1075.18,SOURCE_A
TXN-A-000028,BR-009,EMP-0019,2026-03-09,SALE,241.04,SOURCE_A
TXN-A-000029,BR-003,EMP-0013,2026-02-04,SALE,126.39,SOURCE_A
TXN-A-000030,BR-002,EMP-0018,2026-04-09,SALE,618.82,SOURCE_A
TXN-A-000031,BR-003,EMP-0022,2026-03-26,SALE,793.37,SOURCE_A
TXN-A-000032,BR-009,EMP-0001,2026-03-11,SALE,568.76,SOURCE_A
TXN-A-000033,BR-007,EMP-0006,2026-04-07,SALE,241.24,SOURCE_A
TXN-A-000034,BR-006,EMP-0012,2026-03-14,SALE,589.78,SOURCE_A
TXN-A-000035,BR-003,EMP-0028,2026-03-08,SALE,58.44,SOURCE_A
TXN-A-000036,BR-009,EMP-0018,2026-01-24,SALE,718.88,SOURCE_A
TXN-A-000037,BR-006,EMP-0002,2026-02-22,SALE,398.64,SOURCE_A
TXN-A-000038,BR-006,EMP-0028,2026-02-23,SALE,408.75,SOURCE_A
TXN-A-000039,BR-009,EMP-0013,2026-01-03,SALE,79.17,SOURCE_A
TXN-A-000040,BR-001,EMP-0032,2026-02-27,SALE,350.06,SOURCE_A
TXN-A-000041,BR-002,EMP-0002,2026-04-02,SALE,513.12,SOURCE_A
TXN-A-000042,BR-002,EMP-0018,2026-03-16,SALE,132.34,SOURCE_A
TXN-A-000043,BR-007,EMP-0026,2026-03-11,SALE,872.22,SOURCE_A
TXN-A-000044,BR-008,EMP-0011,2026-01-12,SALE,267.52,SOURCE_A
TXN-A-000045,BR-003,EMP-0013,2026-03-07,SALE,650.45,SOURCE_A
TXN-A-000046,BR-005,EMP-0022,2026-01-16,SALE,121.81,SOURCE_A
TXN-A-000047,BR-010,EMP-0021,2026-02-09,SALE,583.1,SOURCE_A
TXN-A-000048,BR-001,EMP-0023,2026-02-12,SALE,131.2,SOURCE_A
TXN-A-000049,BR-003,EMP-0029,2026-03-28,SALE,543.41,SOURCE_A
TXN-A-000050,BR-003,EMP-0024,2026-03-25,SALE,764.47,SOURCE_A
TXN-A-000051,BR-009,EMP-0028,2026-02-10,SALE,1119.74,SOURCE_A
TXN-A-000052,BR-004,EMP-0013,2026-02-10,SALE,448.21,SOURCE_A
TXN-A-000053,BR-002,EMP-0023,2026-01-08,SALE,503.03,SOURCE_A
TXN-A-000054,BR-004,EMP-0005,2026-03-28,SALE,985.42,SOURCE_A
TXN-A-000055,BR-004,EMP-0003,2026-01-24,SALE,555.57,SOURCE_A
TXN-A-000056,BR-009,EMP-0010,2026-04-23,SALE,59.34,SOURCE_A
TXN-A-000057,BR-001,EMP-0023,2026-01-04,SALE,438.63,SOURCE_A
TXN-A-000058,BR-010,EMP-0007,2026-01-23,SALE,617.76,SOURCE_A
TXN-A-000059,BR-010,EMP-0005,2026-03-22,SALE,285.43,SOURCE_A
TXN-A-000060,BR-007,EMP-0002,2026-02-23,SALE,291.63,SOURCE_A
TXN-A-000061,BR-003,EMP-0018,2026-02-18,SALE,122.35,SOURCE_A
TXN-A-000062,BR-008,EMP-0028,2026-03-14,SALE,416.57,SOURCE_A
TXN-A-000063,BR-009,EMP-0028,2026-02-24,SALE,223.86,SOURCE_A
TXN-A-000064,BR-006,EMP-0009,2026-04-03,SALE,237.25,SOURCE_A
TXN-A-000065,BR-001,EMP-0030,2026-03-15,SALE,70.97,SOURCE_A
TXN-A-000066,BR-008,EMP-0006,2026-04-15,SALE,302.43,SOURCE_A
TXN-A-000067,BR-006,EMP-0006,2026-02-15,SALE,422.26,SOURCE_A
TXN-A-000068,BR-001,EMP-0013,2026-02-22,SALE,17.09,SOURCE_A
TXN-A-000069,BR-008,EMP-0030,2026-03-12,SALE,36.86,SOURCE_A
TXN-A-000070,BR-007,EMP-0001,2026-02-26,SALE,140.73,SOURCE_A
TXN-A-000071,BR-003,EMP-0012,2026-04-07,SALE,53.58,SOURCE_A
TXN-A-000072,BR-008,EMP-0028,2026-01-26,SALE,154.87,SOURCE_A
TXN-A-000073,BR-001,EMP-0023,2026-03-06,SALE,239.25,SOURCE_A
TXN-A-000074,BR-009,EMP-0024,2026-01-09,SALE,889.1,SOURCE_A
TXN-A-000075,BR-010,EMP-0015,2026-01-04,SALE,422.3,SOURCE_A
TXN-A-000076,BR-007,EMP-0002,2026-02-23,SALE,64.77,SOURCE_A
TXN-A-000077,BR-003,EMP-0023,2026-03-04,SALE,64.85,SOURCE_A
TXN-A-000078,BR-010,EMP-0005,2026-02-02,SALE,854.62,SOURCE_A
TXN-A-000079,BR-008,EMP-0002,2026-01-07,SALE,530.93,SOURCE_A
TXN-A-000080,BR-007,EMP-0028,2026-01-11,SALE,214.18,SOURCE_A
TXN-A-000081,BR-004,EMP-0025,2026-04-06,SALE,569.76,SOURCE_A
TXN-A-000082,BR-008,EMP-0019,2026-03-28,SALE,967.5,SOURCE_A
TXN-A-000083,BR-001,EMP-0016,2026-02-24,SALE,94.16,SOURCE_A
TXN-A-000084,BR-008,EMP-0021,2026-04-14,SALE,118.81,SOURCE_A
TXN-A-000085,BR-003,EMP-0013,2026-02-03,SALE,817.39,SOURCE_A
TXN-A-000086,BR-001,EMP-0024,2026-01-04,SALE,99.2,SOURCE_A
TXN-A-000087,BR-003,EMP-0022,2026-04-08,SALE,619.02,SOURCE_A
TXN-A-000088,BR-001,EMP-0010,2026-04-10,SALE,205.61,SOURCE_A
TXN-A-000089,BR-002,EMP-0023,2026-02-12,SALE,405.47,SOURCE_A
TXN-A-000090,BR-005,EMP-0004,2026-01-25,SALE,84.35,SOURCE_A
TXN-A-000091,BR-003,EMP-0026,2026-03-16,SALE,107.67,SOURCE_A
TXN-A-000092,BR-009,EMP-0014,2026-04-15,SALE,127.69,SOURCE_A
TXN-A-000093,BR-003,EMP-0024,2026-03-06,SALE,114.75,SOURCE_A
TXN-A-000094,BR-008,EMP-0014,2026-03-03,SALE,164.61,SOURCE_A
TXN-A-000095,BR-010,EMP-0011,2026-01-16,SALE,723.98,SOURCE_A
TXN-A-000096,BR-010,EMP-0029,2026-01-22,SALE,714.08,SOURCE_A
TXN-A-000097,BR-004,EMP-0026,2026-03-07,SALE,580.54,SOURCE_A
TXN-A-000098,BR-003,EMP-0004,2026-03-17,SALE,33.06,SOURCE_A
TXN-A-000099,BR-009,EMP-0022,2026-02-11,SALE,192.91,SOURCE_A
TXN-A-000100,BR-008,EMP-0028,2026-03-24,SALE,682.45,SOURCE_A
TXN-A-000101,BR-007,EMP-0003,2026-03-14,SALE,170.5,SOURCE_A
TXN-A-000102,BR-001,EMP-0002,2026-02-20,SALE,532.11,SOURCE_A
TXN-A-000103,BR-006,EMP-0031,2026-04-25,SALE,147.91,SOURCE_A
TXN-A-000104,BR-003,EMP-0010,2026-04-17,SALE,912.55,SOURCE_A
TXN-A-000105,BR-001,EMP-0024,2026-03-13,SALE,63.55,SOURCE_A
TXN-A-000106,BR-007,EMP-0032,2026-03-11,SALE,287.04,SOURCE_A
TXN-A-000107,BR-002,EMP-0008,2026-04-26,SALE,690.11,SOURCE_A
TXN-A-000108,BR-003,EMP-0001,2026-01-07,SALE,598.31,SOURCE_A
TXN-A-000109,BR-002,EMP-0029,2026-04-25,SALE,290.38,SOURCE_A
TXN-A-000110,BR-005,EMP-0006,2026-01-10,SALE,775.95,SOURCE_A
TXN-A-000111,BR-008,EMP-0027,2026-02-08,SALE,176.51,SOURCE_A
TXN-A-000112,BR-003,EMP-0005,2026-03-18,SALE,57.74,SOURCE_A
TXN-A-000113,BR-010,EMP-0006,2026-04-04,SALE,119.54,SOURCE_A
TXN-A-000114,BR-005,EMP-0007,2026-02-07,SALE,577.82,SOURCE_A
TXN-A-000115,BR-005,EMP-0022,2026-04-10,SALE,802.17,SOURCE_A
TXN-A-000116,BR-008,EMP-0003,2026-01-14,SALE,54.3,SOURCE_A
TXN-A-000117,BR-002,EMP-0015,2026-04-09,SALE,347.2,SOURCE_A
TXN-A-000118,BR-009,EMP-0007,2026-02-10,SALE,176.55,SOURCE_A
TXN-A-000119,BR-006,EMP-0014,2026-04-14,SALE,76.11,SOURCE_A
TXN-A-000120,BR-001,EMP-0019,2026-01-25,SALE,487.6,SOURCE_A
TXN-A-000121,BR-004,EMP-0025,2026-02-04,SALE,838.09,SOURCE_A
TXN-A-000122,BR-008,EMP-0009,2026-04-27,SALE,45.41,SOURCE_A
TXN-A-000123,BR-001,EMP-0016,2026-01-09,SALE,765.81,SOURCE_A
TXN-A-000124,BR-008,EMP-0029,2026-03-20,SALE,384.14,SOURCE_A
TXN-A-000125,BR-009,EMP-0002,2026-01-27,SALE,43.63,SOURCE_A
TXN-A-000126,BR-004,EMP-0023,2026-02-16,SALE,61.34,SOURCE_A
TXN-A-000127,BR-006,EMP-0028,2026-03-03,SALE,869.47,SOURCE_A
TXN-A-000128,BR-003,EMP-0019,2026-04-07,SALE,649.75,SOURCE_A
TXN-A-000129,BR-010,EMP-0021,2026-01-01,SALE,424.2,SOURCE_A
TXN-A-000130,BR-001,EMP-0005,2026-01-01,SALE,87.86,SOURCE_A
TXN-A-000131,BR-002,EMP-0017,2026-02-07,SALE,300.59,SOURCE_A
TXN-A-000132,BR-007,EMP-0013,2026-02-14,SALE,106.67,SOURCE_A
TXN-A-000133,BR-010,EMP-0024,2026-03-17,SALE,190.74,SOURCE_A
TXN-A-000134,BR-005,EMP-0031,2026-03-14,SALE,130.68,SOURCE_A
TXN-A-000135,BR-003,EMP-0003,2026-04-05,SALE,919.88,SOURCE_A
TXN-A-000136,BR-010,EMP-0027,2026-03-04,SALE,605.7,SOURCE_A
TXN-A-000137,BR-010,EMP-0003,2026-02-26,SALE,133.12,SOURCE_A
TXN-A-000138,BR-007,EMP-0018,2026-03-14,SALE,172.28,SOURCE_A
TXN-A-000139,BR-001,EMP-0004,2026-01-17,SALE,107.19,SOURCE_A
TXN-A-000140,BR-007,EMP-0027,2026-02-26,SALE,582.48,SOURCE_A
TXN-A-000141,BR-008,EMP-0010,2026-04-26,SALE,242.84,SOURCE_A
TXN-A-000142,BR-001,EMP-0026,2026-02-08,SALE,597.43,SOURCE_A
TXN-A-000143,BR-002,EMP-0001,2026-02-27,SALE,307.63,SOURCE_A
TXN-A-000144,BR-008,EMP-0002,2026-01-07,SALE,135.49,SOURCE_A
TXN-A-000145,BR-002,EMP-0032,2026-02-20,SALE,646.99,SOURCE_A
TXN-A-000146,BR-006,EMP-0008,2026-03-16,SALE,156.51,SOURCE_A
TXN-A-000147,BR-002,EMP-0018,2026-01-02,SALE,42.26,SOURCE_A
TXN-A-000148,BR-007,EMP-0019,2026-02-23,SALE,211.46,SOURCE_A
TXN-A-000149,BR-009,EMP-0012,2026-02-10,SALE,52.75,SOURCE_A
TXN-A-000150,BR-010,EMP-0002,2026-01-17,SALE,351.12,SOURCE_A
TXN-A-000151,BR-006,EMP-0017,2026-01-09,SALE,337.77,SOURCE_A
TXN-A-000152,BR-007,EMP-0028,2026-01-15,SALE,543.17,SOURCE_A
TXN-A-000153,BR-009,EMP-0010,2026-04-13,SALE,157.03,SOURCE_A
TXN-A-000154,BR-002,EMP-0029,2026-04-13,SALE,457.24,SOURCE_A
TXN-A-000155,BR-008,EMP-0020,2026-02-28,SALE,49.82,SOURCE_A
TXN-A-000156,BR-002,EMP-0009,2026-03-26,SALE,216.64,SOURCE_A
TXN-A-000157,BR-009,EMP-0010,2026-03-13,SALE,158.36,SOURCE_A
TXN-A-000158,BR-008,EMP-0026,2026-02-06,SALE,940.44,SOURCE_A
TXN-A-000159,BR-001,EMP-0001,2026-03-01,SALE,51.6,SOURCE_A
TXN-A-000160,BR-003,EMP-0022,2026-01-01,SALE,174.22,SOURCE_A
TXN-A-000161,BR-010,EMP-0019,2026-02-11,SALE,194.4,SOURCE_A
TXN-A-000162,BR-009,EMP-0012,2026-04-12,SALE,161.99,SOURCE_A
TXN-A-000163,BR-004,EMP-0007,2026-04-23,SALE,713.91,SOURCE_A
TXN-A-000164,BR-005,EMP-0019,2026-01-16,SALE,13.61,SOURCE_A
TXN-A-000165,BR-001,EMP-0010,2026-03-11,SALE,232.43,SOURCE_A
TXN-A-000166,BR-002,EMP-0023,2026-01-27,SALE,773.54,SOURCE_A
TXN-A-000167,BR-005,EMP-0009,2026-02-08,SALE,136.21,SOURCE_A
TXN-A-000168,BR-006,EMP-0010,2026-01-08,SALE,872.43,SOURCE_A
TXN-A-000169,BR-006,EMP-0006,2026-01-09,SALE,110.2,SOURCE_A
TXN-A-000170,BR-001,EMP-0023,2026-01-09,SALE,386.07,SOURCE_A
TXN-A-000171,BR-001,EMP-0029,2026-01-03,SALE,219.08,SOURCE_A
TXN-A-000172,BR-009,EMP-0008,2026-02-15,SALE,276.87,SOURCE_A
TXN-A-000173,BR-001,EMP-0019,2026-01-25,SALE,75.26,SOURCE_A
TXN-A-000174,BR-005,EMP-0017,2026-01-19,SALE,547.41,SOURCE_A
TXN-A-000175,BR-003,EMP-0004,2026-03-12,SALE,141.25,SOURCE_A
TXN-A-000176,BR-005,EMP-0018,2026-04-04,SALE,714.5,SOURCE_A
TXN-A-000177,BR-003,EMP-0031,2026-02-02,SALE,64.59,SOURCE_A
TXN-A-000178,BR-003,EMP-0005,2026-02-09,SALE,473.66,SOURCE_A
TXN-A-000179,BR-002,EMP-0020,2026-02-25,SALE,358.05,SOURCE_A
TXN-A-000180,BR-004,EMP-0032,2026-02-15,SALE,511.8,SOURCE_A
TXN-A-000181,BR-006,EMP-0021,2026-01-18,SALE,185.03,SOURCE_A
TXN-A-000182,BR-006,EMP-0030,2026-04-02,SALE,109.98,SOURCE_A
TXN-A-000183,BR-009,EMP-0021,2026-01-21,SALE,138.57,SOURCE_A
TXN-A-000184,BR-009,EMP-0002,2026-02-03,SALE,490.07,SOURCE_A
TXN-A-000185,BR-010,EMP-0020,2026-02-07,SALE,224.4,SOURCE_A
TXN-A-000186,BR-002,EMP-0001,2026-04-24,SALE,169.94,SOURCE_A
TXN-A-000187,BR-005,EMP-0020,2026-04-26,SALE,99.5,SOURCE_A
TXN-A-000188,BR-002,EMP-0025,2026-04-27,SALE,279.79,SOURCE_A
TXN-A-000189,BR-004,EMP-0024,2026-04-18,SALE,458.88,SOURCE_A
TXN-A-000190,BR-006,EMP-0023,2026-01-28,SALE,393.27,SOURCE_A
TXN-A-000191,BR-001,EMP-0026,2026-01-10,SALE,289.64,SOURCE_A
TXN-A-000192,BR-009,EMP-0011,2026-03-26,SALE,859.85,SOURCE_A
TXN-A-000193,BR-003,EMP-0005,2026-02-16,SALE,478.75,SOURCE_A
TXN-A-000194,BR-001,EMP-0001,2026-02-25,SALE,97.63,SOURCE_A
TXN-A-000195,BR-010,EMP-0027,2026-04-20,SALE,344.91,SOURCE_A
TXN-A-000196,BR-004,EMP-0015,2026-02-09,SALE,212.43,SOURCE_A
TXN-A-000197,BR-006,EMP-0029,2026-03-22,SALE,46.36,SOURCE_A
TXN-A-000198,BR-002,EMP-0015,2026-03-10,SALE,14.15,SOURCE_A
TXN-A-000199,BR-006,EMP-0025,2026-03-08,SALE,53.41,SOURCE_A
TXN-A-000200,BR-005,EMP-0029,2026-01-03,SALE,925.47,SOURCE_A
TXN-A-000201,BR-004,EMP-0011,2026-04-27,SALE,434.54,SOURCE_A
TXN-A-000202,BR-001,EMP-0019,2026-02-14,SALE,107.55,SOURCE_A
TXN-A-000203,BR-008,EMP-0015,2026-04-24,SALE,25.4,SOURCE_A
TXN-A-000204,BR-006,EMP-0028,2026-04-03,SALE,252.25,SOURCE_A
TXN-A-000205,BR-007,EMP-0017,2026-04-02,SALE,358.67,SOURCE_A
TXN-A-000206,BR-003,EMP-0014,2026-02-28,SALE,52.85,SOURCE_A
TXN-A-000207,BR-009,EMP-0017,2026-03-09,SALE,820.06,SOURCE_A
TXN-A-000208,BR-002,EMP-0004,2026-02-07,SALE,133.84,SOURCE_A
TXN-A-000209,BR-004,EMP-0023,2026-03-13,SALE,563.31,SOURCE_A
TXN-A-000210,BR-005,EMP-0010,2026-03-11,SALE,172.9,SOURCE_A
TXN-A-000211,BR-009,EMP-0028,2026-02-25,SALE,942.78,SOURCE_A
TXN-A-000212,BR-008,EMP-0011,2026-04-19,SALE,264.69,SOURCE_A
TXN-A-000213,BR-010,EMP-0011,2026-04-08,SALE,787.23,SOURCE_A
TXN-A-000214,BR-009,EMP-0016,2026-04-12,SALE,25.6,SOURCE_A
TXN-A-000215,BR-007,EMP-0021,2026-04-19,SALE,587.87,SOURCE_A
TXN-A-000216,BR-008,EMP-0013,2026-03-08,SALE,435.13,SOURCE_A
TXN-A-000217,BR-010,EMP-0006,2026-01-24,SALE,52.54,SOURCE_A
TXN-A-000218,BR-008,EMP-0012,2026-04-24,SALE,843.24,SOURCE_A
TXN-A-000219,BR-002,EMP-0025,2026-01-10,SALE,947.69,SOURCE_A
TXN-A-000220,BR-005,EMP-0030,2026-02-16,SALE,315.27,SOURCE_A
TXN-A-000221,BR-005,EMP-0004,2026-01-11,SALE,122.02,SOURCE_A
TXN-A-000222,BR-005,EMP-0027,2026-03-06,SALE,263.12,SOURCE_A
TXN-A-000223,BR-007,EMP-0016,2026-01-22,SALE,641.78,SOURCE_A
TXN-A-000224,BR-005,EMP-0031,2026-03-03,SALE,411.41,SOURCE_A
TXN-A-000225,BR-002,EMP-0014,2026-03-04,SALE,215.05,SOURCE_A
TXN-A-000226,BR-010,EMP-0020,2026-02-12,SALE,142.94,SOURCE_A
TXN-A-000227,BR-006,EMP-0013,2026-03-19,SALE,598.31,SOURCE_A
TXN-A-000228,BR-006,EMP-0007,2026-02-13,SALE,828.51,SOURCE_A
TXN-A-000229,BR-003,EMP-0026,2026-03-28,SALE,175.07,SOURCE_A
TXN-A-000230,BR-002,EMP-0032,2026-04-19,SALE,10.44,SOURCE_A
TXN-A-000231,BR-010,EMP-0030,2026-03-04,SALE,180.97,SOURCE_A
TXN-A-000232,BR-003,EMP-0014,2026-03-03,SALE,113.55,SOURCE_A
TXN-A-000233,BR-006,EMP-0025,2026-04-06,SALE,55.54,SOURCE_A
TXN-A-000234,BR-002,EMP-0002,2026-02-08,SALE,385.94,SOURCE_A
TXN-A-000235,BR-008,EMP-0011,2026-02-15,SALE,249.84,SOURCE_A
TXN-A-000236,BR-004,EMP-0001,2026-03-25,SALE,203.3,SOURCE_A
TXN-A-000237,BR-005,EMP-0019,2026-02-27,SALE,82.17,SOURCE_A
TXN-A-000238,BR-001,EMP-0001,2026-03-02,SALE,401.76,SOURCE_A
TXN-A-000239,BR-006,EMP-0016,2026-03-12,SALE,422.19,SOURCE_A
TXN-A-000240,BR-003,EMP-0014,2026-03-04,SALE,96.58,SOURCE_A
TXN-A-000241,BR-010,EMP-0020,2026-03-08,SALE,216.06,SOURCE_A
TXN-A-000242,BR-002,EMP-0017,2026-04-08,SALE,261.6,SOURCE_A
TXN-A-000243,BR-008,EMP-0031,2026-04-14,SALE,493.81,SOURCE_A
TXN-A-000244,BR-005,EMP-0008,2026-03-20,SALE,375.57,SOURCE_A
TXN-A-000245,BR-002,EMP-0029,2026-04-02,SALE,35.5,SOURCE_A
TXN-A-000246,BR-007,EMP-0032,2026-04-12,SALE,123.71,SOURCE_A
TXN-A-000247,BR-008,EMP-0001,2026-03-23,SALE,93.97,SOURCE_A
TXN-A-000248,BR-004,EMP-0029,2026-02-24,SALE,196.12,SOURCE_A
TXN-A-000249,BR-004,EMP-0010,2026-04-11,SALE,139.07,SOURCE_A
TXN-A-000250,BR-008,EMP-0031,2026-04-07,SALE,32.22,SOURCE_A
TXN-A-000251,BR-010,EMP-0003,2026-04-20,SALE,562.02,SOURCE_A
TXN-A-000252,BR-007,EMP-0005,2026-03-14,SALE,226.04,SOURCE_A
TXN-A-000253,BR-007,EMP-0006,2026-02-04,SALE,39.47,SOURCE_A
TXN-A-000254,BR-010,EMP-0018,2026-03-25,SALE,406.03,SOURCE_A
TXN-A-000255,BR-007,EMP-0012,2026-04-23,SALE,63.55,SOURCE_A
TXN-A-000256,BR-008,EMP-0026,2026-04-22,SALE,411.01,SOURCE_A
TXN-A-000257,BR-001,EMP-0022,2026-04-26,SALE,85.36,SOURCE_A
TXN-A-000258,BR-007,EMP-0014,2026-04-20,SALE,378.62,SOURCE_A
TXN-A-000259,BR-006,EMP-0027,2026-02-23,SALE,406.0,SOURCE_A
TXN-A-000260,BR-002,EMP-0030,2026-04-15,SALE,509.64,SOURCE_A
TXN-A-000261,BR-005,EMP-0007,2026-04-19,SALE,92.79,SOURCE_A
TXN-A-000262,BR-006,EMP-0023,2026-04-14,SALE,183.46,SOURCE_A
TXN-A-000263,BR-006,EMP-0011,2026-02-03,SALE,206.83,SOURCE_A
TXN-A-000264,BR-010,EMP-0013,2026-04-12,SALE,132.71,SOURCE_A
TXN-A-000265,BR-002,EMP-0031,2026-01-03,SALE,30.07,SOURCE_A
TXN-A-000266,BR-006,EMP-0027,2026-04-27,SALE,65.37,SOURCE_A
TXN-A-000267,BR-006,EMP-0020,2026-04-12,SALE,175.78,SOURCE_A
TXN-A-000268,BR-003,EMP-0001,2026-04-06,SALE,301.48,SOURCE_A
TXN-A-000269,BR-002,EMP-0008,2026-02-05,SALE,61.43,SOURCE_A
TXN-A-000270,BR-006,EMP-0022,2026-01-20,SALE,181.08,SOURCE_A
TXN-A-000271,BR-001,EMP-0014,2026-04-13,SALE,343.18,SOURCE_A
TXN-A-000272,BR-007,EMP-0017,2026-02-15,SALE,32.81,SOURCE_A
TXN-A-000273,BR-004,EMP-0032,2026-03-04,SALE,169.56,SOURCE_A
TXN-A-000274,BR-002,EMP-0015,2026-03-04,SALE,940.87,SOURCE_A
TXN-A-000275,BR-002,EMP-0013,2026-04-21,SALE,697.88,SOURCE_A
TXN-A-000276,BR-007,EMP-0009,2026-02-02,SALE,407.63,SOURCE_A
TXN-A-000277,BR-009,EMP-0026,2026-02-03,SALE,147.15,SOURCE_A
TXN-A-000278,BR-002,EMP-0010,2026-02-07,SALE,181.11,SOURCE_A
TXN-A-000279,BR-004,EMP-0030,2026-04-02,SALE,176.97,SOURCE_A
TXN-A-000280,BR-007,EMP-0003,2026-03-26,SALE,256.72,SOURCE_A
TXN-A-000281,BR-006,EMP-0023,2026-03-12,SALE,59.81,SOURCE_A
TXN-A-000282,BR-003,EMP-0017,2026-04-13,SALE,321.09,SOURCE_A
TXN-A-000283,BR-001,EMP-0002,2026-02-25,SALE,453.87,SOURCE_A
TXN-A-000284,BR-006,EMP-0032,2026-03-28,SALE,177.14,SOURCE_A
TXN-A-000285,BR-002,EMP-0011,2026-03-07,SALE,427.27,SOURCE_A
TXN-A-000286,BR-006,EMP-0025,2026-01-24,SALE,28.75,SOURCE_A
TXN-A-000287,BR-009,EMP-0009,2026-03-15,SALE,623.77,SOURCE_A
TXN-A-000288,BR-005,EMP-0013,2026-02-15,SALE,535.01,SOURCE_A
TXN-A-000289,BR-006,EMP-0012,2026-04-13,SALE,161.36,SOURCE_A
TXN-A-000290,BR-008,EMP-0018,2026-03-13,SALE,52.78,SOURCE_A
TXN-A-000291,BR-008,EMP-0006,2026-01-13,SALE,433.82,SOURCE_A
TXN-A-000292,BR-005,EMP-0018,2026-03-27,SALE,516.82,SOURCE_A
TXN-A-000293,BR-003,EMP-0028,2026-04-24,SALE,835.85,SOURCE_A
TXN-A-000294,BR-004,EMP-0023,2026-03-05,SALE,409.6,SOURCE_A
TXN-A-000295,BR-003,EMP-0014,2026-02-26,SALE,796.23,SOURCE_A
TXN-A-000296,BR-002,EMP-0010,2026-01-26,SALE,643.11,SOURCE_A
TXN-A-000297,BR-006,EMP-0028,2026-01-24,SALE,148.91,SOURCE_A
TXN-A-000298,BR-010,EMP-0019,2026-02-01,SALE,854.24,SOURCE_A
TXN-A-000299,BR-003,EMP-0017,2026-02-05,SALE,302.73,SOURCE_A
TXN-A-000300,BR-004,EMP-0030,2026-02-17,SALE,284.68,SOURCE_A
TXN-A-000301,BR-003,EMP-0024,2026-01-26,SALE,156.69,SOURCE_A
TXN-A-000302,BR-002,EMP-0007,2026-01-04,SALE,696.28,SOURCE_A
TXN-A-000303,BR-010,EMP-0003,2026-03-01,SALE,750.39,SOURCE_A
TXN-A-000304,BR-004,EMP-0004,2026-01-22,SALE,20.29,SOURCE_A
TXN-A-000305,BR-007,EMP-0010,2026-02-07,SALE,65.59,SOURCE_A
TXN-A-000306,BR-005,EMP-0020,2026-02-10,SALE,208.47,SOURCE_A
TXN-A-000307,BR-007,EMP-0010,2026-03-10,SALE,454.99,SOURCE_A
TXN-A-000308,BR-003,EMP-0025,2026-01-24,SALE,782.53,SOURCE_A
TXN-A-000309,BR-007,EMP-0013,2026-04-01,SALE,15.04,SOURCE_A
TXN-A-000310,BR-001,EMP-0024,2026-03-13,SALE,247.22,SOURCE_A
TXN-A-000311,BR-009,EMP-0011,2026-03-22,SALE,162.11,SOURCE_A
TXN-A-000312,BR-006,EMP-0001,2026-04-21,SALE,123.07,SOURCE_A
TXN-A-000313,BR-004,EMP-0025,2026-04-22,SALE,140.28,SOURCE_A
TXN-A-000314,BR-003,EMP-0010,2026-02-10,SALE,221.57,SOURCE_A
TXN-A-000315,BR-008,EMP-0032,2026-01-08,SALE,748.64,SOURCE_A
TXN-A-000316,BR-004,EMP-0031,2026-01-24,SALE,76.26,SOURCE_A
TXN-A-000317,BR-006,EMP-0020,2026-02-23,SALE,34.36,SOURCE_A
TXN-A-000318,BR-005,EMP-0017,2026-01-07,SALE,422.56,SOURCE_A
TXN-A-000319,BR-009,EMP-0027,2026-01-09,SALE,310.11,SOURCE_A
TXN-A-000320,BR-002,EMP-0005,2026-01-11,SALE,64.65,SOURCE_A
TXN-A-000321,BR-005,EMP-0019,2026-01-05,SALE,124.73,SOURCE_A
TXN-A-000322,BR-006,EMP-0021,2026-03-20,SALE,282.35,SOURCE_A
TXN-A-000323,BR-010,EMP-0017,2026-01-27,SALE,374.32,SOURCE_A
TXN-A-000324,BR-006,EMP-0004,2026-04-21,SALE,356.98,SOURCE_A
TXN-A-000325,BR-002,EMP-0032,2026-04-14,SALE,512.92,SOURCE_A
TXN-A-000326,BR-001,EMP-0014,2026-01-16,SALE,407.75,SOURCE_A
TXN-A-000327,BR-005,EMP-0026,2026-03-16,SALE,517.35,SOURCE_A
TXN-A-000328,BR-009,EMP-0026,2026-02-25,SALE,253.81,SOURCE_A
TXN-A-000329,BR-005,EMP-0008,2026-01-01,SALE,195.35,SOURCE_A
TXN-A-000330,BR-005,EMP-0004,2026-03-01,SALE,139.36,SOURCE_A
TXN-A-000331,BR-001,EMP-0002,2026-04-07,SALE,224.44,SOURCE_A
TXN-A-000332,BR-010,EMP-0017,2026-03-19,SALE,392.68,SOURCE_A
TXN-A-000333,BR-005,EMP-0032,2026-01-26,SALE,208.67,SOURCE_A
TXN-A-000334,BR-009,EMP-0009,2026-02-22,SALE,127.37,SOURCE_A
TXN-A-000335,BR-008,EMP-0012,2026-03-27,SALE,468.57,SOURCE_A
TXN-A-000336,BR-007,EMP-0006,2026-04-27,SALE,116.04,SOURCE_A
TXN-A-000337,BR-008,EMP-0009,2026-01-16,SALE,167.47,SOURCE_A
TXN-A-000338,BR-007,EMP-0011,2026-02-05,SALE,659.37,SOURCE_A
TXN-A-000339,BR-006,EMP-0010,2026-01-28,SALE,556.85,SOURCE_A
TXN-A-000340,BR-001,EMP-0005,2026-03-04,SALE,172.21,SOURCE_A
TXN-A-000341,BR-008,EMP-0016,2026-02-03,SALE,267.34,SOURCE_A
TXN-A-000342,BR-006,EMP-0023,2026-02-12,SALE,229.11,SOURCE_A
TXN-A-000343,BR-006,EMP-0005,2026-04-04,SALE,215.69,SOURCE_A
TXN-A-000344,BR-009,EMP-0018,2026-03-03,SALE,864.94,SOURCE_A
TXN-A-000345,BR-009,EMP-0023,2026-01-10,SALE,530.47,SOURCE_A
TXN-A-000346,BR-004,EMP-0019,2026-04-14,SALE,325.32,SOURCE_A
TXN-A-000347,BR-004,EMP-0008,2026-04-15,SALE,1066.46,SOURCE_A
TXN-A-000348,BR-004,EMP-0003,2026-04-06,SALE,190.3,SOURCE_A
TXN-A-000349,BR-007,EMP-0023,2026-03-25,SALE,115.09,SOURCE_A
TXN-A-000350,BR-009,EMP-0025,2026-01-23,SALE,53.93,SOURCE_A
TXN-A-000351,BR-003,EMP-0024,2026-02-11,SALE,514.61,SOURCE_A
TXN-A-000352,BR-005,EMP-0013,2026-04-21,SALE,676.08,SOURCE_A
TXN-A-000353,BR-007,EMP-0026,2026-02-04,SALE,124.93,SOURCE_A
TXN-A-000354,BR-001,EMP-0012,2026-03-04,SALE,48.8,SOURCE_A
TXN-A-000355,BR-003,EMP-0005,2026-01-11,SALE,410.06,SOURCE_A
TXN-A-000356,BR-009,EMP-0023,2026-04-16,SALE,579.79,SOURCE_A
TXN-A-000357,BR-003,EMP-0010,2026-02-22,SALE,235.36,SOURCE_A
TXN-A-000358,BR-003,EMP-0018,2026-03-06,SALE,175.83,SOURCE_A
TXN-A-000359,BR-004,EMP-0032,2026-03-22,SALE,182.86,SOURCE_A
TXN-A-000360,BR-002,EMP-0023,2026-03-11,SALE,487.54,SOURCE_A
TXN-A-000361,BR-010,EMP-0008,2026-01-16,SALE,514.8,SOURCE_A
TXN-A-000362,BR-010,EMP-0002,2026-03-15,SALE,95.77,SOURCE_A
TXN-A-000363,BR-003,EMP-0022,2026-04-06,SALE,434.89,SOURCE_A
TXN-A-000364,BR-001,EMP-0031,2026-01-05,SALE,431.31,SOURCE_A
TXN-A-000365,BR-009,EMP-0027,2026-02-12,SALE,316.99,SOURCE_A
TXN-A-000366,BR-010,EMP-0028,2026-03-11,SALE,88.52,SOURCE_A
TXN-A-000367,BR-004,EMP-0032,2026-01-27,SALE,168.11,SOURCE_A
TXN-A-000368,BR-006,EMP-0011,2026-01-19,SALE,227.16,SOURCE_A
TXN-A-000369,BR-007,EMP-0025,2026-02-17,SALE,158.31,SOURCE_A
TXN-A-000370,BR-009,EMP-0008,2026-02-16,SALE,178.32,SOURCE_A
TXN-A-000371,BR-009,EMP-0028,2026-01-09,SALE,109.8,SOURCE_A
TXN-A-000372,BR-009,EMP-0018,2026-01-01,SALE,735.53,SOURCE_A
TXN-A-000373,BR-002,EMP-0012,2026-02-10,SALE,177.75,SOURCE_A
TXN-A-000374,BR-005,EMP-0026,2026-03-14,SALE,198.43,SOURCE_A
TXN-A-000375,BR-001,EMP-0012,2026-03-03,SALE,593.23,SOURCE_A
TXN-A-000376,BR-010,EMP-0013,2026-01-27,SALE,136.56,SOURCE_A
TXN-A-000377,BR-001,EMP-0004,2026-04-07,SALE,99.6,SOURCE_A
TXN-A-000378,BR-001,EMP-0016,2026-03-16,SALE,137.03,SOURCE_A
TXN-A-000379,BR-007,EMP-0004,2026-01-07,SALE,271.46,SOURCE_A
TXN-A-000380,BR-008,EMP-0014,2026-04-21,SALE,493.81,SOURCE_A
TXN-A-000381,BR-006,EMP-0018,2026-02-13,SALE,221.33,SOURCE_A
TXN-A-000382,BR-009,EMP-0027,2026-04-27,SALE,346.21,SOURCE_A
TXN-A-000383,BR-007,EMP-0029,2026-02-12,SALE,492.49,SOURCE_A
TXN-A-000384,BR-003,EMP-0020,2026-04-11,SALE,86.61,SOURCE_A
TXN-A-000385,BR-005,EMP-0014,2026-02-23,SALE,357.43,SOURCE_A
TXN-A-000386,BR-008,EMP-0023,2026-02-18,SALE,146.0,SOURCE_A
TXN-A-000387,BR-005,EMP-0008,2026-03-23,SALE,66.76,SOURCE_A
TXN-A-000388,BR-007,EMP-0021,2026-02-16,SALE,167.4,SOURCE_A
TXN-A-000389,BR-008,EMP-0010,2026-03-21,SALE,207.78,SOURCE_A
TXN-A-000390,BR-010,EMP-0027,2026-01-18,SALE,122.25,SOURCE_A
TXN-A-000391,BR-002,EMP-0004,2026-01-07,SALE,251.28,SOURCE_A
TXN-A-000392,BR-003,EMP-0026,2026-01-21,SALE,655.52,SOURCE_A
TXN-A-000393,BR-005,EMP-0029,2026-02-08,SALE,400.65,SOURCE_A
TXN-A-000394,BR-007,EMP-0015,2026-02-21,SALE,211.05,SOURCE_A
TXN-A-000395,BR-005,EMP-0006,2026-02-08,SALE,263.28,SOURCE_A
TXN-A-000396,BR-006,EMP-0005,2026-02-15,SALE,468.3,SOURCE_A
TXN-A-000397,BR-009,EMP-0018,2026-03-16,SALE,7.84,SOURCE_A
TXN-A-000398,BR-006,EMP-0012,2026-02-14,SALE,196.76,SOURCE_A
TXN-A-000399,BR-010,EMP-0005,2026-04-15,SALE,402.48,SOURCE_A
TXN-A-000400,BR-001,EMP-0024,2026-04-25,SALE,255.85,SOURCE_A
TXN-A-000401,BR-005,EMP-0009,2026-02-19,SALE,357.38,SOURCE_A
TXN-A-000402,BR-006,EMP-0008,2026-04-15,SALE,310.98,SOURCE_A
TXN-A-000403,BR-002,EMP-0014,2026-02-11,SALE,194.78,SOURCE_A
TXN-A-000404,BR-001,EMP-0026,2026-04-04,SALE,295.34,SOURCE_A
TXN-A-000405,BR-004,EMP-0028,2026-02-19,SALE,228.72,SOURCE_A
TXN-A-000406,BR-007,EMP-0031,2026-04-22,SALE,355.73,SOURCE_A
TXN-A-000407,BR-005,EMP-0005,2026-03-24,SALE,198.19,SOURCE_A
TXN-A-000408,BR-004,EMP-0025,2026-01-27,SALE,14.31,SOURCE_A
TXN-A-000409,BR-002,EMP-0020,2026-04-03,SALE,547.21,SOURCE_A
TXN-A-000410,BR-006,EMP-0008,2026-01-01,SALE,189.1,SOURCE_A
TXN-A-000411,BR-009,EMP-0027,2026-03-02,SALE,446.36,SOURCE_A
TXN-A-000412,BR-005,EMP-0026,2026-01-03,SALE,463.47,SOURCE_A
TXN-A-000413,BR-004,EMP-0028,2026-01-11,SALE,90.85,SOURCE_A
TXN-A-000414,BR-010,EMP-0012,2026-01-23,SALE,335.57,SOURCE_A
TXN-A-000415,BR-007,EMP-0021,2026-02-08,SALE,131.12,SOURCE_A
TXN-A-000416,BR-005,EMP-0004,2026-02-05,SALE,144.4,SOURCE_A
TXN-A-000417,BR-007,EMP-0020,2026-04-02,SALE,419.42,SOURCE_A
TXN-A-000418,BR-002,EMP-0029,2026-04-25,SALE,608.53,SOURCE_A
TXN-A-000419,BR-008,EMP-0006,2026-01-20,SALE,214.79,SOURCE_A
TXN-A-000420,BR-001,EMP-0025,2026-04-10,SALE,311.97,SOURCE_A
TXN-A-000421,BR-006,EMP-0030,2026-03-16,SALE,11.13,SOURCE_A
TXN-A-000422,BR-007,EMP-0027,2026-01-28,SALE,333.73,SOURCE_A
TXN-A-000423,BR-004,EMP-0023,2026-04-26,SALE,630.3,SOURCE_A
TXN-A-000424,BR-003,EMP-0001,2026-04-20,SALE,19.23,SOURCE_A
TXN-A-000425,BR-009,EMP-0028,2026-03-26,SALE,646.19,SOURCE_A
TXN-A-000426,BR-007,EMP-0029,2026-01-13,SALE,255.12,SOURCE_A
TXN-A-000427,BR-002,EMP-0015,2026-01-17,SALE,166.79,SOURCE_A
TXN-A-000428,BR-002,EMP-0020,2026-02-22,SALE,895.01,SOURCE_A
TXN-A-000429,BR-004,EMP-0021,2026-02-24,SALE,152.2,SOURCE_A
TXN-A-000430,BR-001,EMP-0028,2026-03-19,SALE,562.52,SOURCE_A
TXN-A-000431,BR-005,EMP-0027,2026-02-25,SALE,117.4,SOURCE_A
TXN-A-000432,BR-009,EMP-0008,2026-03-19,SALE,624.18,SOURCE_A
TXN-A-000433,BR-002,EMP-0010,2026-02-13,SALE,320.8,SOURCE_A
TXN-A-000434,BR-009,EMP-0015,2026-02-13,SALE,294.15,SOURCE_A
TXN-A-000435,BR-009,EMP-0031,2026-01-28,SALE,9.98,SOURCE_A
TXN-A-000436,BR-001,EMP-0012,2026-04-01,SALE,371.86,SOURCE_A
TXN-A-000437,BR-005,EMP-0031,2026-02-23,SALE,43.05,SOURCE_A
TXN-A-000438,BR-009,EMP-0023,2026-04-18,SALE,61.09,SOURCE_A
TXN-A-000439,BR-006,EMP-0027,2026-02-07,SALE,18.92,SOURCE_A
TXN-A-000440,BR-008,EMP-0027,2026-03-07,SALE,203.19,SOURCE_A
TXN-A-000441,BR-003,EMP-0026,2026-01-21,SALE,380.64,SOURCE_A
TXN-A-000442,BR-010,EMP-0025,2026-01-14,SALE,615.92,SOURCE_A
TXN-A-000443,BR-010,EMP-0014,2026-02-01,SALE,894.53,SOURCE_A
TXN-A-000444,BR-004,EMP-0020,2026-02-05,SALE,110.67,SOURCE_A
TXN-A-000445,BR-009,EMP-0001,2026-01-18,SALE,847.74,SOURCE_A
TXN-A-000446,BR-004,EMP-0005,2026-04-17,SALE,232.95,SOURCE_A
TXN-A-000447,BR-007,EMP-0008,2026-03-27,SALE,108.84,SOURCE_A
TXN-A-000448,BR-003,EMP-0018,2026-02-20,SALE,642.72,SOURCE_A
TXN-A-000449,BR-009,EMP-0025,2026-02-04,SALE,497.67,SOURCE_A
TXN-A-000450,BR-009,EMP-0007,2026-01-17,SALE,441.87,SOURCE_A
TXN-A-000451,BR-005,EMP-0023,2026-03-22,SALE,789.11,SOURCE_A
TXN-A-000452,BR-001,EMP-0031,2026-04-12,SALE,285.81,SOURCE_A
TXN-A-000453,BR-004,EMP-0018,2026-03-13,SALE,207.53,SOURCE_A
TXN-A-000454,BR-009,EMP-0012,2026-04-25,SALE,600.02,SOURCE_A
TXN-A-000455,BR-009,EMP-0023,2026-03-25,SALE,910.32,SOURCE_A
TXN-A-000456,BR-007,EMP-0008,2026-01-15,SALE,22.83,SOURCE_A
TXN-A-000457,BR-004,EMP-0020,2026-01-19,SALE,222.3,SOURCE_A
TXN-A-000458,BR-002,EMP-0030,2026-03-25,SALE,12.87,SOURCE_A
TXN-A-000459,BR-004,EMP-0029,2026-03-22,SALE,490.33,SOURCE_A
TXN-A-000460,BR-006,EMP-0032,2026-01-04,SALE,120.34,SOURCE_A
TXN-A-000461,BR-006,EMP-0013,2026-01-21,SALE,435.17,SOURCE_A
TXN-A-000462,BR-001,EMP-0009,2026-01-02,SALE,273.4,SOURCE_A
TXN-A-000463,BR-005,EMP-0012,2026-02-25,SALE,176.62,SOURCE_A
TXN-A-000464,BR-004,EMP-0016,2026-03-04,SALE,113.2,SOURCE_A
TXN-A-000465,BR-002,EMP-0020,2026-03-07,SALE,745.33,SOURCE_A
TXN-A-000466,BR-009,EMP-0012,2026-02-20,SALE,50.87,SOURCE_A
TXN-A-000467,BR-009,EMP-0030,2026-04-10,SALE,827.3,SOURCE_A
TXN-A-000468,BR-006,EMP-0021,2026-02-24,SALE,40.7,SOURCE_A
TXN-A-000469,BR-006,EMP-0001,2026-03-18,SALE,55.34,SOURCE_A
TXN-A-000470,BR-003,EMP-0019,2026-03-01,SALE,806.31,SOURCE_A
TXN-A-000471,BR-003,EMP-0001,2026-01-21,SALE,66.0,SOURCE_A
TXN-A-000472,BR-008,EMP-0011,2026-02-12,SALE,216.71,SOURCE_A
TXN-A-000473,BR-003,EMP-0006,2026-02-20,SALE,161.29,SOURCE_A
TXN-A-000474,BR-001,EMP-0029,2026-01-28,SALE,297.92,SOURCE_A
TXN-A-000475,BR-007,EMP-0014,2026-01-20,SALE,227.78,SOURCE_A
TXN-A-000476,BR-003,EMP-0027,2026-03-11,SALE,94.88,SOURCE_A
TXN-A-000477,BR-004,EMP-0030,2026-01-23,SALE,249.54,SOURCE_A
TXN-A-000478,BR-007,EMP-0005,2026-01-09,SALE,117.35,SOURCE_A
TXN-A-000479,BR-003,EMP-0027,2026-04-26,SALE,650.86,SOURCE_A
TXN-A-000480,BR-010,EMP-0006,2026-04-24,SALE,7.09,SOURCE_A
TXN-A-000481,BR-005,EMP-0006,2026-02-08,SALE,57.05,SOURCE_A
TXN-A-000482,BR-001,EMP-0018,2026-03-12,SALE,125.7,SOURCE_A
TXN-A-000483,BR-008,EMP-0023,2026-04-08,SALE,664.73,SOURCE_A
TXN-A-000484,BR-001,EMP-0010,2026-03-21,SALE,262.73,SOURCE_A
TXN-A-000485,BR-004,EMP-0028,2026-03-08,SALE,157.37,SOURCE_A
TXN-A-000486,BR-008,EMP-0010,2026-02-22,SALE,389.98,SOURCE_A
TXN-A-000487,BR-004,EMP-0028,2026-01-11,SALE,74.44,SOURCE_A
TXN-A-000488,BR-005,EMP-0011,2026-02-16,SALE,106.61,SOURCE_A
TXN-A-000489,BR-009,EMP-0011,2026-03-03,SALE,331.4,SOURCE_A
TXN-A-000490,BR-006,EMP-0027,2026-03-10,SALE,97.78,SOURCE_A
TXN-A-000491,BR-002,EMP-0028,2026-01-18,SALE,547.39,SOURCE_A
TXN-A-000492,BR-001,EMP-0018,2026-04-13,SALE,135.62,SOURCE_A
TXN-A-000493,BR-006,EMP-0011,2026-02-02,SALE,589.03,SOURCE_A
TXN-A-000494,BR-006,EMP-0027,2026-04-17,SALE,327.73,SOURCE_A
TXN-A-000495,BR-007,EMP-0002,2026-02-06,SALE,1129.46,SOURCE_A
TXN-A-000496,BR-006,EMP-0011,2026-02-20,SALE,54.5,SOURCE_A
TXN-A-000497,BR-010,EMP-0012,2026-03-22,SALE,92.33,SOURCE_A
TXN-A-000498,BR-003,EMP-0011,2026-01-09,SALE,56.54,SOURCE_A
TXN-A-000499,BR-001,EMP-0020,2026-04-05,SALE,160.51,SOURCE_A
TXN-A-000500,BR-004,EMP-0026,2026-03-27,SALE,190.0,SOURCE_A
TXN-A-000501,BR-007,EMP-0018,2026-04-08,SALE,239.17,SOURCE_A
TXN-A-000502,BR-003,EMP-0013,2026-03-03,SALE,121.25,SOURCE_A
TXN-A-000503,BR-010,EMP-0007,2026-02-19,SALE,304.65,SOURCE_A
TXN-A-000504,BR-007,EMP-0010,2026-03-06,SALE,677.81,SOURCE_A
TXN-A-000505,BR-006,EMP-0032,2026-02-05,SALE,189.44,SOURCE_A
TXN-A-000506,BR-010,EMP-0022,2026-01-15,SALE,246.34,SOURCE_A
TXN-A-000507,BR-006,EMP-0007,2026-04-05,SALE,42.64,SOURCE_A
TXN-A-000508,BR-003,EMP-0017,2026-04-04,SALE,261.68,SOURCE_A
TXN-A-000509,BR-005,EMP-0030,2026-04-21,SALE,435.57,SOURCE_A
TXN-A-000510,BR-008,EMP-0002,2026-02-17,SALE,467.13,SOURCE_A
TXN-A-000511,BR-004,EMP-0023,2026-03-03,SALE,392.72,SOURCE_A
TXN-A-000512,BR-002,EMP-0020,2026-02-20,SALE,294.43,SOURCE_A
TXN-A-000513,BR-001,EMP-0001,2026-03-12,SALE,370.79,SOURCE_A
TXN-A-000514,BR-010,EMP-0022,2026-03-02,SALE,90.85,SOURCE_A
TXN-A-000515,BR-006,EMP-0008,2026-04-26,SALE,272.09,SOURCE_A
TXN-A-000516,BR-003,EMP-0012,2026-04-22,SALE,11.37,SOURCE_A
TXN-A-000517,BR-010,EMP-0023,2026-03-18,SALE,22.18,SOURCE_A
TXN-A-000518,BR-007,EMP-0001,2026-03-22,SALE,176.97,SOURCE_A
TXN-A-000519,BR-004,EMP-0017,2026-04-27,SALE,159.58,SOURCE_A
TXN-A-000520,BR-001,EMP-0032,2026-01-09,SALE,330.61,SOURCE_A
TXN-A-000521,BR-004,EMP-0015,2026-02-12,SALE,241.65,SOURCE_A
TXN-A-000522,BR-007,EMP-0019,2026-01-13,SALE,53.73,SOURCE_A
TXN-A-000523,BR-007,EMP-0025,2026-01-13,SALE,112.26,SOURCE_A
TXN-A-000524,BR-003,EMP-0008,2026-02-05,SALE,541.41,SOURCE_A
TXN-A-000525,BR-001,EMP-0009,2026-03-24,SALE,302.73,SOURCE_A
TXN-A-000526,BR-004,EMP-0021,2026-03-26,SALE,178.23,SOURCE_A
TXN-A-000527,BR-002,EMP-0030,2026-04-14,SALE,188.77,SOURCE_A
TXN-A-000528,BR-004,EMP-0010,2026-04-01,SALE,192.36,SOURCE_A
TXN-A-000529,BR-002,EMP-0029,2026-02-01,SALE,876.18,SOURCE_A
TXN-A-000530,BR-001,EMP-0002,2026-04-11,SALE,37.36,SOURCE_A
TXN-A-000531,BR-009,EMP-0012,2026-02-15,SALE,12.84,SOURCE_A
TXN-A-000532,BR-006,EMP-0029,2026-02-01,SALE,43.15,SOURCE_A
TXN-A-000533,BR-006,EMP-0010,2026-01-05,SALE,159.04,SOURCE_A
TXN-A-000534,BR-010,EMP-0014,2026-02-21,SALE,340.75,SOURCE_A
TXN-A-000535,BR-002,EMP-0002,2026-04-14,SALE,391.02,SOURCE_A
TXN-A-000536,BR-007,EMP-0011,2026-03-07,SALE,382.49,SOURCE_A
TXN-A-000537,BR-008,EMP-0026,2026-04-14,SALE,232.94,SOURCE_A
TXN-A-000538,BR-006,EMP-0005,2026-02-27,SALE,107.74,SOURCE_A
TXN-A-000539,BR-004,EMP-0011,2026-03-19,SALE,255.23,SOURCE_A
TXN-A-000540,BR-006,EMP-0025,2026-03-24,SALE,492.52,SOURCE_A
TXN-A-000541,BR-005,EMP-0025,2026-02-02,SALE,564.61,SOURCE_A
TXN-A-000542,BR-002,EMP-0005,2026-03-24,SALE,66.43,SOURCE_A
TXN-A-000543,BR-010,EMP-0022,2026-03-06,SALE,139.1,SOURCE_A
TXN-A-000544,BR-002,EMP-0004,2026-02-13,SALE,266.41,SOURCE_A
TXN-A-000545,BR-009,EMP-0026,2026-03-17,SALE,591.72,SOURCE_A
TXN-A-000546,BR-005,EMP-0003,2026-01-06,SALE,302.88,SOURCE_A
TXN-A-000547,BR-002,EMP-0021,2026-01-06,SALE,105.08,SOURCE_A
TXN-A-000548,BR-002,EMP-0017,2026-04-15,SALE,112.02,SOURCE_A
TXN-A-000549,BR-009,EMP-0001,2026-04-25,SALE,221.33,SOURCE_A
TXN-A-000550,BR-009,EMP-0022,2026-04-24,SALE,190.32,SOURCE_A
TXN-A-000551,BR-003,EMP-0006,2026-02-17,SALE,460.32,SOURCE_A
TXN-A-000552,BR-003,EMP-0031,2026-04-07,SALE,105.83,SOURCE_A
TXN-A-000553,BR-003,EMP-0002,2026-03-20,SALE,164.26,SOURCE_A
TXN-A-000554,BR-010,EMP-0010,2026-04-14,SALE,919.2,SOURCE_A
TXN-A-000555,BR-006,EMP-0019,2026-03-03,SALE,737.58,SOURCE_A
TXN-A-000556,BR-002,EMP-0010,2026-04-16,SALE,117.39,SOURCE_A
TXN-A-000557,BR-009,EMP-0006,2026-03-05,SALE,488.35,SOURCE_A
TXN-A-000558,BR-007,EMP-0019,2026-04-24,SALE,49.64,SOURCE_A
TXN-A-000559,BR-006,EMP-0017,2026-02-28,SALE,742.92,SOURCE_A
TXN-A-000560,BR-005,EMP-0006,2026-03-16,SALE,429.69,SOURCE_A
TXN-A-000561,BR-010,EMP-0027,2026-01-28,SALE,164.91,SOURCE_A
TXN-A-000562,BR-006,EMP-0001,2026-04-12,SALE,74.75,SOURCE_A
TXN-A-000563,BR-005,EMP-0031,2026-01-19,SALE,955.29,SOURCE_A
TXN-A-000564,BR-010,EMP-0030,2026-04-11,SALE,413.14,SOURCE_A
TXN-A-000565,BR-004,EMP-0015,2026-03-27,SALE,85.4,SOURCE_A
TXN-A-000566,BR-002,EMP-0027,2026-01-09,SALE,267.93,SOURCE_A
TXN-A-000567,BR-003,EMP-0003,2026-04-22,SALE,864.54,SOURCE_A
TXN-A-000568,BR-007,EMP-0003,2026-01-13,SALE,155.18,SOURCE_A
TXN-A-000569,BR-002,EMP-0026,2026-04-03,SALE,126.44,SOURCE_A
TXN-A-000570,BR-010,EMP-0012,2026-02-11,SALE,115.23,SOURCE_A
TXN-A-000571,BR-004,EMP-0008,2026-01-12,SALE,805.39,SOURCE_A
TXN-A-000572,BR-005,EMP-0030,2026-04-01,SALE,114.48,SOURCE_A
TXN-A-000573,BR-001,EMP-0029,2026-02-28,SALE,139.94,SOURCE_A
TXN-A-000574,BR-007,EMP-0024,2026-02-14,SALE,288.64,SOURCE_A
TXN-A-000575,BR-006,EMP-0003,2026-02-24,SALE,74.8,SOURCE_A
TXN-A-000576,BR-009,EMP-0027,2026-03-13,SALE,624.13,SOURCE_A
TXN-A-000577,BR-005,EMP-0029,2026-03-18,SALE,438.86,SOURCE_A
TXN-A-000578,BR-002,EMP-0007,2026-03-18,SALE,830.41,SOURCE_A
TXN-A-000579,BR-002,EMP-0029,2026-01-12,SALE,845.52,SOURCE_A
TXN-A-000580,BR-009,EMP-0022,2026-01-13,SALE,63.0,SOURCE_A
TXN-A-000581,BR-008,EMP-0009,2026-04-06,SALE,178.4,SOURCE_A
TXN-A-000582,BR-003,EMP-0012,2026-02-15,SALE,146.77,SOURCE_A
TXN-A-000583,BR-003,EMP-0028,2026-01-01,SALE,180.26,SOURCE_A
TXN-A-000584,BR-003,EMP-0009,2026-04-03,SALE,162.16,SOURCE_A
TXN-A-000585,BR-005,EMP-0015,2026-02-08,SALE,515.73,SOURCE_A
TXN-A-000586,BR-008,EMP-0007,2026-02-01,SALE,51.98,SOURCE_A
TXN-A-000587,BR-002,EMP-0029,2026-02-25,SALE,128.84,SOURCE_A
TXN-A-000588,BR-005,EMP-0020,2026-04-03,SALE,65.53,SOURCE_A
TXN-A-000589,BR-002,EMP-0017,2026-02-25,SALE,142.89,SOURCE_A
TXN-A-000590,BR-006,EMP-0018,2026-01-15,SALE,32.6,SOURCE_A
TXN-A-000591,BR-001,EMP-0030,2026-01-08,SALE,88.28,SOURCE_A
TXN-A-000592,BR-006,EMP-0006,2026-01-19,SALE,83.88,SOURCE_A
TXN-A-000593,BR-009,EMP-0012,2026-01-26,SALE,214.77,SOURCE_A
TXN-A-000594,BR-010,EMP-0026,2026-02-23,SALE,191.58,SOURCE_A
TXN-A-000595,BR-003,EMP-0007,2026-01-26,SALE,158.11,SOURCE_A
TXN-A-000596,BR-002,EMP-0014,2026-04-21,SALE,102.16,SOURCE_A
TXN-A-000597,BR-008,EMP-0027,2026-04-09,SALE,160.97,SOURCE_A
TXN-A-000598,BR-001,EMP-0006,2026-02-18,SALE,71.64,SOURCE_A
TXN-A-000599,BR-007,EMP-0028,2026-04-20,SALE,60.0,SOURCE_A
TXN-A-000600,BR-004,EMP-0020,2026-01-23,SALE,842.51,SOURCE_A
TXN-A-000601,BR-010,EMP-0018,2026-04-05,SALE,332.46,SOURCE_A
TXN-A-000602,BR-002,EMP-0004,2026-01-24,SALE,412.41,SOURCE_A
TXN-A-000603,BR-006,EMP-0017,2026-02-25,SALE,23.55,SOURCE_A
TXN-A-000604,BR-004,EMP-0007,2026-04-14,SALE,424.78,SOURCE_A
TXN-A-000605,BR-001,EMP-0027,2026-03-09,SALE,158.44,SOURCE_A
TXN-A-000606,BR-003,EMP-0015,2026-02-09,SALE,225.42,SOURCE_A
TXN-A-000607,BR-006,EMP-0013,2026-04-16,SALE,219.77,SOURCE_A
TXN-A-000608,BR-003,EMP-0023,2026-01-12,SALE,521.59,SOURCE_A
TXN-A-000609,BR-010,EMP-0025,2026-01-15,SALE,75.52,SOURCE_A
TXN-A-000610,BR-003,EMP-0013,2026-01-03,SALE,349.6,SOURCE_A
TXN-A-000611,BR-002,EMP-0020,2026-02-11,SALE,658.08,SOURCE_A
TXN-A-000612,BR-004,EMP-0018,2026-04-28,SALE,639.09,SOURCE_A
TXN-A-000613,BR-006,EMP-0009,2026-03-23,SALE,356.85,SOURCE_A
TXN-A-000614,BR-001,EMP-0009,2026-03-05,SALE,118.33,SOURCE_A
TXN-A-000615,BR-005,EMP-0005,2026-03-19,SALE,161.96,SOURCE_A
TXN-A-000616,BR-006,EMP-0019,2026-03-08,SALE,540.12,SOURCE_A
TXN-A-000617,BR-008,EMP-0013,2026-01-25,SALE,202.26,SOURCE_A
TXN-A-000618,BR-002,EMP-0028,2026-02-21,SALE,305.16,SOURCE_A
TXN-A-000619,BR-004,EMP-0009,2026-04-22,SALE,38.78,SOURCE_A
TXN-A-000620,BR-010,EMP-0008,2026-03-06,SALE,22.58,SOURCE_A
TXN-A-000621,BR-009,EMP-0013,2026-02-26,SALE,177.63,SOURCE_A
TXN-A-000622,BR-008,EMP-0011,2026-04-13,SALE,463.04,SOURCE_A
TXN-A-000623,BR-008,EMP-0012,2026-04-01,SALE,1045.75,SOURCE_A
TXN-A-000624,BR-006,EMP-0002,2026-02-03,SALE,563.24,SOURCE_A
TXN-A-000625,BR-009,EMP-0028,2026-02-24,SALE,839.71,SOURCE_A
TXN-A-000626,BR-003,EMP-0031,2026-02-20,SALE,64.26,SOURCE_A
TXN-A-000627,BR-009,EMP-0019,2026-01-27,SALE,56.74,SOURCE_A
TXN-A-000628,BR-004,EMP-0027,2026-04-14,SALE,859.62,SOURCE_A
TXN-A-000629,BR-005,EMP-0009,2026-03-19,SALE,232.59,SOURCE_A
TXN-A-000630,BR-010,EMP-0025,2026-04-07,SALE,418.9,SOURCE_A
TXN-A-000631,BR-003,EMP-0002,2026-01-11,SALE,229.51,SOURCE_A
TXN-A-000632,BR-009,EMP-0025,2026-03-25,SALE,180.46,SOURCE_A
TXN-A-000633,BR-009,EMP-0007,2026-01-25,SALE,284.28,SOURCE_A
TXN-A-000634,BR-008,EMP-0007,2026-02-19,SALE,12.58,SOURCE_A
TXN-A-000635,BR-009,EMP-0021,2026-01-19,SALE,381.67,SOURCE_A
TXN-A-000636,BR-007,EMP-0008,2026-01-05,SALE,139.5,SOURCE_A
TXN-A-000637,BR-008,EMP-0005,2026-04-13,SALE,611.49,SOURCE_A
TXN-A-000638,BR-002,EMP-0029,2026-04-02,SALE,259.82,SOURCE_A
TXN-A-000639,BR-007,EMP-0014,2026-02-03,SALE,246.53,SOURCE_A
TXN-A-000640,BR-006,EMP-0023,2026-01-07,SALE,56.44,SOURCE_A
TXN-A-000641,BR-002,EMP-0032,2026-04-24,SALE,110.74,SOURCE_A
TXN-A-000642,BR-003,EMP-0007,2026-01-17,SALE,717.84,SOURCE_A
TXN-A-000643,BR-010,EMP-0025,2026-02-05,SALE,231.01,SOURCE_A
TXN-A-000644,BR-004,EMP-0004,2026-02-07,SALE,859.87,SOURCE_A
TXN-A-000645,BR-007,EMP-0012,2026-03-26,SALE,956.36,SOURCE_A
TXN-A-000646,BR-008,EMP-0029,2026-04-17,SALE,425.1,SOURCE_A
TXN-A-000647,BR-010,EMP-0008,2026-03-22,SALE,85.88,SOURCE_A
TXN-A-000648,BR-007,EMP-0022,2026-02-21,SALE,1002.91,SOURCE_A
TXN-A-000649,BR-007,EMP-0013,2026-01-24,SALE,466.7,SOURCE_A
TXN-A-000650,BR-003,EMP-0010,2026-04-18,SALE,1017.64,SOURCE_A
TXN-A-000651,BR-008,EMP-0003,2026-04-11,SALE,551.14,SOURCE_A
TXN-A-000652,BR-008,EMP-0021,2026-02-09,SALE,38.87,SOURCE_A
TXN-A-000653,BR-010,EMP-0010,2026-04-08,SALE,683.49,SOURCE_A
TXN-A-000654,BR-009,EMP-0017,2026-01-16,SALE,844.18,SOURCE_A
TXN-A-000655,BR-005,EMP-0012,2026-02-17,SALE,306.27,SOURCE_A
TXN-A-000656,BR-005,EMP-0009,2026-03-17,SALE,322.24,SOURCE_A
TXN-A-000657,BR-010,EMP-0021,2026-03-27,SALE,256.26,SOURCE_A
TXN-A-000658,BR-004,EMP-0001,2026-01-06,SALE,421.47,SOURCE_A
TXN-A-000659,BR-003,EMP-0009,2026-03-06,SALE,1002.91,SOURCE_A
TXN-A-000660,BR-001,EMP-0010,2026-02-22,SALE,174.89,SOURCE_A
TXN-A-000661,BR-010,EMP-0016,2026-02-10,SALE,802.86,SOURCE_A
TXN-A-000662,BR-001,EMP-0014,2026-04-27,SALE,232.83,SOURCE_A
TXN-A-000663,BR-008,EMP-0016,2026-03-15,SALE,601.8,SOURCE_A
TXN-A-000664,BR-004,EMP-0011,2026-03-17,SALE,211.31,SOURCE_A
TXN-A-000665,BR-003,EMP-0015,2026-01-09,SALE,84.59,SOURCE_A
TXN-A-000666,BR-008,EMP-0005,2026-01-25,SALE,75.17,SOURCE_A
TXN-A-000667,BR-007,EMP-0012,2026-04-15,SALE,55.41,SOURCE_A
TXN-A-000668,BR-008,EMP-0027,2026-03-11,SALE,48.14,SOURCE_A
TXN-A-000669,BR-005,EMP-0017,2026-03-13,SALE,102.66,SOURCE_A
TXN-A-000670,BR-003,EMP-0027,2026-02-09,SALE,105.67,SOURCE_A
TXN-A-000671,BR-005,EMP-0011,2026-01-15,SALE,201.85,SOURCE_A
TXN-A-000672,BR-003,EMP-0015,2026-01-09,SALE,54.64,SOURCE_A
TXN-A-000673,BR-005,EMP-0015,2026-01-10,SALE,130.52,SOURCE_A
TXN-A-000674,BR-007,EMP-0026,2026-01-21,SALE,200.67,SOURCE_A
TXN-A-000675,BR-009,EMP-0019,2026-02-16,SALE,44.96,SOURCE_A
TXN-A-000676,BR-003,EMP-0003,2026-03-25,SALE,653.84,SOURCE_A
TXN-A-000677,BR-009,EMP-0004,2026-01-12,SALE,199.87,SOURCE_A
TXN-A-000678,BR-004,EMP-0019,2026-04-15,SALE,413.8,SOURCE_A
TXN-A-000679,BR-005,EMP-0025,2026-04-12,SALE,625.19,SOURCE_A
TXN-A-000680,BR-002,EMP-0026,2026-01-20,SALE,83.05,SOURCE_A
TXN-A-000681,BR-001,EMP-0008,2026-03-16,SALE,290.95,SOURCE_A
TXN-A-000682,BR-009,EMP-0029,2026-02-24,SALE,58.49,SOURCE_A
TXN-A-000683,BR-003,EMP-0016,2026-02-15,SALE,80.59,SOURCE_A
TXN-A-000684,BR-010,EMP-0004,2026-02-25,SALE,31.37,SOURCE_A
TXN-A-000685,BR-009,EMP-0023,2026-04-28,SALE,186.23,SOURCE_A
TXN-A-000686,BR-004,EMP-0011,2026-02-08,SALE,385.84,SOURCE_A
TXN-A-000687,BR-009,EMP-0005,2026-04-25,SALE,175.36,SOURCE_A
TXN-A-000688,BR-001,EMP-0018,2026-03-20,SALE,132.31,SOURCE_A
TXN-A-000689,BR-004,EMP-0028,2026-04-03,SALE,36.6,SOURCE_A
TXN-A-000690,BR-008,EMP-0008,2026-02-13,SALE,222.78,SOURCE_A
TXN-A-000691,BR-010,EMP-0031,2026-02-27,SALE,48.99,SOURCE_A
TXN-A-000692,BR-008,EMP-0009,2026-03-07,SALE,66.26,SOURCE_A
TXN-A-000693,BR-004,EMP-0002,2026-02-07,SALE,344.05,SOURCE_A
TXN-A-000694,BR-001,EMP-0004,2026-02-14,SALE,360.6,SOURCE_A
TXN-A-000695,BR-002,EMP-0013,2026-01-26,SALE,593.82,SOURCE_A
TXN-A-000696,BR-007,EMP-0011,2026-02-07,SALE,83.21,SOURCE_A
TXN-A-000697,BR-004,EMP-0012,2026-03-09,SALE,133.94,SOURCE_A
TXN-A-000698,BR-003,EMP-0006,2026-04-10,SALE,88.97,SOURCE_A
TXN-A-000699,BR-004,EMP-0020,2026-04-19,SALE,127.88,SOURCE_A
TXN-A-000700,BR-004,EMP-0032,2026-04-16,SALE,17.1,SOURCE_A
TXN-A-000701,BR-009,EMP-0030,2026-01-11,SALE,327.1,SOURCE_A
TXN-A-000702,BR-004,EMP-0008,2026-02-26,SALE,678.26,SOURCE_A
TXN-A-000703,BR-002,EMP-0023,2026-01-14,SALE,368.58,SOURCE_A
TXN-A-000704,BR-003,EMP-0002,2026-02-02,SALE,47.01,SOURCE_A
TXN-A-000705,BR-009,EMP-0010,2026-04-17,SALE,424.6,SOURCE_A
TXN-A-000706,BR-002,EMP-0031,2026-02-21,SALE,78.79,SOURCE_A
TXN-A-000707,BR-007,EMP-0014,2026-02-16,SALE,378.55,SOURCE_A
TXN-A-000708,BR-004,EMP-0018,2026-01-17,SALE,131.2,SOURCE_A
TXN-A-000709,BR-001,EMP-0009,2026-03-24,SALE,200.84,SOURCE_A
TXN-A-000710,BR-003,EMP-0016,2026-02-14,SALE,579.44,SOURCE_A
TXN-A-000711,BR-003,EMP-0006,2026-01-09,SALE,545.19,SOURCE_A
TXN-A-000712,BR-010,EMP-0023,2026-04-17,SALE,533.88,SOURCE_A
TXN-A-000713,BR-003,EMP-0016,2026-01-27,SALE,317.38,SOURCE_A
TXN-A-000714,BR-008,EMP-0025,2026-01-15,SALE,269.4,SOURCE_A
TXN-A-000715,BR-010,EMP-0027,2026-03-03,SALE,397.27,SOURCE_A
TXN-A-000716,BR-007,EMP-0008,2026-01-05,SALE,485.67,SOURCE_A
TXN-A-000717,BR-006,EMP-0004,2026-01-11,SALE,30.29,SOURCE_A
TXN-A-000718,BR-002,EMP-0005,2026-04-09,SALE,998.95,SOURCE_A
TXN-A-000719,BR-005,EMP-0025,2026-02-10,SALE,93.66,SOURCE_A
TXN-A-000720,BR-002,EMP-0021,2026-02-09,SALE,567.81,SOURCE_A
TXN-A-000721,BR-004,EMP-0001,2026-03-18,SALE,332.08,SOURCE_A
TXN-A-000722,BR-002,EMP-0028,2026-02-05,SALE,366.72,SOURCE_A
TXN-A-000723,BR-005,EMP-0009,2026-02-28,SALE,26.05,SOURCE_A
TXN-A-000724,BR-007,EMP-0021,2026-04-22,SALE,153.06,SOURCE_A
TXN-A-000725,BR-008,EMP-0023,2026-02-24,SALE,429.9,SOURCE_A
TXN-A-000726,BR-009,EMP-0005,2026-04-28,SALE,396.24,SOURCE_A
TXN-A-000727,BR-005,EMP-0020,2026-03-12,SALE,142.64,SOURCE_A
TXN-A-000728,BR-010,EMP-0031,2026-01-01,SALE,93.31,SOURCE_A
TXN-A-000729,BR-010,EMP-0017,2026-02-23,SALE,153.8,SOURCE_A
TXN-A-000730,BR-004,EMP-0012,2026-04-17,SALE,321.0,SOURCE_A
TXN-A-000731,BR-008,EMP-0026,2026-04-01,SALE,147.04,SOURCE_A
TXN-A-000732,BR-002,EMP-0029,2026-04-16,SALE,710.12,SOURCE_A
TXN-A-000733,BR-007,EMP-0001,2026-02-06,SALE,24.0,SOURCE_A
TXN-A-000734,BR-008,EMP-0032,2026-02-12,SALE,635.5,SOURCE_A
TXN-A-000735,BR-004,EMP-0019,2026-04-15,SALE,670.54,SOURCE_A
TXN-A-000736,BR-001,EMP-0020,2026-02-01,SALE,721.11,SOURCE_A
TXN-A-000737,BR-004,EMP-0002,2026-04-28,SALE,379.24,SOURCE_A
TXN-A-000738,BR-007,EMP-0014,2026-02-07,SALE,555.52,SOURCE_A
TXN-A-000739,BR-003,EMP-0008,2026-04-16,SALE,294.03,SOURCE_A
TXN-A-000740,BR-010,EMP-0022,2026-02-23,SALE,121.22,SOURCE_A
TXN-A-000741,BR-010,EMP-0031,2026-03-06,SALE,4.89,SOURCE_A
TXN-A-000742,BR-004,EMP-0008,2026-01-07,SALE,187.55,SOURCE_A
TXN-A-000743,BR-002,EMP-0016,2026-04-27,SALE,176.5,SOURCE_A
TXN-A-000744,BR-003,EMP-0011,2026-02-03,SALE,247.3,SOURCE_A
TXN-A-000745,BR-007,EMP-0019,2026-01-03,SALE,389.51,SOURCE_A
TXN-A-000746,BR-003,EMP-0005,2026-04-26,SALE,251.61,SOURCE_A
TXN-A-000747,BR-004,EMP-0012,2026-01-17,SALE,61.28,SOURCE_A
TXN-A-000748,BR-004,EMP-0023,2026-03-16,SALE,438.26,SOURCE_A
TXN-A-000749,BR-006,EMP-0021,2026-04-03,SALE,363.73,SOURCE_A
TXN-A-000750,BR-010,EMP-0029,2026-04-13,SALE,157.67,SOURCE_A
TXN-A-000751,BR-003,EMP-0027,2026-01-01,SALE,204.33,SOURCE_A
TXN-A-000752,BR-004,EMP-0005,2026-02-22,SALE,363.89,SOURCE_A
TXN-A-000753,BR-006,EMP-0023,2026-02-09,SALE,213.23,SOURCE_A
TXN-A-000754,BR-005,EMP-0002,2026-03-16,SALE,722.1,SOURCE_A
TXN-A-000755,BR-001,EMP-0016,2026-01-21,SALE,144.41,SOURCE_A
TXN-A-000756,BR-004,EMP-0030,2026-01-16,SALE,120.87,SOURCE_A
TXN-A-000757,BR-008,EMP-0019,2026-04-23,SALE,173.82,SOURCE_A
TXN-A-000758,BR-002,EMP-0011,2026-01-20,SALE,167.63,SOURCE_A
TXN-A-000759,BR-007,EMP-0017,2026-01-24,SALE,78.16,SOURCE_A
TXN-A-000760,BR-003,EMP-0007,2026-02-04,SALE,293.18,SOURCE_A
TXN-A-000761,BR-010,EMP-0019,2026-02-02,SALE,413.34,SOURCE_A
TXN-A-000762,BR-006,EMP-0008,2026-04-05,SALE,191.86,SOURCE_A
TXN-A-000763,BR-002,EMP-0021,2026-02-13,SALE,403.11,SOURCE_A
TXN-A-000764,BR-005,EMP-0026,2026-03-26,SALE,11.56,SOURCE_A
TXN-A-000765,BR-003,EMP-0001,2026-03-04,SALE,44.97,SOURCE_A
TXN-A-000766,BR-004,EMP-0030,2026-04-23,SALE,94.21,SOURCE_A
TXN-A-000767,BR-009,EMP-0024,2026-02-01,SALE,154.94,SOURCE_A
TXN-A-000768,BR-002,EMP-0014,2026-03-17,SALE,157.23,SOURCE_A
TXN-A-000769,BR-003,EMP-0015,2026-03-09,SALE,162.28,SOURCE_A
TXN-A-000770,BR-001,EMP-0015,2026-04-05,SALE,298.18,SOURCE_A
TXN-A-000771,BR-001,EMP-0026,2026-02-14,SALE,58.57,SOURCE_A
TXN-A-000772,BR-005,EMP-0005,2026-02-07,SALE,137.89,SOURCE_A
TXN-A-000773,BR-010,EMP-0024,2026-03-27,SALE,882.35,SOURCE_A
TXN-A-000774,BR-003,EMP-0005,2026-04-10,SALE,108.55,SOURCE_A
TXN-A-000775,BR-005,EMP-0024,2026-04-09,SALE,714.83,SOURCE_A
TXN-A-000776,BR-002,EMP-0028,2026-03-17,SALE,247.62,SOURCE_A
TXN-A-000777,BR-006,EMP-0017,2026-04-24,SALE,391.91,SOURCE_A
TXN-A-000778,BR-010,EMP-0018,2026-02-27,SALE,907.62,SOURCE_A
TXN-A-000779,BR-001,EMP-0001,2026-03-09,SALE,34.92,SOURCE_A
TXN-A-000780,BR-005,EMP-0032,2026-03-20,SALE,579.98,SOURCE_A
TXN-A-000781,BR-004,EMP-0031,2026-03-09,SALE,61.67,SOURCE_A
TXN-A-000782,BR-002,EMP-0014,2026-03-17,SALE,65.58,SOURCE_A
TXN-A-000783,BR-002,EMP-0031,2026-03-03,SALE,326.63,SOURCE_A
TXN-A-000784,BR-010,EMP-0023,2026-02-18,SALE,126.79,SOURCE_A
TXN-A-000785,BR-005,EMP-0003,2026-01-17,SALE,199.8,SOURCE_A
TXN-A-000786,BR-008,EMP-0017,2026-03-21,SALE,276.37,SOURCE_A
TXN-A-000787,BR-005,EMP-0017,2026-03-19,SALE,139.18,SOURCE_A
TXN-A-000788,BR-010,EMP-0003,2026-04-21,SALE,363.71,SOURCE_A
TXN-A-000789,BR-007,EMP-0009,2026-02-05,SALE,112.3,SOURCE_A
TXN-A-000790,BR-006,EMP-0028,2026-01-01,SALE,109.28,SOURCE_A
TXN-A-000791,BR-003,EMP-0018,2026-01-14,SALE,113.82,SOURCE_A
TXN-A-000792,BR-003,EMP-0023,2026-03-06,SALE,20.62,SOURCE_A
TXN-A-000793,BR-010,EMP-0006,2026-01-25,SALE,470.74,SOURCE_A
TXN-A-000794,BR-002,EMP-0021,2026-02-27,SALE,195.8,SOURCE_A
TXN-A-000795,BR-009,EMP-0011,2026-01-14,SALE,88.53,SOURCE_A
TXN-A-000796,BR-002,EMP-0017,2026-02-27,SALE,134.18,SOURCE_A
TXN-A-000797,BR-010,EMP-0002,2026-01-19,SALE,988.57,SOURCE_A
TXN-A-000798,BR-010,EMP-0002,2026-02-24,SALE,912.44,SOURCE_A
TXN-A-000799,BR-003,EMP-0014,2026-02-04,SALE,17.06,SOURCE_A
TXN-A-000800,BR-003,EMP-0016,2026-04-06,SALE,247.86,SOURCE_A
TXN-A-000801,BR-004,EMP-0032,2026-04-07,SALE,950.13,SOURCE_A
TXN-A-000802,BR-001,EMP-0029,2026-03-22,SALE,192.27,SOURCE_A
TXN-A-000803,BR-001,EMP-0031,2026-01-10,SALE,93.53,SOURCE_A
TXN-A-000804,BR-006,EMP-0028,2026-03-26,SALE,367.42,SOURCE_A
TXN-A-000805,BR-003,EMP-0006,2026-01-09,SALE,204.61,SOURCE_A
TXN-A-000806,BR-006,EMP-0028,2026-02-13,SALE,83.75,SOURCE_A
TXN-A-000807,BR-002,EMP-0029,2026-03-25,SALE,173.99,SOURCE_A
TXN-A-000808,BR-003,EMP-0022,2026-02-13,SALE,43.82,SOURCE_A
TXN-A-000809,BR-010,EMP-0006,2026-01-24,SALE,128.33,SOURCE_A
TXN-A-000810,BR-005,EMP-0008,2026-03-12,SALE,361.16,SOURCE_A
TXN-A-000811,BR-007,EMP-0006,2026-03-11,SALE,63.16,SOURCE_A
TXN-A-000812,BR-001,EMP-0010,2026-04-23,SALE,119.26,SOURCE_A
TXN-A-000813,BR-007,EMP-0016,2026-01-17,SALE,599.78,SOURCE_A
TXN-A-000814,BR-005,EMP-0023,2026-01-15,SALE,449.42,SOURCE_A
TXN-A-000815,BR-007,EMP-0015,2026-03-17,SALE,37.24,SOURCE_A
TXN-A-000816,BR-008,EMP-0002,2026-01-17,SALE,122.51,SOURCE_A
TXN-A-000817,BR-005,EMP-0029,2026-01-24,SALE,115.8,SOURCE_A
TXN-A-000818,BR-002,EMP-0010,2026-04-23,SALE,186.53,SOURCE_A
TXN-A-000819,BR-010,EMP-0032,2026-01-09,SALE,114.27,SOURCE_A
TXN-A-000820,BR-001,EMP-0008,2026-03-08,SALE,476.49,SOURCE_A
TXN-A-000821,BR-007,EMP-0025,2026-04-24,SALE,259.42,SOURCE_A
TXN-A-000822,BR-002,EMP-0029,2026-03-17,SALE,384.57,SOURCE_A
TXN-A-000823,BR-002,EMP-0011,2026-01-08,SALE,108.74,SOURCE_A
TXN-A-000824,BR-007,EMP-0027,2026-01-13,SALE,436.85,SOURCE_A
TXN-A-000825,BR-007,EMP-0016,2026-02-15,SALE,112.95,SOURCE_A
TXN-A-000826,BR-004,EMP-0020,2026-03-23,SALE,160.75,SOURCE_A
TXN-A-000827,BR-001,EMP-0014,2026-02-15,SALE,355.19,SOURCE_A
TXN-A-000828,BR-002,EMP-0022,2026-04-27,SALE,834.05,SOURCE_A
TXN-A-000829,BR-010,EMP-0026,2026-01-06,SALE,260.37,SOURCE_A
TXN-A-000830,BR-006,EMP-0003,2026-02-16,SALE,220.92,SOURCE_A
TXN-A-000831,BR-009,EMP-0006,2026-04-23,SALE,81.77,SOURCE_A
TXN-A-000832,BR-001,EMP-0008,2026-01-18,SALE,440.75,SOURCE_A
TXN-A-000833,BR-004,EMP-0002,2026-03-19,SALE,462.05,SOURCE_A
TXN-A-000834,BR-004,EMP-0008,2026-02-13,SALE,191.97,SOURCE_A
TXN-A-000835,BR-004,EMP-0009,2026-02-03,SALE,1056.42,SOURCE_A
TXN-A-000836,BR-006,EMP-0003,2026-02-25,SALE,199.74,SOURCE_A
TXN-A-000837,BR-010,EMP-0029,2026-04-05,SALE,247.84,SOURCE_A
TXN-A-000838,BR-005,EMP-0029,2026-03-02,SALE,337.62,SOURCE_A
TXN-A-000839,BR-002,EMP-0008,2026-02-20,SALE,188.32,SOURCE_A
TXN-A-000840,BR-004,EMP-0003,2026-01-10,SALE,694.32,SOURCE_A
TXN-A-000841,BR-006,EMP-0012,2026-04-26,SALE,52.06,SOURCE_A
TXN-A-000842,BR-001,EMP-0013,2026-03-20,SALE,80.3,SOURCE_A
TXN-A-000843,BR-008,EMP-0010,2026-02-05,SALE,526.22,SOURCE_A
TXN-A-000844,BR-009,EMP-0015,2026-03-06,SALE,282.76,SOURCE_A
TXN-A-000845,BR-005,EMP-0003,2026-04-24,SALE,31.81,SOURCE_A
TXN-A-000846,BR-001,EMP-0011,2026-01-07,SALE,46.98,SOURCE_A
TXN-A-000847,BR-010,EMP-0012,2026-02-07,SALE,36.83,SOURCE_A
TXN-A-000848,BR-007,EMP-0013,2026-02-17,SALE,5.97,SOURCE_A
TXN-A-000849,BR-005,EMP-0002,2026-01-01,SALE,118.34,SOURCE_A
TXN-A-000850,BR-006,EMP-0022,2026-04-04,SALE,441.34,SOURCE_A
TXN-A-000851,BR-006,EMP-0013,2026-04-13,SALE,74.6,SOURCE_A
TXN-A-000852,BR-010,EMP-0005,2026-03-15,SALE,71.0,SOURCE_A
TXN-A-000853,BR-010,EMP-0027,2026-04-03,SALE,609.57,SOURCE_A
TXN-A-000854,BR-008,EMP-0001,2026-03-07,SALE,305.21,SOURCE_A
TXN-A-000855,BR-008,EMP-0028,2026-01-15,SALE,72.44,SOURCE_A
TXN-A-000856,BR-004,EMP-0016,2026-02-06,SALE,10.61,SOURCE_A
TXN-A-000857,BR-002,EMP-0021,2026-04-10,SALE,62.01,SOURCE_A
TXN-A-000858,BR-001,EMP-0016,2026-03-05,SALE,1033.09,SOURCE_A
TXN-A-000859,BR-002,EMP-0015,2026-02-01,SALE,993.51,SOURCE_A
TXN-A-000860,BR-008,EMP-0008,2026-02-10,SALE,654.32,SOURCE_A
TXN-A-000861,BR-002,EMP-0014,2026-04-27,SALE,267.26,SOURCE_A
TXN-A-000862,BR-005,EMP-0029,2026-01-28,SALE,143.38,SOURCE_A
TXN-A-000863,BR-004,EMP-0010,2026-03-12,SALE,130.45,SOURCE_A
TXN-A-000864,BR-009,EMP-0016,2026-01-27,SALE,193.8,SOURCE_A
TXN-A-000865,BR-010,EMP-0024,2026-03-16,SALE,145.34,SOURCE_A
TXN-A-000866,BR-007,EMP-0003,2026-03-06,SALE,749.57,SOURCE_A
TXN-A-000867,BR-010,EMP-0025,2026-04-08,SALE,402.33,SOURCE_A
TXN-A-000868,BR-003,EMP-0024,2026-04-22,SALE,161.47,SOURCE_A
TXN-A-000869,BR-008,EMP-0008,2026-04-01,SALE,105.23,SOURCE_A
TXN-A-000870,BR-006,EMP-0005,2026-04-05,SALE,325.93,SOURCE_A
TXN-A-000871,BR-004,EMP-0007,2026-01-17,SALE,48.23,SOURCE_A
TXN-A-000872,BR-009,EMP-0023,2026-02-03,SALE,540.31,SOURCE_A
TXN-A-000873,BR-010,EMP-0015,2026-01-28,SALE,646.24,SOURCE_A
TXN-A-000874,BR-001,EMP-0003,2026-04-18,SALE,134.93,SOURCE_A
TXN-A-000875,BR-001,EMP-0013,2026-04-02,SALE,343.31,SOURCE_A
TXN-A-000876,BR-002,EMP-0007,2026-03-07,SALE,88.53,SOURCE_A
TXN-A-000877,BR-006,EMP-0025,2026-01-20,SALE,842.35,SOURCE_A
TXN-A-000878,BR-006,EMP-0031,2026-01-21,SALE,539.73,SOURCE_A
TXN-A-000879,BR-008,EMP-0022,2026-02-19,SALE,312.87,SOURCE_A
TXN-A-000880,BR-004,EMP-0019,2026-04-28,SALE,73.7,SOURCE_A
TXN-A-000881,BR-004,EMP-0029,2026-01-15,SALE,259.97,SOURCE_A
TXN-A-000882,BR-002,EMP-0015,2026-02-04,SALE,761.91,SOURCE_A
TXN-A-000883,BR-010,EMP-0023,2026-03-09,SALE,196.61,SOURCE_A
TXN-A-000884,BR-007,EMP-0032,2026-04-07,SALE,653.98,SOURCE_A
TXN-A-000885,BR-010,EMP-0029,2026-02-17,SALE,202.4,SOURCE_A
TXN-A-000886,BR-002,EMP-0020,2026-03-12,SALE,432.76,SOURCE_A
TXN-A-000887,BR-004,EMP-0017,2026-02-22,SALE,488.04,SOURCE_A
TXN-A-000888,BR-002,EMP-0012,2026-02-22,SALE,312.15,SOURCE_A
TXN-A-000889,BR-001,EMP-0010,2026-02-23,SALE,279.52,SOURCE_A
TXN-A-000890,BR-004,EMP-0024,2026-03-22,SALE,391.26,SOURCE_A
TXN-A-000891,BR-004,EMP-0006,2026-04-11,SALE,88.62,SOURCE_A
TXN-A-000892,BR-003,EMP-0021,2026-01-13,SALE,79.92,SOURCE_A
TXN-A-000893,BR-010,EMP-0005,2026-01-12,SALE,566.71,SOURCE_A
TXN-A-000894,BR-007,EMP-0031,2026-03-15,SALE,433.06,SOURCE_A
TXN-A-000895,BR-005,EMP-0018,2026-02-06,SALE,649.07,SOURCE_A
TXN-A-000896,BR-001,EMP-0032,2026-04-21,SALE,87.97,SOURCE_A
TXN-A-000897,BR-010,EMP-0030,2026-04-01,SALE,643.11,SOURCE_A
TXN-A-000898,BR-009,EMP-0025,2026-04-01,SALE,82.14,SOURCE_A
TXN-A-000899,BR-005,EMP-0013,2026-02-21,SALE,27.21,SOURCE_A
TXN-A-000900,BR-009,EMP-0013,2026-02-07,SALE,368.94,SOURCE_A
TXN-A-000901,BR-006,EMP-0003,2026-04-28,SALE,109.33,SOURCE_A
TXN-A-000902,BR-001,EMP-0017,2026-02-05,SALE,523.2,SOURCE_A
TXN-A-000903,BR-007,EMP-0023,2026-01-28,SALE,230.14,SOURCE_A
TXN-A-000904,BR-002,EMP-0012,2026-02-01,SALE,123.97,SOURCE_A
TXN-A-000905,BR-005,EMP-0011,2026-01-21,SALE,367.27,SOURCE_A
TXN-A-000906,BR-009,EMP-0024,2026-01-10,SALE,732.84,SOURCE_A
TXN-A-000907,BR-008,EMP-0020,2026-04-14,SALE,168.02,SOURCE_A
TXN-A-000908,BR-007,EMP-0027,2026-02-14,SALE,905.31,SOURCE_A
TXN-A-000909,BR-008,EMP-0010,2026-02-06,SALE,431.28,SOURCE_A
TXN-A-000910,BR-008,EMP-0001,2026-04-10,SALE,210.32,SOURCE_A
TXN-A-000911,BR-002,EMP-0004,2026-02-05,SALE,110.12,SOURCE_A
TXN-A-000912,BR-005,EMP-0032,2026-04-15,SALE,97.82,SOURCE_A
TXN-A-000913,BR-008,EMP-0030,2026-04-24,SALE,136.55,SOURCE_A
TXN-A-000914,BR-004,EMP-0030,2026-01-10,SALE,126.78,SOURCE_A
TXN-A-000915,BR-003,EMP-0023,2026-04-06,SALE,285.2,SOURCE_A
TXN-A-000916,BR-009,EMP-0002,2026-01-06,SALE,53.65,SOURCE_A
TXN-A-000917,BR-004,EMP-0004,2026-04-12,SALE,131.91,SOURCE_A
TXN-A-000918,BR-003,EMP-0028,2026-01-03,SALE,236.4,SOURCE_A
TXN-A-000919,BR-009,EMP-0019,2026-04-19,SALE,180.73,SOURCE_A
TXN-A-000920,BR-009,EMP-0029,2026-03-01,SALE,557.48,SOURCE_A
TXN-A-000921,BR-001,EMP-0006,2026-02-09,SALE,647.99,SOURCE_A
TXN-A-000922,BR-005,EMP-0030,2026-02-27,SALE,381.12,SOURCE_A
TXN-A-000923,BR-004,EMP-0013,2026-01-05,SALE,180.39,SOURCE_A
TXN-A-000924,BR-009,EMP-0016,2026-04-26,SALE,71.21,SOURCE_A
TXN-A-000925,BR-010,EMP-0003,2026-03-08,SALE,934.59,SOURCE_A
TXN-A-000926,BR-004,EMP-0003,2026-03-04,SALE,937.78,SOURCE_A
TXN-A-000927,BR-002,EMP-0008,2026-04-21,SALE,862.48,SOURCE_A
TXN-A-000928,BR-007,EMP-0024,2026-02-01,SALE,546.55,SOURCE_A
TXN-A-000929,BR-001,EMP-0014,2026-01-24,SALE,305.54,SOURCE_A
TXN-A-000930,BR-003,EMP-0013,2026-01-22,SALE,589.18,SOURCE_A
TXN-A-000931,BR-004,EMP-0029,2026-04-08,SALE,85.86,SOURCE_A
TXN-A-000932,BR-008,EMP-0018,2026-03-28,SALE,735.1,SOURCE_A
TXN-A-000933,BR-003,EMP-0023,2026-01-25,SALE,549.44,SOURCE_A
TXN-A-000934,BR-005,EMP-0005,2026-03-25,SALE,356.91,SOURCE_A
TXN-A-000935,BR-002,EMP-0030,2026-04-22,SALE,440.53,SOURCE_A
TXN-A-000936,BR-006,EMP-0024,2026-03-07,SALE,376.32,SOURCE_A
TXN-A-000937,BR-010,EMP-0026,2026-01-05,SALE,529.77,SOURCE_A
TXN-A-000938,BR-004,EMP-0009,2026-04-06,SALE,85.4,SOURCE_A
TXN-A-000939,BR-001,EMP-0014,2026-01-10,SALE,592.62,SOURCE_A
TXN-A-000940,BR-008,EMP-0029,2026-02-12,SALE,259.66,SOURCE_A
TXN-A-000941,BR-009,EMP-0005,2026-01-10,SALE,254.73,SOURCE_A
TXN-A-000942,BR-010,EMP-0005,2026-03-12,SALE,165.72,SOURCE_A
TXN-A-000943,BR-010,EMP-0026,2026-01-25,SALE,475.24,SOURCE_A
TXN-A-000944,BR-006,EMP-0019,2026-04-03,SALE,23.45,SOURCE_A
TXN-A-000945,BR-007,EMP-0002,2026-03-03,SALE,512.51,SOURCE_A
TXN-A-000946,BR-001,EMP-0017,2026-04-08,SALE,414.59,SOURCE_A
TXN-A-000947,BR-006,EMP-0013,2026-03-08,SALE,97.0,SOURCE_A
TXN-A-000948,BR-006,EMP-0008,2026-01-21,SALE,89.59,SOURCE_A
TXN-A-000949,BR-009,EMP-0032,2026-04-06,SALE,435.91,SOURCE_A
TXN-A-000950,BR-009,EMP-0017,2026-02-26,SALE,668.64,SOURCE_A
TXN-A-000951,BR-005,EMP-0018,2026-02-02,SALE,272.65,SOURCE_A
TXN-A-000952,BR-003,EMP-0022,2026-01-07,SALE,39.66,SOURCE_A
TXN-A-000953,BR-005,EMP-0024,2026-01-15,SALE,304.93,SOURCE_A
TXN-A-000954,BR-006,EMP-0008,2026-02-02,SALE,704.24,SOURCE_A
TXN-A-000955,BR-004,EMP-0001,2026-04-24,SALE,364.16,SOURCE_A
TXN-A-000956,BR-002,EMP-0029,2026-04-22,SALE,1072.86,SOURCE_A
TXN-A-000957,BR-005,EMP-0002,2026-03-26,SALE,425.01,SOURCE_A
TXN-A-000958,BR-003,EMP-0032,2026-02-02,SALE,482.82,SOURCE_A
TXN-A-000959,BR-007,EMP-0018,2026-03-27,SALE,114.96,SOURCE_A
TXN-A-000960,BR-001,EMP-0002,2026-02-14,SALE,495.17,SOURCE_A
TXN-A-000961,BR-002,EMP-0005,2026-04-15,SALE,55.34,SOURCE_A
TXN-A-000962,BR-002,EMP-0014,2026-03-09,SALE,359.89,SOURCE_A
TXN-A-000963,BR-007,EMP-0014,2026-03-22,SALE,329.37,SOURCE_A
TXN-A-000964,BR-007,EMP-0019,2026-04-19,SALE,84.61,SOURCE_A
TXN-A-000965,BR-002,EMP-0010,2026-04-19,SALE,526.36,SOURCE_A
TXN-A-000966,BR-007,EMP-0015,2026-03-01,SALE,185.85,SOURCE_A
TXN-A-000967,BR-007,EMP-0002,2026-04-01,SALE,103.0,SOURCE_A
TXN-A-000968,BR-007,EMP-0008,2026-02-23,SALE,83.07,SOURCE_A
TXN-A-000969,BR-001,EMP-0027,2026-03-12,SALE,682.54,SOURCE_A
TXN-A-000970,BR-005,EMP-0007,2026-04-16,SALE,505.2,SOURCE_A
TXN-A-000971,BR-003,EMP-0023,2026-01-28,SALE,138.9,SOURCE_A
TXN-A-000972,BR-004,EMP-0003,2026-02-13,SALE,38.53,SOURCE_A
TXN-A-000973,BR-003,EMP-0015,2026-03-27,SALE,178.38,SOURCE_A
TXN-A-000974,BR-008,EMP-0014,2026-02-07,SALE,537.85,SOURCE_A
TXN-A-000975,BR-010,EMP-0022,2026-01-07,SALE,265.64,SOURCE_A
TXN-A-000976,BR-006,EMP-0018,2026-02-21,SALE,605.61,SOURCE_A
TXN-A-000977,BR-001,EMP-0024,2026-03-23,SALE,674.97,SOURCE_A
TXN-A-000978,BR-004,EMP-0027,2026-02-17,SALE,172.7,SOURCE_A
TXN-A-000979,BR-009,EMP-0031,2026-01-25,SALE,37.41,SOURCE_A
TXN-A-000980,BR-004,EMP-0025,2026-01-22,SALE,1005.1,SOURCE_A
TXN-A-000981,BR-002,EMP-0019,2026-01-12,SALE,70.36,SOURCE_A
TXN-A-000982,BR-009,EMP-0012,2026-02-27,SALE,113.31,SOURCE_A
TXN-A-000983,BR-001,EMP-0008,2026-02-21,SALE,103.74,SOURCE_A
TXN-A-000984,BR-002,EMP-0019,2026-01-17,SALE,86.82,SOURCE_A
TXN-A-000985,BR-003,EMP-0018,2026-02-02,SALE,882.74,SOURCE_A
TXN-A-000986,BR-007,EMP-0018,2026-03-19,SALE,108.48,SOURCE_A
TXN-A-000987,BR-003,EMP-0004,2026-02-17,SALE,303.85,SOURCE_A
TXN-A-000988,BR-001,EMP-0017,2026-03-26,SALE,414.93,SOURCE_A
TXN-A-000989,BR-001,EMP-0013,2026-02-03,SALE,313.18,SOURCE_A
TXN-A-000990,BR-004,EMP-0005,2026-02-03,SALE,1061.67,SOURCE_A
TXN-A-000991,BR-006,EMP-0015,2026-01-13,SALE,191.06,SOURCE_A
TXN-A-000992,BR-010,EMP-0005,2026-01-26,SALE,838.93,SOURCE_A
TXN-A-000993,BR-008,EMP-0030,2026-01-11,SALE,596.8,SOURCE_A
TXN-A-000994,BR-004,EMP-0010,2026-04-18,SALE,521.07,SOURCE_A
TXN-A-000995,BR-006,EMP-0006,2026-02-08,SALE,443.52,SOURCE_A
TXN-A-000996,BR-010,EMP-0030,2026-02-06,SALE,245.45,SOURCE_A
TXN-A-000997,BR-009,EMP-0030,2026-02-01,SALE,263.68,SOURCE_A
TXN-A-000998,BR-009,EMP-0023,2026-04-02,SALE,766.8,SOURCE_A
TXN-A-000999,BR-010,EMP-0023,2026-04-10,SALE,497.7,SOURCE_A
TXN-A-001000,BR-010,EMP-0025,2026-04-12,SALE,92.54,SOURCE_A
TXN-A-001001,BR-010,EMP-0028,2026-03-05,SALE,130.88,SOURCE_A
TXN-A-001002,BR-002,EMP-0012,2026-04-18,SALE,245.64,SOURCE_A
TXN-A-001003,BR-004,EMP-0007,2026-04-18,SALE,298.49,SOURCE_A
TXN-A-001004,BR-005,EMP-0021,2026-02-21,SALE,960.35,SOURCE_A
TXN-A-001005,BR-007,EMP-0023,2026-04-11,SALE,242.44,SOURCE_A
TXN-A-001006,BR-008,EMP-0032,2026-01-21,SALE,16.4,SOURCE_A
TXN-A-001007,BR-006,EMP-0021,2026-02-27,SALE,197.65,SOURCE_A
TXN-A-001008,BR-003,EMP-0015,2026-04-13,SALE,25.29,SOURCE_A
TXN-A-001009,BR-004,EMP-0019,2026-04-02,SALE,316.71,SOURCE_A
TXN-A-001010,BR-001,EMP-0028,2026-01-20,SALE,608.34,SOURCE_A
TXN-A-001011,BR-008,EMP-0010,2026-01-09,SALE,213.98,SOURCE_A
TXN-A-001012,BR-009,EMP-0005,2026-01-19,SALE,116.04,SOURCE_A
TXN-A-001013,BR-008,EMP-0025,2026-02-17,SALE,533.97,SOURCE_A
TXN-A-001014,BR-003,EMP-0003,2026-02-02,SALE,150.12,SOURCE_A
TXN-A-001015,BR-008,EMP-0029,2026-03-26,SALE,199.67,SOURCE_A
TXN-A-001016,BR-007,EMP-0008,2026-04-13,SALE,441.52,SOURCE_A
TXN-A-001017,BR-007,EMP-0014,2026-04-03,SALE,751.63,SOURCE_A
TXN-A-001018,BR-006,EMP-0017,2026-02-15,SALE,99.94,SOURCE_A
TXN-A-001019,BR-010,EMP-0019,2026-04-06,SALE,257.33,SOURCE_A
TXN-A-001020,BR-001,EMP-0005,2026-03-27,SALE,156.31,SOURCE_A
TXN-A-001021,BR-001,EMP-0024,2026-03-26,SALE,208.44,SOURCE_A
TXN-A-001022,BR-006,EMP-0015,2026-04-15,SALE,43.68,SOURCE_A
TXN-A-001023,BR-003,EMP-0014,2026-03-02,SALE,328.2,SOURCE_A
TXN-A-001024,BR-009,EMP-0027,2026-02-09,SALE,224.75,SOURCE_A
TXN-A-001025,BR-005,EMP-0028,2026-03-01,SALE,1107.4,SOURCE_A
TXN-A-001026,BR-009,EMP-0005,2026-01-26,SALE,130.74,SOURCE_A
TXN-A-001027,BR-006,EMP-0031,2026-02-20,SALE,368.28,SOURCE_A
TXN-A-001028,BR-001,EMP-0030,2026-04-07,SALE,50.07,SOURCE_A
TXN-A-001029,BR-007,EMP-0015,2026-03-26,SALE,515.9,SOURCE_A
TXN-A-001030,BR-001,EMP-0027,2026-04-15,SALE,108.85,SOURCE_A
TXN-A-001031,BR-010,EMP-0028,2026-02-16,SALE,389.97,SOURCE_A
TXN-A-001032,BR-001,EMP-0030,2026-04-18,SALE,49.21,SOURCE_A
TXN-A-001033,BR-008,EMP-0011,2026-02-07,SALE,293.15,SOURCE_A
TXN-A-001034,BR-005,EMP-0008,2026-04-21,SALE,169.83,SOURCE_A
TXN-A-001035,BR-007,EMP-0024,2026-02-08,SALE,587.07,SOURCE_A
TXN-A-001036,BR-001,EMP-0009,2026-02-17,SALE,861.72,SOURCE_A
TXN-A-001037,BR-002,EMP-0006,2026-02-27,SALE,492.21,SOURCE_A
TXN-A-001038,BR-005,EMP-0028,2026-02-13,SALE,54.89,SOURCE_A
TXN-A-001039,BR-001,EMP-0018,2026-02-20,SALE,68.65,SOURCE_A
TXN-A-001040,BR-003,EMP-0032,2026-02-26,SALE,373.83,SOURCE_A
TXN-A-001041,BR-006,EMP-0006,2026-02-11,SALE,1046.87,SOURCE_A
TXN-A-001042,BR-009,EMP-0029,2026-04-03,SALE,670.6,SOURCE_A
TXN-A-001043,BR-002,EMP-0031,2026-03-22,SALE,14.63,SOURCE_A
TXN-A-001044,BR-010,EMP-0015,2026-01-20,SALE,265.11,SOURCE_A
TXN-A-001045,BR-007,EMP-0008,2026-04-03,SALE,231.14,SOURCE_A
TXN-A-001046,BR-008,EMP-0029,2026-01-08,SALE,163.24,SOURCE_A
TXN-A-001047,BR-004,EMP-0013,2026-01-07,SALE,194.22,SOURCE_A
TXN-A-001048,BR-010,EMP-0008,2026-04-28,SALE,76.08,SOURCE_A
TXN-A-001049,BR-001,EMP-0014,2026-01-05,SALE,327.75,SOURCE_A
TXN-A-001050,BR-003,EMP-0003,2026-02-03,SALE,5.75,SOURCE_A
TXN-A-001051,BR-007,EMP-0009,2026-04-10,SALE,754.16,SOURCE_A
TXN-A-001052,BR-009,EMP-0001,2026-03-13,SALE,93.88,SOURCE_A
TXN-A-001053,BR-008,EMP-0020,2026-04-27,SALE,339.75,SOURCE_A
TXN-A-001054,BR-005,EMP-0010,2026-01-05,SALE,281.09,SOURCE_A
TXN-A-001055,BR-005,EMP-0013,2026-02-10,SALE,7.71,SOURCE_A
TXN-A-001056,BR-009,EMP-0024,2026-04-19,SALE,26.39,SOURCE_A
TXN-A-001057,BR-009,EMP-0024,2026-03-20,SALE,158.18,SOURCE_A
TXN-A-001058,BR-010,EMP-0024,2026-03-05,SALE,139.13,SOURCE_A
TXN-A-001059,BR-009,EMP-0032,2026-03-11,SALE,380.53,SOURCE_A
TXN-A-001060,BR-002,EMP-0003,2026-02-20,SALE,278.92,SOURCE_A
TXN-A-001061,BR-002,EMP-0001,2026-03-17,SALE,233.22,SOURCE_A
TXN-A-001062,BR-002,EMP-0014,2026-02-22,SALE,263.53,SOURCE_A
TXN-A-001063,BR-002,EMP-0026,2026-01-03,SALE,350.53,SOURCE_A
TXN-A-001064,BR-002,EMP-0009,2026-03-06,SALE,220.62,SOURCE_A
TXN-A-001065,BR-003,EMP-0016,2026-04-12,SALE,187.69,SOURCE_A
TXN-A-001066,BR-003,EMP-0025,2026-01-10,SALE,107.07,SOURCE_A
TXN-A-001067,BR-003,EMP-0020,2026-03-06,SALE,247.9,SOURCE_A
TXN-A-001068,BR-005,EMP-0017,2026-01-12,SALE,386.3,SOURCE_A
TXN-A-001069,BR-007,EMP-0023,2026-04-10,SALE,42.45,SOURCE_A
TXN-A-001070,BR-006,EMP-0024,2026-04-17,SALE,297.47,SOURCE_A
TXN-A-001071,BR-005,EMP-0026,2026-03-04,SALE,684.74,SOURCE_A
TXN-A-001072,BR-009,EMP-0008,2026-04-07,SALE,18.72,SOURCE_A
TXN-A-001073,BR-001,EMP-0020,2026-02-12,SALE,259.69,SOURCE_A
TXN-A-001074,BR-006,EMP-0016,2026-01-28,SALE,140.74,SOURCE_A
TXN-A-001075,BR-009,EMP-0031,2026-01-17,SALE,76.71,SOURCE_A
TXN-A-001076,BR-005,EMP-0006,2026-01-07,SALE,187.02,SOURCE_A
TXN-A-001077,BR-007,EMP-0021,2026-04-20,SALE,268.44,SOURCE_A
TXN-A-001078,BR-008,EMP-0014,2026-04-28,SALE,301.58,SOURCE_A
TXN-A-001079,BR-003,EMP-0031,2026-02-07,SALE,313.5,SOURCE_A
TXN-A-001080,BR-001,EMP-0007,2026-03-13,SALE,126.51,SOURCE_A
TXN-A-001081,BR-006,EMP-0012,2026-02-25,SALE,829.63,SOURCE_A
TXN-A-001082,BR-005,EMP-0014,2026-03-15,SALE,540.04,SOURCE_A
TXN-A-001083,BR-001,EMP-0007,2026-02-05,SALE,211.13,SOURCE_A
TXN-A-001084,BR-008,EMP-0011,2026-03-10,SALE,416.77,SOURCE_A
TXN-A-001085,BR-009,EMP-0010,2026-01-21,SALE,486.44,SOURCE_A
TXN-A-001086,BR-001,EMP-0003,2026-02-19,SALE,202.53,SOURCE_A
TXN-A-001087,BR-010,EMP-0014,2026-03-17,SALE,502.56,SOURCE_A
TXN-A-001088,BR-002,EMP-0024,2026-03-17,SALE,159.58,SOURCE_A
TXN-A-001089,BR-006,EMP-0023,2026-02-08,SALE,277.26,SOURCE_A
TXN-A-001090,BR-002,EMP-0006,2026-03-25,SALE,317.48,SOURCE_A
TXN-A-001091,BR-004,EMP-0032,2026-03-09,SALE,61.98,SOURCE_A
TXN-A-001092,BR-008,EMP-0024,2026-01-08,SALE,154.33,SOURCE_A
TXN-A-001093,BR-003,EMP-0006,2026-01-09,SALE,203.3,SOURCE_A
TXN-A-001094,BR-006,EMP-0012,2026-04-27,SALE,395.18,SOURCE_A
TXN-A-001095,BR-002,EMP-0025,2026-03-09,SALE,890.45,SOURCE_A
TXN-A-001096,BR-007,EMP-0014,2026-04-07,SALE,494.15,SOURCE_A
TXN-A-001097,BR-007,EMP-0023,2026-03-18,SALE,15.02,SOURCE_A
TXN-A-001098,BR-001,EMP-0010,2026-01-26,SALE,233.74,SOURCE_A
TXN-A-001099,BR-002,EMP-0002,2026-01-10,SALE,197.92,SOURCE_A
TXN-A-001100,BR-006,EMP-0010,2026-01-27,SALE,454.65,SOURCE_A
TXN-A-001101,BR-001,EMP-0025,2026-01-08,SALE,422.25,SOURCE_A
TXN-A-001102,BR-006,EMP-0010,2026-02-22,SALE,16.12,SOURCE_A
TXN-A-001103,BR-007,EMP-0031,2026-04-15,SALE,230.84,SOURCE_A
TXN-A-001104,BR-004,EMP-0008,2026-04-06,SALE,781.69,SOURCE_A
TXN-A-001105,BR-002,EMP-0021,2026-03-01,SALE,109.8,SOURCE_A
TXN-A-001106,BR-006,EMP-0007,2026-04-17,SALE,192.12,SOURCE_A
TXN-A-001107,BR-010,EMP-0017,2026-03-16,SALE,268.46,SOURCE_A
TXN-A-001108,BR-010,EMP-0002,2026-02-23,SALE,29.52,SOURCE_A
TXN-A-001109,BR-004,EMP-0008,2026-01-23,SALE,234.69,SOURCE_A
TXN-A-001110,BR-008,EMP-0008,2026-03-21,SALE,33.2,SOURCE_A
TXN-A-001111,BR-004,EMP-0025,2026-03-04,SALE,125.66,SOURCE_A
TXN-A-001112,BR-007,EMP-0011,2026-01-06,SALE,180.84,SOURCE_A
TXN-A-001113,BR-001,EMP-0023,2026-01-14,SALE,1076.36,SOURCE_A
TXN-A-001114,BR-008,EMP-0001,2026-03-03,SALE,636.15,SOURCE_A
TXN-A-001115,BR-005,EMP-0026,2026-04-22,SALE,182.16,SOURCE_A
TXN-A-001116,BR-003,EMP-0026,2026-02-21,SALE,782.78,SOURCE_A
TXN-A-001117,BR-003,EMP-0001,2026-03-09,SALE,20.85,SOURCE_A
TXN-A-001118,BR-004,EMP-0030,2026-03-23,SALE,693.95,SOURCE_A
TXN-A-001119,BR-002,EMP-0023,2026-01-07,SALE,366.23,SOURCE_A
TXN-A-001120,BR-003,EMP-0013,2026-01-19,SALE,175.12,SOURCE_A
TXN-A-001121,BR-006,EMP-0013,2026-03-22,SALE,74.1,SOURCE_A
TXN-A-001122,BR-007,EMP-0013,2026-01-27,SALE,185.63,SOURCE_A
TXN-A-001123,BR-009,EMP-0028,2026-02-15,SALE,136.65,SOURCE_A
TXN-A-001124,BR-002,EMP-0007,2026-03-13,SALE,226.99,SOURCE_A
TXN-A-001125,BR-004,EMP-0013,2026-04-20,SALE,166.68,SOURCE_A
TXN-A-001126,BR-009,EMP-0008,2026-03-25,SALE,53.09,SOURCE_A
TXN-A-001127,BR-008,EMP-0014,2026-03-09,SALE,124.96,SOURCE_A
TXN-A-001128,BR-001,EMP-0002,2026-02-11,SALE,1165.23,SOURCE_A
TXN-A-001129,BR-010,EMP-0032,2026-04-28,SALE,181.4,SOURCE_A
TXN-A-001130,BR-002,EMP-0032,2026-02-21,SALE,118.85,SOURCE_A
TXN-A-001131,BR-005,EMP-0002,2026-03-16,SALE,316.99,SOURCE_A
TXN-A-001132,BR-002,EMP-0025,2026-04-16,SALE,262.71,SOURCE_A
TXN-A-001133,BR-005,EMP-0021,2026-03-15,SALE,107.23,SOURCE_A
TXN-A-001134,BR-010,EMP-0014,2026-04-16,SALE,555.58,SOURCE_A
TXN-A-001135,BR-002,EMP-0024,2026-04-08,SALE,152.75,SOURCE_A
TXN-A-001136,BR-001,EMP-0010,2026-02-04,SALE,992.17,SOURCE_A
TXN-A-001137,BR-009,EMP-0005,2026-04-02,SALE,886.99,SOURCE_A
TXN-A-001138,BR-001,EMP-0016,2026-01-07,SALE,45.29,SOURCE_A
TXN-A-001139,BR-007,EMP-0031,2026-04-26,SALE,161.02,SOURCE_A
TXN-A-001140,BR-001,EMP-0028,2026-02-21,SALE,107.38,SOURCE_A
TXN-A-001141,BR-003,EMP-0003,2026-04-22,SALE,53.36,SOURCE_A
TXN-A-001142,BR-001,EMP-0031,2026-01-14,SALE,538.84,SOURCE_A
TXN-A-001143,BR-006,EMP-0017,2026-03-03,SALE,396.23,SOURCE_A
TXN-A-001144,BR-007,EMP-0003,2026-01-18,SALE,305.37,SOURCE_A
TXN-A-001145,BR-003,EMP-0016,2026-04-18,SALE,625.28,SOURCE_A
TXN-A-001146,BR-008,EMP-0013,2026-01-27,SALE,575.92,SOURCE_A
TXN-A-001147,BR-008,EMP-0019,2026-01-16,SALE,138.81,SOURCE_A
TXN-A-001148,BR-006,EMP-0011,2026-02-05,SALE,50.23,SOURCE_A
TXN-A-001149,BR-009,EMP-0026,2026-02-20,SALE,85.93,SOURCE_A
TXN-A-001150,BR-003,EMP-0021,2026-01-16,SALE,257.27,SOURCE_A
TXN-A-001151,BR-002,EMP-0010,2026-02-16,SALE,251.89,SOURCE_A
TXN-A-001152,BR-008,EMP-0027,2026-04-15,SALE,265.8,SOURCE_A
TXN-A-001153,BR-004,EMP-0019,2026-02-01,SALE,316.09,SOURCE_A
TXN-A-001154,BR-002,EMP-0024,2026-04-08,SALE,138.9,SOURCE_A
TXN-A-001155,BR-005,EMP-0005,2026-02-15,SALE,340.94,SOURCE_A
TXN-A-001156,BR-004,EMP-0019,2026-01-02,SALE,206.01,SOURCE_A
TXN-A-001157,BR-009,EMP-0013,2026-01-21,SALE,136.78,SOURCE_A
TXN-A-001158,BR-006,EMP-0031,2026-01-08,SALE,242.53,SOURCE_A
TXN-A-001159,BR-008,EMP-0014,2026-01-22,SALE,195.06,SOURCE_A
TXN-A-001160,BR-004,EMP-0006,2026-02-24,SALE,107.96,SOURCE_A
TXN-A-001161,BR-010,EMP-0016,2026-04-01,SALE,81.13,SOURCE_A
TXN-A-001162,BR-001,EMP-0002,2026-01-11,SALE,7.72,SOURCE_A
TXN-A-001163,BR-005,EMP-0017,2026-02-06,SALE,185.22,SOURCE_A
TXN-A-001164,BR-005,EMP-0004,2026-01-05,SALE,187.75,SOURCE_A
TXN-A-001165,BR-006,EMP-0024,2026-03-13,SALE,539.56,SOURCE_A
TXN-A-001166,BR-002,EMP-0007,2026-04-11,SALE,585.58,SOURCE_A
TXN-A-001167,BR-007,EMP-0005,2026-04-16,SALE,538.09,SOURCE_A
TXN-A-001168,BR-009,EMP-0003,2026-03-06,SALE,203.03,SOURCE_A
TXN-A-001169,BR-010,EMP-0007,2026-03-20,SALE,46.3,SOURCE_A
TXN-A-001170,BR-004,EMP-0006,2026-03-20,SALE,163.76,SOURCE_A
TXN-A-001171,BR-001,EMP-0021,2026-04-25,SALE,360.9,SOURCE_A
TXN-A-001172,BR-003,EMP-0004,2026-04-28,SALE,112.54,SOURCE_A
TXN-A-001173,BR-001,EMP-0011,2026-02-14,SALE,156.23,SOURCE_A
TXN-A-001174,BR-008,EMP-0009,2026-01-04,SALE,106.13,SOURCE_A
TXN-A-001175,BR-004,EMP-0012,2026-02-25,SALE,39.97,SOURCE_A
TXN-A-001176,BR-005,EMP-0008,2026-03-20,SALE,1044.87,SOURCE_A
TXN-A-001177,BR-001,EMP-0006,2026-04-19,SALE,76.21,SOURCE_A
TXN-A-001178,BR-009,EMP-0025,2026-04-18,SALE,249.46,SOURCE_A
TXN-A-001179,BR-005,EMP-0017,2026-03-15,SALE,238.81,SOURCE_A
TXN-A-001180,BR-001,EMP-0006,2026-02-08,SALE,208.91,SOURCE_A
TXN-A-001181,BR-005,EMP-0007,2026-02-19,SALE,527.74,SOURCE_A
TXN-A-001182,BR-002,EMP-0024,2026-01-05,SALE,778.3,SOURCE_A
TXN-A-001183,BR-009,EMP-0026,2026-03-23,SALE,1104.13,SOURCE_A
TXN-A-001184,BR-003,EMP-0001,2026-04-18,SALE,328.51,SOURCE_A
TXN-A-001185,BR-005,EMP-0028,2026-02-26,SALE,164.5,SOURCE_A
TXN-A-001186,BR-003,EMP-0013,2026-02-23,SALE,271.49,SOURCE_A
TXN-A-001187,BR-009,EMP-0016,2026-04-07,SALE,404.0,SOURCE_A
TXN-A-001188,BR-006,EMP-0032,2026-04-02,SALE,73.94,SOURCE_A
TXN-A-001189,BR-010,EMP-0019,2026-04-23,SALE,736.04,SOURCE_A
TXN-A-001190,BR-003,EMP-0022,2026-02-25,SALE,935.07,SOURCE_A
TXN-A-001191,BR-001,EMP-0006,2026-04-02,SALE,101.13,SOURCE_A
TXN-A-001192,BR-010,EMP-0031,2026-02-02,SALE,15.05,SOURCE_A
TXN-A-001193,BR-006,EMP-0016,2026-01-27,SALE,351.46,SOURCE_A
TXN-A-001194,BR-006,EMP-0002,2026-04-15,SALE,71.22,SOURCE_A
TXN-A-001195,BR-010,EMP-0022,2026-03-26,SALE,439.92,SOURCE_A
TXN-A-001196,BR-009,EMP-0017,2026-01-16,SALE,186.35,SOURCE_A
TXN-A-001197,BR-010,EMP-0032,2026-03-03,SALE,267.56,SOURCE_A
TXN-A-001198,BR-007,EMP-0010,2026-02-22,SALE,68.71,SOURCE_A
TXN-A-001199,BR-008,EMP-0030,2026-02-25,SALE,1100.29,SOURCE_A
TXN-A-001200,BR-002,EMP-0029,2026-01-24,SALE,179.84,SOURCE_A
TXN-A-001201,BR-005,EMP-0002,2026-04-06,SALE,94.8,SOURCE_A
TXN-A-001202,BR-002,EMP-0023,2026-02-20,SALE,96.89,SOURCE_A
TXN-A-001203,BR-003,EMP-0018,2026-01-21,SALE,125.15,SOURCE_A
TXN-A-001204,BR-006,EMP-0023,2026-03-26,SALE,276.74,SOURCE_A
TXN-A-001205,BR-010,EMP-0013,2026-03-22,SALE,117.59,SOURCE_A
TXN-A-001206,BR-006,EMP-0005,2026-02-18,SALE,451.29,SOURCE_A
TXN-A-001207,BR-007,EMP-0028,2026-04-19,SALE,330.85,SOURCE_A
TXN-A-001208,BR-010,EMP-0019,2026-04-01,SALE,72.77,SOURCE_A
TXN-A-001209,BR-003,EMP-0029,2026-02-06,SALE,189.06,SOURCE_A
TXN-A-001210,BR-010,EMP-0014,2026-02-06,SALE,121.15,SOURCE_A
TXN-A-001211,BR-004,EMP-0030,2026-04-26,SALE,145.78,SOURCE_A
TXN-A-001212,BR-001,EMP-0011,2026-03-26,SALE,107.32,SOURCE_A
TXN-A-001213,BR-003,EMP-0001,2026-02-16,SALE,88.68,SOURCE_A
TXN-A-001214,BR-008,EMP-0001,2026-04-25,SALE,1107.71,SOURCE_A
TXN-A-001215,BR-008,EMP-0015,2026-04-27,SALE,311.66,SOURCE_A
TXN-A-001216,BR-004,EMP-0008,2026-01-05,SALE,270.47,SOURCE_A
TXN-A-001217,BR-003,EMP-0016,2026-04-08,SALE,597.62,SOURCE_A
TXN-A-001218,BR-003,EMP-0001,2026-02-21,SALE,128.35,SOURCE_A
TXN-A-001219,BR-004,EMP-0007,2026-03-08,SALE,136.03,SOURCE_A
TXN-A-001220,BR-006,EMP-0009,2026-04-07,SALE,409.64,SOURCE_A
TXN-A-001221,BR-010,EMP-0005,2026-04-13,SALE,233.95,SOURCE_A
TXN-A-001222,BR-010,EMP-0016,2026-01-26,SALE,924.96,SOURCE_A
TXN-A-001223,BR-005,EMP-0009,2026-03-09,SALE,488.33,SOURCE_A
TXN-A-001224,BR-001,EMP-0019,2026-02-23,SALE,45.9,SOURCE_A
TXN-A-001225,BR-009,EMP-0005,2026-01-09,SALE,69.1,SOURCE_A
TXN-A-001226,BR-002,EMP-0021,2026-04-21,SALE,404.37,SOURCE_A
TXN-A-001227,BR-001,EMP-0012,2026-03-24,SALE,1002.01,SOURCE_A
TXN-A-001228,BR-001,EMP-0019,2026-03-09,SALE,344.75,SOURCE_A
TXN-A-001229,BR-004,EMP-0028,2026-02-07,SALE,774.76,SOURCE_A
TXN-A-001230,BR-010,EMP-0022,2026-01-13,SALE,171.45,SOURCE_A
TXN-A-001231,BR-007,EMP-0021,2026-02-28,SALE,228.08,SOURCE_A
TXN-A-001232,BR-009,EMP-0010,2026-01-09,SALE,248.09,SOURCE_A
TXN-A-001233,BR-009,EMP-0024,2026-01-23,SALE,850.01,SOURCE_A
TXN-A-001234,BR-005,EMP-0029,2026-02-08,SALE,12.08,SOURCE_A
TXN-A-001235,BR-009,EMP-0015,2026-03-21,SALE,542.19,SOURCE_A
TXN-A-001236,BR-003,EMP-0010,2026-01-19,SALE,54.0,SOURCE_A
TXN-A-001237,BR-003,EMP-0025,2026-03-06,SALE,79.87,SOURCE_A
TXN-A-001238,BR-008,EMP-0028,2026-03-05,SALE,892.06,SOURCE_A
TXN-A-001239,BR-004,EMP-0031,2026-01-15,SALE,217.73,SOURCE_A
TXN-A-001240,BR-005,EMP-0012,2026-01-07,SALE,170.01,SOURCE_A
TXN-A-001241,BR-004,EMP-0008,2026-02-13,SALE,37.38,SOURCE_A
TXN-A-001242,BR-006,EMP-0010,2026-02-18,SALE,803.08,SOURCE_A
TXN-A-001243,BR-006,EMP-0005,2026-03-04,SALE,692.48,SOURCE_A
TXN-A-001244,BR-007,EMP-0005,2026-01-17,SALE,33.99,SOURCE_A
TXN-A-001245,BR-006,EMP-0008,2026-01-28,SALE,104.21,SOURCE_A
TXN-A-001246,BR-005,EMP-0005,2026-03-27,SALE,70.58,SOURCE_A
TXN-A-001247,BR-006,EMP-0001,2026-04-27,SALE,339.12,SOURCE_A
TXN-A-001248,BR-002,EMP-0013,2026-01-26,SALE,86.59,SOURCE_A
TXN-A-001249,BR-001,EMP-0026,2026-03-19,SALE,194.13,SOURCE_A
TXN-A-001250,BR-010,EMP-0021,2026-04-01,SALE,173.56,SOURCE_A
TXN-A-001251,BR-008,EMP-0032,2026-03-23,SALE,82.44,SOURCE_A
TXN-A-001252,BR-010,EMP-0022,2026-04-22,SALE,41.69,SOURCE_A
TXN-A-001253,BR-010,EMP-0015,2026-02-17,SALE,129.16,SOURCE_A
TXN-A-001254,BR-002,EMP-0004,2026-01-05,SALE,651.63,SOURCE_A
TXN-A-001255,BR-006,EMP-0015,2026-04-08,SALE,136.98,SOURCE_A
TXN-A-001256,BR-009,EMP-0024,2026-01-11,SALE,96.06,SOURCE_A
TXN-A-001257,BR-008,EMP-0012,2026-04-27,SALE,272.01,SOURCE_A
TXN-A-001258,BR-009,EMP-0010,2026-01-10,SALE,266.61,SOURCE_A
TXN-A-001259,BR-009,EMP-0018,2026-02-22,SALE,388.77,SOURCE_A
TXN-A-001260,BR-005,EMP-0024,2026-03-17,SALE,211.26,SOURCE_A
TXN-A-001261,BR-002,EMP-0031,2026-03-09,SALE,58.86,SOURCE_A
TXN-A-001262,BR-001,EMP-0006,2026-03-22,SALE,171.15,SOURCE_A
TXN-A-001263,BR-006,EMP-0004,2026-01-24,SALE,142.72,SOURCE_A
TXN-A-001264,BR-006,EMP-0003,2026-01-24,SALE,8.83,SOURCE_A
TXN-A-001265,BR-009,EMP-0030,2026-04-26,SALE,200.94,SOURCE_A
TXN-A-001266,BR-002,EMP-0010,2026-01-02,SALE,139.01,SOURCE_A
TXN-A-001267,BR-006,EMP-0030,2026-01-23,SALE,598.92,SOURCE_A
TXN-A-001268,BR-008,EMP-0009,2026-04-09,SALE,106.61,SOURCE_A
TXN-A-001269,BR-008,EMP-0019,2026-01-21,SALE,306.52,SOURCE_A
TXN-A-001270,BR-010,EMP-0029,2026-04-18,SALE,597.96,SOURCE_A
TXN-A-001271,BR-003,EMP-0005,2026-02-13,SALE,161.85,SOURCE_A
TXN-A-001272,BR-006,EMP-0012,2026-01-03,SALE,156.85,SOURCE_A
TXN-A-001273,BR-006,EMP-0012,2026-03-22,SALE,18.57,SOURCE_A
TXN-A-001274,BR-008,EMP-0020,2026-01-09,SALE,171.51,SOURCE_A
TXN-A-001275,BR-009,EMP-0018,2026-03-07,SALE,384.19,SOURCE_A
TXN-A-001276,BR-001,EMP-0009,2026-02-23,SALE,99.62,SOURCE_A
TXN-A-001277,BR-010,EMP-0017,2026-02-09,SALE,334.8,SOURCE_A
TXN-A-001278,BR-006,EMP-0007,2026-01-11,SALE,30.78,SOURCE_A
TXN-A-001279,BR-007,EMP-0011,2026-04-19,SALE,130.01,SOURCE_A
TXN-A-001280,BR-009,EMP-0023,2026-04-08,SALE,363.65,SOURCE_A
TXN-A-001281,BR-004,EMP-0006,2026-03-10,SALE,276.07,SOURCE_A
TXN-A-001282,BR-007,EMP-0001,2026-02-25,SALE,133.66,SOURCE_A
TXN-A-001283,BR-009,EMP-0005,2026-04-19,SALE,115.71,SOURCE_A
TXN-A-001284,BR-010,EMP-0016,2026-03-13,SALE,94.22,SOURCE_A
TXN-A-001285,BR-006,EMP-0028,2026-01-24,SALE,24.81,SOURCE_A
TXN-A-001286,BR-001,EMP-0021,2026-04-16,SALE,36.33,SOURCE_A
TXN-A-001287,BR-010,EMP-0029,2026-03-15,SALE,647.67,SOURCE_A
TXN-A-001288,BR-007,EMP-0005,2026-02-06,SALE,1021.19,SOURCE_A
TXN-A-001289,BR-005,EMP-0019,2026-01-18,SALE,406.23,SOURCE_A
TXN-A-001290,BR-001,EMP-0025,2026-03-04,SALE,782.44,SOURCE_A
TXN-A-001291,BR-007,EMP-0024,2026-03-07,SALE,374.92,SOURCE_A
TXN-A-001292,BR-010,EMP-0006,2026-01-02,SALE,128.73,SOURCE_A
TXN-A-001293,BR-008,EMP-0028,2026-01-15,SALE,68.83,SOURCE_A
TXN-A-001294,BR-005,EMP-0012,2026-04-20,SALE,297.57,SOURCE_A
TXN-A-001295,BR-007,EMP-0014,2026-02-24,SALE,101.14,SOURCE_A
TXN-A-001296,BR-001,EMP-0011,2026-02-28,SALE,118.92,SOURCE_A
TXN-A-001297,BR-007,EMP-0009,2026-04-18,SALE,488.64,SOURCE_A
TXN-A-001298,BR-009,EMP-0002,2026-01-11,SALE,490.84,SOURCE_A
TXN-A-001299,BR-008,EMP-0024,2026-03-06,SALE,932.82,SOURCE_A
TXN-A-001300,BR-004,EMP-0031,2026-03-18,SALE,96.29,SOURCE_A
TXN-A-001301,BR-004,EMP-0020,2026-03-10,SALE,322.56,SOURCE_A
TXN-A-001302,BR-004,EMP-0005,2026-04-22,SALE,938.8,SOURCE_A
TXN-A-001303,BR-009,EMP-0017,2026-02-06,SALE,1072.84,SOURCE_A
TXN-A-001304,BR-001,EMP-0032,2026-02-06,SALE,72.11,SOURCE_A
TXN-A-001305,BR-005,EMP-0026,2026-02-08,SALE,165.45,SOURCE_A
TXN-A-001306,BR-002,EMP-0010,2026-01-27,SALE,105.08,SOURCE_A
TXN-A-001307,BR-003,EMP-0012,2026-02-15,SALE,301.41,SOURCE_A
TXN-A-001308,BR-004,EMP-0004,2026-02-06,SALE,832.09,SOURCE_A
TXN-A-001309,BR-005,EMP-0010,2026-02-26,SALE,413.3,SOURCE_A
TXN-A-001310,BR-002,EMP-0004,2026-03-16,SALE,66.76,SOURCE_A
TXN-A-001311,BR-010,EMP-0005,2026-02-21,SALE,404.42,SOURCE_A
TXN-A-001312,BR-006,EMP-0027,2026-01-23,SALE,724.73,SOURCE_A
TXN-A-001313,BR-005,EMP-0002,2026-03-27,SALE,276.05,SOURCE_A
TXN-A-001314,BR-008,EMP-0018,2026-04-23,SALE,70.16,SOURCE_A
TXN-A-001315,BR-007,EMP-0013,2026-02-15,SALE,437.6,SOURCE_A
TXN-A-001316,BR-007,EMP-0017,2026-02-07,SALE,262.63,SOURCE_A
TXN-A-001317,BR-010,EMP-0023,2026-04-27,SALE,423.06,SOURCE_A
TXN-A-001318,BR-003,EMP-0029,2026-03-10,SALE,120.3,SOURCE_A
TXN-A-001319,BR-004,EMP-0024,2026-02-01,SALE,506.87,SOURCE_A
TXN-A-001320,BR-001,EMP-0004,2026-04-11,SALE,36.35,SOURCE_A
TXN-A-001321,BR-003,EMP-0030,2026-03-27,SALE,533.31,SOURCE_A
TXN-A-001322,BR-009,EMP-0023,2026-03-09,SALE,258.91,SOURCE_A
TXN-A-001323,BR-001,EMP-0024,2026-02-17,SALE,186.8,SOURCE_A
TXN-A-001324,BR-002,EMP-0024,2026-04-24,SALE,329.81,SOURCE_A
TXN-A-001325,BR-007,EMP-0028,2026-01-17,SALE,624.85,SOURCE_A
TXN-A-001326,BR-002,EMP-0009,2026-04-11,SALE,192.01,SOURCE_A
TXN-A-001327,BR-005,EMP-0025,2026-02-18,SALE,287.15,SOURCE_A
TXN-A-001328,BR-006,EMP-0005,2026-03-20,SALE,78.87,SOURCE_A
TXN-A-001329,BR-010,EMP-0030,2026-02-15,SALE,418.26,SOURCE_A
TXN-A-001330,BR-004,EMP-0032,2026-03-15,SALE,762.78,SOURCE_A
TXN-A-001331,BR-004,EMP-0020,2026-03-14,SALE,66.49,SOURCE_A
TXN-A-001332,BR-001,EMP-0020,2026-02-11,SALE,13.0,SOURCE_A
TXN-A-001333,BR-004,EMP-0029,2026-01-19,SALE,747.99,SOURCE_A
TXN-A-001334,BR-007,EMP-0026,2026-04-28,SALE,77.36,SOURCE_A
TXN-A-001335,BR-004,EMP-0029,2026-03-24,SALE,126.75,SOURCE_A
TXN-A-001336,BR-002,EMP-0015,2026-01-08,SALE,227.77,SOURCE_A
TXN-A-001337,BR-004,EMP-0014,2026-01-11,SALE,101.26,SOURCE_A
TXN-A-001338,BR-002,EMP-0005,2026-03-11,SALE,811.19,SOURCE_A
TXN-A-001339,BR-007,EMP-0017,2026-01-24,SALE,171.69,SOURCE_A
TXN-A-001340,BR-009,EMP-0006,2026-03-10,SALE,22.02,SOURCE_A
TXN-A-001341,BR-006,EMP-0032,2026-03-23,SALE,438.37,SOURCE_A
TXN-A-001342,BR-006,EMP-0017,2026-02-05,SALE,797.45,SOURCE_A
TXN-A-001343,BR-010,EMP-0007,2026-04-13,SALE,72.64,SOURCE_A
TXN-A-001344,BR-002,EMP-0028,2026-04-22,SALE,240.22,SOURCE_A
TXN-A-001345,BR-001,EMP-0016,2026-02-03,SALE,773.85,SOURCE_A
TXN-A-001346,BR-003,EMP-0007,2026-01-07,SALE,436.82,SOURCE_A
TXN-A-001347,BR-007,EMP-0021,2026-03-06,SALE,205.25,SOURCE_A
TXN-A-001348,BR-006,EMP-0027,2026-02-08,SALE,277.37,SOURCE_A
TXN-A-001349,BR-005,EMP-0011,2026-02-11,SALE,134.54,SOURCE_A
TXN-A-001350,BR-002,EMP-0020,2026-04-19,SALE,838.77,SOURCE_A
TXN-A-001351,BR-007,EMP-0027,2026-02-27,SALE,93.97,SOURCE_A
TXN-A-001352,BR-001,EMP-0022,2026-01-26,SALE,169.87,SOURCE_A
TXN-A-001353,BR-002,EMP-0008,2026-01-13,SALE,191.92,SOURCE_A
TXN-A-001354,BR-002,EMP-0031,2026-03-13,SALE,94.75,SOURCE_A
TXN-A-001355,BR-006,EMP-0032,2026-01-15,SALE,543.23,SOURCE_A
TXN-A-001356,BR-008,EMP-0013,2026-03-09,SALE,400.99,SOURCE_A
TXN-A-001357,BR-006,EMP-0019,2026-01-06,SALE,162.82,SOURCE_A
TXN-A-001358,BR-006,EMP-0028,2026-02-17,SALE,328.16,SOURCE_A
TXN-A-001359,BR-007,EMP-0006,2026-02-27,SALE,69.98,SOURCE_A
TXN-A-001360,BR-002,EMP-0032,2026-03-05,SALE,275.12,SOURCE_A
TXN-A-001361,BR-010,EMP-0002,2026-03-10,SALE,225.15,SOURCE_A
TXN-A-001362,BR-006,EMP-0001,2026-01-02,SALE,171.58,SOURCE_A
TXN-A-001363,BR-005,EMP-0012,2026-01-28,SALE,187.0,SOURCE_A
TXN-A-001364,BR-007,EMP-0027,2026-03-11,SALE,226.72,SOURCE_A
TXN-A-001365,BR-005,EMP-0030,2026-04-18,SALE,35.66,SOURCE_A
TXN-A-001366,BR-005,EMP-0024,2026-01-24,SALE,343.01,SOURCE_A
TXN-A-001367,BR-004,EMP-0026,2026-01-14,SALE,304.7,SOURCE_A
TXN-A-001368,BR-003,EMP-0028,2026-01-17,SALE,895.07,SOURCE_A
TXN-A-001369,BR-001,EMP-0028,2026-03-20,SALE,267.79,SOURCE_A
TXN-A-001370,BR-006,EMP-0028,2026-01-15,SALE,82.94,SOURCE_A
TXN-A-001371,BR-007,EMP-0014,2026-04-02,SALE,464.59,SOURCE_A
TXN-A-001372,BR-009,EMP-0030,2026-03-02,SALE,64.77,SOURCE_A
TXN-A-001373,BR-001,EMP-0017,2026-04-20,SALE,973.9,SOURCE_A
TXN-A-001374,BR-004,EMP-0014,2026-01-20,SALE,64.84,SOURCE_A
TXN-A-001375,BR-009,EMP-0011,2026-02-21,SALE,385.42,SOURCE_A
TXN-A-001376,BR-006,EMP-0026,2026-04-10,SALE,521.01,SOURCE_A
TXN-A-001377,BR-001,EMP-0015,2026-04-04,SALE,172.71,SOURCE_A
TXN-A-001378,BR-002,EMP-0015,2026-02-05,SALE,162.99,SOURCE_A
TXN-A-001379,BR-006,EMP-0005,2026-01-26,SALE,107.24,SOURCE_A
TXN-A-001380,BR-009,EMP-0025,2026-02-28,SALE,666.42,SOURCE_A
TXN-A-001381,BR-009,EMP-0004,2026-04-03,SALE,83.15,SOURCE_A
TXN-A-001382,BR-001,EMP-0027,2026-04-15,SALE,79.64,SOURCE_A
TXN-A-001383,BR-002,EMP-0016,2026-03-04,SALE,63.63,SOURCE_A
TXN-A-001384,BR-003,EMP-0030,2026-01-05,SALE,269.28,SOURCE_A
TXN-A-001385,BR-003,EMP-0005,2026-01-19,SALE,162.79,SOURCE_A
TXN-A-001386,BR-006,EMP-0019,2026-01-16,SALE,113.1,SOURCE_A
TXN-A-001387,BR-003,EMP-0015,2026-03-19,SALE,689.69,SOURCE_A
TXN-A-001388,BR-007,EMP-0028,2026-02-12,SALE,327.21,SOURCE_A
TXN-A-001389,BR-006,EMP-0007,2026-03-21,SALE,99.92,SOURCE_A
TXN-A-001390,BR-002,EMP-0022,2026-04-24,SALE,104.74,SOURCE_A
TXN-A-001391,BR-007,EMP-0016,2026-04-25,SALE,46.6,SOURCE_A
TXN-A-001392,BR-002,EMP-0001,2026-03-20,SALE,60.93,SOURCE_A
TXN-A-001393,BR-008,EMP-0003,2026-02-17,SALE,1078.7,SOURCE_A
TXN-A-001394,BR-010,EMP-0015,2026-04-08,SALE,707.13,SOURCE_A
TXN-A-001395,BR-003,EMP-0006,2026-04-03,SALE,400.89,SOURCE_A
TXN-A-001396,BR-010,EMP-0032,2026-02-20,SALE,386.46,SOURCE_A
TXN-A-001397,BR-005,EMP-0024,2026-01-18,SALE,21.09,SOURCE_A
TXN-A-001398,BR-003,EMP-0019,2026-03-08,SALE,772.05,SOURCE_A
TXN-A-001399,BR-005,EMP-0017,2026-04-12,SALE,51.42,SOURCE_A
TXN-A-001400,BR-004,EMP-0001,2026-01-04,SALE,459.89,SOURCE_A
TXN-A-001401,BR-001,EMP-0001,2026-02-15,SALE,526.58,SOURCE_A
TXN-A-001402,BR-007,EMP-0018,2026-02-22,SALE,571.61,SOURCE_A
TXN-A-001403,BR-004,EMP-0030,2026-04-20,SALE,47.81,SOURCE_A
TXN-A-001404,BR-010,EMP-0028,2026-02-28,SALE,384.52,SOURCE_A
TXN-A-001405,BR-009,EMP-0012,2026-03-10,SALE,443.55,SOURCE_A
TXN-A-001406,BR-009,EMP-0021,2026-04-14,SALE,458.17,SOURCE_A
TXN-A-001407,BR-009,EMP-0024,2026-02-24,SALE,172.36,SOURCE_A
TXN-A-001408,BR-006,EMP-0016,2026-01-17,SALE,688.08,SOURCE_A
TXN-A-001409,BR-005,EMP-0004,2026-02-18,SALE,591.17,SOURCE_A
TXN-A-001410,BR-010,EMP-0022,2026-02-19,SALE,345.11,SOURCE_A
TXN-A-001411,BR-007,EMP-0029,2026-03-25,SALE,57.46,SOURCE_A
TXN-A-001412,BR-005,EMP-0024,2026-02-09,SALE,128.5,SOURCE_A
TXN-A-001413,BR-005,EMP-0024,2026-04-17,SALE,95.6,SOURCE_A
TXN-A-001414,BR-006,EMP-0005,2026-02-10,SALE,313.74,SOURCE_A
TXN-A-001415,BR-005,EMP-0012,2026-01-25,SALE,547.04,SOURCE_A
TXN-A-001416,BR-005,EMP-0007,2026-03-05,SALE,37.97,SOURCE_A
TXN-A-001417,BR-004,EMP-0002,2026-03-07,SALE,69.26,SOURCE_A
TXN-A-001418,BR-006,EMP-0017,2026-01-16,SALE,196.17,SOURCE_A
TXN-A-001419,BR-006,EMP-0006,2026-03-19,SALE,191.27,SOURCE_A
TXN-A-001420,BR-007,EMP-0011,2026-02-05,SALE,823.84,SOURCE_A
TXN-A-001421,BR-009,EMP-0002,2026-04-13,SALE,492.44,SOURCE_A
TXN-A-001422,BR-004,EMP-0011,2026-02-01,SALE,100.83,SOURCE_A
TXN-A-001423,BR-007,EMP-0030,2026-04-25,SALE,167.79,SOURCE_A
TXN-A-001424,BR-009,EMP-0029,2026-03-10,SALE,953.36,SOURCE_A
TXN-A-001425,BR-009,EMP-0018,2026-04-21,SALE,155.91,SOURCE_A
TXN-A-001426,BR-009,EMP-0031,2026-02-05,SALE,136.85,SOURCE_A
TXN-A-001427,BR-001,EMP-0028,2026-02-04,SALE,107.2,SOURCE_A
TXN-A-001428,BR-004,EMP-0024,2026-01-07,SALE,121.22,SOURCE_A
TXN-A-001429,BR-003,EMP-0028,2026-02-08,SALE,388.43,SOURCE_A
TXN-A-001430,BR-009,EMP-0008,2026-01-17,SALE,43.83,SOURCE_A
TXN-A-001431,BR-010,EMP-0015,2026-01-10,SALE,390.48,SOURCE_A
TXN-A-001432,BR-003,EMP-0018,2026-02-10,SALE,592.31,SOURCE_A
TXN-A-001433,BR-007,EMP-0013,2026-04-02,SALE,106.56,SOURCE_A
TXN-A-001434,BR-007,EMP-0016,2026-04-03,SALE,335.1,SOURCE_A
TXN-A-001435,BR-010,EMP-0030,2026-01-21,SALE,115.91,SOURCE_A
TXN-A-001436,BR-001,EMP-0006,2026-04-18,SALE,399.04,SOURCE_A
TXN-A-001437,BR-006,EMP-0011,2026-01-07,SALE,276.28,SOURCE_A
TXN-A-001438,BR-007,EMP-0007,2026-04-23,SALE,115.91,SOURCE_A
TXN-A-001439,BR-004,EMP-0014,2026-04-28,SALE,217.87,SOURCE_A
TXN-A-001440,BR-003,EMP-0032,2026-02-09,SALE,230.66,SOURCE_A
TXN-A-001441,BR-006,EMP-0012,2026-01-01,SALE,196.45,SOURCE_A
TXN-A-001442,BR-004,EMP-0018,2026-02-02,SALE,146.12,SOURCE_A
TXN-A-001443,BR-004,EMP-0011,2026-04-10,SALE,624.13,SOURCE_A
TXN-A-001444,BR-007,EMP-0019,2026-03-06,SALE,289.15,SOURCE_A
TXN-A-001445,BR-008,EMP-0020,2026-03-11,SALE,278.84,SOURCE_A
TXN-A-001446,BR-002,EMP-0019,2026-01-11,SALE,556.12,SOURCE_A
TXN-A-001447,BR-007,EMP-0018,2026-03-16,SALE,195.68,SOURCE_A
TXN-A-001448,BR-009,EMP-0010,2026-01-08,SALE,523.97,SOURCE_A
TXN-A-001449,BR-004,EMP-0003,2026-04-06,SALE,124.33,SOURCE_A
TXN-A-001450,BR-001,EMP-0021,2026-01-06,SALE,110.41,SOURCE_A
TXN-A-001451,BR-004,EMP-0003,2026-04-20,SALE,234.3,SOURCE_A
TXN-A-001452,BR-003,EMP-0003,2026-04-16,SALE,173.04,SOURCE_A
TXN-A-001453,BR-004,EMP-0022,2026-04-22,SALE,288.11,SOURCE_A
TXN-A-001454,BR-001,EMP-0006,2026-04-14,SALE,908.44,SOURCE_A
TXN-A-001455,BR-002,EMP-0007,2026-03-25,SALE,53.66,SOURCE_A
TXN-A-001456,BR-001,EMP-0030,2026-04-13,SALE,236.31,SOURCE_A
TXN-A-001457,BR-005,EMP-0004,2026-03-13,SALE,17.91,SOURCE_A
TXN-A-001458,BR-004,EMP-0025,2026-01-14,SALE,301.37,SOURCE_A
TXN-A-001459,BR-004,EMP-0014,2026-03-24,SALE,638.35,SOURCE_A
TXN-A-001460,BR-006,EMP-0013,2026-04-25,SALE,569.49,SOURCE_A
TXN-A-001461,BR-010,EMP-0020,2026-03-22,SALE,230.24,SOURCE_A
TXN-A-001462,BR-007,EMP-0028,2026-03-13,SALE,398.48,SOURCE_A
TXN-A-001463,BR-005,EMP-0015,2026-04-19,SALE,122.31,SOURCE_A
TXN-A-001464,BR-007,EMP-0005,2026-04-25,SALE,177.96,SOURCE_A
TXN-A-001465,BR-007,EMP-0012,2026-04-14,SALE,146.56,SOURCE_A
TXN-A-001466,BR-010,EMP-0029,2026-04-09,SALE,49.43,SOURCE_A
TXN-A-001467,BR-010,EMP-0009,2026-04-04,SALE,28.95,SOURCE_A
TXN-A-001468,BR-006,EMP-0018,2026-03-18,SALE,150.57,SOURCE_A
TXN-A-001469,BR-009,EMP-0014,2026-01-16,SALE,336.15,SOURCE_A
TXN-A-001470,BR-004,EMP-0002,2026-01-11,SALE,55.81,SOURCE_A
TXN-A-001471,BR-005,EMP-0008,2026-02-01,SALE,348.92,SOURCE_A
TXN-A-001472,BR-010,EMP-0004,2026-01-09,SALE,420.27,SOURCE_A
TXN-A-001473,BR-004,EMP-0002,2026-02-22,SALE,49.48,SOURCE_A
TXN-A-001474,BR-009,EMP-0001,2026-04-16,SALE,131.18,SOURCE_A
TXN-A-001475,BR-008,EMP-0021,2026-02-03,SALE,373.11,SOURCE_A
TXN-A-001476,BR-006,EMP-0011,2026-04-24,SALE,444.84,SOURCE_A
TXN-A-001477,BR-006,EMP-0011,2026-02-21,SALE,132.86,SOURCE_A
TXN-A-001478,BR-009,EMP-0019,2026-04-18,SALE,129.94,SOURCE_A
TXN-A-001479,BR-005,EMP-0028,2026-04-02,SALE,94.77,SOURCE_A
TXN-A-001480,BR-009,EMP-0009,2026-02-06,SALE,165.3,SOURCE_A
TXN-A-001481,BR-008,EMP-0011,2026-04-26,SALE,12.67,SOURCE_A
TXN-A-001482,BR-005,EMP-0019,2026-03-03,SALE,1137.31,SOURCE_A
TXN-A-001483,BR-010,EMP-0008,2026-02-23,SALE,423.41,SOURCE_A
TXN-A-001484,BR-008,EMP-0011,2026-04-03,SALE,188.56,SOURCE_A
TXN-A-001485,BR-003,EMP-0002,2026-03-13,SALE,352.61,SOURCE_A
TXN-A-001486,BR-008,EMP-0028,2026-02-08,SALE,354.65,SOURCE_A
TXN-A-001487,BR-002,EMP-0001,2026-04-15,SALE,110.14,SOURCE_A
TXN-A-001488,BR-008,EMP-0004,2026-01-08,SALE,203.41,SOURCE_A
TXN-A-001489,BR-002,EMP-0002,2026-04-13,SALE,258.5,SOURCE_A
TXN-A-001490,BR-005,EMP-0021,2026-04-22,SALE,193.37,SOURCE_A
TXN-A-001491,BR-001,EMP-0029,2026-03-21,SALE,531.89,SOURCE_A
TXN-A-001492,BR-003,EMP-0008,2026-03-14,SALE,447.15,SOURCE_A
TXN-A-001493,BR-006,EMP-0023,2026-03-03,SALE,25.59,SOURCE_A
TXN-A-001494,BR-008,EMP-0005,2026-03-11,SALE,221.56,SOURCE_A
TXN-A-001495,BR-005,EMP-0020,2026-03-24,SALE,333.4,SOURCE_A
TXN-A-001496,BR-008,EMP-0032,2026-02-23,SALE,662.15,SOURCE_A
TXN-A-001497,BR-007,EMP-0032,2026-04-10,SALE,113.45,SOURCE_A
TXN-A-001498,BR-008,EMP-0011,2026-04-26,SALE,419.41,SOURCE_A
TXN-A-001499,BR-008,EMP-0027,2026-01-10,SALE,725.14,SOURCE_A
TXN-A-001500,BR-003,EMP-0024,2026-04-06,SALE,282.13,SOURCE_A
TXN-A-001501,BR-006,EMP-0012,2026-03-27,SALE,304.18,SOURCE_A
TXN-A-001502,BR-010,EMP-0010,2026-01-02,SALE,209.45,SOURCE_A
TXN-A-001503,BR-008,EMP-0006,2026-02-21,SALE,582.83,SOURCE_A
TXN-A-001504,BR-003,EMP-0004,2026-01-19,SALE,437.33,SOURCE_A
TXN-A-001505,BR-008,EMP-0032,2026-03-01,SALE,43.7,SOURCE_A
TXN-A-001506,BR-008,EMP-0004,2026-02-07,SALE,275.18,SOURCE_A
TXN-A-001507,BR-004,EMP-0025,2026-01-05,SALE,396.9,SOURCE_A
TXN-A-001508,BR-001,EMP-0019,2026-03-26,SALE,74.05,SOURCE_A
TXN-A-001509,BR-005,EMP-0010,2026-04-03,SALE,261.03,SOURCE_A
TXN-A-001510,BR-004,EMP-0002,2026-04-26,SALE,109.25,SOURCE_A
TXN-A-001511,BR-002,EMP-0021,2026-03-19,SALE,116.5,SOURCE_A
TXN-A-001512,BR-008,EMP-0015,2026-03-05,SALE,190.26,SOURCE_A
TXN-A-001513,BR-010,EMP-0008,2026-04-28,SALE,78.18,SOURCE_A
TXN-A-001514,BR-007,EMP-0016,2026-02-16,SALE,1078.85,SOURCE_A
TXN-A-001515,BR-007,EMP-0004,2026-01-14,SALE,102.94,SOURCE_A
TXN-A-001516,BR-009,EMP-0021,2026-02-22,SALE,29.75,SOURCE_A
TXN-A-001517,BR-006,EMP-0010,2026-01-10,SALE,132.58,SOURCE_A
TXN-A-001518,BR-008,EMP-0025,2026-01-16,SALE,186.62,SOURCE_A
TXN-A-001519,BR-001,EMP-0004,2026-02-13,SALE,213.21,SOURCE_A
TXN-A-001520,BR-010,EMP-0032,2026-01-08,SALE,83.27,SOURCE_A
TXN-A-001521,BR-009,EMP-0022,2026-04-05,SALE,91.98,SOURCE_A
TXN-A-001522,BR-004,EMP-0025,2026-01-18,SALE,44.93,SOURCE_A
TXN-A-001523,BR-005,EMP-0004,2026-04-09,SALE,444.49,SOURCE_A
TXN-A-001524,BR-010,EMP-0028,2026-04-14,SALE,154.49,SOURCE_A
TXN-A-001525,BR-004,EMP-0020,2026-02-14,SALE,265.3,SOURCE_A
TXN-A-001526,BR-003,EMP-0021,2026-01-26,SALE,30.76,SOURCE_A
TXN-A-001527,BR-006,EMP-0020,2026-04-01,SALE,82.33,SOURCE_A
TXN-A-001528,BR-001,EMP-0022,2026-03-22,SALE,397.06,SOURCE_A
TXN-A-001529,BR-009,EMP-0030,2026-02-27,SALE,179.12,SOURCE_A
TXN-A-001530,BR-001,EMP-0030,2026-04-27,SALE,427.04,SOURCE_A
TXN-A-001531,BR-009,EMP-0013,2026-03-12,SALE,232.79,SOURCE_A
TXN-A-001532,BR-001,EMP-0027,2026-02-17,SALE,286.3,SOURCE_A
TXN-A-001533,BR-008,EMP-0015,2026-02-21,SALE,526.51,SOURCE_A
TXN-A-001534,BR-008,EMP-0023,2026-04-26,SALE,229.9,SOURCE_A
TXN-A-001535,BR-010,EMP-0012,2026-03-24,SALE,4.28,SOURCE_A
TXN-A-001536,BR-004,EMP-0014,2026-01-14,SALE,182.25,SOURCE_A
TXN-A-001537,BR-003,EMP-0007,2026-02-05,SALE,381.38,SOURCE_A
TXN-A-001538,BR-002,EMP-0023,2026-04-27,SALE,18.91,SOURCE_A
TXN-A-001539,BR-008,EMP-0007,2026-03-22,SALE,465.13,SOURCE_A
TXN-A-001540,BR-009,EMP-0010,2026-03-26,SALE,956.21,SOURCE_A
TXN-A-001541,BR-004,EMP-0008,2026-03-01,SALE,28.33,SOURCE_A
TXN-A-001542,BR-005,EMP-0001,2026-01-01,SALE,358.78,SOURCE_A
TXN-A-001543,BR-002,EMP-0014,2026-02-08,SALE,473.16,SOURCE_A
TXN-A-001544,BR-002,EMP-0014,2026-04-08,SALE,285.02,SOURCE_A
TXN-A-001545,BR-007,EMP-0031,2026-01-27,SALE,21.94,SOURCE_A
TXN-A-001546,BR-006,EMP-0030,2026-01-11,SALE,25.37,SOURCE_A
TXN-A-001547,BR-006,EMP-0014,2026-01-08,SALE,296.8,SOURCE_A
TXN-A-001548,BR-002,EMP-0020,2026-02-15,SALE,191.63,SOURCE_A
TXN-A-001549,BR-004,EMP-0001,2026-01-14,SALE,205.53,SOURCE_A
TXN-A-001550,BR-002,EMP-0009,2026-04-14,SALE,303.59,SOURCE_A
TXN-A-001551,BR-002,EMP-0028,2026-03-21,SALE,590.94,SOURCE_A
TXN-A-001552,BR-008,EMP-0001,2026-04-08,SALE,999.91,SOURCE_A
TXN-A-001553,BR-005,EMP-0008,2026-02-01,SALE,250.92,SOURCE_A
TXN-A-001554,BR-008,EMP-0012,2026-03-12,SALE,25.02,SOURCE_A
TXN-A-001555,BR-003,EMP-0010,2026-03-06,SALE,407.24,SOURCE_A
TXN-A-001556,BR-007,EMP-0009,2026-02-13,SALE,274.76,SOURCE_A
TXN-A-001557,BR-002,EMP-0026,2026-04-17,SALE,191.19,SOURCE_A
TXN-A-001558,BR-004,EMP-0009,2026-03-23,SALE,183.36,SOURCE_A
TXN-A-001559,BR-001,EMP-0017,2026-02-23,SALE,266.21,SOURCE_A
TXN-A-001560,BR-005,EMP-0029,2026-04-03,SALE,1095.25,SOURCE_A
TXN-A-001561,BR-008,EMP-0005,2026-01-16,SALE,110.95,SOURCE_A
TXN-A-001562,BR-002,EMP-0015,2026-04-15,SALE,12.79,SOURCE_A
TXN-A-001563,BR-005,EMP-0013,2026-04-07,SALE,645.6,SOURCE_A
TXN-A-001564,BR-003,EMP-0027,2026-03-26,SALE,349.66,SOURCE_A
TXN-A-001565,BR-002,EMP-0003,2026-01-18,SALE,816.45,SOURCE_A
TXN-A-001566,BR-006,EMP-0022,2026-03-02,SALE,557.99,SOURCE_A
TXN-A-001567,BR-010,EMP-0016,2026-03-01,SALE,208.06,SOURCE_A
TXN-A-001568,BR-010,EMP-0028,2026-04-27,SALE,376.63,SOURCE_A
TXN-A-001569,BR-002,EMP-0021,2026-04-28,SALE,149.27,SOURCE_A
TXN-A-001570,BR-003,EMP-0007,2026-01-26,SALE,831.3,SOURCE_A
TXN-A-001571,BR-003,EMP-0008,2026-02-22,SALE,54.89,SOURCE_A
TXN-A-001572,BR-002,EMP-0002,2026-01-28,SALE,821.63,SOURCE_A
TXN-A-001573,BR-008,EMP-0010,2026-01-09,SALE,287.96,SOURCE_A
TXN-A-001574,BR-007,EMP-0019,2026-04-04,SALE,657.72,SOURCE_A
TXN-A-001575,BR-009,EMP-0004,2026-01-12,SALE,440.31,SOURCE_A
TXN-A-001576,BR-008,EMP-0014,2026-03-11,SALE,193.36,SOURCE_A
TXN-A-001577,BR-002,EMP-0005,2026-03-28,SALE,181.4,SOURCE_A
TXN-A-001578,BR-009,EMP-0016,2026-03-27,SALE,74.49,SOURCE_A
TXN-A-001579,BR-006,EMP-0022,2026-04-12,SALE,90.51,SOURCE_A
TXN-A-001580,BR-008,EMP-0012,2026-03-25,SALE,1008.88,SOURCE_A
TXN-A-001581,BR-009,EMP-0032,2026-01-24,SALE,432.76,SOURCE_A
TXN-A-001582,BR-002,EMP-0029,2026-04-20,SALE,447.99,SOURCE_A
TXN-A-001583,BR-004,EMP-0025,2026-01-16,SALE,383.28,SOURCE_A
TXN-A-001584,BR-005,EMP-0017,2026-01-25,SALE,102.56,SOURCE_A
TXN-A-001585,BR-006,EMP-0016,2026-04-13,SALE,131.03,SOURCE_A
TXN-A-001586,BR-009,EMP-0026,2026-02-27,SALE,228.89,SOURCE_A
TXN-A-001587,BR-008,EMP-0021,2026-02-08,SALE,102.5,SOURCE_A
TXN-A-001588,BR-006,EMP-0010,2026-03-19,SALE,593.98,SOURCE_A
TXN-A-001589,BR-010,EMP-0020,2026-03-14,SALE,973.41,SOURCE_A
TXN-A-001590,BR-002,EMP-0030,2026-03-13,SALE,7.59,SOURCE_A
TXN-A-001591,BR-009,EMP-0009,2026-01-23,SALE,59.44,SOURCE_A
TXN-A-001592,BR-006,EMP-0015,2026-02-19,SALE,166.63,SOURCE_A
TXN-A-001593,BR-004,EMP-0002,2026-01-05,SALE,301.58,SOURCE_A
TXN-A-001594,BR-004,EMP-0024,2026-02-03,SALE,12.54,SOURCE_A
TXN-A-001595,BR-006,EMP-0011,2026-03-23,SALE,524.36,SOURCE_A
TXN-A-001596,BR-007,EMP-0018,2026-02-22,SALE,130.47,SOURCE_A
TXN-A-001597,BR-009,EMP-0028,2026-03-10,SALE,545.64,SOURCE_A
TXN-A-001598,BR-010,EMP-0029,2026-03-22,SALE,571.09,SOURCE_A
TXN-A-001599,BR-006,EMP-0019,2026-03-19,SALE,161.97,SOURCE_A
TXN-A-001600,BR-004,EMP-0028,2026-04-24,SALE,359.18,SOURCE_A
TXN-A-001601,BR-010,EMP-0002,2026-03-04,SALE,294.34,SOURCE_A
TXN-A-001602,BR-001,EMP-0009,2026-02-02,SALE,1152.57,SOURCE_A
TXN-A-001603,BR-001,EMP-0031,2026-03-09,SALE,732.23,SOURCE_A
TXN-A-001604,BR-009,EMP-0025,2026-04-05,SALE,739.28,SOURCE_A
TXN-A-001605,BR-001,EMP-0018,2026-04-27,SALE,323.8,SOURCE_A
TXN-A-001606,BR-006,EMP-0024,2026-02-10,SALE,31.18,SOURCE_A
TXN-A-001607,BR-007,EMP-0016,2026-01-17,SALE,415.38,SOURCE_A
TXN-A-001608,BR-005,EMP-0006,2026-02-17,SALE,140.76,SOURCE_A
TXN-A-001609,BR-008,EMP-0001,2026-02-12,SALE,110.91,SOURCE_A
TXN-A-001610,BR-004,EMP-0003,2026-01-16,SALE,238.46,SOURCE_A
TXN-A-001611,BR-008,EMP-0024,2026-03-11,SALE,75.05,SOURCE_A
TXN-A-001612,BR-008,EMP-0031,2026-03-05,SALE,216.57,SOURCE_A
TXN-A-001613,BR-003,EMP-0007,2026-01-10,SALE,226.3,SOURCE_A
TXN-A-001614,BR-004,EMP-0027,2026-01-01,SALE,407.24,SOURCE_A
TXN-A-001615,BR-008,EMP-0031,2026-01-07,SALE,15.51,SOURCE_A
TXN-A-001616,BR-001,EMP-0020,2026-03-04,SALE,203.96,SOURCE_A
TXN-A-001617,BR-008,EMP-0031,2026-01-03,SALE,175.55,SOURCE_A
TXN-A-001618,BR-008,EMP-0011,2026-03-15,SALE,223.99,SOURCE_A
TXN-A-001619,BR-006,EMP-0021,2026-02-16,SALE,466.07,SOURCE_A
TXN-A-001620,BR-001,EMP-0006,2026-04-24,SALE,297.99,SOURCE_A
TXN-A-001621,BR-002,EMP-0014,2026-01-03,SALE,427.53,SOURCE_A
TXN-A-001622,BR-009,EMP-0029,2026-03-05,SALE,473.09,SOURCE_A
TXN-A-001623,BR-009,EMP-0002,2026-04-04,SALE,342.96,SOURCE_A
TXN-A-001624,BR-005,EMP-0009,2026-03-18,SALE,74.35,SOURCE_A
TXN-A-001625,BR-005,EMP-0023,2026-01-12,SALE,189.61,SOURCE_A
TXN-A-001626,BR-005,EMP-0032,2026-03-14,SALE,658.21,SOURCE_A
TXN-A-001627,BR-004,EMP-0006,2026-03-12,SALE,672.17,SOURCE_A
TXN-A-001628,BR-003,EMP-0014,2026-01-06,SALE,327.87,SOURCE_A
TXN-A-001629,BR-005,EMP-0024,2026-02-06,SALE,796.52,SOURCE_A
TXN-A-001630,BR-005,EMP-0026,2026-01-10,SALE,360.06,SOURCE_A
TXN-A-001631,BR-004,EMP-0005,2026-01-27,SALE,198.22,SOURCE_A
TXN-A-001632,BR-003,EMP-0009,2026-02-23,SALE,543.7,SOURCE_A
TXN-A-001633,BR-006,EMP-0004,2026-03-25,SALE,548.97,SOURCE_A
TXN-A-001634,BR-001,EMP-0023,2026-01-22,SALE,716.19,SOURCE_A
TXN-A-001635,BR-003,EMP-0002,2026-04-06,SALE,819.83,SOURCE_A
TXN-A-001636,BR-003,EMP-0013,2026-04-07,SALE,1188.13,SOURCE_A
TXN-A-001637,BR-006,EMP-0011,2026-04-07,SALE,527.82,SOURCE_A
TXN-A-001638,BR-007,EMP-0018,2026-04-04,SALE,569.81,SOURCE_A
TXN-A-001639,BR-005,EMP-0016,2026-03-01,SALE,689.16,SOURCE_A
TXN-A-001640,BR-007,EMP-0017,2026-03-17,SALE,291.36,SOURCE_A
TXN-A-001641,BR-008,EMP-0013,2026-04-21,SALE,460.76,SOURCE_A
TXN-A-001642,BR-010,EMP-0024,2026-03-27,SALE,399.45,SOURCE_A
TXN-A-001643,BR-010,EMP-0009,2026-03-06,SALE,243.69,SOURCE_A
TXN-A-001644,BR-001,EMP-0020,2026-02-19,SALE,484.07,SOURCE_A
TXN-A-001645,BR-002,EMP-0002,2026-01-25,SALE,261.15,SOURCE_A
TXN-A-001646,BR-001,EMP-0005,2026-04-10,SALE,101.43,SOURCE_A
TXN-A-001647,BR-010,EMP-0021,2026-02-16,SALE,737.85,SOURCE_A
TXN-A-001648,BR-005,EMP-0031,2026-04-12,SALE,1195.03,SOURCE_A
TXN-A-001649,BR-003,EMP-0012,2026-04-22,SALE,153.33,SOURCE_A
TXN-A-001650,BR-010,EMP-0005,2026-03-12,SALE,711.51,SOURCE_A
TXN-A-001651,BR-006,EMP-0026,2026-03-06,SALE,724.75,SOURCE_A
TXN-A-001652,BR-002,EMP-0026,2026-04-04,SALE,606.1,SOURCE_A
TXN-A-001653,BR-008,EMP-0019,2026-04-09,SALE,490.59,SOURCE_A
TXN-A-001654,BR-002,EMP-0012,2026-03-23,SALE,1056.43,SOURCE_A
TXN-A-001655,BR-009,EMP-0028,2026-02-22,SALE,412.0,SOURCE_A
TXN-A-001656,BR-004,EMP-0024,2026-02-12,SALE,290.41,SOURCE_A
TXN-A-001657,BR-007,EMP-0003,2026-03-14,SALE,1033.63,SOURCE_A
TXN-A-001658,BR-009,EMP-0005,2026-04-18,SALE,504.24,SOURCE_A
TXN-A-001659,BR-002,EMP-0027,2026-02-24,SALE,309.37,SOURCE_A
TXN-A-001660,BR-004,EMP-0013,2026-01-07,SALE,228.36,SOURCE_A
TXN-A-001661,BR-003,EMP-0010,2026-03-11,SALE,235.38,SOURCE_A
TXN-A-001662,BR-007,EMP-0032,2026-02-19,SALE,491.94,SOURCE_A
TXN-A-001663,BR-007,EMP-0032,2026-03-05,SALE,646.44,SOURCE_A
TXN-A-001664,BR-001,EMP-0013,2026-01-02,SALE,720.55,SOURCE_A
TXN-A-001665,BR-004,EMP-0008,2026-04-24,SALE,391.62,SOURCE_A
TXN-A-001666,BR-006,EMP-0022,2026-04-09,SALE,522.08,SOURCE_A
TXN-A-001667,BR-001,EMP-0020,2026-01-07,SALE,840.94,SOURCE_A
TXN-A-001668,BR-007,EMP-0014,2026-04-23,SALE,423.71,SOURCE_A
TXN-A-001669,BR-008,EMP-0018,2026-04-08,SALE,941.94,SOURCE_A
TXN-A-001670,BR-008,EMP-0001,2026-03-03,SALE,218.97,SOURCE_A
TXN-A-001671,BR-009,EMP-0020,2026-02-10,SALE,240.06,SOURCE_A
TXN-A-001672,BR-007,EMP-0022,2026-03-06,SALE,169.39,SOURCE_A
TXN-A-001673,BR-005,EMP-0019,2026-03-03,SALE,425.69,SOURCE_A
TXN-A-001674,BR-010,EMP-0008,2026-01-15,SALE,1066.42,SOURCE_A
TXN-A-001675,BR-010,EMP-0032,2026-02-15,SALE,241.75,SOURCE_A
TXN-A-001676,BR-009,EMP-0008,2026-02-03,SALE,250.58,SOURCE_A
TXN-A-001677,BR-005,EMP-0008,2026-03-03,SALE,369.79,SOURCE_A
TXN-A-001678,BR-001,EMP-0010,2026-02-18,SALE,195.0,SOURCE_A
TXN-A-001679,BR-004,EMP-0027,2026-04-21,SALE,453.19,SOURCE_A
TXN-A-001680,BR-008,EMP-0015,2026-04-06,SALE,569.6,SOURCE_A
TXN-A-001681,BR-006,EMP-0010,2026-03-22,SALE,191.28,SOURCE_A
TXN-A-001682,BR-004,EMP-0016,2026-04-17,SALE,15.37,SOURCE_A
TXN-A-001683,BR-002,EMP-0027,2026-01-03,SALE,340.05,SOURCE_A
TXN-A-001684,BR-009,EMP-0031,2026-02-20,SALE,745.04,SOURCE_A
TXN-A-001685,BR-001,EMP-0022,2026-03-13,SALE,38.59,SOURCE_A
TXN-A-001686,BR-002,EMP-0020,2026-01-01,SALE,1224.98,SOURCE_A
TXN-A-001687,BR-008,EMP-0032,2026-02-11,SALE,532.0,SOURCE_A
TXN-A-001688,BR-002,EMP-0029,2026-02-28,SALE,388.01,SOURCE_A
TXN-A-001689,BR-006,EMP-0017,2026-01-21,SALE,43.07,SOURCE_A
TXN-A-001690,BR-007,EMP-0030,2026-04-25,SALE,45.95,SOURCE_A
TXN-A-001691,BR-010,EMP-0014,2026-02-06,SALE,285.75,SOURCE_A
TXN-A-001692,BR-005,EMP-0016,2026-01-01,SALE,181.19,SOURCE_A
TXN-A-001693,BR-010,EMP-0010,2026-01-14,SALE,878.72,SOURCE_A
TXN-A-001694,BR-009,EMP-0004,2026-03-28,SALE,480.33,SOURCE_A
TXN-A-001695,BR-004,EMP-0011,2026-03-18,SALE,228.29,SOURCE_A
TXN-A-001696,BR-005,EMP-0022,2026-01-25,SALE,1397.03,SOURCE_A
TXN-A-001697,BR-005,EMP-0032,2026-01-08,SALE,174.6,SOURCE_A
TXN-A-001698,BR-001,EMP-0008,2026-02-06,SALE,199.45,SOURCE_A
TXN-A-001699,BR-002,EMP-0021,2026-02-20,SALE,464.33,SOURCE_A
TXN-A-001700,BR-008,EMP-0009,2026-04-18,SALE,226.79,SOURCE_A
TXN-A-001701,BR-002,EMP-0011,2026-01-11,SALE,269.22,SOURCE_A
TXN-A-001702,BR-003,EMP-0023,2026-03-27,SALE,106.47,SOURCE_A
TXN-A-001703,BR-003,EMP-0001,2026-04-19,SALE,89.74,SOURCE_A
TXN-A-001704,BR-009,EMP-0005,2026-03-21,SALE,307.29,SOURCE_A
TXN-A-001705,BR-004,EMP-0028,2026-04-02,SALE,470.56,SOURCE_A
TXN-A-001706,BR-007,EMP-0003,2026-01-14,SALE,211.3,SOURCE_A
TXN-A-001707,BR-005,EMP-0027,2026-01-24,SALE,395.29,SOURCE_A
TXN-A-001708,BR-004,EMP-0028,2026-04-13,SALE,898.0,SOURCE_A
TXN-A-001709,BR-009,EMP-0027,2026-02-10,SALE,546.71,SOURCE_A
TXN-A-001710,BR-002,EMP-0014,2026-03-22,SALE,260.53,SOURCE_A
TXN-A-001711,BR-009,EMP-0005,2026-03-06,SALE,346.84,SOURCE_A
TXN-A-001712,BR-008,EMP-0009,2026-04-22,SALE,335.37,SOURCE_A
TXN-A-001713,BR-001,EMP-0028,2026-03-10,SALE,1078.16,SOURCE_A
TXN-A-001714,BR-003,EMP-0030,2026-03-15,SALE,392.57,SOURCE_A
TXN-A-001715,BR-010,EMP-0017,2026-02-08,SALE,141.68,SOURCE_A
TXN-A-001716,BR-010,EMP-0030,2026-01-27,SALE,108.78,SOURCE_A
TXN-A-001717,BR-008,EMP-0007,2026-02-06,SALE,173.02,SOURCE_A
TXN-A-001718,BR-003,EMP-0013,2026-02-12,SALE,1055.45,SOURCE_A
TXN-A-001719,BR-006,EMP-0004,2026-04-20,SALE,871.43,SOURCE_A
TXN-A-001720,BR-009,EMP-0032,2026-03-12,SALE,900.34,SOURCE_A
TXN-A-001721,BR-001,EMP-0024,2026-01-23,SALE,200.92,SOURCE_A
TXN-A-001722,BR-006,EMP-0027,2026-03-05,SALE,223.63,SOURCE_A
TXN-A-001723,BR-003,EMP-0009,2026-04-19,SALE,1435.84,SOURCE_A
TXN-A-001724,BR-005,EMP-0007,2026-04-03,SALE,296.26,SOURCE_A
TXN-A-001725,BR-002,EMP-0004,2026-02-14,SALE,677.64,SOURCE_A
TXN-A-001726,BR-009,EMP-0017,2026-04-16,SALE,434.02,SOURCE_A
TXN-A-001727,BR-004,EMP-0010,2026-03-04,SALE,221.96,SOURCE_A
TXN-A-001728,BR-007,EMP-0010,2026-01-07,SALE,1249.31,SOURCE_A
TXN-A-001729,BR-001,EMP-0014,2026-02-13,SALE,551.77,SOURCE_A
TXN-A-001730,BR-008,EMP-0018,2026-03-03,SALE,1252.65,SOURCE_A
TXN-A-001731,BR-008,EMP-0004,2026-04-03,SALE,827.7,SOURCE_A
TXN-A-001732,BR-002,EMP-0023,2026-03-22,SALE,177.42,SOURCE_A
TXN-A-001733,BR-009,EMP-0029,2026-01-25,SALE,341.23,SOURCE_A
TXN-A-001734,BR-001,EMP-0002,2026-03-16,SALE,511.83,SOURCE_A
TXN-A-001735,BR-006,EMP-0026,2026-03-01,SALE,152.68,SOURCE_A
TXN-A-001736,BR-010,EMP-0028,2026-02-20,SALE,238.22,SOURCE_A
TXN-A-001737,BR-010,EMP-0021,2026-01-28,SALE,571.44,SOURCE_A
TXN-A-001738,BR-007,EMP-0022,2026-04-11,SALE,113.65,SOURCE_A
TXN-A-001739,BR-001,EMP-0013,2026-03-16,SALE,703.78,SOURCE_A
TXN-A-001740,BR-002,EMP-0006,2026-02-19,SALE,1607.85,SOURCE_A
TXN-A-001741,BR-008,EMP-0009,2026-02-26,SALE,185.77,SOURCE_A
TXN-A-001742,BR-006,EMP-0031,2026-02-17,SALE,228.29,SOURCE_A
TXN-A-001743,BR-007,EMP-0019,2026-04-09,SALE,1274.04,SOURCE_A
TXN-A-001744,BR-005,EMP-0008,2026-01-19,SALE,160.34,SOURCE_A
TXN-A-001745,BR-003,EMP-0001,2026-04-04,SALE,577.09,SOURCE_A
TXN-A-001746,BR-002,EMP-0027,2026-02-13,SALE,791.62,SOURCE_A
TXN-A-001747,BR-007,EMP-0001,2026-04-13,SALE,233.3,SOURCE_A
TXN-A-001748,BR-010,EMP-0026,2026-03-17,SALE,276.04,SOURCE_A
TXN-A-001749,BR-009,EMP-0031,2026-03-18,SALE,1296.74,SOURCE_A
TXN-A-001750,BR-001,EMP-0012,2026-02-23,SALE,667.45,SOURCE_A
TXN-A-001751,BR-008,EMP-0025,2026-04-22,SALE,527.3,SOURCE_A
TXN-A-001752,BR-009,EMP-0024,2026-04-11,SALE,302.2,SOURCE_A
TXN-A-001753,BR-010,EMP-0018,2026-01-17,SALE,373.46,SOURCE_A
TXN-A-001754,BR-007,EMP-0006,2026-01-16,SALE,116.0,SOURCE_A
TXN-A-001755,BR-007,EMP-0022,2026-04-15,SALE,296.0,SOURCE_A
TXN-A-001756,BR-001,EMP-0005,2026-02-11,SALE,134.44,SOURCE_A
TXN-A-001757,BR-004,EMP-0006,2026-03-20,SALE,69.67,SOURCE_A
TXN-A-001758,BR-004,EMP-0006,2026-02-09,SALE,219.13,SOURCE_A
TXN-A-001759,BR-008,EMP-0025,2026-04-04,SALE,1011.21,SOURCE_A
TXN-A-001760,BR-001,EMP-0027,2026-02-03,SALE,88.31,SOURCE_A
TXN-A-001761,BR-005,EMP-0029,2026-03-02,SALE,618.12,SOURCE_A
TXN-A-001762,BR-010,EMP-0032,2026-04-27,SALE,1038.13,SOURCE_A
TXN-A-001763,BR-005,EMP-0004,2026-03-21,SALE,391.56,SOURCE_A
TXN-A-001764,BR-007,EMP-0013,2026-01-04,SALE,523.75,SOURCE_A
TXN-A-001765,BR-007,EMP-0028,2026-04-13,SALE,551.94,SOURCE_A
TXN-A-001766,BR-009,EMP-0031,2026-04-11,SALE,182.22,SOURCE_A
TXN-A-001767,BR-003,EMP-0031,2026-02-28,SALE,631.12,SOURCE_A
TXN-A-001768,BR-006,EMP-0028,2026-03-19,SALE,918.45,SOURCE_A
TXN-A-001769,BR-005,EMP-0029,2026-02-08,SALE,331.97,SOURCE_A
TXN-A-001770,BR-007,EMP-0024,2026-03-13,SALE,185.33,SOURCE_A
TXN-A-001771,BR-006,EMP-0023,2026-02-09,SALE,319.93,SOURCE_A
TXN-A-001772,BR-009,EMP-0009,2026-04-14,SALE,1150.22,SOURCE_A
TXN-A-001773,BR-006,EMP-0014,2026-02-21,SALE,553.73,SOURCE_A
TXN-A-001774,BR-002,EMP-0026,2026-03-08,SALE,144.7,SOURCE_A
TXN-A-001775,BR-006,EMP-0024,2026-04-26,SALE,825.25,SOURCE_A
TXN-A-001776,BR-010,EMP-0029,2026-04-06,SALE,629.19,SOURCE_A
TXN-A-001777,BR-003,EMP-0015,2026-03-26,SALE,738.57,SOURCE_A
TXN-A-001778,BR-005,EMP-0005,2026-02-12,SALE,262.5,SOURCE_A
TXN-A-001779,BR-005,EMP-0025,2026-02-23,SALE,1307.56,SOURCE_A
TXN-A-001780,BR-002,EMP-0026,2026-01-12,SALE,607.24,SOURCE_A
TXN-A-001781,BR-008,EMP-0003,2026-01-23,SALE,564.56,SOURCE_A
TXN-A-001782,BR-001,EMP-0021,2026-03-02,SALE,263.99,SOURCE_A
TXN-A-001783,BR-009,EMP-0030,2026-04-16,SALE,91.03,SOURCE_A
TXN-A-001784,BR-003,EMP-0018,2026-04-12,SALE,21.73,SOURCE_A
TXN-A-001785,BR-008,EMP-0008,2026-01-14,SALE,171.91,SOURCE_A
TXN-A-001786,BR-007,EMP-0017,2026-04-22,SALE,699.76,SOURCE_A
TXN-A-001787,BR-004,EMP-0014,2026-03-07,SALE,200.1,SOURCE_A
TXN-A-001788,BR-005,EMP-0002,2026-02-18,SALE,25.09,SOURCE_A
TXN-A-001789,BR-007,EMP-0002,2026-04-12,SALE,231.28,SOURCE_A
TXN-A-001790,BR-001,EMP-0030,2026-03-05,SALE,1082.94,SOURCE_A
TXN-A-001791,BR-001,EMP-0015,2026-04-01,SALE,168.65,SOURCE_A
TXN-A-001792,BR-008,EMP-0007,2026-02-10,SALE,216.16,SOURCE_A
TXN-A-001793,BR-006,EMP-0014,2026-02-20,SALE,36.75,SOURCE_A
TXN-A-001794,BR-002,EMP-0011,2026-02-03,SALE,482.54,SOURCE_A
TXN-A-001795,BR-010,EMP-0026,2026-01-10,SALE,281.36,SOURCE_A
TXN-A-001796,BR-001,EMP-0030,2026-03-05,SALE,21.65,SOURCE_A
TXN-A-001797,BR-010,EMP-0014,2026-04-11,SALE,959.75,SOURCE_A
TXN-A-001798,BR-005,EMP-0005,2026-01-15,SALE,119.14,SOURCE_A
TXN-A-001799,BR-002,EMP-0006,2026-04-11,SALE,585.25,SOURCE_A
TXN-A-001800,BR-008,EMP-0030,2026-03-11,SALE,19.15,SOURCE_A
TXN-A-001801,BR-003,EMP-0004,2026-02-08,SALE,55.0,SOURCE_A
TXN-A-001802,BR-005,EMP-0031,2026-02-09,SALE,80.9,SOURCE_A
TXN-A-001803,BR-003,EMP-0011,2026-01-28,SALE,148.61,SOURCE_A
TXN-A-001804,BR-001,EMP-0014,2026-03-21,SALE,104.58,SOURCE_A
TXN-A-001805,BR-004,EMP-0024,2026-03-13,SALE,111.45,SOURCE_A
TXN-A-001806,BR-004,EMP-0020,2026-03-26,SALE,418.95,SOURCE_A
TXN-A-001807,BR-002,EMP-0001,2026-01-07,SALE,18.59,SOURCE_A
TXN-A-001808,BR-004,EMP-0011,2026-04-18,SALE,968.85,SOURCE_A
TXN-A-001809,BR-009,EMP-0031,2026-01-04,SALE,38.06,SOURCE_A
TXN-A-001810,BR-003,EMP-0011,2026-04-19,SALE,258.28,SOURCE_A
TXN-A-001811,BR-001,EMP-0011,2026-03-24,SALE,27.04,SOURCE_A
TXN-A-001812,BR-002,EMP-0031,2026-03-24,SALE,42.06,SOURCE_A
TXN-A-001813,BR-007,EMP-0030,2026-02-19,SALE,187.78,SOURCE_A
TXN-A-001814,BR-004,EMP-0031,2026-01-05,SALE,488.88,SOURCE_A
TXN-A-001815,BR-008,EMP-0022,2026-02-02,SALE,355.35,SOURCE_A
TXN-A-001816,BR-006,EMP-0004,2026-03-05,SALE,204.53,SOURCE_A
TXN-A-001817,BR-003,EMP-0008,2026-02-11,SALE,97.22,SOURCE_A
TXN-A-001818,BR-010,EMP-0026,2026-04-06,SALE,861.0,SOURCE_A
TXN-A-001819,BR-010,EMP-0025,2026-01-04,SALE,383.81,SOURCE_A
TXN-A-001820,BR-009,EMP-0028,2026-04-17,SALE,216.27,SOURCE_A
TXN-A-001821,BR-002,EMP-0030,2026-02-05,SALE,381.3,SOURCE_A
TXN-A-001822,BR-006,EMP-0002,2026-02-26,SALE,164.52,SOURCE_A
TXN-A-001823,BR-006,EMP-0011,2026-03-08,SALE,166.18,SOURCE_A
TXN-A-001824,BR-001,EMP-0020,2026-04-08,SALE,198.4,SOURCE_A
TXN-A-001825,BR-009,EMP-0004,2026-03-06,SALE,428.35,SOURCE_A
TXN-A-001826,BR-001,EMP-0002,2026-01-21,SALE,296.41,SOURCE_A
TXN-A-001827,BR-003,EMP-0015,2026-02-17,SALE,233.43,SOURCE_A
TXN-A-001828,BR-007,EMP-0019,2026-01-23,SALE,422.96,SOURCE_A
TXN-A-001829,BR-007,EMP-0010,2026-01-23,SALE,246.34,SOURCE_A
TXN-A-001830,BR-009,EMP-0003,2026-01-27,SALE,176.13,SOURCE_A
TXN-A-001831,BR-002,EMP-0008,2026-01-04,SALE,155.47,SOURCE_A
TXN-A-001832,BR-006,EMP-0002,2026-04-12,SALE,102.56,SOURCE_A
TXN-A-001833,BR-010,EMP-0003,2026-04-13,SALE,621.8,SOURCE_A
TXN-A-001834,BR-009,EMP-0002,2026-02-05,SALE,391.3,SOURCE_A
TXN-A-001835,BR-001,EMP-0008,2026-01-06,SALE,206.56,SOURCE_A
TXN-A-001836,BR-002,EMP-0001,2026-01-19,SALE,199.65,SOURCE_A
TXN-A-001837,BR-008,EMP-0029,2026-01-25,SALE,363.28,SOURCE_A
TXN-A-001838,BR-005,EMP-0017,2026-03-20,SALE,29.39,SOURCE_A
TXN-A-001839,BR-004,EMP-0023,2026-02-21,SALE,390.48,SOURCE_A
TXN-A-001840,BR-003,EMP-0010,2026-03-10,SALE,70.92,SOURCE_A
TXN-A-001841,BR-007,EMP-0017,2026-01-28,SALE,113.35,SOURCE_A
TXN-A-001842,BR-009,EMP-0031,2026-04-03,SALE,146.9,SOURCE_A
TXN-A-001843,BR-006,EMP-0016,2026-04-14,SALE,157.96,SOURCE_A
TXN-A-001844,BR-006,EMP-0027,2026-02-26,SALE,524.67,SOURCE_A
TXN-A-001845,BR-010,EMP-0024,2026-02-13,SALE,71.3,SOURCE_A
TXN-A-001846,BR-007,EMP-0010,2026-04-03,SALE,58.12,SOURCE_A
TXN-A-001847,BR-004,EMP-0015,2026-01-26,SALE,1124.25,SOURCE_A
TXN-A-001848,BR-007,EMP-0028,2026-03-16,SALE,321.93,SOURCE_A
TXN-A-001849,BR-009,EMP-0029,2026-04-17,SALE,268.39,SOURCE_A
TXN-A-001850,BR-002,EMP-0022,2026-04-26,SALE,878.6,SOURCE_A
TXN-A-001851,BR-002,EMP-0010,2026-04-17,SALE,952.73,SOURCE_A
TXN-A-001852,BR-001,EMP-0010,2026-04-18,SALE,742.53,SOURCE_A
TXN-A-001853,BR-007,EMP-0027,2026-03-27,SALE,268.58,SOURCE_A
TXN-A-001854,BR-002,EMP-0006,2026-01-13,SALE,277.79,SOURCE_A
TXN-A-001855,BR-009,EMP-0031,2026-04-03,SALE,316.77,SOURCE_A
TXN-A-001856,BR-002,EMP-0005,2026-02-05,SALE,573.73,SOURCE_A
TXN-A-001857,BR-002,EMP-0014,2026-04-26,SALE,620.24,SOURCE_A
TXN-A-001858,BR-001,EMP-0019,2026-02-24,SALE,451.29,SOURCE_A
TXN-A-001859,BR-001,EMP-0023,2026-01-11,SALE,278.72,SOURCE_A
TXN-A-001860,BR-007,EMP-0006,2026-03-08,SALE,198.05,SOURCE_A
TXN-A-001861,BR-006,EMP-0026,2026-03-15,SALE,417.67,SOURCE_A
TXN-A-001862,BR-004,EMP-0009,2026-04-21,SALE,223.08,SOURCE_A
TXN-A-001863,BR-009,EMP-0003,2026-04-12,SALE,91.76,SOURCE_A
TXN-A-001864,BR-005,EMP-0014,2026-03-09,SALE,175.94,SOURCE_A
TXN-A-001865,BR-001,EMP-0010,2026-01-21,SALE,176.66,SOURCE_A
TXN-A-001866,BR-007,EMP-0031,2026-02-22,SALE,95.03,SOURCE_A
TXN-A-001867,BR-001,EMP-0022,2026-01-23,SALE,145.44,SOURCE_A
TXN-A-001868,BR-005,EMP-0027,2026-01-28,SALE,562.41,SOURCE_A
TXN-A-001869,BR-009,EMP-0008,2026-01-18,SALE,254.68,SOURCE_A
TXN-A-001870,BR-004,EMP-0027,2026-04-15,SALE,208.43,SOURCE_A
TXN-A-001871,BR-009,EMP-0028,2026-01-17,SALE,67.2,SOURCE_A
TXN-A-001872,BR-005,EMP-0006,2026-04-04,SALE,311.57,SOURCE_A
TXN-A-001873,BR-007,EMP-0021,2026-03-02,SALE,299.18,SOURCE_A
TXN-A-001874,BR-006,EMP-0013,2026-03-13,SALE,178.49,SOURCE_A
TXN-A-001875,BR-001,EMP-0004,2026-01-26,SALE,27.25,SOURCE_A
TXN-A-001876,BR-006,EMP-0029,2026-01-08,SALE,373.47,SOURCE_A
TXN-A-001877,BR-005,EMP-0031,2026-01-25,SALE,430.47,SOURCE_A
TXN-A-001878,BR-007,EMP-0032,2026-03-08,SALE,15.95,SOURCE_A
TXN-A-001879,BR-001,EMP-0014,2026-01-07,SALE,147.63,SOURCE_A
TXN-A-001880,BR-002,EMP-0024,2026-03-10,SALE,560.87,SOURCE_A
TXN-A-001881,BR-005,EMP-0006,2026-02-24,SALE,368.6,SOURCE_A
TXN-A-001882,BR-009,EMP-0024,2026-03-09,SALE,124.7,SOURCE_A
TXN-A-001883,BR-007,EMP-0031,2026-02-03,SALE,818.65,SOURCE_A
TXN-A-001884,BR-005,EMP-0021,2026-01-21,SALE,173.75,SOURCE_A
TXN-A-001885,BR-003,EMP-0008,2026-01-06,SALE,265.12,SOURCE_A
TXN-A-001886,BR-007,EMP-0009,2026-03-21,SALE,291.82,SOURCE_A
TXN-A-001887,BR-009,EMP-0024,2026-02-01,SALE,121.5,SOURCE_A
TXN-A-001888,BR-001,EMP-0014,2026-04-24,SALE,478.77,SOURCE_A
TXN-A-001889,BR-006,EMP-0006,2026-02-04,SALE,464.43,SOURCE_A
TXN-A-001890,BR-007,EMP-0017,2026-03-14,SALE,375.45,SOURCE_A
TXN-A-001891,BR-010,EMP-0020,2026-01-19,SALE,397.08,SOURCE_A
TXN-A-001892,BR-004,EMP-0021,2026-03-21,SALE,843.35,SOURCE_A
TXN-A-001893,BR-003,EMP-0019,2026-01-11,SALE,283.62,SOURCE_A
TXN-A-001894,BR-010,EMP-0032,2026-01-14,SALE,345.23,SOURCE_A
TXN-A-001895,BR-006,EMP-0010,2026-03-27,SALE,678.22,SOURCE_A
TXN-A-001896,BR-004,EMP-0002,2026-04-22,SALE,223.76,SOURCE_A
TXN-A-001897,BR-005,EMP-0023,2026-04-12,SALE,481.03,SOURCE_A
TXN-A-001898,BR-002,EMP-0019,2026-01-05,SALE,31.46,SOURCE_A
TXN-A-001899,BR-009,EMP-0002,2026-01-08,SALE,239.83,SOURCE_A
TXN-A-001900,BR-007,EMP-0028,2026-04-21,SALE,100.8,SOURCE_A
TXN-A-001901,BR-008,EMP-0015,2026-01-09,SALE,10.05,SOURCE_A
TXN-A-001902,BR-008,EMP-0025,2026-03-25,SALE,490.84,SOURCE_A
TXN-A-001903,BR-008,EMP-0024,2026-02-20,SALE,352.98,SOURCE_A
TXN-A-001904,BR-001,EMP-0015,2026-03-11,SALE,851.73,SOURCE_A
TXN-A-001905,BR-005,EMP-0002,2026-01-08,SALE,332.05,SOURCE_A
TXN-A-001906,BR-001,EMP-0004,2026-02-22,SALE,356.83,SOURCE_A
TXN-A-001907,BR-010,EMP-0006,2026-04-18,SALE,154.15,SOURCE_A
TXN-A-001908,BR-009,EMP-0010,2026-03-09,SALE,213.42,SOURCE_A
TXN-A-001909,BR-005,EMP-0014,2026-02-11,SALE,716.93,SOURCE_A
TXN-A-001910,BR-002,EMP-0007,2026-01-25,SALE,126.51,SOURCE_A
TXN-A-001911,BR-005,EMP-0009,2026-01-18,SALE,958.47,SOURCE_A
TXN-A-001912,BR-005,EMP-0010,2026-03-04,SALE,150.08,SOURCE_A
TXN-A-001913,BR-001,EMP-0032,2026-01-08,SALE,1116.76,SOURCE_A
TXN-A-001914,BR-002,EMP-0023,2026-04-22,SALE,578.21,SOURCE_A
TXN-A-001915,BR-008,EMP-0007,2026-04-26,SALE,72.91,SOURCE_A
TXN-A-001916,BR-003,EMP-0003,2026-02-07,SALE,210.29,SOURCE_A
TXN-A-001917,BR-004,EMP-0018,2026-04-01,SALE,174.34,SOURCE_A
TXN-A-001918,BR-010,EMP-0021,2026-02-27,SALE,493.56,SOURCE_A
TXN-A-001919,BR-005,EMP-0013,2026-01-17,SALE,153.9,SOURCE_A
TXN-A-001920,BR-004,EMP-0002,2026-02-21,SALE,150.21,SOURCE_A
TXN-A-001921,BR-007,EMP-0017,2026-01-06,CREDIT,62.88,SOURCE_A
TXN-A-001922,BR-003,EMP-0010,2026-01-19,CREDIT,547.04,SOURCE_A
TXN-A-001923,BR-010,EMP-0025,2026-02-09,CREDIT,117.46,SOURCE_A
TXN-A-001924,BR-010,EMP-0018,2026-01-28,CREDIT,163.8,SOURCE_A
TXN-A-001925,BR-005,EMP-0025,2026-02-26,CREDIT,66.72,SOURCE_A
TXN-A-001926,BR-006,EMP-0005,2026-04-25,CREDIT,248.84,SOURCE_A
TXN-A-001927,BR-001,EMP-0027,2026-03-25,CREDIT,276.16,SOURCE_A
TXN-A-001928,BR-009,EMP-0020,2026-02-20,CREDIT,394.79,SOURCE_A
TXN-A-001929,BR-009,EMP-0031,2026-02-07,CREDIT,45.07,SOURCE_A
TXN-A-001930,BR-002,EMP-0004,2026-03-13,CREDIT,366.9,SOURCE_A
TXN-A-001931,BR-003,EMP-0018,2026-02-17,CREDIT,121.42,SOURCE_A
TXN-A-001932,BR-002,EMP-0004,2026-03-04,CREDIT,107.36,SOURCE_A
TXN-A-001933,BR-010,EMP-0026,2026-04-15,CREDIT,226.07,SOURCE_A
TXN-A-001934,BR-004,EMP-0026,2026-02-07,CREDIT,92.57,SOURCE_A
TXN-A-001935,BR-004,EMP-0026,2026-01-09,CREDIT,380.38,SOURCE_A
TXN-A-001936,BR-003,EMP-0002,2026-04-28,CREDIT,122.51,SOURCE_A
TXN-A-001937,BR-009,EMP-0007,2026-02-13,CREDIT,210.47,SOURCE_A
TXN-A-001938,BR-005,EMP-0008,2026-01-23,CREDIT,6.45,SOURCE_A
TXN-A-001939,BR-008,EMP-0001,2026-01-21,CREDIT,49.08,SOURCE_A
TXN-A-001940,BR-008,EMP-0007,2026-03-12,CREDIT,332.79,SOURCE_A
TXN-A-001941,BR-010,EMP-0017,2026-01-28,CREDIT,23.62,SOURCE_A
TXN-A-001942,BR-009,EMP-0029,2026-04-02,CREDIT,54.8,SOURCE_A
TXN-A-001943,BR-002,EMP-0022,2026-03-16,CREDIT,103.89,SOURCE_A
TXN-A-001944,BR-001,EMP-0019,2026-04-26,CREDIT,165.62,SOURCE_A
TXN-A-001945,BR-005,EMP-0021,2026-01-10,CREDIT,28.47,SOURCE_A
TXN-A-001946,BR-006,EMP-0023,2026-01-08,CREDIT,296.85,SOURCE_A
TXN-A-001947,BR-010,EMP-0011,2026-01-21,CREDIT,276.05,SOURCE_A
TXN-A-001948,BR-010,EMP-0031,2026-03-24,CREDIT,141.81,SOURCE_A
TXN-A-001949,BR-004,EMP-0031,2026-03-06,CREDIT,106.37,SOURCE_A
TXN-A-001950,BR-001,EMP-0008,2026-04-15,CREDIT,58.85,SOURCE_A
TXN-A-001951,BR-007,EMP-0014,2026-04-08,CREDIT,217.91,SOURCE_A
TXN-A-001952,BR-006,EMP-0023,2026-04-27,CREDIT,223.58,SOURCE_A
TXN-A-001953,BR-010,EMP-0007,2026-01-18,CREDIT,244.43,SOURCE_A
TXN-A-001954,BR-004,EMP-0006,2026-04-09,CREDIT,314.03,SOURCE_A
TXN-A-001955,BR-004,EMP-0018,2026-03-13,CREDIT,124.48,SOURCE_A
TXN-A-001956,BR-007,EMP-0023,2026-01-10,CREDIT,246.11,SOURCE_A
TXN-A-001957,BR-006,EMP-0020,2026-03-05,CREDIT,154.19,SOURCE_A
TXN-A-001958,BR-008,EMP-0004,2026-02-17,CREDIT,179.91,SOURCE_A
TXN-A-001959,BR-010,EMP-0002,2026-01-16,CREDIT,60.5,SOURCE_A
TXN-A-001960,BR-008,EMP-0019,2026-03-19,CREDIT,105.77,SOURCE_A
TXN-A-001961,BR-004,EMP-0018,2026-03-10,CREDIT,73.38,SOURCE_A
TXN-A-001962,BR-009,EMP-0017,2026-03-04,CREDIT,124.11,SOURCE_A
TXN-A-001963,BR-006,EMP-0011,2026-04-20,CREDIT,273.63,SOURCE_A
TXN-A-001964,BR-009,EMP-0018,2026-02-19,CREDIT,375.95,SOURCE_A
TXN-A-001965,BR-006,EMP-0023,2026-02-02,CREDIT,135.27,SOURCE_A
TXN-A-001966,BR-003,EMP-0011,2026-02-21,REVERSAL,39.84,SOURCE_A
TXN-A-001967,BR-001,EMP-0032,2026-01-17,REVERSAL,56.79,SOURCE_A
TXN-A-001968,BR-004,EMP-0003,2026-02-02,REVERSAL,255.23,SOURCE_A
TXN-A-001969,BR-008,EMP-0004,2026-03-04,REVERSAL,345.7,SOURCE_A
TXN-A-001970,BR-003,EMP-0017,2026-03-26,REVERSAL,178.05,SOURCE_A
TXN-A-001971,BR-006,EMP-0001,2026-02-09,REVERSAL,205.68,SOURCE_A
TXN-A-001972,BR-009,EMP-0030,2026-03-16,REVERSAL,102.49,SOURCE_A
TXN-A-001973,BR-007,EMP-0018,2026-04-23,REVERSAL,81.33,SOURCE_A
TXN-A-001974,BR-002,EMP-0004,2026-01-11,REVERSAL,63.4,SOURCE_A
TXN-A-001975,BR-007,EMP-0028,2026-01-02,REVERSAL,26.87,SOURCE_A
TXN-A-001976,BR-006,EMP-0016,2026-02-08,REVERSAL,91.98,SOURCE_A
TXN-A-001977,BR-004,EMP-0014,2026-04-26,REVERSAL,251.52,SOURCE_A
TXN-A-001978,BR-007,EMP-0018,2026-03-12,REVERSAL,82.74,SOURCE_A
TXN-A-001979,BR-007,EMP-0017,2026-02-09,REVERSAL,18.97,SOURCE_A
TXN-A-001980,BR-006,EMP-0011,2026-02-22,REVERSAL,406.96,SOURCE_A
TXN-A-001981,BR-006,EMP-0006,2026-03-28,REVERSAL,57.18,SOURCE_A
TXN-A-001982,BR-007,EMP-0015,2026-02-16,REVERSAL,211.82,SOURCE_A
TXN-A-001983,BR-005,EMP-0032,2026-01-26,REVERSAL,40.01,SOURCE_A
TXN-A-001984,BR-002,EMP-0001,2026-04-12,REVERSAL,46.32,SOURCE_A
TXN-A-001985,BR-007,EMP-0024,2026-03-03,REVERSAL,51.33,SOURCE_A
TXN-A-001986,BR-010,EMP-0018,2026-03-19,REVERSAL,357.28,SOURCE_A
TXN-A-001987,BR-003,EMP-0007,2026-04-23,REVERSAL,50.5,SOURCE_A
TXN-A-001988,BR-010,EMP-0021,2026-01-05,REVERSAL,312.57,SOURCE_A
TXN-A-001989,BR-008,EMP-0016,2026-02-26,REVERSAL,178.12,SOURCE_A
TXN-A-001990,BR-001,EMP-0007,2026-02-14,REVERSAL,287.52,SOURCE_A
TXN-A-001991,BR-008,EMP-0002,2026-02-19,REVERSAL,74.93,SOURCE_A
TXN-A-001992,BR-005,EMP-0002,2026-03-14,REVERSAL,35.16,SOURCE_A
TXN-A-001993,BR-003,EMP-0009,2026-04-11,REVERSAL,218.55,SOURCE_A
TXN-A-001994,BR-005,EMP-0003,2026-04-15,REVERSAL,254.97,SOURCE_A
TXN-A-001995,BR-009,EMP-0017,2026-01-13,REVERSAL,206.8,SOURCE_A
TXN-A-001996,BR-001,EMP-0023,2026-03-10,REVERSAL,18.45,SOURCE_A
TXN-A-001997,BR-003,EMP-0003,2026-01-23,REVERSAL,127.88,SOURCE_A
TXN-A-001998,BR-010,EMP-0013,2026-04-01,REVERSAL,474.76,SOURCE_A
TXN-A-001999,BR-006,EMP-0019,2026-02-13,REVERSAL,85.71,SOURCE_A
TXN-A-002000,BR-005,EMP-0004,2026-02-03,REVERSAL,249.74,SOURCE_A
TXN-A-002001,BR-001,EMP-0004,2026-04-11,SALE,141.25,SOURCE_A
TXN-A-002001,BR-001,EMP-0004,2026-04-11,SALE,282.5,SOURCE_A
TXN-A-002002,BR-009,EMP-0031,2026-01-01,SALE,501.52,SOURCE_A
TXN-A-002002,BR-009,EMP-0031,2026-01-01,SALE,1003.04,SOURCE_A
TXN-A-002003,BR-005,EMP-0032,2026-02-15,SALE,5.16,SOURCE_A
TXN-A-002003,BR-005,EMP-0032,2026-02-15,SALE,10.32,SOURCE_A
TXN-A-002004,BR-002,EMP-0017,2026-03-04,SALE,105.79,SOURCE_A
TXN-A-002004,BR-002,EMP-0017,2026-03-04,SALE,211.58,SOURCE_A
TXN-A-002005,BR-005,EMP-0027,2026-04-25,SALE,171.15,SOURCE_A
TXN-A-002005,BR-005,EMP-0027,2026-04-25,SALE,342.3,SOURCE_A
TXN-A-002006,BR-010,EMP-0007,2026-03-08,SALE,197.22,SOURCE_A
TXN-A-002006,BR-010,EMP-0007,2026-03-08,SALE,394.44,SOURCE_A
TXN-A-002007,BR-004,EMP-0019,2026-01-27,SALE,90.78,SOURCE_A
TXN-A-002007,BR-004,EMP-0019,2026-01-27,SALE,181.56,SOURCE_A
TXN-A-002008,BR-002,EMP-0016,2026-02-18,SALE,69.58,SOURCE_A
TXN-A-002008,BR-002,EMP-0016,2026-02-18,SALE,139.16,SOURCE_A
TXN-A-002009,BR-008,EMP-0022,2026-02-01,SALE,656.14,SOURCE_A
TXN-A-002009,BR-008,EMP-0022,2026-02-01,SALE,1312.28,SOURCE_A
TXN-A-002010,BR-001,EMP-0009,2026-02-24,SALE,427.84,SOURCE_A
TXN-A-002010,BR-001,EMP-0009,2026-02-24,SALE,855.68,SOURCE_A
TXN-A-002011,BR-004,EMP-0018,2026-03-01,SALE,480.58,SOURCE_A
TXN-A-002011,BR-004,EMP-0018,2026-03-01,SALE,961.16,SOURCE_A
TXN-A-002012,BR-001,EMP-0008,2026-02-25,SALE,19.26,SOURCE_A
TXN-A-002012,BR-001,EMP-0008,2026-02-25,SALE,38.52,SOURCE_A
TXN-A-002013,BR-008,EMP-0018,2026-03-06,SALE,27.47,SOURCE_A
TXN-A-002013,BR-008,EMP-0018,2026-03-06,SALE,54.94,SOURCE_A
TXN-A-002014,BR-007,EMP-0029,2026-04-26,SALE,677.3,SOURCE_A
TXN-A-002014,BR-007,EMP-0029,2026-04-26,SALE,1354.6,SOURCE_A
TXN-A-002015,BR-010,EMP-0022,2026-01-13,SALE,221.53,SOURCE_A
TXN-A-002015,BR-010,EMP-0022,2026-01-13,SALE,443.06,SOURCE_A
TXN-A-002016,BR-009,EMP-0010,2026-01-15,SALE,139.08,SOURCE_A
TXN-A-002016,BR-009,EMP-0010,2026-01-15,SALE,278.16,SOURCE_A
TXN-A-002017,BR-006,EMP-0001,2026-03-15,SALE,78.0,SOURCE_A
TXN-A-002017,BR-006,EMP-0001,2026-03-15,SALE,156.0,SOURCE_A
TXN-A-002018,BR-001,EMP-0027,2026-04-16,SALE,504.74,SOURCE_A
TXN-A-002018,BR-001,EMP-0027,2026-04-16,SALE,1009.48,SOURCE_A
TXN-A-002019,BR-008,EMP-0002,2026-03-17,SALE,465.39,SOURCE_A
TXN-A-002019,BR-008,EMP-0002,2026-03-17,SALE,930.78,SOURCE_A
TXN-A-002020,BR-005,EMP-0007,2026-03-22,SALE,258.54,SOURCE_A
TXN-A-002020,BR-005,EMP-0007,2026-03-22,SALE,517.08,SOURCE_A
TXN-A-002021,BR-007,EMP-0018,2026-04-21,SALE,294.56,SOURCE_A
TXN-A-002022,BR-008,EMP-0002,2026-02-06,SALE,215.46,SOURCE_A
TXN-A-002023,BR-006,EMP-0012,2026-01-16,SALE,109.26,SOURCE_A
TXN-A-002024,BR-009,EMP-0014,2026-04-21,SALE,228.34,SOURCE_A
TXN-A-002025,BR-004,EMP-0018,2026-02-28,SALE,1759.24,SOURCE_A
TXN-A-002026,BR-004,EMP-0010,2026-04-26,SALE,1451.96,SOURCE_A
TXN-A-002027,BR-006,EMP-0012,2026-03-19,SALE,320.3,SOURCE_A
TXN-A-002028,BR-004,EMP-0025,2026-03-10,SALE,410.6,SOURCE_A
TXN-A-002029,BR-003,EMP-0031,2026-03-16,SALE,333.7,SOURCE_A
TXN-A-002030,BR-008,EMP-0009,2026-01-22,SALE,257.12,SOURCE_A
TXN-A-002031,BR-009,EMP-0002,2026-03-09,SALE,393.9,SOURCE_A
TXN-A-002032,BR-004,EMP-0015,2026-02-13,SALE,33.02,SOURCE_A
TXN-A-002033,BR-010,EMP-0031,2026-02-27,SALE,343.52,SOURCE_A
TXN-A-002034,BR-002,EMP-0009,2026-04-07,SALE,492.42,SOURCE_A
TXN-A-002035,BR-007,EMP-0006,2026-01-10,SALE,273.36,SOURCE_A
TXN-A-002036,BR-001,EMP-0030,2026-02-13,SALE,248.12,SOURCE_A
TXN-A-002037,BR-002,EMP-0009,2026-02-25,SALE,256.38,SOURCE_A
TXN-A-002038,BR-008,EMP-0005,2026-02-17,SALE,461.14,SOURCE_A
TXN-A-002039,BR-003,EMP-0030,2026-04-01,SALE,844.42,SOURCE_A
TXN-A-002040,BR-006,EMP-0011,2026-01-22,SALE,1039.98,SOURCE_A
TXN-A-002041,BR-006,EMP-0011,2026-04-18,SALE,979.7,SOURCE_A
TXN-A-002042,BR-010,EMP-0016,2026-01-03,SALE,904.76,SOURCE_A
TXN-A-002043,BR-002,EMP-0027,2026-01-17,SALE,1585.86,SOURCE_A
TXN-A-002044,BR-001,EMP-0007,2026-04-19,SALE,85.48,SOURCE_A
TXN-A-002045,BR-007,EMP-0018,2026-04-07,SALE,246.04,SOURCE_A
TXN-A-002046,BR-007,EMP-0010,2026-02-13,SALE,707.18,SOURCE_A
TXN-A-002047,BR-002,EMP-0018,2026-03-04,SALE,349.12,SOURCE_A
TXN-A-002048,BR-004,EMP-0010,2026-03-22,SALE,682.6,SOURCE_A
TXN-A-002049,BR-002,EMP-0029,2026-01-24,SALE,294.21,SOURCE_A
TXN-A-002050,BR-006,EMP-0019,2026-01-11,SALE,331.68,SOURCE_A
TXN-A-002051,BR-009,EMP-0025,2026-01-19,SALE,430.89,SOURCE_A
TXN-A-002052,BR-006,EMP-0017,2026-03-07,SALE,97.2,SOURCE_A
TXN-A-002053,BR-005,EMP-0004,2026-04-18,SALE,489.46,SOURCE_A
TXN-A-002054,BR-001,EMP-0015,2026-04-03,SALE,241.03,SOURCE_A
TXN-A-002055,BR-007,EMP-0008,2026-03-06,SALE,752.26,SOURCE_A
TXN-A-002056,BR-006,EMP-0021,2026-01-18,SALE,181.07,SOURCE_A
TXN-A-002057,BR-003,EMP-0027,2026-03-17,SALE,142.33,SOURCE_A
TXN-A-002058,BR-001,EMP-0007,2026-02-12,SALE,999.64,SOURCE_A
TXN-A-002059,BR-010,EMP-0025,2026-01-16,SALE,492.38,SOURCE_A
TXN-A-002060,BR-005,EMP-0018,2026-01-03,SALE,223.48,SOURCE_A
TXN-A-002061,BR-009,EMP-0028,2026-02-11,SALE,325.85,SOURCE_A
TXN-A-002062,BR-002,EMP-0018,2026-02-24,SALE,485.92,SOURCE_A
TXN-A-002063,BR-007,EMP-0023,2026-02-11,SALE,327.41,SOURCE_A
TXN-A-002064,BR-005,EMP-0016,2026-03-06,SALE,146.28,SOURCE_A
TXN-A-002065,BR-002,EMP-0023,2026-04-24,SALE,903.85,SOURCE_A
TXN-A-002066,BR-010,EMP-0031,2026-04-18,SALE,65.64,SOURCE_A
TXN-A-002067,BR-010,EMP-0008,2026-01-11,SALE,15.83,SOURCE_A
TXN-A-002068,BR-004,EMP-0014,2026-02-15,SALE,232.12,SOURCE_A
TXN-A-002069,BR-003,EMP-0017,2026-01-26,SALE,572.01,SOURCE_A
TXN-A-002070,BR-003,EMP-0026,2026-02-10,SALE,33.9,SOURCE_A
TXN-A-002071,BR-008,EMP-0004,2026-02-02,SALE,213.54,SOURCE_A
TXN-A-002072,BR-009,EMP-0028,2026-01-09,SALE,301.71,SOURCE_A
TXN-A-002073,BR-007,EMP-0019,2026-01-05,SALE,539.35,SOURCE_A
TXN-A-002074,BR-001,EMP-0002,2026-04-10,SALE,64.89,SOURCE_A
TXN-A-002075,BR-008,EMP-0028,2026-04-28,SALE,130.52,SOURCE_A
TXN-A-002076,BR-003,EMP-0026,2026-03-20,SALE,200.37,SOURCE_A
TXN-A-002077,BR-001,EMP-0030,2026-03-22,SALE,384.13,SOURCE_A
TXN-A-002078,BR-007,EMP-0017,2026-04-06,SALE,93.83,SOURCE_A
TXN-A-002079,BR-007,EMP-0014,2026-04-06,SALE,36.96,SOURCE_A
TXN-A-002080,BR-006,EMP-0016,2026-04-26,SALE,87.98,SOURCE_A
TXN-A-002081,BR-008,EMP-0007,2026-04-18,SALE,126.48,SOURCE_A
TXN-A-002082,BR-004,EMP-0003,2026-01-09,SALE,8.63,SOURCE_A
TXN-A-002083,BR-003,EMP-0016,2026-01-06,SALE,87.56,SOURCE_A
TXN-A-002084,BR-005,EMP-0032,2026-01-07,SALE,53.21,SOURCE_A
TXN-A-002085,BR-008,EMP-0014,2026-04-09,SALE,7.2,SOURCE_A
TXN-A-002086,BR-010,EMP-0001,2026-03-22,SALE,417.96,SOURCE_A
TXN-A-002087,BR-009,EMP-0026,2026-04-12,SALE,534.12,SOURCE_A
TXN-A-002088,BR-001,EMP-0030,2026-01-04,SALE,222.46,SOURCE_A
TXN-A-002089,BR-008,EMP-0011,2026-03-16,SALE,1062.59,SOURCE_A
TXN-A-002090,BR-004,EMP-0008,2026-02-09,SALE,244.69,SOURCE_A
TXN-A-002091,BR-002,EMP-0008,2026-01-15,SALE,15.49,SOURCE_A
TXN-A-002092,BR-002,EMP-0006,2026-02-14,SALE,119.19,SOURCE_A
TXN-A-002093,BR-004,EMP-0020,2026-02-09,SALE,80.75,SOURCE_A
TXN-A-002094,BR-003,EMP-0005,2026-01-19,SALE,201.85,SOURCE_A
TXN-A-002095,BR-007,EMP-0002,2026-01-25,SALE,321.49,SOURCE_A
TXN-A-002096,BR-002,EMP-0006,2026-03-01,SALE,658.79,SOURCE_A
TXN-A-002097,BR-004,EMP-0011,2026-02-21,SALE,226.17,SOURCE_A
TXN-A-002098,BR-010,EMP-0018,2026-02-24,SALE,101.13,SOURCE_A
TXN-A-002099,BR-004,EMP-0009,2026-04-09,SALE,124.98,SOURCE_A
TXN-A-002100,BR-001,EMP-0004,2026-02-16,SALE,301.06,SOURCE_A
TXN-A-002101,BR-005,EMP-0008,2026-02-13,SALE,N/A,SOURCE_A
TXN-A-002102,BR-010,EMP-0026,2026-04-21,SALE,ERR,SOURCE_A
TXN-A-002103,BR-006,EMP-0026,2026-01-01,SALE,N/A,SOURCE_A
TXN-A-002104,BR-006,EMP-0029,2026-01-23,SALE,N/A,SOURCE_A
TXN-A-002105,BR-006,EMP-0029,2026-04-28,SALE,ERR,SOURCE_A
TXN-A-002106,BR-005,EMP-0012,2026-04-04,SALE,N/A,SOURCE_A
TXN-A-002107,BR-004,EMP-0028,2026-01-10,SALE,ERR,SOURCE_A
TXN-A-002108,BR-005,EMP-0029,2026-02-11,SALE,ERR,SOURCE_A
TXN-A-002109,BR-010,EMP-0009,2026-04-18,SALE,ERR,SOURCE_A
TXN-A-002110,BR-009,EMP-0017,2026-02-03,SALE,N/A,SOURCE_A
TXN-A-002111,BR-006,EMP-0025,2026-02-27,SALE,ERR,SOURCE_A
TXN-A-002112,BR-002,EMP-0001,2026-03-18,SALE,N/A,SOURCE_A
TXN-A-002113,BR-010,EMP-0015,2026-04-18,SALE,ERR,SOURCE_A
TXN-A-002114,BR-002,EMP-0002,2026-02-15,SALE,N/A,SOURCE_A
TXN-A-002115,BR-005,EMP-0014,2026-03-21,SALE,N/A,SOURCE_A
TXN-A-002116,BR-002,EMP-0017,2026-02-27,SALE,N/A,SOURCE_A
TXN-A-002117,BR-006,EMP-0017,2026-03-06,SALE,N/A,SOURCE_A
TXN-A-002118,BR-007,EMP-0021,2026-02-25,SALE,N/A,SOURCE_A
TXN-A-002119,BR-009,EMP-0026,2026-01-26,SALE,ERR,SOURCE_A
TXN-A-002120,BR-004,EMP-0008,2026-02-24,SALE,ERR,SOURCE_A
TXN-A-002121,BR-009,EMP-0023,2026-03-06,SALE,N/A,SOURCE_A
TXN-A-002122,BR-003,EMP-0027,2026-04-09,SALE,N/A,SOURCE_A
TXN-A-002123,BR-003,EMP-0027,2026-04-15,SALE,ERR,SOURCE_A
TXN-A-002124,BR-009,EMP-0025,2026-04-10,SALE,N/A,SOURCE_A
TXN-A-002125,BR-003,EMP-0019,2026-04-08,SALE,ERR,SOURCE_A
TXN-A-002126,BR-008,EMP-0021,2026-04-06,SALE,0.78,SOURCE_A
TXN-A-002127,BR-005,EMP-0019,2026-02-26,SALE,3798.86,SOURCE_A
TXN-A-002128,BR-009,EMP-0031,2026-04-07,SALE,26278.56,SOURCE_A
TXN-A-002129,BR-006,EMP-0002,2026-01-21,SALE,1.02,SOURCE_A
TXN-A-002130,BR-001,EMP-0002,2026-03-09,SALE,3961.3,SOURCE_A
TXN-A-002131,BR-001,EMP-0010,2026-02-10,SALE,30871.32,SOURCE_A
TXN-A-002132,BR-010,EMP-0020,2026-04-06,SALE,2147.68,SOURCE_A
TXN-A-002133,BR-008,EMP-0029,2026-04-28,SALE,19362.24,SOURCE_A
TXN-A-002134,BR-001,EMP-0004,2026-01-08,SALE,43016.04,SOURCE_A
TXN-A-002135,BR-009,EMP-0002,2026-02-01,SALE,22271.33,SOURCE_A
TXN-A-002136,BR-005,EMP-0005,2026-02-10,SALE,2668.32,SOURCE_A
TXN-A-002137,BR-008,EMP-0019,2026-03-06,SALE,13253.93,SOURCE_A
TXN-A-002138,BR-002,EMP-0026,2026-03-20,SALE,21004.49,SOURCE_A
TXN-A-002139,BR-005,EMP-0013,2026-02-17,SALE,54102.88,SOURCE_A
TXN-A-002140,BR-006,EMP-0001,2026-01-25,SALE,15951.87,SOURCE_A
TXN-A-002141,BR-004,EMP-0005,2026-01-21,SALE,15255.86,SOURCE_A
TXN-A-002142,BR-002,EMP-0015,2026-01-10,SALE,22197.33,SOURCE_A
TXN-A-002143,BR-007,EMP-0002,2026-03-07,SALE,26560.64,SOURCE_A
TXN-A-002144,BR-001,EMP-0006,2026-02-25,SALE,25109.5,SOURCE_A
TXN-A-002145,BR-004,EMP-0030,2026-03-17,SALE,620.66,SOURCE_A
TXN-A-002146,BR-010,EMP-0025,2026-04-07,SALE,113.36,SOURCE_A
TXN-A-002147,BR-005,EMP-0030,2026-02-07,SALE,339.54,SOURCE_A
TXN-A-002148,BR-008,EMP-0003,2026-02-08,SALE,144.13,SOURCE_A
TXN-A-002149,BR-009,EMP-0014,2026-03-19,SALE,570.72,SOURCE_A
TXN-A-002150,BR-010,EMP-0017,2026-02-01,SALE,492.21,SOURCE_A
TXN-A-002151,BR-009,EMP-0016,2026-02-17,SALE,572.06,SOURCE_A
TXN-A-002152,BR-009,EMP-0004,2026-02-03,SALE,752.42,SOURCE_A
TXN-A-002153,BR-002,EMP-0001,2026-04-25,SALE,135.1,SOURCE_A
TXN-A-002154,BR-007,EMP-0018,2026-02-07,SALE,100.13,SOURCE_A
TXN-A-002155,BR-002,EMP-0018,2026-04-08,SALE,707.81,SOURCE_A
TXN-A-002156,BR-002,EMP-0018,2026-02-01,SALE,201.16,SOURCE_A
TXN-A-002157,BR-002,EMP-0014,2026-02-15,SALE,63.23,SOURCE_A
TXN-A-002158,BR-001,EMP-0003,2026-04-28,SALE,525.11,SOURCE_A
TXN-A-002159,BR-005,EMP-0002,2026-02-06,SALE,723.78,SOURCE_A
TXN-A-002160,BR-005,EMP-0025,2026-01-25,SALE,316.34,SOURCE_A
TXN-A-002161,BR-002,EMP-0030,2026-03-28,SALE,318.02,SOURCE_A
TXN-A-002162,BR-009,EMP-0004,2026-01-14,SALE,25.03,SOURCE_A
TXN-A-002163,BR-004,EMP-0001,2026-04-18,SALE,162.03,SOURCE_A
TXN-A-002164,BR-007,EMP-0020,2026-02-28,SALE,295.1,SOURCE_A
TXN-A-002165,BR-009,EMP-0007,2026-02-02,SALE,188.86,SOURCE_A
TXN-A-002166,BR-008,EMP-0018,2026-02-03,SALE,129.43,SOURCE_A
TXN-A-002167,BR-007,EMP-0027,2026-04-26,SALE,131.2,SOURCE_A
TXN-A-002168,BR-009,EMP-0010,2026-04-14,SALE,117.9,SOURCE_A
TXN-A-002169,BR-003,EMP-0004,2026-02-18,SALE,40.93,SOURCE_A
TXN-A-002170,BR-008,EMP-0009,2026-01-03,SALE,14.45,SOURCE_A
TXN-A-002171,BR-006,EMP-0025,2026-03-25,SALE,50.32,SOURCE_A
TXN-A-002172,BR-003,EMP-0027,2026-03-18,SALE,21.82,SOURCE_A
TXN-A-002173,BR-005,EMP-0022,2026-03-19,SALE,174.58,SOURCE_A
TXN-A-002174,BR-003,EMP-0028,2026-04-11,SALE,53.2,SOURCE_A
TXN-A-002175,BR-001,EMP-0001,2026-02-10,SALE,161.87,SOURCE_A
TXN-A-002176,BR-003,EMP-0025,2026-01-05,SALE,1104.34,SOURCE_A
TXN-A-002177,BR-002,EMP-0028,2026-04-27,SALE,563.78,SOURCE_A
TXN-A-002178,BR-010,EMP-0002,2026-01-21,SALE,1086.96,SOURCE_A
TXN-A-002179,BR-007,EMP-0025,2026-04-02,SALE,177.2,SOURCE_A
TXN-A-002180,BR-005,EMP-0008,2026-01-03,SALE,335.99,SOURCE_A
TXN-A-002181,BR-005,EMP-0002,2026-01-26,SALE,814.53,SOURCE_A
TXN-A-002182,BR-004,EMP-0022,2026-03-09,SALE,478.5,SOURCE_A
TXN-A-002183,BR-003,EMP-0020,2026-02-25,SALE,1270.87,SOURCE_A
TXN-A-002184,BR-004,EMP-0032,2026-01-18,SALE,122.12,SOURCE_A
TXN-A-002185,BR-004,EMP-0010,2026-01-03,SALE,1224.91,SOURCE_A
TXN-A-002186,BR-008,EMP-0007,2026-03-28,SALE,1474.58,SOURCE_A
TXN-A-002187,BR-003,EMP-0032,2026-04-28,SALE,69.12,SOURCE_A
TXN-A-002188,BR-001,EMP-0016,2026-03-02,SALE,247.82,SOURCE_A
TXN-A-002189,BR-009,EMP-0014,2026-02-12,SALE,926.25,SOURCE_A
TXN-A-002190,BR-004,EMP-0001,2026-04-05,SALE,398.47,SOURCE_A
TXN-A-002191,BR-008,EMP-0001,2026-02-24,SALE,352.67,SOURCE_A
TXN-A-002192,BR-008,EMP-0021,2026-03-01,SALE,563.2,SOURCE_A
TXN-A-002193,BR-002,EMP-0005,2026-02-16,SALE,246.57,SOURCE_A
TXN-A-002194,BR-006,EMP-0016,2026-02-16,SALE,260.91,SOURCE_A
TXN-A-002195,BR-005,EMP-0002,2026-04-18,SALE,36.56,SOURCE_A
TXN-A-002196,BR-001,EMP-0001,2026-04-01,SALE,696.83,SOURCE_A
TXN-A-002197,BR-002,EMP-0026,2026-04-16,SALE,501.2,SOURCE_A
TXN-A-002198,BR-009,EMP-0011,2026-03-01,SALE,400.65,SOURCE_A
TXN-A-002199,BR-004,EMP-0011,2026-03-26,SALE,640.26,SOURCE_A
TXN-A-002200,BR-003,EMP-0010,2026-03-06,SALE,407.62,SOURCE_A
TXN-A-002201,BR-003,EMP-0006,2026-04-10,SALE,162.64,SOURCE_A
TXN-A-002202,BR-003,EMP-0004,2026-02-23,SALE,36.8,SOURCE_A
TXN-A-002203,BR-006,EMP-0016,2026-02-13,SALE,336.42,SOURCE_A
TXN-A-002204,BR-008,EMP-0030,2026-03-28,SALE,1056.98,SOURCE_A
TXN-A-002205,BR-003,EMP-0002,2026-01-06,SALE,390.52,SOURCE_A
TXN-A-002206,BR-007,EMP-0009,2026-03-25,SALE,521.85,SOURCE_A
TXN-A-002207,BR-008,EMP-0005,2026-02-21,SALE,192.76,SOURCE_A
TXN-A-002208,BR-004,EMP-0001,2026-03-03,SALE,279.92,SOURCE_A
TXN-A-002209,BR-006,EMP-0007,2026-02-17,SALE,206.9,SOURCE_A
TXN-A-002210,BR-008,EMP-0020,2026-01-04,SALE,213.44,SOURCE_A
TXN-A-002211,BR-004,EMP-0028,2026-03-17,SALE,233.44,SOURCE_A
TXN-A-002212,BR-002,EMP-0027,2026-01-12,SALE,461.74,SOURCE_A
TXN-A-002213,BR-006,EMP-0001,2026-04-15,SALE,441.87,SOURCE_A
TXN-A-002214,BR-010,EMP-0025,2026-01-21,SALE,927.24,SOURCE_A
TXN-A-002215,BR-007,EMP-0017,2026-01-11,SALE,637.05,SOURCE_A
TXN-A-002216,BR-006,EMP-0008,2026-02-04,SALE,310.86,SOURCE_A
TXN-A-002217,BR-005,EMP-0026,2026-03-27,SALE,474.5,SOURCE_A
TXN-A-002218,BR-009,EMP-0031,2026-03-13,SALE,18.85,SOURCE_A
TXN-A-002219,BR-008,EMP-0029,2026-01-19,SALE,951.29,SOURCE_A
TXN-A-002220,BR-003,EMP-0008,2026-04-17,SALE,36.35,SOURCE_A
TXN-A-002221,BR-010,EMP-0012,2026-01-18,SALE,155.27,SOURCE_A
TXN-A-002222,BR-003,EMP-0014,2026-01-04,SALE,19.72,SOURCE_A
TXN-A-002223,BR-001,EMP-0032,2026-04-14,SALE,89.05,SOURCE_A
TXN-A-002224,BR-007,EMP-0003,2026-04-07,SALE,58.11,SOURCE_A
TXN-A-002225,BR-003,EMP-0016,2026-01-26,SALE,513.83,SOURCE_A
TXN-A-002226,BR-006,EMP-0016,2026-04-24,SALE,65.27,SOURCE_A
TXN-A-002227,BR-007,EMP-0009,2026-02-19,SALE,422.74,SOURCE_A
TXN-A-002228,BR-002,EMP-0025,2026-04-13,SALE,701.54,SOURCE_A
TXN-A-002229,BR-007,EMP-0014,2026-01-17,SALE,514.57,SOURCE_A
TXN-A-002230,BR-003,EMP-0024,2026-04-28,SALE,205.86,SOURCE_A
TXN-A-002231,BR-009,EMP-0031,2026-02-11,SALE,758.45,SOURCE_A
TXN-A-002232,BR-003,EMP-0012,2026-04-05,SALE,812.31,SOURCE_A
TXN-A-002233,BR-010,EMP-0029,2026-01-15,SALE,385.62,SOURCE_A
TXN-A-002234,BR-005,EMP-0006,2026-03-18,SALE,274.39,SOURCE_A
TXN-A-002235,BR-007,EMP-0013,2026-03-23,SALE,588.34,SOURCE_A
TXN-A-002236,BR-010,EMP-0017,2026-02-07,SALE,145.95,SOURCE_A
TXN-A-002237,BR-010,EMP-0023,2026-02-27,SALE,342.0,SOURCE_A
TXN-A-002238,BR-009,EMP-0007,2026-03-12,SALE,92.36,SOURCE_A
TXN-A-002239,BR-004,EMP-0004,2026-01-20,SALE,774.74,SOURCE_A
TXN-A-002240,BR-004,EMP-0028,2026-03-12,SALE,46.56,SOURCE_A
TXN-A-002241,BR-002,EMP-0019,2026-04-22,SALE,614.46,SOURCE_A
TXN-A-002242,BR-001,EMP-0009,2026-01-26,SALE,153.37,SOURCE_A
TXN-A-002243,BR-008,EMP-0018,2026-03-24,SALE,400.37,SOURCE_A
TXN-A-002244,BR-005,EMP-0030,2026-04-04,SALE,143.34,SOURCE_A
TXN-A-002245,BR-001,EMP-0029,2026-01-10,SALE,777.37,SOURCE_A
TXN-A-002246,BR-006,EMP-0029,2026-04-27,SALE,108.4,SOURCE_A
TXN-A-002247,BR-002,EMP-0002,2026-03-14,SALE,189.34,SOURCE_A
TXN-A-002248,BR-009,EMP-0027,2026-04-19,SALE,566.94,SOURCE_A
TXN-A-002249,BR-001,EMP-0024,2026-04-04,SALE,130.09,SOURCE_A
TXN-A-002250,BR-004,EMP-0028,2026-02-03,SALE,481.9,SOURCE_A
TXN-A-002251,BR-003,EMP-0019,2026-04-12,SALE,26.6,SOURCE_A
TXN-A-002252,BR-001,EMP-0017,2026-01-03,SALE,1117.42,SOURCE_A
TXN-A-002253,BR-002,EMP-0014,2026-04-07,SALE,49.02,SOURCE_A
TXN-A-002254,BR-008,EMP-0007,2026-04-22,SALE,181.48,SOURCE_A
TXN-A-002255,BR-002,EMP-0020,2026-02-18,SALE,262.92,SOURCE_A
TXN-A-002256,BR-004,EMP-0020,2026-02-07,SALE,196.69,SOURCE_A
TXN-A-002257,BR-003,EMP-0022,2026-01-26,SALE,340.43,SOURCE_A
TXN-A-002258,BR-003,EMP-0011,2026-04-27,SALE,468.03,SOURCE_A
TXN-A-002259,BR-008,EMP-0028,2026-01-03,SALE,95.17,SOURCE_A
TXN-A-002260,BR-001,EMP-0032,2026-03-01,SALE,425.49,SOURCE_A
TXN-A-002261,BR-007,EMP-0024,2026-02-14,SALE,735.71,SOURCE_A
TXN-A-002262,BR-001,EMP-0019,2026-01-14,SALE,94.0,SOURCE_A
TXN-A-002263,BR-008,EMP-0005,2026-04-27,SALE,16.3,SOURCE_A
TXN-A-002264,BR-003,EMP-0020,2026-01-26,SALE,20.07,SOURCE_A
TXN-A-002265,BR-003,EMP-0014,2026-01-22,SALE,62.95,SOURCE_A
TXN-A-002266,BR-001,EMP-0029,2026-04-24,SALE,125.14,SOURCE_A
TXN-A-002267,BR-009,EMP-0022,2026-02-02,SALE,589.39,SOURCE_A
TXN-A-002268,BR-005,EMP-0027,2026-01-25,SALE,19.51,SOURCE_A
TXN-A-002269,BR-008,EMP-0005,2026-01-15,SALE,71.09,SOURCE_A
TXN-A-002270,BR-006,EMP-0002,2026-04-20,SALE,145.39,SOURCE_A
TXN-A-002271,BR-002,EMP-0006,2026-03-01,SALE,154.37,SOURCE_A
TXN-A-002272,BR-009,EMP-0013,2026-04-14,SALE,123.07,SOURCE_A
TXN-A-002273,BR-009,EMP-0014,2026-02-27,SALE,139.11,SOURCE_A
TXN-A-002274,BR-006,EMP-0019,2026-03-27,SALE,611.13,SOURCE_A
TXN-A-002275,BR-010,EMP-0031,2026-04-11,SALE,479.32,SOURCE_A
TXN-A-002276,BR-006,EMP-0028,2026-02-01,SALE,289.61,SOURCE_A
TXN-A-002277,BR-005,EMP-0026,2026-04-25,SALE,177.05,SOURCE_A
TXN-A-002278,BR-010,EMP-0011,2026-02-11,SALE,833.89,SOURCE_A
TXN-A-002279,BR-002,EMP-0030,2026-03-11,SALE,299.07,SOURCE_A
TXN-A-002280,BR-006,EMP-0024,2026-02-01,SALE,271.54,SOURCE_A
TXN-A-002281,BR-001,EMP-0009,2026-01-15,SALE,293.59,SOURCE_A
TXN-A-002282,BR-009,EMP-0032,2026-04-21,SALE,431.65,SOURCE_A
TXN-A-002283,BR-002,EMP-0002,2026-01-01,SALE,327.91,SOURCE_A
TXN-A-002284,BR-006,EMP-0004,2026-03-18,SALE,833.21,SOURCE_A
TXN-A-002285,BR-004,EMP-0023,2026-03-21,SALE,642.02,SOURCE_A
