transaction_id,branch_id,employee_id,transaction_date,transaction_type,total_amount,source
TXN-B-000001,BR-009,EMP-0031,2026-03-05,SALE,721.11,SOURCE_B
TXN-B-000002,BR-005,EMP-0018,2026-02-07,SALE,679.06,SOURCE_B
TXN-B-000003,BR-002,EMP-0015,2026-03-11,SALE,168.27,SOURCE_B
TXN-B-000004,BR-004,EMP-0032,2026-04-12,SALE,142.84,SOURCE_B
TXN-B-000005,BR-010,EMP-0007,2026-04-10,SALE,41.8,SOURCE_B
TXN-B-000006,BR-007,EMP-0031,2026-04-07,SALE,138.94,SOURCE_B
TXN-B-000007,BR-007,EMP-0017,2026-02-08,SALE,218.78,SOURCE_B
TXN-B-000008,BR-007,EMP-0013,2026-03-10,SALE,30.88,SOURCE_B
TXN-B-000009,BR-002,EMP-0019,2026-02-13,SALE,575.76,SOURCE_B
TXN-B-000010,BR-003,EMP-0021,2026-02-24,SALE,912.43,SOURCE_B
TXN-B-000011,BR-009,EMP-0013,2026-01-09,SALE,131.48,SOURCE_B
TXN-B-000012,BR-006,EMP-0029,2026-01-21,SALE,28.08,SOURCE_B
TXN-B-000013,BR-008,EMP-0023,2026-02-21,SALE,679.6,SOURCE_B
TXN-B-000014,BR-010,EMP-0007,2026-04-11,SALE,209.93,SOURCE_B
TXN-B-000015,BR-007,EMP-0030,2026-03-06,SALE,86.45,SOURCE_B
TXN-B-000016,BR-004,EMP-0015,2026-02-02,SALE,203.59,SOURCE_B
TXN-B-000017,BR-001,EMP-0020,2026-03-14,SALE,52.21,SOURCE_B
TXN-B-000018,BR-006,EMP-0010,2026-04-20,SALE,209.44,SOURCE_B
TXN-B-000019,BR-004,EMP-0007,2026-03-20,SALE,602.36,SOURCE_B
TXN-B-000020,BR-008,EMP-0028,2026-01-19,SALE,116.89,SOURCE_B
TXN-B-000021,BR-005,EMP-0030,2026-01-25,SALE,298.3,SOURCE_B
TXN-B-000022,BR-006,EMP-0003,2026-01-04,SALE,65.03,SOURCE_B
TXN-B-000023,BR-009,EMP-0009,2026-02-26,SALE,61.52,SOURCE_B
TXN-B-000024,BR-003,EMP-0014,2026-01-04,SALE,25.28,SOURCE_B
TXN-B-000025,BR-010,EMP-0028,2026-03-21,SALE,26.33,SOURCE_B
TXN-B-000026,BR-004,EMP-0026,2026-02-01,SALE,478.94,SOURCE_B
TXN-B-000027,BR-007,EMP-0008,2026-03-06,SALE,1075.18,SOURCE_B
TXN-B-000028,BR-009,EMP-0019,2026-03-09,SALE,241.04,SOURCE_B
TXN-B-000029,BR-003,EMP-0013,2026-02-04,SALE,126.39,SOURCE_B
TXN-B-000030,BR-002,EMP-0018,2026-04-09,SALE,618.82,SOURCE_B
TXN-B-000031,BR-003,EMP-0022,2026-03-26,SALE,793.37,SOURCE_B
TXN-B-000032,BR-009,EMP-0001,2026-03-11,SALE,568.76,SOURCE_B
TXN-B-000033,BR-007,EMP-0006,2026-04-07,SALE,241.24,SOURCE_B
TXN-B-000034,BR-006,EMP-0012,2026-03-14,SALE,589.78,SOURCE_B
TXN-B-000035,BR-003,EMP-0028,2026-03-08,SALE,58.44,SOURCE_B
TXN-B-000036,BR-009,EMP-0018,2026-01-24,SALE,718.88,SOURCE_B
TXN-B-000037,BR-006,EMP-0002,2026-02-22,SALE,398.64,SOURCE_B
TXN-B-000038,BR-006,EMP-0028,2026-02-23,SALE,408.75,SOURCE_B
TXN-B-000039,BR-009,EMP-0013,2026-01-03,SALE,79.17,SOURCE_B
TXN-B-000040,BR-001,EMP-0032,2026-02-27,SALE,350.06,SOURCE_B
TXN-B-000041,BR-002,EMP-0002,2026-04-02,SALE,513.12,SOURCE_B
TXN-B-000042,BR-002,EMP-0018,2026-03-16,SALE,132.34,SOURCE_B
TXN-B-000043,BR-007,EMP-0026,2026-03-11,SALE,872.22,SOURCE_B
TXN-B-000044,BR-008,EMP-0011,2026-01-12,SALE,267.52,SOURCE_B
TXN-B-000045,BR-003,EMP-0013,2026-03-07,SALE,650.45,SOURCE_B
TXN-B-000046,BR-005,EMP-0022,2026-01-16,SALE,121.81,SOURCE_B
TXN-B-000047,BR-010,EMP-0021,2026-02-09,SALE,583.1,SOURCE_B
TXN-B-000048,BR-001,EMP-0023,2026-02-12,SALE,131.2,SOURCE_B
TXN-B-000049,BR-003,EMP-0029,2026-03-28,SALE,543.41,SOURCE_B
TXN-B-000050,BR-003,EMP-0024,2026-03-25,SALE,764.47,SOURCE_B
TXN-B-000051,BR-009,EMP-0028,2026-02-10,SALE,1119.74,SOURCE_B
TXN-B-000052,BR-004,EMP-0013,2026-02-10,SALE,448.21,SOURCE_B
TXN-B-000053,BR-002,EMP-0023,2026-01-08,SALE,503.03,SOURCE_B
TXN-B-000054,BR-004,EMP-0005,2026-03-28,SALE,985.42,SOURCE_B
TXN-B-000055,BR-004,EMP-0003,2026-01-24,SALE,555.57,SOURCE_B
TXN-B-000056,BR-009,EMP-0010,2026-04-23,SALE,59.34,SOURCE_B
TXN-B-000057,BR-001,EMP-0023,2026-01-04,SALE,438.63,SOURCE_B
TXN-B-000058,BR-010,EMP-0007,2026-01-23,SALE,617.76,SOURCE_B
TXN-B-000059,BR-010,EMP-0005,2026-03-22,SALE,285.43,SOURCE_B
TXN-B-000060,BR-007,EMP-0002,2026-02-23,SALE,291.63,SOURCE_B
TXN-B-000061,BR-003,EMP-0018,2026-02-18,SALE,122.35,SOURCE_B
TXN-B-000062,BR-008,EMP-0028,2026-03-14,SALE,416.57,SOURCE_B
TXN-B-000063,BR-009,EMP-0028,2026-02-24,SALE,223.86,SOURCE_B
TXN-B-000064,BR-006,EMP-0009,2026-04-03,SALE,237.25,SOURCE_B
TXN-B-000065,BR-001,EMP-0030,2026-03-15,SALE,70.97,SOURCE_B
TXN-B-000066,BR-008,EMP-0006,2026-04-15,SALE,302.43,SOURCE_B
TXN-B-000067,BR-006,EMP-0006,2026-02-15,SALE,422.26,SOURCE_B
TXN-B-000068,BR-001,EMP-0013,2026-02-22,SALE,17.09,SOURCE_B
TXN-B-000069,BR-008,EMP-0030,2026-03-12,SALE,36.86,SOURCE_B
TXN-B-000070,BR-007,EMP-0001,2026-02-26,SALE,140.73,SOURCE_B
TXN-B-000071,BR-003,EMP-0012,2026-04-07,SALE,53.58,SOURCE_B
TXN-B-000072,BR-008,EMP-0028,2026-01-26,SALE,154.87,SOURCE_B
TXN-B-000073,BR-001,EMP-0023,2026-03-06,SALE,239.25,SOURCE_B
TXN-B-000074,BR-009,EMP-0024,2026-01-09,SALE,889.1,SOURCE_B
TXN-B-000075,BR-010,EMP-0015,2026-01-04,SALE,422.3,SOURCE_B
TXN-B-000076,BR-007,EMP-0002,2026-02-23,SALE,64.77,SOURCE_B
TXN-B-000077,BR-003,EMP-0023,2026-03-04,SALE,64.85,SOURCE_B
TXN-B-000078,BR-010,EMP-0005,2026-02-02,SALE,854.62,SOURCE_B
TXN-B-000079,BR-008,EMP-0002,2026-01-07,SALE,530.93,SOURCE_B
TXN-B-000080,BR-007,EMP-0028,2026-01-11,SALE,214.18,SOURCE_B
TXN-B-000081,BR-004,EMP-0025,2026-04-06,SALE,569.76,SOURCE_B
TXN-B-000082,BR-008,EMP-0019,2026-03-28,SALE,967.5,SOURCE_B
TXN-B-000083,BR-001,EMP-0016,2026-02-24,SALE,94.16,SOURCE_B
TXN-B-000084,BR-008,EMP-0021,2026-04-14,SALE,118.81,SOURCE_B
TXN-B-000085,BR-003,EMP-0013,2026-02-03,SALE,817.39,SOURCE_B
TXN-B-000086,BR-001,EMP-0024,2026-01-04,SALE,99.2,SOURCE_B
TXN-B-000087,BR-003,EMP-0022,2026-04-08,SALE,619.02,SOURCE_B
TXN-B-000088,BR-001,EMP-0010,2026-04-10,SALE,205.61,SOURCE_B
TXN-B-000089,BR-002,EMP-0023,2026-02-12,SALE,405.47,SOURCE_B
TXN-B-000090,BR-005,EMP-0004,2026-01-25,SALE,84.35,SOURCE_B
TXN-B-000091,BR-003,EMP-0026,2026-03-16,SALE,107.67,SOURCE_B
TXN-B-000092,BR-009,EMP-0014,2026-04-15,SALE,127.69,SOURCE_B
TXN-B-000093,BR-003,EMP-0024,2026-03-06,SALE,114.75,SOURCE_B
TXN-B-000094,BR-008,EMP-0014,2026-03-03,SALE,164.61,SOURCE_B
TXN-B-000095,BR-010,EMP-0011,2026-01-16,SALE,723.98,SOURCE_B
TXN-B-000096,BR-010,EMP-0029,2026-01-22,SALE,714.08,SOURCE_B
TXN-B-000097,BR-004,EMP-0026,2026-03-07,SALE,580.54,SOURCE_B
TXN-B-000098,BR-003,EMP-0004,2026-03-17,SALE,33.06,SOURCE_B
TXN-B-000099,BR-009,EMP-0022,2026-02-11,SALE,192.91,SOURCE_B
TXN-B-000100,BR-008,EMP-0028,2026-03-24,SALE,682.45,SOURCE_B
TXN-B-000101,BR-007,EMP-0003,2026-03-14,SALE,170.5,SOURCE_B
TXN-B-000102,BR-001,EMP-0002,2026-02-20,SALE,532.11,SOURCE_B
TXN-B-000103,BR-006,EMP-0031,2026-04-25,SALE,147.91,SOURCE_B
TXN-B-000104,BR-003,EMP-0010,2026-04-17,SALE,912.55,SOURCE_B
TXN-B-000105,BR-001,EMP-0024,2026-03-13,SALE,63.55,SOURCE_B
TXN-B-000106,BR-007,EMP-0032,2026-03-11,SALE,287.04,SOURCE_B
TXN-B-000107,BR-002,EMP-0008,2026-04-26,SALE,690.11,SOURCE_B
TXN-B-000108,BR-003,EMP-0001,2026-01-07,SALE,598.31,SOURCE_B
TXN-B-000109,BR-002,EMP-0029,2026-04-25,SALE,290.38,SOURCE_B
TXN-B-000110,BR-005,EMP-0006,2026-01-10,SALE,775.95,SOURCE_B
TXN-B-000111,BR-008,EMP-0027,2026-02-08,SALE,176.51,SOURCE_B
TXN-B-000112,BR-003,EMP-0005,2026-03-18,SALE,57.74,SOURCE_B
TXN-B-000113,BR-010,EMP-0006,2026-04-04,SALE,119.54,SOURCE_B
TXN-B-000114,BR-005,EMP-0007,2026-02-07,SALE,577.82,SOURCE_B
TXN-B-000115,BR-005,EMP-0022,2026-04-10,SALE,802.17,SOURCE_B
TXN-B-000116,BR-008,EMP-0003,2026-01-14,SALE,54.3,SOURCE_B
TXN-B-000117,BR-002,EMP-0015,2026-04-09,SALE,347.2,SOURCE_B
TXN-B-000118,BR-009,EMP-0007,2026-02-10,SALE,176.55,SOURCE_B
TXN-B-000119,BR-006,EMP-0014,2026-04-14,SALE,76.11,SOURCE_B
TXN-B-000120,BR-001,EMP-0019,2026-01-25,SALE,487.6,SOURCE_B
TXN-B-000121,BR-004,EMP-0025,2026-02-04,SALE,838.09,SOURCE_B
TXN-B-000122,BR-008,EMP-0009,2026-04-27,SALE,45.41,SOURCE_B
TXN-B-000123,BR-001,EMP-0016,2026-01-09,SALE,765.81,SOURCE_B
TXN-B-000124,BR-008,EMP-0029,2026-03-20,SALE,384.14,SOURCE_B
TXN-B-000125,BR-009,EMP-0002,2026-01-27,SALE,43.63,SOURCE_B
TXN-B-000126,BR-004,EMP-0023,2026-02-16,SALE,61.34,SOURCE_B
TXN-B-000127,BR-006,EMP-0028,2026-03-03,SALE,869.47,SOURCE_B
TXN-B-000128,BR-003,EMP-0019,2026-04-07,SALE,649.75,SOURCE_B
TXN-B-000129,BR-010,EMP-0021,2026-01-01,SALE,424.2,SOURCE_B
TXN-B-000130,BR-001,EMP-0005,2026-01-01,SALE,87.86,SOURCE_B
TXN-B-000131,BR-002,EMP-0017,2026-02-07,SALE,300.59,SOURCE_B
TXN-B-000132,BR-007,EMP-0013,2026-02-14,SALE,106.67,SOURCE_B
TXN-B-000133,BR-010,EMP-0024,2026-03-17,SALE,190.74,SOURCE_B
TXN-B-000134,BR-005,EMP-0031,2026-03-14,SALE,130.68,SOURCE_B
TXN-B-000135,BR-003,EMP-0003,2026-04-05,SALE,919.88,SOURCE_B
TXN-B-000136,BR-010,EMP-0027,2026-03-04,SALE,605.7,SOURCE_B
TXN-B-000137,BR-010,EMP-0003,2026-02-26,SALE,133.12,SOURCE_B
TXN-B-000138,BR-007,EMP-0018,2026-03-14,SALE,172.28,SOURCE_B
TXN-B-000139,BR-001,EMP-0004,2026-01-17,SALE,107.19,SOURCE_B
TXN-B-000140,BR-007,EMP-0027,2026-02-26,SALE,582.48,SOURCE_B
TXN-B-000141,BR-008,EMP-0010,2026-04-26,SALE,242.84,SOURCE_B
TXN-B-000142,BR-001,EMP-0026,2026-02-08,SALE,597.43,SOURCE_B
TXN-B-000143,BR-002,EMP-0001,2026-02-27,SALE,307.63,SOURCE_B
TXN-B-000144,BR-008,EMP-0002,2026-01-07,SALE,135.49,SOURCE_B
TXN-B-000145,BR-002,EMP-0032,2026-02-20,SALE,646.99,SOURCE_B
TXN-B-000146,BR-006,EMP-0008,2026-03-16,SALE,156.51,SOURCE_B
TXN-B-000147,BR-002,EMP-0018,2026-01-02,SALE,42.26,SOURCE_B
TXN-B-000148,BR-007,EMP-0019,2026-02-23,SALE,211.46,SOURCE_B
TXN-B-000149,BR-009,EMP-0012,2026-02-10,SALE,52.75,SOURCE_B
TXN-B-000150,BR-010,EMP-0002,2026-01-17,SALE,351.12,SOURCE_B
TXN-B-000151,BR-006,EMP-0017,2026-01-09,SALE,337.77,SOURCE_B
TXN-B-000152,BR-007,EMP-0028,2026-01-15,SALE,543.17,SOURCE_B
TXN-B-000153,BR-009,EMP-0010,2026-04-13,SALE,157.03,SOURCE_B
TXN-B-000154,BR-002,EMP-0029,2026-04-13,SALE,457.24,SOURCE_B
TXN-B-000155,BR-008,EMP-0020,2026-02-28,SALE,49.82,SOURCE_B
TXN-B-000156,BR-002,EMP-0009,2026-03-26,SALE,216.64,SOURCE_B
TXN-B-000157,BR-009,EMP-0010,2026-03-13,SALE,158.36,SOURCE_B
TXN-B-000158,BR-008,EMP-0026,2026-02-06,SALE,940.44,SOURCE_B
TXN-B-000159,BR-001,EMP-0001,2026-03-01,SALE,51.6,SOURCE_B
TXN-B-000160,BR-003,EMP-0022,2026-01-01,SALE,174.22,SOURCE_B
TXN-B-000161,BR-010,EMP-0019,2026-02-11,SALE,194.4,SOURCE_B
TXN-B-000162,BR-009,EMP-0012,2026-04-12,SALE,161.99,SOURCE_B
TXN-B-000163,BR-004,EMP-0007,2026-04-23,SALE,713.91,SOURCE_B
TXN-B-000164,BR-005,EMP-0019,2026-01-16,SALE,13.61,SOURCE_B
TXN-B-000165,BR-001,EMP-0010,2026-03-11,SALE,232.43,SOURCE_B
TXN-B-000166,BR-002,EMP-0023,2026-01-27,SALE,773.54,SOURCE_B
TXN-B-000167,BR-005,EMP-0009,2026-02-08,SALE,136.21,SOURCE_B
TXN-B-000168,BR-006,EMP-0010,2026-01-08,SALE,872.43,SOURCE_B
TXN-B-000169,BR-006,EMP-0006,2026-01-09,SALE,110.2,SOURCE_B
TXN-B-000170,BR-001,EMP-0023,2026-01-09,SALE,386.07,SOURCE_B
TXN-B-000171,BR-001,EMP-0029,2026-01-03,SALE,219.08,SOURCE_B
TXN-B-000172,BR-009,EMP-0008,2026-02-15,SALE,276.87,SOURCE_B
TXN-B-000173,BR-001,EMP-0019,2026-01-25,SALE,75.26,SOURCE_B
TXN-B-000174,BR-005,EMP-0017,2026-01-19,SALE,547.41,SOURCE_B
TXN-B-000175,BR-003,EMP-0004,2026-03-12,SALE,141.25,SOURCE_B
TXN-B-000176,BR-005,EMP-0018,2026-04-04,SALE,714.5,SOURCE_B
TXN-B-000177,BR-003,EMP-0031,2026-02-02,SALE,64.59,SOURCE_B
TXN-B-000178,BR-003,EMP-0005,2026-02-09,SALE,473.66,SOURCE_B
TXN-B-000179,BR-002,EMP-0020,2026-02-25,SALE,358.05,SOURCE_B
TXN-B-000180,BR-004,EMP-0032,2026-02-15,SALE,511.8,SOURCE_B
TXN-B-000181,BR-006,EMP-0021,2026-01-18,SALE,185.03,SOURCE_B
TXN-B-000182,BR-006,EMP-0030,2026-04-02,SALE,109.98,SOURCE_B
TXN-B-000183,BR-009,EMP-0021,2026-01-21,SALE,138.57,SOURCE_B
TXN-B-000184,BR-009,EMP-0002,2026-02-03,SALE,490.07,SOURCE_B
TXN-B-000185,BR-010,EMP-0020,2026-02-07,SALE,224.4,SOURCE_B
TXN-B-000186,BR-002,EMP-0001,2026-04-24,SALE,169.94,SOURCE_B
TXN-B-000187,BR-005,EMP-0020,2026-04-26,SALE,99.5,SOURCE_B
TXN-B-000188,BR-002,EMP-0025,2026-04-27,SALE,279.79,SOURCE_B
TXN-B-000189,BR-004,EMP-0024,2026-04-18,SALE,458.88,SOURCE_B
TXN-B-000190,BR-006,EMP-0023,2026-01-28,SALE,393.27,SOURCE_B
TXN-B-000191,BR-001,EMP-0026,2026-01-10,SALE,289.64,SOURCE_B
TXN-B-000192,BR-009,EMP-0011,2026-03-26,SALE,859.85,SOURCE_B
TXN-B-000193,BR-003,EMP-0005,2026-02-16,SALE,478.75,SOURCE_B
TXN-B-000194,BR-001,EMP-0001,2026-02-25,SALE,97.63,SOURCE_B
TXN-B-000195,BR-010,EMP-0027,2026-04-20,SALE,344.91,SOURCE_B
TXN-B-000196,BR-004,EMP-0015,2026-02-09,SALE,212.43,SOURCE_B
TXN-B-000197,BR-006,EMP-0029,2026-03-22,SALE,46.36,SOURCE_B
TXN-B-000198,BR-002,EMP-0015,2026-03-10,SALE,14.15,SOURCE_B
TXN-B-000199,BR-006,EMP-0025,2026-03-08,SALE,53.41,SOURCE_B
TXN-B-000200,BR-005,EMP-0029,2026-01-03,SALE,925.47,SOURCE_B
TXN-B-000201,BR-004,EMP-0011,2026-04-27,SALE,434.54,SOURCE_B
TXN-B-000202,BR-001,EMP-0019,2026-02-14,SALE,107.55,SOURCE_B
TXN-B-000203,BR-008,EMP-0015,2026-04-24,SALE,25.4,SOURCE_B
TXN-B-000204,BR-006,EMP-0028,2026-04-03,SALE,252.25,SOURCE_B
TXN-B-000205,BR-007,EMP-0017,2026-04-02,SALE,358.67,SOURCE_B
TXN-B-000206,BR-003,EMP-0014,2026-02-28,SALE,52.85,SOURCE_B
TXN-B-000207,BR-009,EMP-0017,2026-03-09,SALE,820.06,SOURCE_B
TXN-B-000208,BR-002,EMP-0004,2026-02-07,SALE,133.84,SOURCE_B
TXN-B-000209,BR-004,EMP-0023,2026-03-13,SALE,563.31,SOURCE_B
TXN-B-000210,BR-005,EMP-0010,2026-03-11,SALE,172.9,SOURCE_B
TXN-B-000211,BR-009,EMP-0028,2026-02-25,SALE,942.78,SOURCE_B
TXN-B-000212,BR-008,EMP-0011,2026-04-19,SALE,264.69,SOURCE_B
TXN-B-000213,BR-010,EMP-0011,2026-04-08,SALE,787.23,SOURCE_B
TXN-B-000214,BR-009,EMP-0016,2026-04-12,SALE,25.6,SOURCE_B
TXN-B-000215,BR-007,EMP-0021,2026-04-19,SALE,587.87,SOURCE_B
TXN-B-000216,BR-008,EMP-0013,2026-03-08,SALE,435.13,SOURCE_B
TXN-B-000217,BR-010,EMP-0006,2026-01-24,SALE,52.54,SOURCE_B
TXN-B-000218,BR-008,EMP-0012,2026-04-24,SALE,843.24,SOURCE_B
TXN-B-000219,BR-002,EMP-0025,2026-01-10,SALE,947.69,SOURCE_B
TXN-B-000220,BR-005,EMP-0030,2026-02-16,SALE,315.27,SOURCE_B
TXN-B-000221,BR-005,EMP-0004,2026-01-11,SALE,122.02,SOURCE_B
TXN-B-000222,BR-005,EMP-0027,2026-03-06,SALE,263.12,SOURCE_B
TXN-B-000223,BR-007,EMP-0016,2026-01-22,SALE,641.78,SOURCE_B
TXN-B-000224,BR-005,EMP-0031,2026-03-03,SALE,411.41,SOURCE_B
TXN-B-000225,BR-002,EMP-0014,2026-03-04,SALE,215.05,SOURCE_B
TXN-B-000226,BR-010,EMP-0020,2026-02-12,SALE,142.94,SOURCE_B
TXN-B-000227,BR-006,EMP-0013,2026-03-19,SALE,598.31,SOURCE_B
TXN-B-000228,BR-006,EMP-0007,2026-02-13,SALE,828.51,SOURCE_B
TXN-B-000229,BR-003,EMP-0026,2026-03-28,SALE,175.07,SOURCE_B
TXN-B-000230,BR-002,EMP-0032,2026-04-19,SALE,10.44,SOURCE_B
TXN-B-000231,BR-010,EMP-0030,2026-03-04,SALE,180.97,SOURCE_B
TXN-B-000232,BR-003,EMP-0014,2026-03-03,SALE,113.55,SOURCE_B
TXN-B-000233,BR-006,EMP-0025,2026-04-06,SALE,55.54,SOURCE_B
TXN-B-000234,BR-002,EMP-0002,2026-02-08,SALE,385.94,SOURCE_B
TXN-B-000235,BR-008,EMP-0011,2026-02-15,SALE,249.84,SOURCE_B
TXN-B-000236,BR-004,EMP-0001,2026-03-25,SALE,203.3,SOURCE_B
TXN-B-000237,BR-005,EMP-0019,2026-02-27,SALE,82.17,SOURCE_B
TXN-B-000238,BR-001,EMP-0001,2026-03-02,SALE,401.76,SOURCE_B
TXN-B-000239,BR-006,EMP-0016,2026-03-12,SALE,422.19,SOURCE_B
TXN-B-000240,BR-003,EMP-0014,2026-03-04,SALE,96.58,SOURCE_B
TXN-B-000241,BR-010,EMP-0020,2026-03-08,SALE,216.06,SOURCE_B
TXN-B-000242,BR-002,EMP-0017,2026-04-08,SALE,261.6,SOURCE_B
TXN-B-000243,BR-008,EMP-0031,2026-04-14,SALE,493.81,SOURCE_B
TXN-B-000244,BR-005,EMP-0008,2026-03-20,SALE,375.57,SOURCE_B
TXN-B-000245,BR-002,EMP-0029,2026-04-02,SALE,35.5,SOURCE_B
TXN-B-000246,BR-007,EMP-0032,2026-04-12,SALE,123.71,SOURCE_B
TXN-B-000247,BR-008,EMP-0001,2026-03-23,SALE,93.97,SOURCE_B
TXN-B-000248,BR-004,EMP-0029,2026-02-24,SALE,196.12,SOURCE_B
TXN-B-000249,BR-004,EMP-0010,2026-04-11,SALE,139.07,SOURCE_B
TXN-B-000250,BR-008,EMP-0031,2026-04-07,SALE,32.22,SOURCE_B
TXN-B-000251,BR-010,EMP-0003,2026-04-20,SALE,562.02,SOURCE_B
TXN-B-000252,BR-007,EMP-0005,2026-03-14,SALE,226.04,SOURCE_B
TXN-B-000253,BR-007,EMP-0006,2026-02-04,SALE,39.47,SOURCE_B
TXN-B-000254,BR-010,EMP-0018,2026-03-25,SALE,406.03,SOURCE_B
TXN-B-000255,BR-007,EMP-0012,2026-04-23,SALE,63.55,SOURCE_B
TXN-B-000256,BR-008,EMP-0026,2026-04-22,SALE,411.01,SOURCE_B
TXN-B-000257,BR-001,EMP-0022,2026-04-26,SALE,85.36,SOURCE_B
TXN-B-000258,BR-007,EMP-0014,2026-04-20,SALE,378.62,SOURCE_B
TXN-B-000259,BR-006,EMP-0027,2026-02-23,SALE,406.0,SOURCE_B
TXN-B-000260,BR-002,EMP-0030,2026-04-15,SALE,509.64,SOURCE_B
TXN-B-000261,BR-005,EMP-0007,2026-04-19,SALE,92.79,SOURCE_B
TXN-B-000262,BR-006,EMP-0023,2026-04-14,SALE,183.46,SOURCE_B
TXN-B-000263,BR-006,EMP-0011,2026-02-03,SALE,206.83,SOURCE_B
TXN-B-000264,BR-010,EMP-0013,2026-04-12,SALE,132.71,SOURCE_B
TXN-B-000265,BR-002,EMP-0031,2026-01-03,SALE,30.07,SOURCE_B
TXN-B-000266,BR-006,EMP-0027,2026-04-27,SALE,65.37,SOURCE_B
TXN-B-000267,BR-006,EMP-0020,2026-04-12,SALE,175.78,SOURCE_B
TXN-B-000268,BR-003,EMP-0001,2026-04-06,SALE,301.48,SOURCE_B
TXN-B-000269,BR-002,EMP-0008,2026-02-05,SALE,61.43,SOURCE_B
TXN-B-000270,BR-006,EMP-0022,2026-01-20,SALE,181.08,SOURCE_B
TXN-B-000271,BR-001,EMP-0014,2026-04-13,SALE,343.18,SOURCE_B
TXN-B-000272,BR-007,EMP-0017,2026-02-15,SALE,32.81,SOURCE_B
TXN-B-000273,BR-004,EMP-0032,2026-03-04,SALE,169.56,SOURCE_B
TXN-B-000274,BR-002,EMP-0015,2026-03-04,SALE,940.87,SOURCE_B
TXN-B-000275,BR-002,EMP-0013,2026-04-21,SALE,697.88,SOURCE_B
TXN-B-000276,BR-007,EMP-0009,2026-02-02,SALE,407.63,SOURCE_B
TXN-B-000277,BR-009,EMP-0026,2026-02-03,SALE,147.15,SOURCE_B
TXN-B-000278,BR-002,EMP-0010,2026-02-07,SALE,181.11,SOURCE_B
TXN-B-000279,BR-004,EMP-0030,2026-04-02,SALE,176.97,SOURCE_B
TXN-B-000280,BR-007,EMP-0003,2026-03-26,SALE,256.72,SOURCE_B
TXN-B-000281,BR-006,EMP-0023,2026-03-12,SALE,59.81,SOURCE_B
TXN-B-000282,BR-003,EMP-0017,2026-04-13,SALE,321.09,SOURCE_B
TXN-B-000283,BR-001,EMP-0002,2026-02-25,SALE,453.87,SOURCE_B
TXN-B-000284,BR-006,EMP-0032,2026-03-28,SALE,177.14,SOURCE_B
TXN-B-000285,BR-002,EMP-0011,2026-03-07,SALE,427.27,SOURCE_B
TXN-B-000286,BR-006,EMP-0025,2026-01-24,SALE,28.75,SOURCE_B
TXN-B-000287,BR-009,EMP-0009,2026-03-15,SALE,623.77,SOURCE_B
TXN-B-000288,BR-005,EMP-0013,2026-02-15,SALE,535.01,SOURCE_B
TXN-B-000289,BR-006,EMP-0012,2026-04-13,SALE,161.36,SOURCE_B
TXN-B-000290,BR-008,EMP-0018,2026-03-13,SALE,52.78,SOURCE_B
TXN-B-000291,BR-008,EMP-0006,2026-01-13,SALE,433.82,SOURCE_B
TXN-B-000292,BR-005,EMP-0018,2026-03-27,SALE,516.82,SOURCE_B
TXN-B-000293,BR-003,EMP-0028,2026-04-24,SALE,835.85,SOURCE_B
TXN-B-000294,BR-004,EMP-0023,2026-03-05,SALE,409.6,SOURCE_B
TXN-B-000295,BR-003,EMP-0014,2026-02-26,SALE,796.23,SOURCE_B
TXN-B-000296,BR-002,EMP-0010,2026-01-26,SALE,643.11,SOURCE_B
TXN-B-000297,BR-006,EMP-0028,2026-01-24,SALE,148.91,SOURCE_B
TXN-B-000298,BR-010,EMP-0019,2026-02-01,SALE,854.24,SOURCE_B
TXN-B-000299,BR-003,EMP-0017,2026-02-05,SALE,302.73,SOURCE_B
TXN-B-000300,BR-004,EMP-0030,2026-02-17,SALE,284.68,SOURCE_B
TXN-B-000301,BR-003,EMP-0024,2026-01-26,SALE,156.69,SOURCE_B
TXN-B-000302,BR-002,EMP-0007,2026-01-04,SALE,696.28,SOURCE_B
TXN-B-000303,BR-010,EMP-0003,2026-03-01,SALE,750.39,SOURCE_B
TXN-B-000304,BR-004,EMP-0004,2026-01-22,SALE,20.29,SOURCE_B
TXN-B-000305,BR-007,EMP-0010,2026-02-07,SALE,65.59,SOURCE_B
TXN-B-000306,BR-005,EMP-0020,2026-02-10,SALE,208.47,SOURCE_B
TXN-B-000307,BR-007,EMP-0010,2026-03-10,SALE,454.99,SOURCE_B
TXN-B-000308,BR-003,EMP-0025,2026-01-24,SALE,782.53,SOURCE_B
TXN-B-000309,BR-007,EMP-0013,2026-04-01,SALE,15.04,SOURCE_B
TXN-B-000310,BR-001,EMP-0024,2026-03-13,SALE,247.22,SOURCE_B
TXN-B-000311,BR-009,EMP-0011,2026-03-22,SALE,162.11,SOURCE_B
TXN-B-000312,BR-006,EMP-0001,2026-04-21,SALE,123.07,SOURCE_B
TXN-B-000313,BR-004,EMP-0025,2026-04-22,SALE,140.28,SOURCE_B
TXN-B-000314,BR-003,EMP-0010,2026-02-10,SALE,221.57,SOURCE_B
TXN-B-000315,BR-008,EMP-0032,2026-01-08,SALE,748.64,SOURCE_B
TXN-B-000316,BR-004,EMP-0031,2026-01-24,SALE,76.26,SOURCE_B
TXN-B-000317,BR-006,EMP-0020,2026-02-23,SALE,34.36,SOURCE_B
TXN-B-000318,BR-005,EMP-0017,2026-01-07,SALE,422.56,SOURCE_B
TXN-B-000319,BR-009,EMP-0027,2026-01-09,SALE,310.11,SOURCE_B
TXN-B-000320,BR-002,EMP-0005,2026-01-11,SALE,64.65,SOURCE_B
TXN-B-000321,BR-005,EMP-0019,2026-01-05,SALE,124.73,SOURCE_B
TXN-B-000322,BR-006,EMP-0021,2026-03-20,SALE,282.35,SOURCE_B
TXN-B-000323,BR-010,EMP-0017,2026-01-27,SALE,374.32,SOURCE_B
TXN-B-000324,BR-006,EMP-0004,2026-04-21,SALE,356.98,SOURCE_B
TXN-B-000325,BR-002,EMP-0032,2026-04-14,SALE,512.92,SOURCE_B
TXN-B-000326,BR-001,EMP-0014,2026-01-16,SALE,407.75,SOURCE_B
TXN-B-000327,BR-005,EMP-0026,2026-03-16,SALE,517.35,SOURCE_B
TXN-B-000328,BR-009,EMP-0026,2026-02-25,SALE,253.81,SOURCE_B
TXN-B-000329,BR-005,EMP-0008,2026-01-01,SALE,195.35,SOURCE_B
TXN-B-000330,BR-005,EMP-0004,2026-03-01,SALE,139.36,SOURCE_B
TXN-B-000331,BR-001,EMP-0002,2026-04-07,SALE,224.44,SOURCE_B
TXN-B-000332,BR-010,EMP-0017,2026-03-19,SALE,392.68,SOURCE_B
TXN-B-000333,BR-005,EMP-0032,2026-01-26,SALE,208.67,SOURCE_B
TXN-B-000334,BR-009,EMP-0009,2026-02-22,SALE,127.37,SOURCE_B
TXN-B-000335,BR-008,EMP-0012,2026-03-27,SALE,468.57,SOURCE_B
TXN-B-000336,BR-007,EMP-0006,2026-04-27,SALE,116.04,SOURCE_B
TXN-B-000337,BR-008,EMP-0009,2026-01-16,SALE,167.47,SOURCE_B
TXN-B-000338,BR-007,EMP-0011,2026-02-05,SALE,659.37,SOURCE_B
TXN-B-000339,BR-006,EMP-0010,2026-01-28,SALE,556.85,SOURCE_B
TXN-B-000340,BR-001,EMP-0005,2026-03-04,SALE,172.21,SOURCE_B
TXN-B-000341,BR-008,EMP-0016,2026-02-03,SALE,267.34,SOURCE_B
TXN-B-000342,BR-006,EMP-0023,2026-02-12,SALE,229.11,SOURCE_B
TXN-B-000343,BR-006,EMP-0005,2026-04-04,SALE,215.69,SOURCE_B
TXN-B-000344,BR-009,EMP-0018,2026-03-03,SALE,864.94,SOURCE_B
TXN-B-000345,BR-009,EMP-0023,2026-01-10,SALE,530.47,SOURCE_B
TXN-B-000346,BR-004,EMP-0019,2026-04-14,SALE,325.32,SOURCE_B
TXN-B-000347,BR-004,EMP-0008,2026-04-15,SALE,1066.46,SOURCE_B
TXN-B-000348,BR-004,EMP-0003,2026-04-06,SALE,190.3,SOURCE_B
TXN-B-000349,BR-007,EMP-0023,2026-03-25,SALE,115.09,SOURCE_B
TXN-B-000350,BR-009,EMP-0025,2026-01-23,SALE,53.93,SOURCE_B
TXN-B-000351,BR-003,EMP-0024,2026-02-11,SALE,514.61,SOURCE_B
TXN-B-000352,BR-005,EMP-0013,2026-04-21,SALE,676.08,SOURCE_B
TXN-B-000353,BR-007,EMP-0026,2026-02-04,SALE,124.93,SOURCE_B
TXN-B-000354,BR-001,EMP-0012,2026-03-04,SALE,48.8,SOURCE_B
TXN-B-000355,BR-003,EMP-0005,2026-01-11,SALE,410.06,SOURCE_B
TXN-B-000356,BR-009,EMP-0023,2026-04-16,SALE,579.79,SOURCE_B
TXN-B-000357,BR-003,EMP-0010,2026-02-22,SALE,235.36,SOURCE_B
TXN-B-000358,BR-003,EMP-0018,2026-03-06,SALE,175.83,SOURCE_B
TXN-B-000359,BR-004,EMP-0032,2026-03-22,SALE,182.86,SOURCE_B
TXN-B-000360,BR-002,EMP-0023,2026-03-11,SALE,487.54,SOURCE_B
TXN-B-000361,BR-010,EMP-0008,2026-01-16,SALE,514.8,SOURCE_B
TXN-B-000362,BR-010,EMP-0002,2026-03-15,SALE,95.77,SOURCE_B
TXN-B-000363,BR-003,EMP-0022,2026-04-06,SALE,434.89,SOURCE_B
TXN-B-000364,BR-001,EMP-0031,2026-01-05,SALE,431.31,SOURCE_B
TXN-B-000365,BR-009,EMP-0027,2026-02-12,SALE,316.99,SOURCE_B
TXN-B-000366,BR-010,EMP-0028,2026-03-11,SALE,88.52,SOURCE_B
TXN-B-000367,BR-004,EMP-0032,2026-01-27,SALE,168.11,SOURCE_B
TXN-B-000368,BR-006,EMP-0011,2026-01-19,SALE,227.16,SOURCE_B
TXN-B-000369,BR-007,EMP-0025,2026-02-17,SALE,158.31,SOURCE_B
TXN-B-000370,BR-009,EMP-0008,2026-02-16,SALE,178.32,SOURCE_B
TXN-B-000371,BR-009,EMP-0028,2026-01-09,SALE,109.8,SOURCE_B
TXN-B-000372,BR-009,EMP-0018,2026-01-01,SALE,735.53,SOURCE_B
TXN-B-000373,BR-002,EMP-0012,2026-02-10,SALE,177.75,SOURCE_B
TXN-B-000374,BR-005,EMP-0026,2026-03-14,SALE,198.43,SOURCE_B
TXN-B-000375,BR-001,EMP-0012,2026-03-03,SALE,593.23,SOURCE_B
TXN-B-000376,BR-010,EMP-0013,2026-01-27,SALE,136.56,SOURCE_B
TXN-B-000377,BR-001,EMP-0004,2026-04-07,SALE,99.6,SOURCE_B
TXN-B-000378,BR-001,EMP-0016,2026-03-16,SALE,137.03,SOURCE_B
TXN-B-000379,BR-007,EMP-0004,2026-01-07,SALE,271.46,SOURCE_B
TXN-B-000380,BR-008,EMP-0014,2026-04-21,SALE,493.81,SOURCE_B
TXN-B-000381,BR-006,EMP-0018,2026-02-13,SALE,221.33,SOURCE_B
TXN-B-000382,BR-009,EMP-0027,2026-04-27,SALE,346.21,SOURCE_B
TXN-B-000383,BR-007,EMP-0029,2026-02-12,SALE,492.49,SOURCE_B
TXN-B-000384,BR-003,EMP-0020,2026-04-11,SALE,86.61,SOURCE_B
TXN-B-000385,BR-005,EMP-0014,2026-02-23,SALE,357.43,SOURCE_B
TXN-B-000386,BR-008,EMP-0023,2026-02-18,SALE,146.0,SOURCE_B
TXN-B-000387,BR-005,EMP-0008,2026-03-23,SALE,66.76,SOURCE_B
TXN-B-000388,BR-007,EMP-0021,2026-02-16,SALE,167.4,SOURCE_B
TXN-B-000389,BR-008,EMP-0010,2026-03-21,SALE,207.78,SOURCE_B
TXN-B-000390,BR-010,EMP-0027,2026-01-18,SALE,122.25,SOURCE_B
TXN-B-000391,BR-002,EMP-0004,2026-01-07,SALE,251.28,SOURCE_B
TXN-B-000392,BR-003,EMP-0026,2026-01-21,SALE,655.52,SOURCE_B
TXN-B-000393,BR-005,EMP-0029,2026-02-08,SALE,400.65,SOURCE_B
TXN-B-000394,BR-007,EMP-0015,2026-02-21,SALE,211.05,SOURCE_B
TXN-B-000395,BR-005,EMP-0006,2026-02-08,SALE,263.28,SOURCE_B
TXN-B-000396,BR-006,EMP-0005,2026-02-15,SALE,468.3,SOURCE_B
TXN-B-000397,BR-009,EMP-0018,2026-03-16,SALE,7.84,SOURCE_B
TXN-B-000398,BR-006,EMP-0012,2026-02-14,SALE,196.76,SOURCE_B
TXN-B-000399,BR-010,EMP-0005,2026-04-15,SALE,402.48,SOURCE_B
TXN-B-000400,BR-001,EMP-0024,2026-04-25,SALE,255.85,SOURCE_B
TXN-B-000401,BR-005,EMP-0009,2026-02-19,SALE,357.38,SOURCE_B
TXN-B-000402,BR-006,EMP-0008,2026-04-15,SALE,310.98,SOURCE_B
TXN-B-000403,BR-002,EMP-0014,2026-02-11,SALE,194.78,SOURCE_B
TXN-B-000404,BR-001,EMP-0026,2026-04-04,SALE,295.34,SOURCE_B
TXN-B-000405,BR-004,EMP-0028,2026-02-19,SALE,228.72,SOURCE_B
TXN-B-000406,BR-007,EMP-0031,2026-04-22,SALE,355.73,SOURCE_B
TXN-B-000407,BR-005,EMP-0005,2026-03-24,SALE,198.19,SOURCE_B
TXN-B-000408,BR-004,EMP-0025,2026-01-27,SALE,14.31,SOURCE_B
TXN-B-000409,BR-002,EMP-0020,2026-04-03,SALE,547.21,SOURCE_B
TXN-B-000410,BR-006,EMP-0008,2026-01-01,SALE,189.1,SOURCE_B
TXN-B-000411,BR-009,EMP-0027,2026-03-02,SALE,446.36,SOURCE_B
TXN-B-000412,BR-005,EMP-0026,2026-01-03,SALE,463.47,SOURCE_B
TXN-B-000413,BR-004,EMP-0028,2026-01-11,SALE,90.85,SOURCE_B
TXN-B-000414,BR-010,EMP-0012,2026-01-23,SALE,335.57,SOURCE_B
TXN-B-000415,BR-007,EMP-0021,2026-02-08,SALE,131.12,SOURCE_B
TXN-B-000416,BR-005,EMP-0004,2026-02-05,SALE,144.4,SOURCE_B
TXN-B-000417,BR-007,EMP-0020,2026-04-02,SALE,419.42,SOURCE_B
TXN-B-000418,BR-002,EMP-0029,2026-04-25,SALE,608.53,SOURCE_B
TXN-B-000419,BR-008,EMP-0006,2026-01-20,SALE,214.79,SOURCE_B
TXN-B-000420,BR-001,EMP-0025,2026-04-10,SALE,311.97,SOURCE_B
TXN-B-000421,BR-006,EMP-0030,2026-03-16,SALE,11.13,SOURCE_B
TXN-B-000422,BR-007,EMP-0027,2026-01-28,SALE,333.73,SOURCE_B
TXN-B-000423,BR-004,EMP-0023,2026-04-26,SALE,630.3,SOURCE_B
TXN-B-000424,BR-003,EMP-0001,2026-04-20,SALE,19.23,SOURCE_B
TXN-B-000425,BR-009,EMP-0028,2026-03-26,SALE,646.19,SOURCE_B
TXN-B-000426,BR-007,EMP-0029,2026-01-13,SALE,255.12,SOURCE_B
TXN-B-000427,BR-002,EMP-0015,2026-01-17,SALE,166.79,SOURCE_B
TXN-B-000428,BR-002,EMP-0020,2026-02-22,SALE,895.01,SOURCE_B
TXN-B-000429,BR-004,EMP-0021,2026-02-24,SALE,152.2,SOURCE_B
TXN-B-000430,BR-001,EMP-0028,2026-03-19,SALE,562.52,SOURCE_B
TXN-B-000431,BR-005,EMP-0027,2026-02-25,SALE,117.4,SOURCE_B
TXN-B-000432,BR-009,EMP-0008,2026-03-19,SALE,624.18,SOURCE_B
TXN-B-000433,BR-002,EMP-0010,2026-02-13,SALE,320.8,SOURCE_B
TXN-B-000434,BR-009,EMP-0015,2026-02-13,SALE,294.15,SOURCE_B
TXN-B-000435,BR-009,EMP-0031,2026-01-28,SALE,9.98,SOURCE_B
TXN-B-000436,BR-001,EMP-0012,2026-04-01,SALE,371.86,SOURCE_B
TXN-B-000437,BR-005,EMP-0031,2026-02-23,SALE,43.05,SOURCE_B
TXN-B-000438,BR-009,EMP-0023,2026-04-18,SALE,61.09,SOURCE_B
TXN-B-000439,BR-006,EMP-0027,2026-02-07,SALE,18.92,SOURCE_B
TXN-B-000440,BR-008,EMP-0027,2026-03-07,SALE,203.19,SOURCE_B
TXN-B-000441,BR-003,EMP-0026,2026-01-21,SALE,380.64,SOURCE_B
TXN-B-000442,BR-010,EMP-0025,2026-01-14,SALE,615.92,SOURCE_B
TXN-B-000443,BR-010,EMP-0014,2026-02-01,SALE,894.53,SOURCE_B
TXN-B-000444,BR-004,EMP-0020,2026-02-05,SALE,110.67,SOURCE_B
TXN-B-000445,BR-009,EMP-0001,2026-01-18,SALE,847.74,SOURCE_B
TXN-B-000446,BR-004,EMP-0005,2026-04-17,SALE,232.95,SOURCE_B
TXN-B-000447,BR-007,EMP-0008,2026-03-27,SALE,108.84,SOURCE_B
TXN-B-000448,BR-003,EMP-0018,2026-02-20,SALE,642.72,SOURCE_B
TXN-B-000449,BR-009,EMP-0025,2026-02-04,SALE,497.67,SOURCE_B
TXN-B-000450,BR-009,EMP-0007,2026-01-17,SALE,441.87,SOURCE_B
TXN-B-000451,BR-005,EMP-0023,2026-03-22,SALE,789.11,SOURCE_B
TXN-B-000452,BR-001,EMP-0031,2026-04-12,SALE,285.81,SOURCE_B
TXN-B-000453,BR-004,EMP-0018,2026-03-13,SALE,207.53,SOURCE_B
TXN-B-000454,BR-009,EMP-0012,2026-04-25,SALE,600.02,SOURCE_B
TXN-B-000455,BR-009,EMP-0023,2026-03-25,SALE,910.32,SOURCE_B
TXN-B-000456,BR-007,EMP-0008,2026-01-15,SALE,22.83,SOURCE_B
TXN-B-000457,BR-004,EMP-0020,2026-01-19,SALE,222.3,SOURCE_B
TXN-B-000458,BR-002,EMP-0030,2026-03-25,SALE,12.87,SOURCE_B
TXN-B-000459,BR-004,EMP-0029,2026-03-22,SALE,490.33,SOURCE_B
TXN-B-000460,BR-006,EMP-0032,2026-01-04,SALE,120.34,SOURCE_B
TXN-B-000461,BR-006,EMP-0013,2026-01-21,SALE,435.17,SOURCE_B
TXN-B-000462,BR-001,EMP-0009,2026-01-02,SALE,273.4,SOURCE_B
TXN-B-000463,BR-005,EMP-0012,2026-02-25,SALE,176.62,SOURCE_B
TXN-B-000464,BR-004,EMP-0016,2026-03-04,SALE,113.2,SOURCE_B
TXN-B-000465,BR-002,EMP-0020,2026-03-07,SALE,745.33,SOURCE_B
TXN-B-000466,BR-009,EMP-0012,2026-02-20,SALE,50.87,SOURCE_B
TXN-B-000467,BR-009,EMP-0030,2026-04-10,SALE,827.3,SOURCE_B
TXN-B-000468,BR-006,EMP-0021,2026-02-24,SALE,40.7,SOURCE_B
TXN-B-000469,BR-006,EMP-0001,2026-03-18,SALE,55.34,SOURCE_B
TXN-B-000470,BR-003,EMP-0019,2026-03-01,SALE,806.31,SOURCE_B
TXN-B-000471,BR-003,EMP-0001,2026-01-21,SALE,66.0,SOURCE_B
TXN-B-000472,BR-008,EMP-0011,2026-02-12,SALE,216.71,SOURCE_B
TXN-B-000473,BR-003,EMP-0006,2026-02-20,SALE,161.29,SOURCE_B
TXN-B-000474,BR-001,EMP-0029,2026-01-28,SALE,297.92,SOURCE_B
TXN-B-000475,BR-007,EMP-0014,2026-01-20,SALE,227.78,SOURCE_B
TXN-B-000476,BR-003,EMP-0027,2026-03-11,SALE,94.88,SOURCE_B
TXN-B-000477,BR-004,EMP-0030,2026-01-23,SALE,249.54,SOURCE_B
TXN-B-000478,BR-007,EMP-0005,2026-01-09,SALE,117.35,SOURCE_B
TXN-B-000479,BR-003,EMP-0027,2026-04-26,SALE,650.86,SOURCE_B
TXN-B-000480,BR-010,EMP-0006,2026-04-24,SALE,7.09,SOURCE_B
TXN-B-000481,BR-005,EMP-0006,2026-02-08,SALE,57.05,SOURCE_B
TXN-B-000482,BR-001,EMP-0018,2026-03-12,SALE,125.7,SOURCE_B
TXN-B-000483,BR-008,EMP-0023,2026-04-08,SALE,664.73,SOURCE_B
TXN-B-000484,BR-001,EMP-0010,2026-03-21,SALE,262.73,SOURCE_B
TXN-B-000485,BR-004,EMP-0028,2026-03-08,SALE,157.37,SOURCE_B
TXN-B-000486,BR-008,EMP-0010,2026-02-22,SALE,389.98,SOURCE_B
TXN-B-000487,BR-004,EMP-0028,2026-01-11,SALE,74.44,SOURCE_B
TXN-B-000488,BR-005,EMP-0011,2026-02-16,SALE,106.61,SOURCE_B
TXN-B-000489,BR-009,EMP-0011,2026-03-03,SALE,331.4,SOURCE_B
TXN-B-000490,BR-006,EMP-0027,2026-03-10,SALE,97.78,SOURCE_B
TXN-B-000491,BR-002,EMP-0028,2026-01-18,SALE,547.39,SOURCE_B
TXN-B-000492,BR-001,EMP-0018,2026-04-13,SALE,135.62,SOURCE_B
TXN-B-000493,BR-006,EMP-0011,2026-02-02,SALE,589.03,SOURCE_B
TXN-B-000494,BR-006,EMP-0027,2026-04-17,SALE,327.73,SOURCE_B
TXN-B-000495,BR-007,EMP-0002,2026-02-06,SALE,1129.46,SOURCE_B
TXN-B-000496,BR-006,EMP-0011,2026-02-20,SALE,54.5,SOURCE_B
TXN-B-000497,BR-010,EMP-0012,2026-03-22,SALE,92.33,SOURCE_B
TXN-B-000498,BR-003,EMP-0011,2026-01-09,SALE,56.54,SOURCE_B
TXN-B-000499,BR-001,EMP-0020,2026-04-05,SALE,160.51,SOURCE_B
TXN-B-000500,BR-004,EMP-0026,2026-03-27,SALE,190.0,SOURCE_B
TXN-B-000501,BR-007,EMP-0018,2026-04-08,SALE,239.17,SOURCE_B
TXN-B-000502,BR-003,EMP-0013,2026-03-03,SALE,121.25,SOURCE_B
TXN-B-000503,BR-010,EMP-0007,2026-02-19,SALE,304.65,SOURCE_B
TXN-B-000504,BR-007,EMP-0010,2026-03-06,SALE,677.81,SOURCE_B
TXN-B-000505,BR-006,EMP-0032,2026-02-05,SALE,189.44,SOURCE_B
TXN-B-000506,BR-010,EMP-0022,2026-01-15,SALE,246.34,SOURCE_B
TXN-B-000507,BR-006,EMP-0007,2026-04-05,SALE,42.64,SOURCE_B
TXN-B-000508,BR-003,EMP-0017,2026-04-04,SALE,261.68,SOURCE_B
TXN-B-000509,BR-005,EMP-0030,2026-04-21,SALE,435.57,SOURCE_B
TXN-B-000510,BR-008,EMP-0002,2026-02-17,SALE,467.13,SOURCE_B
TXN-B-000511,BR-004,EMP-0023,2026-03-03,SALE,392.72,SOURCE_B
TXN-B-000512,BR-002,EMP-0020,2026-02-20,SALE,294.43,SOURCE_B
TXN-B-000513,BR-001,EMP-0001,2026-03-12,SALE,370.79,SOURCE_B
TXN-B-000514,BR-010,EMP-0022,2026-03-02,SALE,90.85,SOURCE_B
TXN-B-000515,BR-006,EMP-0008,2026-04-26,SALE,272.09,SOURCE_B
TXN-B-000516,BR-003,EMP-0012,2026-04-22,SALE,11.37,SOURCE_B
TXN-B-000517,BR-010,EMP-0023,2026-03-18,SALE,22.18,SOURCE_B
TXN-B-000518,BR-007,EMP-0001,2026-03-22,SALE,176.97,SOURCE_B
TXN-B-000519,BR-004,EMP-0017,2026-04-27,SALE,159.58,SOURCE_B
TXN-B-000520,BR-001,EMP-0032,2026-01-09,SALE,330.61,SOURCE_B
TXN-B-000521,BR-004,EMP-0015,2026-02-12,SALE,241.65,SOURCE_B
TXN-B-000522,BR-007,EMP-0019,2026-01-13,SALE,53.73,SOURCE_B
TXN-B-000523,BR-007,EMP-0025,2026-01-13,SALE,112.26,SOURCE_B
TXN-B-000524,BR-003,EMP-0008,2026-02-05,SALE,541.41,SOURCE_B
TXN-B-000525,BR-001,EMP-0009,2026-03-24,SALE,302.73,SOURCE_B
TXN-B-000526,BR-004,EMP-0021,2026-03-26,SALE,178.23,SOURCE_B
TXN-B-000527,BR-002,EMP-0030,2026-04-14,SALE,188.77,SOURCE_B
TXN-B-000528,BR-004,EMP-0010,2026-04-01,SALE,192.36,SOURCE_B
TXN-B-000529,BR-002,EMP-0029,2026-02-01,SALE,876.18,SOURCE_B
TXN-B-000530,BR-001,EMP-0002,2026-04-11,SALE,37.36,SOURCE_B
TXN-B-000531,BR-009,EMP-0012,2026-02-15,SALE,12.84,SOURCE_B
TXN-B-000532,BR-006,EMP-0029,2026-02-01,SALE,43.15,SOURCE_B
TXN-B-000533,BR-006,EMP-0010,2026-01-05,SALE,159.04,SOURCE_B
TXN-B-000534,BR-010,EMP-0014,2026-02-21,SALE,340.75,SOURCE_B
TXN-B-000535,BR-002,EMP-0002,2026-04-14,SALE,391.02,SOURCE_B
TXN-B-000536,BR-007,EMP-0011,2026-03-07,SALE,382.49,SOURCE_B
TXN-B-000537,BR-008,EMP-0026,2026-04-14,SALE,232.94,SOURCE_B
TXN-B-000538,BR-006,EMP-0005,2026-02-27,SALE,107.74,SOURCE_B
TXN-B-000539,BR-004,EMP-0011,2026-03-19,SALE,255.23,SOURCE_B
TXN-B-000540,BR-006,EMP-0025,2026-03-24,SALE,492.52,SOURCE_B
TXN-B-000541,BR-005,EMP-0025,2026-02-02,SALE,564.61,SOURCE_B
TXN-B-000542,BR-002,EMP-0005,2026-03-24,SALE,66.43,SOURCE_B
TXN-B-000543,BR-010,EMP-0022,2026-03-06,SALE,139.1,SOURCE_B
TXN-B-000544,BR-002,EMP-0004,2026-02-13,SALE,266.41,SOURCE_B
TXN-B-000545,BR-009,EMP-0026,2026-03-17,SALE,591.72,SOURCE_B
TXN-B-000546,BR-005,EMP-0003,2026-01-06,SALE,302.88,SOURCE_B
TXN-B-000547,BR-002,EMP-0021,2026-01-06,SALE,105.08,SOURCE_B
TXN-B-000548,BR-002,EMP-0017,2026-04-15,SALE,112.02,SOURCE_B
TXN-B-000549,BR-009,EMP-0001,2026-04-25,SALE,221.33,SOURCE_B
TXN-B-000550,BR-009,EMP-0022,2026-04-24,SALE,190.32,SOURCE_B
TXN-B-000551,BR-003,EMP-0006,2026-02-17,SALE,460.32,SOURCE_B
TXN-B-000552,BR-003,EMP-0031,2026-04-07,SALE,105.83,SOURCE_B
TXN-B-000553,BR-003,EMP-0002,2026-03-20,SALE,164.26,SOURCE_B
TXN-B-000554,BR-010,EMP-0010,2026-04-14,SALE,919.2,SOURCE_B
TXN-B-000555,BR-006,EMP-0019,2026-03-03,SALE,737.58,SOURCE_B
TXN-B-000556,BR-002,EMP-0010,2026-04-16,SALE,117.39,SOURCE_B
TXN-B-000557,BR-009,EMP-0006,2026-03-05,SALE,488.35,SOURCE_B
TXN-B-000558,BR-007,EMP-0019,2026-04-24,SALE,49.64,SOURCE_B
TXN-B-000559,BR-006,EMP-0017,2026-02-28,SALE,742.92,SOURCE_B
TXN-B-000560,BR-005,EMP-0006,2026-03-16,SALE,429.69,SOURCE_B
TXN-B-000561,BR-010,EMP-0027,2026-01-28,SALE,164.91,SOURCE_B
TXN-B-000562,BR-006,EMP-0001,2026-04-12,SALE,74.75,SOURCE_B
TXN-B-000563,BR-005,EMP-0031,2026-01-19,SALE,955.29,SOURCE_B
TXN-B-000564,BR-010,EMP-0030,2026-04-11,SALE,413.14,SOURCE_B
TXN-B-000565,BR-004,EMP-0015,2026-03-27,SALE,85.4,SOURCE_B
TXN-B-000566,BR-002,EMP-0027,2026-01-09,SALE,267.93,SOURCE_B
TXN-B-000567,BR-003,EMP-0003,2026-04-22,SALE,864.54,SOURCE_B
TXN-B-000568,BR-007,EMP-0003,2026-01-13,SALE,155.18,SOURCE_B
TXN-B-000569,BR-002,EMP-0026,2026-04-03,SALE,126.44,SOURCE_B
TXN-B-000570,BR-010,EMP-0012,2026-02-11,SALE,115.23,SOURCE_B
TXN-B-000571,BR-004,EMP-0008,2026-01-12,SALE,805.39,SOURCE_B
TXN-B-000572,BR-005,EMP-0030,2026-04-01,SALE,114.48,SOURCE_B
TXN-B-000573,BR-001,EMP-0029,2026-02-28,SALE,139.94,SOURCE_B
TXN-B-000574,BR-007,EMP-0024,2026-02-14,SALE,288.64,SOURCE_B
TXN-B-000575,BR-006,EMP-0003,2026-02-24,SALE,74.8,SOURCE_B
TXN-B-000576,BR-009,EMP-0027,2026-03-13,SALE,624.13,SOURCE_B
TXN-B-000577,BR-005,EMP-0029,2026-03-18,SALE,438.86,SOURCE_B
TXN-B-000578,BR-002,EMP-0007,2026-03-18,SALE,830.41,SOURCE_B
TXN-B-000579,BR-002,EMP-0029,2026-01-12,SALE,845.52,SOURCE_B
TXN-B-000580,BR-009,EMP-0022,2026-01-13,SALE,63.0,SOURCE_B
TXN-B-000581,BR-008,EMP-0009,2026-04-06,SALE,178.4,SOURCE_B
TXN-B-000582,BR-003,EMP-0012,2026-02-15,SALE,146.77,SOURCE_B
TXN-B-000583,BR-003,EMP-0028,2026-01-01,SALE,180.26,SOURCE_B
TXN-B-000584,BR-003,EMP-0009,2026-04-03,SALE,162.16,SOURCE_B
TXN-B-000585,BR-005,EMP-0015,2026-02-08,SALE,515.73,SOURCE_B
TXN-B-000586,BR-008,EMP-0007,2026-02-01,SALE,51.98,SOURCE_B
TXN-B-000587,BR-002,EMP-0029,2026-02-25,SALE,128.84,SOURCE_B
TXN-B-000588,BR-005,EMP-0020,2026-04-03,SALE,65.53,SOURCE_B
TXN-B-000589,BR-002,EMP-0017,2026-02-25,SALE,142.89,SOURCE_B
TXN-B-000590,BR-006,EMP-0018,2026-01-15,SALE,32.6,SOURCE_B
TXN-B-000591,BR-001,EMP-0030,2026-01-08,SALE,88.28,SOURCE_B
TXN-B-000592,BR-006,EMP-0006,2026-01-19,SALE,83.88,SOURCE_B
TXN-B-000593,BR-009,EMP-0012,2026-01-26,SALE,214.77,SOURCE_B
TXN-B-000594,BR-010,EMP-0026,2026-02-23,SALE,191.58,SOURCE_B
TXN-B-000595,BR-003,EMP-0007,2026-01-26,SALE,158.11,SOURCE_B
TXN-B-000596,BR-002,EMP-0014,2026-04-21,SALE,102.16,SOURCE_B
TXN-B-000597,BR-008,EMP-0027,2026-04-09,SALE,160.97,SOURCE_B
TXN-B-000598,BR-001,EMP-0006,2026-02-18,SALE,71.64,SOURCE_B
TXN-B-000599,BR-007,EMP-0028,2026-04-20,SALE,60.0,SOURCE_B
TXN-B-000600,BR-004,EMP-0020,2026-01-23,SALE,842.51,SOURCE_B
TXN-B-000601,BR-010,EMP-0018,2026-04-05,SALE,332.46,SOURCE_B
TXN-B-000602,BR-002,EMP-0004,2026-01-24,SALE,412.41,SOURCE_B
TXN-B-000603,BR-006,EMP-0017,2026-02-25,SALE,23.55,SOURCE_B
TXN-B-000604,BR-004,EMP-0007,2026-04-14,SALE,424.78,SOURCE_B
TXN-B-000605,BR-001,EMP-0027,2026-03-09,SALE,158.44,SOURCE_B
TXN-B-000606,BR-003,EMP-0015,2026-02-09,SALE,225.42,SOURCE_B
TXN-B-000607,BR-006,EMP-0013,2026-04-16,SALE,219.77,SOURCE_B
TXN-B-000608,BR-003,EMP-0023,2026-01-12,SALE,521.59,SOURCE_B
TXN-B-000609,BR-010,EMP-0025,2026-01-15,SALE,75.52,SOURCE_B
TXN-B-000610,BR-003,EMP-0013,2026-01-03,SALE,349.6,SOURCE_B
TXN-B-000611,BR-002,EMP-0020,2026-02-11,SALE,658.08,SOURCE_B
TXN-B-000612,BR-004,EMP-0018,2026-04-28,SALE,639.09,SOURCE_B
TXN-B-000613,BR-006,EMP-0009,2026-03-23,SALE,356.85,SOURCE_B
TXN-B-000614,BR-001,EMP-0009,2026-03-05,SALE,118.33,SOURCE_B
TXN-B-000615,BR-005,EMP-0005,2026-03-19,SALE,161.96,SOURCE_B
TXN-B-000616,BR-006,EMP-0019,2026-03-08,SALE,540.12,SOURCE_B
TXN-B-000617,BR-008,EMP-0013,2026-01-25,SALE,202.26,SOURCE_B
TXN-B-000618,BR-002,EMP-0028,2026-02-21,SALE,305.16,SOURCE_B
TXN-B-000619,BR-004,EMP-0009,2026-04-22,SALE,38.78,SOURCE_B
TXN-B-000620,BR-010,EMP-0008,2026-03-06,SALE,22.58,SOURCE_B
TXN-B-000621,BR-009,EMP-0013,2026-02-26,SALE,177.63,SOURCE_B
TXN-B-000622,BR-008,EMP-0011,2026-04-13,SALE,463.04,SOURCE_B
TXN-B-000623,BR-008,EMP-0012,2026-04-01,SALE,1045.75,SOURCE_B
TXN-B-000624,BR-006,EMP-0002,2026-02-03,SALE,563.24,SOURCE_B
TXN-B-000625,BR-009,EMP-0028,2026-02-24,SALE,839.71,SOURCE_B
TXN-B-000626,BR-003,EMP-0031,2026-02-20,SALE,64.26,SOURCE_B
TXN-B-000627,BR-009,EMP-0019,2026-01-27,SALE,56.74,SOURCE_B
TXN-B-000628,BR-004,EMP-0027,2026-04-14,SALE,859.62,SOURCE_B
TXN-B-000629,BR-005,EMP-0009,2026-03-19,SALE,232.59,SOURCE_B
TXN-B-000630,BR-010,EMP-0025,2026-04-07,SALE,418.9,SOURCE_B
TXN-B-000631,BR-003,EMP-0002,2026-01-11,SALE,229.51,SOURCE_B
TXN-B-000632,BR-009,EMP-0025,2026-03-25,SALE,180.46,SOURCE_B
TXN-B-000633,BR-009,EMP-0007,2026-01-25,SALE,284.28,SOURCE_B
TXN-B-000634,BR-008,EMP-0007,2026-02-19,SALE,12.58,SOURCE_B
TXN-B-000635,BR-009,EMP-0021,2026-01-19,SALE,381.67,SOURCE_B
TXN-B-000636,BR-007,EMP-0008,2026-01-05,SALE,139.5,SOURCE_B
TXN-B-000637,BR-008,EMP-0005,2026-04-13,SALE,611.49,SOURCE_B
TXN-B-000638,BR-002,EMP-0029,2026-04-02,SALE,259.82,SOURCE_B
TXN-B-000639,BR-007,EMP-0014,2026-02-03,SALE,246.53,SOURCE_B
TXN-B-000640,BR-006,EMP-0023,2026-01-07,SALE,56.44,SOURCE_B
TXN-B-000641,BR-002,EMP-0032,2026-04-24,SALE,110.74,SOURCE_B
TXN-B-000642,BR-003,EMP-0007,2026-01-17,SALE,717.84,SOURCE_B
TXN-B-000643,BR-010,EMP-0025,2026-02-05,SALE,231.01,SOURCE_B
TXN-B-000644,BR-004,EMP-0004,2026-02-07,SALE,859.87,SOURCE_B
TXN-B-000645,BR-007,EMP-0012,2026-03-26,SALE,956.36,SOURCE_B
TXN-B-000646,BR-008,EMP-0029,2026-04-17,SALE,425.1,SOURCE_B
TXN-B-000647,BR-010,EMP-0008,2026-03-22,SALE,85.88,SOURCE_B
TXN-B-000648,BR-007,EMP-0022,2026-02-21,SALE,1002.91,SOURCE_B
TXN-B-000649,BR-007,EMP-0013,2026-01-24,SALE,466.7,SOURCE_B
TXN-B-000650,BR-003,EMP-0010,2026-04-18,SALE,1017.64,SOURCE_B
TXN-B-000651,BR-008,EMP-0003,2026-04-11,SALE,551.14,SOURCE_B
TXN-B-000652,BR-008,EMP-0021,2026-02-09,SALE,38.87,SOURCE_B
TXN-B-000653,BR-010,EMP-0010,2026-04-08,SALE,683.49,SOURCE_B
TXN-B-000654,BR-009,EMP-0017,2026-01-16,SALE,844.18,SOURCE_B
TXN-B-000655,BR-005,EMP-0012,2026-02-17,SALE,306.27,SOURCE_B
TXN-B-000656,BR-005,EMP-0009,2026-03-17,SALE,322.24,SOURCE_B
TXN-B-000657,BR-010,EMP-0021,2026-03-27,SALE,256.26,SOURCE_B
TXN-B-000658,BR-004,EMP-0001,2026-01-06,SALE,421.47,SOURCE_B
TXN-B-000659,BR-003,EMP-0009,2026-03-06,SALE,1002.91,SOURCE_B
TXN-B-000660,BR-001,EMP-0010,2026-02-22,SALE,174.89,SOURCE_B
TXN-B-000661,BR-010,EMP-0016,2026-02-10,SALE,802.86,SOURCE_B
TXN-B-000662,BR-001,EMP-0014,2026-04-27,SALE,232.83,SOURCE_B
TXN-B-000663,BR-008,EMP-0016,2026-03-15,SALE,601.8,SOURCE_B
TXN-B-000664,BR-004,EMP-0011,2026-03-17,SALE,211.31,SOURCE_B
TXN-B-000665,BR-003,EMP-0015,2026-01-09,SALE,84.59,SOURCE_B
TXN-B-000666,BR-008,EMP-0005,2026-01-25,SALE,75.17,SOURCE_B
TXN-B-000667,BR-007,EMP-0012,2026-04-15,SALE,55.41,SOURCE_B
TXN-B-000668,BR-008,EMP-0027,2026-03-11,SALE,48.14,SOURCE_B
TXN-B-000669,BR-005,EMP-0017,2026-03-13,SALE,102.66,SOURCE_B
TXN-B-000670,BR-003,EMP-0027,2026-02-09,SALE,105.67,SOURCE_B
TXN-B-000671,BR-005,EMP-0011,2026-01-15,SALE,201.85,SOURCE_B
TXN-B-000672,BR-003,EMP-0015,2026-01-09,SALE,54.64,SOURCE_B
TXN-B-000673,BR-005,EMP-0015,2026-01-10,SALE,130.52,SOURCE_B
TXN-B-000674,BR-007,EMP-0026,2026-01-21,SALE,200.67,SOURCE_B
TXN-B-000675,BR-009,EMP-0019,2026-02-16,SALE,44.96,SOURCE_B
TXN-B-000676,BR-003,EMP-0003,2026-03-25,SALE,653.84,SOURCE_B
TXN-B-000677,BR-009,EMP-0004,2026-01-12,SALE,199.87,SOURCE_B
TXN-B-000678,BR-004,EMP-0019,2026-04-15,SALE,413.8,SOURCE_B
TXN-B-000679,BR-005,EMP-0025,2026-04-12,SALE,625.19,SOURCE_B
TXN-B-000680,BR-002,EMP-0026,2026-01-20,SALE,83.05,SOURCE_B
TXN-B-000681,BR-001,EMP-0008,2026-03-16,SALE,290.95,SOURCE_B
TXN-B-000682,BR-009,EMP-0029,2026-02-24,SALE,58.49,SOURCE_B
TXN-B-000683,BR-003,EMP-0016,2026-02-15,SALE,80.59,SOURCE_B
TXN-B-000684,BR-010,EMP-0004,2026-02-25,SALE,31.37,SOURCE_B
TXN-B-000685,BR-009,EMP-0023,2026-04-28,SALE,186.23,SOURCE_B
TXN-B-000686,BR-004,EMP-0011,2026-02-08,SALE,385.84,SOURCE_B
TXN-B-000687,BR-009,EMP-0005,2026-04-25,SALE,175.36,SOURCE_B
TXN-B-000688,BR-001,EMP-0018,2026-03-20,SALE,132.31,SOURCE_B
TXN-B-000689,BR-004,EMP-0028,2026-04-03,SALE,36.6,SOURCE_B
TXN-B-000690,BR-008,EMP-0008,2026-02-13,SALE,222.78,SOURCE_B
TXN-B-000691,BR-010,EMP-0031,2026-02-27,SALE,48.99,SOURCE_B
TXN-B-000692,BR-008,EMP-0009,2026-03-07,SALE,66.26,SOURCE_B
TXN-B-000693,BR-004,EMP-0002,2026-02-07,SALE,344.05,SOURCE_B
TXN-B-000694,BR-001,EMP-0004,2026-02-14,SALE,360.6,SOURCE_B
TXN-B-000695,BR-002,EMP-0013,2026-01-26,SALE,593.82,SOURCE_B
TXN-B-000696,BR-007,EMP-0011,2026-02-07,SALE,83.21,SOURCE_B
TXN-B-000697,BR-004,EMP-0012,2026-03-09,SALE,133.94,SOURCE_B
TXN-B-000698,BR-003,EMP-0006,2026-04-10,SALE,88.97,SOURCE_B
TXN-B-000699,BR-004,EMP-0020,2026-04-19,SALE,127.88,SOURCE_B
TXN-B-000700,BR-004,EMP-0032,2026-04-16,SALE,17.1,SOURCE_B
TXN-B-000701,BR-009,EMP-0030,2026-01-11,SALE,327.1,SOURCE_B
TXN-B-000702,BR-004,EMP-0008,2026-02-26,SALE,678.26,SOURCE_B
TXN-B-000703,BR-002,EMP-0023,2026-01-14,SALE,368.58,SOURCE_B
TXN-B-000704,BR-003,EMP-0002,2026-02-02,SALE,47.01,SOURCE_B
TXN-B-000705,BR-009,EMP-0010,2026-04-17,SALE,424.6,SOURCE_B
TXN-B-000706,BR-002,EMP-0031,2026-02-21,SALE,78.79,SOURCE_B
TXN-B-000707,BR-007,EMP-0014,2026-02-16,SALE,378.55,SOURCE_B
TXN-B-000708,BR-004,EMP-0018,2026-01-17,SALE,131.2,SOURCE_B
TXN-B-000709,BR-001,EMP-0009,2026-03-24,SALE,200.84,SOURCE_B
TXN-B-000710,BR-003,EMP-0016,2026-02-14,SALE,579.44,SOURCE_B
TXN-B-000711,BR-003,EMP-0006,2026-01-09,SALE,545.19,SOURCE_B
TXN-B-000712,BR-010,EMP-0023,2026-04-17,SALE,533.88,SOURCE_B
TXN-B-000713,BR-003,EMP-0016,2026-01-27,SALE,317.38,SOURCE_B
TXN-B-000714,BR-008,EMP-0025,2026-01-15,SALE,269.4,SOURCE_B
TXN-B-000715,BR-010,EMP-0027,2026-03-03,SALE,397.27,SOURCE_B
TXN-B-000716,BR-007,EMP-0008,2026-01-05,SALE,485.67,SOURCE_B
TXN-B-000717,BR-006,EMP-0004,2026-01-11,SALE,30.29,SOURCE_B
TXN-B-000718,BR-002,EMP-0005,2026-04-09,SALE,998.95,SOURCE_B
TXN-B-000719,BR-005,EMP-0025,2026-02-10,SALE,93.66,SOURCE_B
TXN-B-000720,BR-002,EMP-0021,2026-02-09,SALE,567.81,SOURCE_B
TXN-B-000721,BR-004,EMP-0001,2026-03-18,SALE,332.08,SOURCE_B
TXN-B-000722,BR-002,EMP-0028,2026-02-05,SALE,366.72,SOURCE_B
TXN-B-000723,BR-005,EMP-0009,2026-02-28,SALE,26.05,SOURCE_B
TXN-B-000724,BR-007,EMP-0021,2026-04-22,SALE,153.06,SOURCE_B
TXN-B-000725,BR-008,EMP-0023,2026-02-24,SALE,429.9,SOURCE_B
TXN-B-000726,BR-009,EMP-0005,2026-04-28,SALE,396.24,SOURCE_B
TXN-B-000727,BR-005,EMP-0020,2026-03-12,SALE,142.64,SOURCE_B
TXN-B-000728,BR-010,EMP-0031,2026-01-01,SALE,93.31,SOURCE_B
TXN-B-000729,BR-010,EMP-0017,2026-02-23,SALE,153.8,SOURCE_B
TXN-B-000730,BR-004,EMP-0012,2026-04-17,SALE,321.0,SOURCE_B
TXN-B-000731,BR-008,EMP-0026,2026-04-01,SALE,147.04,SOURCE_B
TXN-B-000732,BR-002,EMP-0029,2026-04-16,SALE,710.12,SOURCE_B
TXN-B-000733,BR-007,EMP-0001,2026-02-06,SALE,24.0,SOURCE_B
TXN-B-000734,BR-008,EMP-0032,2026-02-12,SALE,635.5,SOURCE_B
TXN-B-000735,BR-004,EMP-0019,2026-04-15,SALE,670.54,SOURCE_B
TXN-B-000736,BR-001,EMP-0020,2026-02-01,SALE,721.11,SOURCE_B
TXN-B-000737,BR-004,EMP-0002,2026-04-28,SALE,379.24,SOURCE_B
TXN-B-000738,BR-007,EMP-0014,2026-02-07,SALE,555.52,SOURCE_B
TXN-B-000739,BR-003,EMP-0008,2026-04-16,SALE,294.03,SOURCE_B
TXN-B-000740,BR-010,EMP-0022,2026-02-23,SALE,121.22,SOURCE_B
TXN-B-000741,BR-010,EMP-0031,2026-03-06,SALE,4.89,SOURCE_B
TXN-B-000742,BR-004,EMP-0008,2026-01-07,SALE,187.55,SOURCE_B
TXN-B-000743,BR-002,EMP-0016,2026-04-27,SALE,176.5,SOURCE_B
TXN-B-000744,BR-003,EMP-0011,2026-02-03,SALE,247.3,SOURCE_B
TXN-B-000745,BR-007,EMP-0019,2026-01-03,SALE,389.51,SOURCE_B
TXN-B-000746,BR-003,EMP-0005,2026-04-26,SALE,251.61,SOURCE_B
TXN-B-000747,BR-004,EMP-0012,2026-01-17,SALE,61.28,SOURCE_B
TXN-B-000748,BR-004,EMP-0023,2026-03-16,SALE,438.26,SOURCE_B
TXN-B-000749,BR-006,EMP-0021,2026-04-03,SALE,363.73,SOURCE_B
TXN-B-000750,BR-010,EMP-0029,2026-04-13,SALE,157.67,SOURCE_B
TXN-B-000751,BR-003,EMP-0027,2026-01-01,SALE,204.33,SOURCE_B
TXN-B-000752,BR-004,EMP-0005,2026-02-22,SALE,363.89,SOURCE_B
TXN-B-000753,BR-006,EMP-0023,2026-02-09,SALE,213.23,SOURCE_B
TXN-B-000754,BR-005,EMP-0002,2026-03-16,SALE,722.1,SOURCE_B
TXN-B-000755,BR-001,EMP-0016,2026-01-21,SALE,144.41,SOURCE_B
TXN-B-000756,BR-004,EMP-0030,2026-01-16,SALE,120.87,SOURCE_B
TXN-B-000757,BR-008,EMP-0019,2026-04-23,SALE,173.82,SOURCE_B
TXN-B-000758,BR-002,EMP-0011,2026-01-20,SALE,167.63,SOURCE_B
TXN-B-000759,BR-007,EMP-0017,2026-01-24,SALE,78.16,SOURCE_B
TXN-B-000760,BR-003,EMP-0007,2026-02-04,SALE,293.18,SOURCE_B
TXN-B-000761,BR-010,EMP-0019,2026-02-02,SALE,413.34,SOURCE_B
TXN-B-000762,BR-006,EMP-0008,2026-04-05,SALE,191.86,SOURCE_B
TXN-B-000763,BR-002,EMP-0021,2026-02-13,SALE,403.11,SOURCE_B
TXN-B-000764,BR-005,EMP-0026,2026-03-26,SALE,11.56,SOURCE_B
TXN-B-000765,BR-003,EMP-0001,2026-03-04,SALE,44.97,SOURCE_B
TXN-B-000766,BR-004,EMP-0030,2026-04-23,SALE,94.21,SOURCE_B
TXN-B-000767,BR-009,EMP-0024,2026-02-01,SALE,154.94,SOURCE_B
TXN-B-000768,BR-002,EMP-0014,2026-03-17,SALE,157.23,SOURCE_B
TXN-B-000769,BR-003,EMP-0015,2026-03-09,SALE,162.28,SOURCE_B
TXN-B-000770,BR-001,EMP-0015,2026-04-05,SALE,298.18,SOURCE_B
TXN-B-000771,BR-001,EMP-0026,2026-02-14,SALE,58.57,SOURCE_B
TXN-B-000772,BR-005,EMP-0005,2026-02-07,SALE,137.89,SOURCE_B
TXN-B-000773,BR-010,EMP-0024,2026-03-27,SALE,882.35,SOURCE_B
TXN-B-000774,BR-003,EMP-0005,2026-04-10,SALE,108.55,SOURCE_B
TXN-B-000775,BR-005,EMP-0024,2026-04-09,SALE,714.83,SOURCE_B
TXN-B-000776,BR-002,EMP-0028,2026-03-17,SALE,247.62,SOURCE_B
TXN-B-000777,BR-006,EMP-0017,2026-04-24,SALE,391.91,SOURCE_B
TXN-B-000778,BR-010,EMP-0018,2026-02-27,SALE,907.62,SOURCE_B
TXN-B-000779,BR-001,EMP-0001,2026-03-09,SALE,34.92,SOURCE_B
TXN-B-000780,BR-005,EMP-0032,2026-03-20,SALE,579.98,SOURCE_B
TXN-B-000781,BR-004,EMP-0031,2026-03-09,SALE,61.67,SOURCE_B
TXN-B-000782,BR-002,EMP-0014,2026-03-17,SALE,65.58,SOURCE_B
TXN-B-000783,BR-002,EMP-0031,2026-03-03,SALE,326.63,SOURCE_B
TXN-B-000784,BR-010,EMP-0023,2026-02-18,SALE,126.79,SOURCE_B
TXN-B-000785,BR-005,EMP-0003,2026-01-17,SALE,199.8,SOURCE_B
TXN-B-000786,BR-008,EMP-0017,2026-03-21,SALE,276.37,SOURCE_B
TXN-B-000787,BR-005,EMP-0017,2026-03-19,SALE,139.18,SOURCE_B
TXN-B-000788,BR-010,EMP-0003,2026-04-21,SALE,363.71,SOURCE_B
TXN-B-000789,BR-007,EMP-0009,2026-02-05,SALE,112.3,SOURCE_B
TXN-B-000790,BR-006,EMP-0028,2026-01-01,SALE,109.28,SOURCE_B
TXN-B-000791,BR-003,EMP-0018,2026-01-14,SALE,113.82,SOURCE_B
TXN-B-000792,BR-003,EMP-0023,2026-03-06,SALE,20.62,SOURCE_B
TXN-B-000793,BR-010,EMP-0006,2026-01-25,SALE,470.74,SOURCE_B
TXN-B-000794,BR-002,EMP-0021,2026-02-27,SALE,195.8,SOURCE_B
TXN-B-000795,BR-009,EMP-0011,2026-01-14,SALE,88.53,SOURCE_B
TXN-B-000796,BR-002,EMP-0017,2026-02-27,SALE,134.18,SOURCE_B
TXN-B-000797,BR-010,EMP-0002,2026-01-19,SALE,988.57,SOURCE_B
TXN-B-000798,BR-010,EMP-0002,2026-02-24,SALE,912.44,SOURCE_B
TXN-B-000799,BR-003,EMP-0014,2026-02-04,SALE,17.06,SOURCE_B
TXN-B-000800,BR-003,EMP-0016,2026-04-06,SALE,247.86,SOURCE_B
TXN-B-000801,BR-004,EMP-0032,2026-04-07,SALE,950.13,SOURCE_B
TXN-B-000802,BR-001,EMP-0029,2026-03-22,SALE,192.27,SOURCE_B
TXN-B-000803,BR-001,EMP-0031,2026-01-10,SALE,93.53,SOURCE_B
TXN-B-000804,BR-006,EMP-0028,2026-03-26,SALE,367.42,SOURCE_B
TXN-B-000805,BR-003,EMP-0006,2026-01-09,SALE,204.61,SOURCE_B
TXN-B-000806,BR-006,EMP-0028,2026-02-13,SALE,83.75,SOURCE_B
TXN-B-000807,BR-002,EMP-0029,2026-03-25,SALE,173.99,SOURCE_B
TXN-B-000808,BR-003,EMP-0022,2026-02-13,SALE,43.82,SOURCE_B
TXN-B-000809,BR-010,EMP-0006,2026-01-24,SALE,128.33,SOURCE_B
TXN-B-000810,BR-005,EMP-0008,2026-03-12,SALE,361.16,SOURCE_B
TXN-B-000811,BR-007,EMP-0006,2026-03-11,SALE,63.16,SOURCE_B
TXN-B-000812,BR-001,EMP-0010,2026-04-23,SALE,119.26,SOURCE_B
TXN-B-000813,BR-007,EMP-0016,2026-01-17,SALE,599.78,SOURCE_B
TXN-B-000814,BR-005,EMP-0023,2026-01-15,SALE,449.42,SOURCE_B
TXN-B-000815,BR-007,EMP-0015,2026-03-17,SALE,37.24,SOURCE_B
TXN-B-000816,BR-008,EMP-0002,2026-01-17,SALE,122.51,SOURCE_B
TXN-B-000817,BR-005,EMP-0029,2026-01-24,SALE,115.8,SOURCE_B
TXN-B-000818,BR-002,EMP-0010,2026-04-23,SALE,186.53,SOURCE_B
TXN-B-000819,BR-010,EMP-0032,2026-01-09,SALE,114.27,SOURCE_B
TXN-B-000820,BR-001,EMP-0008,2026-03-08,SALE,476.49,SOURCE_B
TXN-B-000821,BR-007,EMP-0025,2026-04-24,SALE,259.42,SOURCE_B
TXN-B-000822,BR-002,EMP-0029,2026-03-17,SALE,384.57,SOURCE_B
TXN-B-000823,BR-002,EMP-0011,2026-01-08,SALE,108.74,SOURCE_B
TXN-B-000824,BR-007,EMP-0027,2026-01-13,SALE,436.85,SOURCE_B
TXN-B-000825,BR-007,EMP-0016,2026-02-15,SALE,112.95,SOURCE_B
TXN-B-000826,BR-004,EMP-0020,2026-03-23,SALE,160.75,SOURCE_B
TXN-B-000827,BR-001,EMP-0014,2026-02-15,SALE,355.19,SOURCE_B
TXN-B-000828,BR-002,EMP-0022,2026-04-27,SALE,834.05,SOURCE_B
TXN-B-000829,BR-010,EMP-0026,2026-01-06,SALE,260.37,SOURCE_B
TXN-B-000830,BR-006,EMP-0003,2026-02-16,SALE,220.92,SOURCE_B
TXN-B-000831,BR-009,EMP-0006,2026-04-23,SALE,81.77,SOURCE_B
TXN-B-000832,BR-001,EMP-0008,2026-01-18,SALE,440.75,SOURCE_B
TXN-B-000833,BR-004,EMP-0002,2026-03-19,SALE,462.05,SOURCE_B
TXN-B-000834,BR-004,EMP-0008,2026-02-13,SALE,191.97,SOURCE_B
TXN-B-000835,BR-004,EMP-0009,2026-02-03,SALE,1056.42,SOURCE_B
TXN-B-000836,BR-006,EMP-0003,2026-02-25,SALE,199.74,SOURCE_B
TXN-B-000837,BR-010,EMP-0029,2026-04-05,SALE,247.84,SOURCE_B
TXN-B-000838,BR-005,EMP-0029,2026-03-02,SALE,337.62,SOURCE_B
TXN-B-000839,BR-002,EMP-0008,2026-02-20,SALE,188.32,SOURCE_B
TXN-B-000840,BR-004,EMP-0003,2026-01-10,SALE,694.32,SOURCE_B
TXN-B-000841,BR-006,EMP-0012,2026-04-26,SALE,52.06,SOURCE_B
TXN-B-000842,BR-001,EMP-0013,2026-03-20,SALE,80.3,SOURCE_B
TXN-B-000843,BR-008,EMP-0010,2026-02-05,SALE,526.22,SOURCE_B
TXN-B-000844,BR-009,EMP-0015,2026-03-06,SALE,282.76,SOURCE_B
TXN-B-000845,BR-005,EMP-0003,2026-04-24,SALE,31.81,SOURCE_B
TXN-B-000846,BR-001,EMP-0011,2026-01-07,SALE,46.98,SOURCE_B
TXN-B-000847,BR-010,EMP-0012,2026-02-07,SALE,36.83,SOURCE_B
TXN-B-000848,BR-007,EMP-0013,2026-02-17,SALE,5.97,SOURCE_B
TXN-B-000849,BR-005,EMP-0002,2026-01-01,SALE,118.34,SOURCE_B
TXN-B-000850,BR-006,EMP-0022,2026-04-04,SALE,441.34,SOURCE_B
TXN-B-000851,BR-006,EMP-0013,2026-04-13,SALE,74.6,SOURCE_B
TXN-B-000852,BR-010,EMP-0005,2026-03-15,SALE,71.0,SOURCE_B
TXN-B-000853,BR-010,EMP-0027,2026-04-03,SALE,609.57,SOURCE_B
TXN-B-000854,BR-008,EMP-0001,2026-03-07,SALE,305.21,SOURCE_B
TXN-B-000855,BR-008,EMP-0028,2026-01-15,SALE,72.44,SOURCE_B
TXN-B-000856,BR-004,EMP-0016,2026-02-06,SALE,10.61,SOURCE_B
TXN-B-000857,BR-002,EMP-0021,2026-04-10,SALE,62.01,SOURCE_B
TXN-B-000858,BR-001,EMP-0016,2026-03-05,SALE,1033.09,SOURCE_B
TXN-B-000859,BR-002,EMP-0015,2026-02-01,SALE,993.51,SOURCE_B
TXN-B-000860,BR-008,EMP-0008,2026-02-10,SALE,654.32,SOURCE_B
TXN-B-000861,BR-002,EMP-0014,2026-04-27,SALE,267.26,SOURCE_B
TXN-B-000862,BR-005,EMP-0029,2026-01-28,SALE,143.38,SOURCE_B
TXN-B-000863,BR-004,EMP-0010,2026-03-12,SALE,130.45,SOURCE_B
TXN-B-000864,BR-009,EMP-0016,2026-01-27,SALE,193.8,SOURCE_B
TXN-B-000865,BR-010,EMP-0024,2026-03-16,SALE,145.34,SOURCE_B
TXN-B-000866,BR-007,EMP-0003,2026-03-06,SALE,749.57,SOURCE_B
TXN-B-000867,BR-010,EMP-0025,2026-04-08,SALE,402.33,SOURCE_B
TXN-B-000868,BR-003,EMP-0024,2026-04-22,SALE,161.47,SOURCE_B
TXN-B-000869,BR-008,EMP-0008,2026-04-01,SALE,105.23,SOURCE_B
TXN-B-000870,BR-006,EMP-0005,2026-04-05,SALE,325.93,SOURCE_B
TXN-B-000871,BR-004,EMP-0007,2026-01-17,SALE,48.23,SOURCE_B
TXN-B-000872,BR-009,EMP-0023,2026-02-03,SALE,540.31,SOURCE_B
TXN-B-000873,BR-010,EMP-0015,2026-01-28,SALE,646.24,SOURCE_B
TXN-B-000874,BR-001,EMP-0003,2026-04-18,SALE,134.93,SOURCE_B
TXN-B-000875,BR-001,EMP-0013,2026-04-02,SALE,343.31,SOURCE_B
TXN-B-000876,BR-002,EMP-0007,2026-03-07,SALE,88.53,SOURCE_B
TXN-B-000877,BR-006,EMP-0025,2026-01-20,SALE,842.35,SOURCE_B
TXN-B-000878,BR-006,EMP-0031,2026-01-21,SALE,539.73,SOURCE_B
TXN-B-000879,BR-008,EMP-0022,2026-02-19,SALE,312.87,SOURCE_B
TXN-B-000880,BR-004,EMP-0019,2026-04-28,SALE,73.7,SOURCE_B
TXN-B-000881,BR-004,EMP-0029,2026-01-15,SALE,259.97,SOURCE_B
TXN-B-000882,BR-002,EMP-0015,2026-02-04,SALE,761.91,SOURCE_B
TXN-B-000883,BR-010,EMP-0023,2026-03-09,SALE,196.61,SOURCE_B
TXN-B-000884,BR-007,EMP-0032,2026-04-07,SALE,653.98,SOURCE_B
TXN-B-000885,BR-010,EMP-0029,2026-02-17,SALE,202.4,SOURCE_B
TXN-B-000886,BR-002,EMP-0020,2026-03-12,SALE,432.76,SOURCE_B
TXN-B-000887,BR-004,EMP-0017,2026-02-22,SALE,488.04,SOURCE_B
TXN-B-000888,BR-002,EMP-0012,2026-02-22,SALE,312.15,SOURCE_B
TXN-B-000889,BR-001,EMP-0010,2026-02-23,SALE,279.52,SOURCE_B
TXN-B-000890,BR-004,EMP-0024,2026-03-22,SALE,391.26,SOURCE_B
TXN-B-000891,BR-004,EMP-0006,2026-04-11,SALE,88.62,SOURCE_B
TXN-B-000892,BR-003,EMP-0021,2026-01-13,SALE,79.92,SOURCE_B
TXN-B-000893,BR-010,EMP-0005,2026-01-12,SALE,566.71,SOURCE_B
TXN-B-000894,BR-007,EMP-0031,2026-03-15,SALE,433.06,SOURCE_B
TXN-B-000895,BR-005,EMP-0018,2026-02-06,SALE,649.07,SOURCE_B
TXN-B-000896,BR-001,EMP-0032,2026-04-21,SALE,87.97,SOURCE_B
TXN-B-000897,BR-010,EMP-0030,2026-04-01,SALE,643.11,SOURCE_B
TXN-B-000898,BR-009,EMP-0025,2026-04-01,SALE,82.14,SOURCE_B
TXN-B-000899,BR-005,EMP-0013,2026-02-21,SALE,27.21,SOURCE_B
TXN-B-000900,BR-009,EMP-0013,2026-02-07,SALE,368.94,SOURCE_B
TXN-B-000901,BR-006,EMP-0003,2026-04-28,SALE,109.33,SOURCE_B
TXN-B-000902,BR-001,EMP-0017,2026-02-05,SALE,523.2,SOURCE_B
TXN-B-000903,BR-007,EMP-0023,2026-01-28,SALE,230.14,SOURCE_B
TXN-B-000904,BR-002,EMP-0012,2026-02-01,SALE,123.97,SOURCE_B
TXN-B-000905,BR-005,EMP-0011,2026-01-21,SALE,367.27,SOURCE_B
TXN-B-000906,BR-009,EMP-0024,2026-01-10,SALE,732.84,SOURCE_B
TXN-B-000907,BR-008,EMP-0020,2026-04-14,SALE,168.02,SOURCE_B
TXN-B-000908,BR-007,EMP-0027,2026-02-14,SALE,905.31,SOURCE_B
TXN-B-000909,BR-008,EMP-0010,2026-02-06,SALE,431.28,SOURCE_B
TXN-B-000910,BR-008,EMP-0001,2026-04-10,SALE,210.32,SOURCE_B
TXN-B-000911,BR-002,EMP-0004,2026-02-05,SALE,110.12,SOURCE_B
TXN-B-000912,BR-005,EMP-0032,2026-04-15,SALE,97.82,SOURCE_B
TXN-B-000913,BR-008,EMP-0030,2026-04-24,SALE,136.55,SOURCE_B
TXN-B-000914,BR-004,EMP-0030,2026-01-10,SALE,126.78,SOURCE_B
TXN-B-000915,BR-003,EMP-0023,2026-04-06,SALE,285.2,SOURCE_B
TXN-B-000916,BR-009,EMP-0002,2026-01-06,SALE,53.65,SOURCE_B
TXN-B-000917,BR-004,EMP-0004,2026-04-12,SALE,131.91,SOURCE_B
TXN-B-000918,BR-003,EMP-0028,2026-01-03,SALE,236.4,SOURCE_B
TXN-B-000919,BR-009,EMP-0019,2026-04-19,SALE,180.73,SOURCE_B
TXN-B-000920,BR-009,EMP-0029,2026-03-01,SALE,557.48,SOURCE_B
TXN-B-000921,BR-001,EMP-0006,2026-02-09,SALE,647.99,SOURCE_B
TXN-B-000922,BR-005,EMP-0030,2026-02-27,SALE,381.12,SOURCE_B
TXN-B-000923,BR-004,EMP-0013,2026-01-05,SALE,180.39,SOURCE_B
TXN-B-000924,BR-009,EMP-0016,2026-04-26,SALE,71.21,SOURCE_B
TXN-B-000925,BR-010,EMP-0003,2026-03-08,SALE,934.59,SOURCE_B
TXN-B-000926,BR-004,EMP-0003,2026-03-04,SALE,937.78,SOURCE_B
TXN-B-000927,BR-002,EMP-0008,2026-04-21,SALE,862.48,SOURCE_B
TXN-B-000928,BR-007,EMP-0024,2026-02-01,SALE,546.55,SOURCE_B
TXN-B-000929,BR-001,EMP-0014,2026-01-24,SALE,305.54,SOURCE_B
TXN-B-000930,BR-003,EMP-0013,2026-01-22,SALE,589.18,SOURCE_B
TXN-B-000931,BR-004,EMP-0029,2026-04-08,SALE,85.86,SOURCE_B
TXN-B-000932,BR-008,EMP-0018,2026-03-28,SALE,735.1,SOURCE_B
TXN-B-000933,BR-003,EMP-0023,2026-01-25,SALE,549.44,SOURCE_B
TXN-B-000934,BR-005,EMP-0005,2026-03-25,SALE,356.91,SOURCE_B
TXN-B-000935,BR-002,EMP-0030,2026-04-22,SALE,440.53,SOURCE_B
TXN-B-000936,BR-006,EMP-0024,2026-03-07,SALE,376.32,SOURCE_B
TXN-B-000937,BR-010,EMP-0026,2026-01-05,SALE,529.77,SOURCE_B
TXN-B-000938,BR-004,EMP-0009,2026-04-06,SALE,85.4,SOURCE_B
TXN-B-000939,BR-001,EMP-0014,2026-01-10,SALE,592.62,SOURCE_B
TXN-B-000940,BR-008,EMP-0029,2026-02-12,SALE,259.66,SOURCE_B
TXN-B-000941,BR-009,EMP-0005,2026-01-10,SALE,254.73,SOURCE_B
TXN-B-000942,BR-010,EMP-0005,2026-03-12,SALE,165.72,SOURCE_B
TXN-B-000943,BR-010,EMP-0026,2026-01-25,SALE,475.24,SOURCE_B
TXN-B-000944,BR-006,EMP-0019,2026-04-03,SALE,23.45,SOURCE_B
TXN-B-000945,BR-007,EMP-0002,2026-03-03,SALE,512.51,SOURCE_B
TXN-B-000946,BR-001,EMP-0017,2026-04-08,SALE,414.59,SOURCE_B
TXN-B-000947,BR-006,EMP-0013,2026-03-08,SALE,97.0,SOURCE_B
TXN-B-000948,BR-006,EMP-0008,2026-01-21,SALE,89.59,SOURCE_B
TXN-B-000949,BR-009,EMP-0032,2026-04-06,SALE,435.91,SOURCE_B
TXN-B-000950,BR-009,EMP-0017,2026-02-26,SALE,668.64,SOURCE_B
TXN-B-000951,BR-005,EMP-0018,2026-02-02,SALE,272.65,SOURCE_B
TXN-B-000952,BR-003,EMP-0022,2026-01-07,SALE,39.66,SOURCE_B
TXN-B-000953,BR-005,EMP-0024,2026-01-15,SALE,304.93,SOURCE_B
TXN-B-000954,BR-006,EMP-0008,2026-02-02,SALE,704.24,SOURCE_B
TXN-B-000955,BR-004,EMP-0001,2026-04-24,SALE,364.16,SOURCE_B
TXN-B-000956,BR-002,EMP-0029,2026-04-22,SALE,1072.86,SOURCE_B
TXN-B-000957,BR-005,EMP-0002,2026-03-26,SALE,425.01,SOURCE_B
TXN-B-000958,BR-003,EMP-0032,2026-02-02,SALE,482.82,SOURCE_B
TXN-B-000959,BR-007,EMP-0018,2026-03-27,SALE,114.96,SOURCE_B
TXN-B-000960,BR-001,EMP-0002,2026-02-14,SALE,495.17,SOURCE_B
TXN-B-000961,BR-002,EMP-0005,2026-04-15,SALE,55.34,SOURCE_B
TXN-B-000962,BR-002,EMP-0014,2026-03-09,SALE,359.89,SOURCE_B
TXN-B-000963,BR-007,EMP-0014,2026-03-22,SALE,329.37,SOURCE_B
TXN-B-000964,BR-007,EMP-0019,2026-04-19,SALE,84.61,SOURCE_B
TXN-B-000965,BR-002,EMP-0010,2026-04-19,SALE,526.36,SOURCE_B
TXN-B-000966,BR-007,EMP-0015,2026-03-01,SALE,185.85,SOURCE_B
TXN-B-000967,BR-007,EMP-0002,2026-04-01,SALE,103.0,SOURCE_B
TXN-B-000968,BR-007,EMP-0008,2026-02-23,SALE,83.07,SOURCE_B
TXN-B-000969,BR-001,EMP-0027,2026-03-12,SALE,682.54,SOURCE_B
TXN-B-000970,BR-005,EMP-0007,2026-04-16,SALE,505.2,SOURCE_B
TXN-B-000971,BR-003,EMP-0023,2026-01-28,SALE,138.9,SOURCE_B
TXN-B-000972,BR-004,EMP-0003,2026-02-13,SALE,38.53,SOURCE_B
TXN-B-000973,BR-003,EMP-0015,2026-03-27,SALE,178.38,SOURCE_B
TXN-B-000974,BR-008,EMP-0014,2026-02-07,SALE,537.85,SOURCE_B
TXN-B-000975,BR-010,EMP-0022,2026-01-07,SALE,265.64,SOURCE_B
TXN-B-000976,BR-006,EMP-0018,2026-02-21,SALE,605.61,SOURCE_B
TXN-B-000977,BR-001,EMP-0024,2026-03-23,SALE,674.97,SOURCE_B
TXN-B-000978,BR-004,EMP-0027,2026-02-17,SALE,172.7,SOURCE_B
TXN-B-000979,BR-009,EMP-0031,2026-01-25,SALE,37.41,SOURCE_B
TXN-B-000980,BR-004,EMP-0025,2026-01-22,SALE,1005.1,SOURCE_B
TXN-B-000981,BR-002,EMP-0019,2026-01-12,SALE,70.36,SOURCE_B
TXN-B-000982,BR-009,EMP-0012,2026-02-27,SALE,113.31,SOURCE_B
TXN-B-000983,BR-001,EMP-0008,2026-02-21,SALE,103.74,SOURCE_B
TXN-B-000984,BR-002,EMP-0019,2026-01-17,SALE,86.82,SOURCE_B
TXN-B-000985,BR-003,EMP-0018,2026-02-02,SALE,882.74,SOURCE_B
TXN-B-000986,BR-007,EMP-0018,2026-03-19,SALE,108.48,SOURCE_B
TXN-B-000987,BR-003,EMP-0004,2026-02-17,SALE,303.85,SOURCE_B
TXN-B-000988,BR-001,EMP-0017,2026-03-26,SALE,414.93,SOURCE_B
TXN-B-000989,BR-001,EMP-0013,2026-02-03,SALE,313.18,SOURCE_B
TXN-B-000990,BR-004,EMP-0005,2026-02-03,SALE,1061.67,SOURCE_B
TXN-B-000991,BR-006,EMP-0015,2026-01-13,SALE,191.06,SOURCE_B
TXN-B-000992,BR-010,EMP-0005,2026-01-26,SALE,838.93,SOURCE_B
TXN-B-000993,BR-008,EMP-0030,2026-01-11,SALE,596.8,SOURCE_B
TXN-B-000994,BR-004,EMP-0010,2026-04-18,SALE,521.07,SOURCE_B
TXN-B-000995,BR-006,EMP-0006,2026-02-08,SALE,443.52,SOURCE_B
TXN-B-000996,BR-010,EMP-0030,2026-02-06,SALE,245.45,SOURCE_B
TXN-B-000997,BR-009,EMP-0030,2026-02-01,SALE,263.68,SOURCE_B
TXN-B-000998,BR-009,EMP-0023,2026-04-02,SALE,766.8,SOURCE_B
TXN-B-000999,BR-010,EMP-0023,2026-04-10,SALE,497.7,SOURCE_B
TXN-B-001000,BR-010,EMP-0025,2026-04-12,SALE,92.54,SOURCE_B
TXN-B-001001,BR-010,EMP-0028,2026-03-05,SALE,130.88,SOURCE_B
TXN-B-001002,BR-002,EMP-0012,2026-04-18,SALE,245.64,SOURCE_B
TXN-B-001003,BR-004,EMP-0007,2026-04-18,SALE,298.49,SOURCE_B
TXN-B-001004,BR-005,EMP-0021,2026-02-21,SALE,960.35,SOURCE_B
TXN-B-001005,BR-007,EMP-0023,2026-04-11,SALE,242.44,SOURCE_B
TXN-B-001006,BR-008,EMP-0032,2026-01-21,SALE,16.4,SOURCE_B
TXN-B-001007,BR-006,EMP-0021,2026-02-27,SALE,197.65,SOURCE_B
TXN-B-001008,BR-003,EMP-0015,2026-04-13,SALE,25.29,SOURCE_B
TXN-B-001009,BR-004,EMP-0019,2026-04-02,SALE,316.71,SOURCE_B
TXN-B-001010,BR-001,EMP-0028,2026-01-20,SALE,608.34,SOURCE_B
TXN-B-001011,BR-008,EMP-0010,2026-01-09,SALE,213.98,SOURCE_B
TXN-B-001012,BR-009,EMP-0005,2026-01-19,SALE,116.04,SOURCE_B
TXN-B-001013,BR-008,EMP-0025,2026-02-17,SALE,533.97,SOURCE_B
TXN-B-001014,BR-003,EMP-0003,2026-02-02,SALE,150.12,SOURCE_B
TXN-B-001015,BR-008,EMP-0029,2026-03-26,SALE,199.67,SOURCE_B
TXN-B-001016,BR-007,EMP-0008,2026-04-13,SALE,441.52,SOURCE_B
TXN-B-001017,BR-007,EMP-0014,2026-04-03,SALE,751.63,SOURCE_B
TXN-B-001018,BR-006,EMP-0017,2026-02-15,SALE,99.94,SOURCE_B
TXN-B-001019,BR-010,EMP-0019,2026-04-06,SALE,257.33,SOURCE_B
TXN-B-001020,BR-001,EMP-0005,2026-03-27,SALE,156.31,SOURCE_B
TXN-B-001021,BR-001,EMP-0024,2026-03-26,SALE,208.44,SOURCE_B
TXN-B-001022,BR-006,EMP-0015,2026-04-15,SALE,43.68,SOURCE_B
TXN-B-001023,BR-003,EMP-0014,2026-03-02,SALE,328.2,SOURCE_B
TXN-B-001024,BR-009,EMP-0027,2026-02-09,SALE,224.75,SOURCE_B
TXN-B-001025,BR-005,EMP-0028,2026-03-01,SALE,1107.4,SOURCE_B
TXN-B-001026,BR-009,EMP-0005,2026-01-26,SALE,130.74,SOURCE_B
TXN-B-001027,BR-006,EMP-0031,2026-02-20,SALE,368.28,SOURCE_B
TXN-B-001028,BR-001,EMP-0030,2026-04-07,SALE,50.07,SOURCE_B
TXN-B-001029,BR-007,EMP-0015,2026-03-26,SALE,515.9,SOURCE_B
TXN-B-001030,BR-001,EMP-0027,2026-04-15,SALE,108.85,SOURCE_B
TXN-B-001031,BR-010,EMP-0028,2026-02-16,SALE,389.97,SOURCE_B
TXN-B-001032,BR-001,EMP-0030,2026-04-18,SALE,49.21,SOURCE_B
TXN-B-001033,BR-008,EMP-0011,2026-02-07,SALE,293.15,SOURCE_B
TXN-B-001034,BR-005,EMP-0008,2026-04-21,SALE,169.83,SOURCE_B
TXN-B-001035,BR-007,EMP-0024,2026-02-08,SALE,587.07,SOURCE_B
TXN-B-001036,BR-001,EMP-0009,2026-02-17,SALE,861.72,SOURCE_B
TXN-B-001037,BR-002,EMP-0006,2026-02-27,SALE,492.21,SOURCE_B
TXN-B-001038,BR-005,EMP-0028,2026-02-13,SALE,54.89,SOURCE_B
TXN-B-001039,BR-001,EMP-0018,2026-02-20,SALE,68.65,SOURCE_B
TXN-B-001040,BR-003,EMP-0032,2026-02-26,SALE,373.83,SOURCE_B
TXN-B-001041,BR-006,EMP-0006,2026-02-11,SALE,1046.87,SOURCE_B
TXN-B-001042,BR-009,EMP-0029,2026-04-03,SALE,670.6,SOURCE_B
TXN-B-001043,BR-002,EMP-0031,2026-03-22,SALE,14.63,SOURCE_B
TXN-B-001044,BR-010,EMP-0015,2026-01-20,SALE,265.11,SOURCE_B
TXN-B-001045,BR-007,EMP-0008,2026-04-03,SALE,231.14,SOURCE_B
TXN-B-001046,BR-008,EMP-0029,2026-01-08,SALE,163.24,SOURCE_B
TXN-B-001047,BR-004,EMP-0013,2026-01-07,SALE,194.22,SOURCE_B
TXN-B-001048,BR-010,EMP-0008,2026-04-28,SALE,76.08,SOURCE_B
TXN-B-001049,BR-001,EMP-0014,2026-01-05,SALE,327.75,SOURCE_B
TXN-B-001050,BR-003,EMP-0003,2026-02-03,SALE,5.75,SOURCE_B
TXN-B-001051,BR-007,EMP-0009,2026-04-10,SALE,754.16,SOURCE_B
TXN-B-001052,BR-009,EMP-0001,2026-03-13,SALE,93.88,SOURCE_B
TXN-B-001053,BR-008,EMP-0020,2026-04-27,SALE,339.75,SOURCE_B
TXN-B-001054,BR-005,EMP-0010,2026-01-05,SALE,281.09,SOURCE_B
TXN-B-001055,BR-005,EMP-0013,2026-02-10,SALE,7.71,SOURCE_B
TXN-B-001056,BR-009,EMP-0024,2026-04-19,SALE,26.39,SOURCE_B
TXN-B-001057,BR-009,EMP-0024,2026-03-20,SALE,158.18,SOURCE_B
TXN-B-001058,BR-010,EMP-0024,2026-03-05,SALE,139.13,SOURCE_B
TXN-B-001059,BR-009,EMP-0032,2026-03-11,SALE,380.53,SOURCE_B
TXN-B-001060,BR-002,EMP-0003,2026-02-20,SALE,278.92,SOURCE_B
TXN-B-001061,BR-002,EMP-0001,2026-03-17,SALE,233.22,SOURCE_B
TXN-B-001062,BR-002,EMP-0014,2026-02-22,SALE,263.53,SOURCE_B
TXN-B-001063,BR-002,EMP-0026,2026-01-03,SALE,350.53,SOURCE_B
TXN-B-001064,BR-002,EMP-0009,2026-03-06,SALE,220.62,SOURCE_B
TXN-B-001065,BR-003,EMP-0016,2026-04-12,SALE,187.69,SOURCE_B
TXN-B-001066,BR-003,EMP-0025,2026-01-10,SALE,107.07,SOURCE_B
TXN-B-001067,BR-003,EMP-0020,2026-03-06,SALE,247.9,SOURCE_B
TXN-B-001068,BR-005,EMP-0017,2026-01-12,SALE,386.3,SOURCE_B
TXN-B-001069,BR-007,EMP-0023,2026-04-10,SALE,42.45,SOURCE_B
TXN-B-001070,BR-006,EMP-0024,2026-04-17,SALE,297.47,SOURCE_B
TXN-B-001071,BR-005,EMP-0026,2026-03-04,SALE,684.74,SOURCE_B
TXN-B-001072,BR-009,EMP-0008,2026-04-07,SALE,18.72,SOURCE_B
TXN-B-001073,BR-001,EMP-0020,2026-02-12,SALE,259.69,SOURCE_B
TXN-B-001074,BR-006,EMP-0016,2026-01-28,SALE,140.74,SOURCE_B
TXN-B-001075,BR-009,EMP-0031,2026-01-17,SALE,76.71,SOURCE_B
TXN-B-001076,BR-005,EMP-0006,2026-01-07,SALE,187.02,SOURCE_B
TXN-B-001077,BR-007,EMP-0021,2026-04-20,SALE,268.44,SOURCE_B
TXN-B-001078,BR-008,EMP-0014,2026-04-28,SALE,301.58,SOURCE_B
TXN-B-001079,BR-003,EMP-0031,2026-02-07,SALE,313.5,SOURCE_B
TXN-B-001080,BR-001,EMP-0007,2026-03-13,SALE,126.51,SOURCE_B
TXN-B-001081,BR-006,EMP-0012,2026-02-25,SALE,829.63,SOURCE_B
TXN-B-001082,BR-005,EMP-0014,2026-03-15,SALE,540.04,SOURCE_B
TXN-B-001083,BR-001,EMP-0007,2026-02-05,SALE,211.13,SOURCE_B
TXN-B-001084,BR-008,EMP-0011,2026-03-10,SALE,416.77,SOURCE_B
TXN-B-001085,BR-009,EMP-0010,2026-01-21,SALE,486.44,SOURCE_B
TXN-B-001086,BR-001,EMP-0003,2026-02-19,SALE,202.53,SOURCE_B
TXN-B-001087,BR-010,EMP-0014,2026-03-17,SALE,502.56,SOURCE_B
TXN-B-001088,BR-002,EMP-0024,2026-03-17,SALE,159.58,SOURCE_B
TXN-B-001089,BR-006,EMP-0023,2026-02-08,SALE,277.26,SOURCE_B
TXN-B-001090,BR-002,EMP-0006,2026-03-25,SALE,317.48,SOURCE_B
TXN-B-001091,BR-004,EMP-0032,2026-03-09,SALE,61.98,SOURCE_B
TXN-B-001092,BR-008,EMP-0024,2026-01-08,SALE,154.33,SOURCE_B
TXN-B-001093,BR-003,EMP-0006,2026-01-09,SALE,203.3,SOURCE_B
TXN-B-001094,BR-006,EMP-0012,2026-04-27,SALE,395.18,SOURCE_B
TXN-B-001095,BR-002,EMP-0025,2026-03-09,SALE,890.45,SOURCE_B
TXN-B-001096,BR-007,EMP-0014,2026-04-07,SALE,494.15,SOURCE_B
TXN-B-001097,BR-007,EMP-0023,2026-03-18,SALE,15.02,SOURCE_B
TXN-B-001098,BR-001,EMP-0010,2026-01-26,SALE,233.74,SOURCE_B
TXN-B-001099,BR-002,EMP-0002,2026-01-10,SALE,197.92,SOURCE_B
TXN-B-001100,BR-006,EMP-0010,2026-01-27,SALE,454.65,SOURCE_B
TXN-B-001101,BR-001,EMP-0025,2026-01-08,SALE,422.25,SOURCE_B
TXN-B-001102,BR-006,EMP-0010,2026-02-22,SALE,16.12,SOURCE_B
TXN-B-001103,BR-007,EMP-0031,2026-04-15,SALE,230.84,SOURCE_B
TXN-B-001104,BR-004,EMP-0008,2026-04-06,SALE,781.69,SOURCE_B
TXN-B-001105,BR-002,EMP-0021,2026-03-01,SALE,109.8,SOURCE_B
TXN-B-001106,BR-006,EMP-0007,2026-04-17,SALE,192.12,SOURCE_B
TXN-B-001107,BR-010,EMP-0017,2026-03-16,SALE,268.46,SOURCE_B
TXN-B-001108,BR-010,EMP-0002,2026-02-23,SALE,29.52,SOURCE_B
TXN-B-001109,BR-004,EMP-0008,2026-01-23,SALE,234.69,SOURCE_B
TXN-B-001110,BR-008,EMP-0008,2026-03-21,SALE,33.2,SOURCE_B
TXN-B-001111,BR-004,EMP-0025,2026-03-04,SALE,125.66,SOURCE_B
TXN-B-001112,BR-007,EMP-0011,2026-01-06,SALE,180.84,SOURCE_B
TXN-B-001113,BR-001,EMP-0023,2026-01-14,SALE,1076.36,SOURCE_B
TXN-B-001114,BR-008,EMP-0001,2026-03-03,SALE,636.15,SOURCE_B
TXN-B-001115,BR-005,EMP-0026,2026-04-22,SALE,182.16,SOURCE_B
TXN-B-001116,BR-003,EMP-0026,2026-02-21,SALE,782.78,SOURCE_B
TXN-B-001117,BR-003,EMP-0001,2026-03-09,SALE,20.85,SOURCE_B
TXN-B-001118,BR-004,EMP-0030,2026-03-23,SALE,693.95,SOURCE_B
TXN-B-001119,BR-002,EMP-0023,2026-01-07,SALE,366.23,SOURCE_B
TXN-B-001120,BR-003,EMP-0013,2026-01-19,SALE,175.12,SOURCE_B
TXN-B-001121,BR-006,EMP-0013,2026-03-22,SALE,74.1,SOURCE_B
TXN-B-001122,BR-007,EMP-0013,2026-01-27,SALE,185.63,SOURCE_B
TXN-B-001123,BR-009,EMP-0028,2026-02-15,SALE,136.65,SOURCE_B
TXN-B-001124,BR-002,EMP-0007,2026-03-13,SALE,226.99,SOURCE_B
TXN-B-001125,BR-004,EMP-0013,2026-04-20,SALE,166.68,SOURCE_B
TXN-B-001126,BR-009,EMP-0008,2026-03-25,SALE,53.09,SOURCE_B
TXN-B-001127,BR-008,EMP-0014,2026-03-09,SALE,124.96,SOURCE_B
TXN-B-001128,BR-001,EMP-0002,2026-02-11,SALE,1165.23,SOURCE_B
TXN-B-001129,BR-010,EMP-0032,2026-04-28,SALE,181.4,SOURCE_B
TXN-B-001130,BR-002,EMP-0032,2026-02-21,SALE,118.85,SOURCE_B
TXN-B-001131,BR-005,EMP-0002,2026-03-16,SALE,316.99,SOURCE_B
TXN-B-001132,BR-002,EMP-0025,2026-04-16,SALE,262.71,SOURCE_B
TXN-B-001133,BR-005,EMP-0021,2026-03-15,SALE,107.23,SOURCE_B
TXN-B-001134,BR-010,EMP-0014,2026-04-16,SALE,555.58,SOURCE_B
TXN-B-001135,BR-002,EMP-0024,2026-04-08,SALE,152.75,SOURCE_B
TXN-B-001136,BR-001,EMP-0010,2026-02-04,SALE,992.17,SOURCE_B
TXN-B-001137,BR-009,EMP-0005,2026-04-02,SALE,886.99,SOURCE_B
TXN-B-001138,BR-001,EMP-0016,2026-01-07,SALE,45.29,SOURCE_B
TXN-B-001139,BR-007,EMP-0031,2026-04-26,SALE,161.02,SOURCE_B
TXN-B-001140,BR-001,EMP-0028,2026-02-21,SALE,107.38,SOURCE_B
TXN-B-001141,BR-003,EMP-0003,2026-04-22,SALE,53.36,SOURCE_B
TXN-B-001142,BR-001,EMP-0031,2026-01-14,SALE,538.84,SOURCE_B
TXN-B-001143,BR-006,EMP-0017,2026-03-03,SALE,396.23,SOURCE_B
TXN-B-001144,BR-007,EMP-0003,2026-01-18,SALE,305.37,SOURCE_B
TXN-B-001145,BR-003,EMP-0016,2026-04-18,SALE,625.28,SOURCE_B
TXN-B-001146,BR-008,EMP-0013,2026-01-27,SALE,575.92,SOURCE_B
TXN-B-001147,BR-008,EMP-0019,2026-01-16,SALE,138.81,SOURCE_B
TXN-B-001148,BR-006,EMP-0011,2026-02-05,SALE,50.23,SOURCE_B
TXN-B-001149,BR-009,EMP-0026,2026-02-20,SALE,85.93,SOURCE_B
TXN-B-001150,BR-003,EMP-0021,2026-01-16,SALE,257.27,SOURCE_B
TXN-B-001151,BR-002,EMP-0010,2026-02-16,SALE,251.89,SOURCE_B
TXN-B-001152,BR-008,EMP-0027,2026-04-15,SALE,265.8,SOURCE_B
TXN-B-001153,BR-004,EMP-0019,2026-02-01,SALE,316.09,SOURCE_B
TXN-B-001154,BR-002,EMP-0024,2026-04-08,SALE,138.9,SOURCE_B
TXN-B-001155,BR-005,EMP-0005,2026-02-15,SALE,340.94,SOURCE_B
TXN-B-001156,BR-004,EMP-0019,2026-01-02,SALE,206.01,SOURCE_B
TXN-B-001157,BR-009,EMP-0013,2026-01-21,SALE,136.78,SOURCE_B
TXN-B-001158,BR-006,EMP-0031,2026-01-08,SALE,242.53,SOURCE_B
TXN-B-001159,BR-008,EMP-0014,2026-01-22,SALE,195.06,SOURCE_B
TXN-B-001160,BR-004,EMP-0006,2026-02-24,SALE,107.96,SOURCE_B
TXN-B-001161,BR-010,EMP-0016,2026-04-01,SALE,81.13,SOURCE_B
TXN-B-001162,BR-001,EMP-0002,2026-01-11,SALE,7.72,SOURCE_B
TXN-B-001163,BR-005,EMP-0017,2026-02-06,SALE,185.22,SOURCE_B
TXN-B-001164,BR-005,EMP-0004,2026-01-05,SALE,187.75,SOURCE_B
TXN-B-001165,BR-006,EMP-0024,2026-03-13,SALE,539.56,SOURCE_B
TXN-B-001166,BR-002,EMP-0007,2026-04-11,SALE,585.58,SOURCE_B
TXN-B-001167,BR-007,EMP-0005,2026-04-16,SALE,538.09,SOURCE_B
TXN-B-001168,BR-009,EMP-0003,2026-03-06,SALE,203.03,SOURCE_B
TXN-B-001169,BR-010,EMP-0007,2026-03-20,SALE,46.3,SOURCE_B
TXN-B-001170,BR-004,EMP-0006,2026-03-20,SALE,163.76,SOURCE_B
TXN-B-001171,BR-001,EMP-0021,2026-04-25,SALE,360.9,SOURCE_B
TXN-B-001172,BR-003,EMP-0004,2026-04-28,SALE,112.54,SOURCE_B
TXN-B-001173,BR-001,EMP-0011,2026-02-14,SALE,156.23,SOURCE_B
TXN-B-001174,BR-008,EMP-0009,2026-01-04,SALE,106.13,SOURCE_B
TXN-B-001175,BR-004,EMP-0012,2026-02-25,SALE,39.97,SOURCE_B
TXN-B-001176,BR-005,EMP-0008,2026-03-20,SALE,1044.87,SOURCE_B
TXN-B-001177,BR-001,EMP-0006,2026-04-19,SALE,76.21,SOURCE_B
TXN-B-001178,BR-009,EMP-0025,2026-04-18,SALE,249.46,SOURCE_B
TXN-B-001179,BR-005,EMP-0017,2026-03-15,SALE,238.81,SOURCE_B
TXN-B-001180,BR-001,EMP-0006,2026-02-08,SALE,208.91,SOURCE_B
TXN-B-001181,BR-005,EMP-0007,2026-02-19,SALE,527.74,SOURCE_B
TXN-B-001182,BR-002,EMP-0024,2026-01-05,SALE,778.3,SOURCE_B
TXN-B-001183,BR-009,EMP-0026,2026-03-23,SALE,1104.13,SOURCE_B
TXN-B-001184,BR-003,EMP-0001,2026-04-18,SALE,328.51,SOURCE_B
TXN-B-001185,BR-005,EMP-0028,2026-02-26,SALE,164.5,SOURCE_B
TXN-B-001186,BR-003,EMP-0013,2026-02-23,SALE,271.49,SOURCE_B
TXN-B-001187,BR-009,EMP-0016,2026-04-07,SALE,404.0,SOURCE_B
TXN-B-001188,BR-006,EMP-0032,2026-04-02,SALE,73.94,SOURCE_B
TXN-B-001189,BR-010,EMP-0019,2026-04-23,SALE,736.04,SOURCE_B
TXN-B-001190,BR-003,EMP-0022,2026-02-25,SALE,935.07,SOURCE_B
TXN-B-001191,BR-001,EMP-0006,2026-04-02,SALE,101.13,SOURCE_B
TXN-B-001192,BR-010,EMP-0031,2026-02-02,SALE,15.05,SOURCE_B
TXN-B-001193,BR-006,EMP-0016,2026-01-27,SALE,351.46,SOURCE_B
TXN-B-001194,BR-006,EMP-0002,2026-04-15,SALE,71.22,SOURCE_B
TXN-B-001195,BR-010,EMP-0022,2026-03-26,SALE,439.92,SOURCE_B
TXN-B-001196,BR-009,EMP-0017,2026-01-16,SALE,186.35,SOURCE_B
TXN-B-001197,BR-010,EMP-0032,2026-03-03,SALE,267.56,SOURCE_B
TXN-B-001198,BR-007,EMP-0010,2026-02-22,SALE,68.71,SOURCE_B
TXN-B-001199,BR-008,EMP-0030,2026-02-25,SALE,1100.29,SOURCE_B
TXN-B-001200,BR-002,EMP-0029,2026-01-24,SALE,179.84,SOURCE_B
TXN-B-001201,BR-005,EMP-0002,2026-04-06,SALE,94.8,SOURCE_B
TXN-B-001202,BR-002,EMP-0023,2026-02-20,SALE,96.89,SOURCE_B
TXN-B-001203,BR-003,EMP-0018,2026-01-21,SALE,125.15,SOURCE_B
TXN-B-001204,BR-006,EMP-0023,2026-03-26,SALE,276.74,SOURCE_B
TXN-B-001205,BR-010,EMP-0013,2026-03-22,SALE,117.59,SOURCE_B
TXN-B-001206,BR-006,EMP-0005,2026-02-18,SALE,451.29,SOURCE_B
TXN-B-001207,BR-007,EMP-0028,2026-04-19,SALE,330.85,SOURCE_B
TXN-B-001208,BR-010,EMP-0019,2026-04-01,SALE,72.77,SOURCE_B
TXN-B-001209,BR-003,EMP-0029,2026-02-06,SALE,189.06,SOURCE_B
TXN-B-001210,BR-010,EMP-0014,2026-02-06,SALE,121.15,SOURCE_B
TXN-B-001211,BR-004,EMP-0030,2026-04-26,SALE,145.78,SOURCE_B
TXN-B-001212,BR-001,EMP-0011,2026-03-26,SALE,107.32,SOURCE_B
TXN-B-001213,BR-003,EMP-0001,2026-02-16,SALE,88.68,SOURCE_B
TXN-B-001214,BR-008,EMP-0001,2026-04-25,SALE,1107.71,SOURCE_B
TXN-B-001215,BR-008,EMP-0015,2026-04-27,SALE,311.66,SOURCE_B
TXN-B-001216,BR-004,EMP-0008,2026-01-05,SALE,270.47,SOURCE_B
TXN-B-001217,BR-003,EMP-0016,2026-04-08,SALE,597.62,SOURCE_B
TXN-B-001218,BR-003,EMP-0001,2026-02-21,SALE,128.35,SOURCE_B
TXN-B-001219,BR-004,EMP-0007,2026-03-08,SALE,136.03,SOURCE_B
TXN-B-001220,BR-006,EMP-0009,2026-04-07,SALE,409.64,SOURCE_B
TXN-B-001221,BR-010,EMP-0005,2026-04-13,SALE,233.95,SOURCE_B
TXN-B-001222,BR-010,EMP-0016,2026-01-26,SALE,924.96,SOURCE_B
TXN-B-001223,BR-005,EMP-0009,2026-03-09,SALE,488.33,SOURCE_B
TXN-B-001224,BR-001,EMP-0019,2026-02-23,SALE,45.9,SOURCE_B
TXN-B-001225,BR-009,EMP-0005,2026-01-09,SALE,69.1,SOURCE_B
TXN-B-001226,BR-002,EMP-0021,2026-04-21,SALE,404.37,SOURCE_B
TXN-B-001227,BR-001,EMP-0012,2026-03-24,SALE,1002.01,SOURCE_B
TXN-B-001228,BR-001,EMP-0019,2026-03-09,SALE,344.75,SOURCE_B
TXN-B-001229,BR-004,EMP-0028,2026-02-07,SALE,774.76,SOURCE_B
TXN-B-001230,BR-010,EMP-0022,2026-01-13,SALE,171.45,SOURCE_B
TXN-B-001231,BR-007,EMP-0021,2026-02-28,SALE,228.08,SOURCE_B
TXN-B-001232,BR-009,EMP-0010,2026-01-09,SALE,248.09,SOURCE_B
TXN-B-001233,BR-009,EMP-0024,2026-01-23,SALE,850.01,SOURCE_B
TXN-B-001234,BR-005,EMP-0029,2026-02-08,SALE,12.08,SOURCE_B
TXN-B-001235,BR-009,EMP-0015,2026-03-21,SALE,542.19,SOURCE_B
TXN-B-001236,BR-003,EMP-0010,2026-01-19,SALE,54.0,SOURCE_B
TXN-B-001237,BR-003,EMP-0025,2026-03-06,SALE,79.87,SOURCE_B
TXN-B-001238,BR-008,EMP-0028,2026-03-05,SALE,892.06,SOURCE_B
TXN-B-001239,BR-004,EMP-0031,2026-01-15,SALE,217.73,SOURCE_B
TXN-B-001240,BR-005,EMP-0012,2026-01-07,SALE,170.01,SOURCE_B
TXN-B-001241,BR-004,EMP-0008,2026-02-13,SALE,37.38,SOURCE_B
TXN-B-001242,BR-006,EMP-0010,2026-02-18,SALE,803.08,SOURCE_B
TXN-B-001243,BR-006,EMP-0005,2026-03-04,SALE,692.48,SOURCE_B
TXN-B-001244,BR-007,EMP-0005,2026-01-17,SALE,33.99,SOURCE_B
TXN-B-001245,BR-006,EMP-0008,2026-01-28,SALE,104.21,SOURCE_B
TXN-B-001246,BR-005,EMP-0005,2026-03-27,SALE,70.58,SOURCE_B
TXN-B-001247,BR-006,EMP-0001,2026-04-27,SALE,339.12,SOURCE_B
TXN-B-001248,BR-002,EMP-0013,2026-01-26,SALE,86.59,SOURCE_B
TXN-B-001249,BR-001,EMP-0026,2026-03-19,SALE,194.13,SOURCE_B
TXN-B-001250,BR-010,EMP-0021,2026-04-01,SALE,173.56,SOURCE_B
TXN-B-001251,BR-008,EMP-0032,2026-03-23,SALE,82.44,SOURCE_B
TXN-B-001252,BR-010,EMP-0022,2026-04-22,SALE,41.69,SOURCE_B
TXN-B-001253,BR-010,EMP-0015,2026-02-17,SALE,129.16,SOURCE_B
TXN-B-001254,BR-002,EMP-0004,2026-01-05,SALE,651.63,SOURCE_B
TXN-B-001255,BR-006,EMP-0015,2026-04-08,SALE,136.98,SOURCE_B
TXN-B-001256,BR-009,EMP-0024,2026-01-11,SALE,96.06,SOURCE_B
TXN-B-001257,BR-008,EMP-0012,2026-04-27,SALE,272.01,SOURCE_B
TXN-B-001258,BR-009,EMP-0010,2026-01-10,SALE,266.61,SOURCE_B
TXN-B-001259,BR-009,EMP-0018,2026-02-22,SALE,388.77,SOURCE_B
TXN-B-001260,BR-005,EMP-0024,2026-03-17,SALE,211.26,SOURCE_B
TXN-B-001261,BR-002,EMP-0031,2026-03-09,SALE,58.86,SOURCE_B
TXN-B-001262,BR-001,EMP-0006,2026-03-22,SALE,171.15,SOURCE_B
TXN-B-001263,BR-006,EMP-0004,2026-01-24,SALE,142.72,SOURCE_B
TXN-B-001264,BR-006,EMP-0003,2026-01-24,SALE,8.83,SOURCE_B
TXN-B-001265,BR-009,EMP-0030,2026-04-26,SALE,200.94,SOURCE_B
TXN-B-001266,BR-002,EMP-0010,2026-01-02,SALE,139.01,SOURCE_B
TXN-B-001267,BR-006,EMP-0030,2026-01-23,SALE,598.92,SOURCE_B
TXN-B-001268,BR-008,EMP-0009,2026-04-09,SALE,106.61,SOURCE_B
TXN-B-001269,BR-008,EMP-0019,2026-01-21,SALE,306.52,SOURCE_B
TXN-B-001270,BR-010,EMP-0029,2026-04-18,SALE,597.96,SOURCE_B
TXN-B-001271,BR-003,EMP-0005,2026-02-13,SALE,161.85,SOURCE_B
TXN-B-001272,BR-006,EMP-0012,2026-01-03,SALE,156.85,SOURCE_B
TXN-B-001273,BR-006,EMP-0012,2026-03-22,SALE,18.57,SOURCE_B
TXN-B-001274,BR-008,EMP-0020,2026-01-09,SALE,171.51,SOURCE_B
TXN-B-001275,BR-009,EMP-0018,2026-03-07,SALE,384.19,SOURCE_B
TXN-B-001276,BR-001,EMP-0009,2026-02-23,SALE,99.62,SOURCE_B
TXN-B-001277,BR-010,EMP-0017,2026-02-09,SALE,334.8,SOURCE_B
TXN-B-001278,BR-006,EMP-0007,2026-01-11,SALE,30.78,SOURCE_B
TXN-B-001279,BR-007,EMP-0011,2026-04-19,SALE,130.01,SOURCE_B
TXN-B-001280,BR-009,EMP-0023,2026-04-08,SALE,363.65,SOURCE_B
TXN-B-001281,BR-004,EMP-0006,2026-03-10,SALE,276.07,SOURCE_B
TXN-B-001282,BR-007,EMP-0001,2026-02-25,SALE,133.66,SOURCE_B
TXN-B-001283,BR-009,EMP-0005,2026-04-19,SALE,115.71,SOURCE_B
TXN-B-001284,BR-010,EMP-0016,2026-03-13,SALE,94.22,SOURCE_B
TXN-B-001285,BR-006,EMP-0028,2026-01-24,SALE,24.81,SOURCE_B
TXN-B-001286,BR-001,EMP-0021,2026-04-16,SALE,36.33,SOURCE_B
TXN-B-001287,BR-010,EMP-0029,2026-03-15,SALE,647.67,SOURCE_B
TXN-B-001288,BR-007,EMP-0005,2026-02-06,SALE,1021.19,SOURCE_B
TXN-B-001289,BR-005,EMP-0019,2026-01-18,SALE,406.23,SOURCE_B
TXN-B-001290,BR-001,EMP-0025,2026-03-04,SALE,782.44,SOURCE_B
TXN-B-001291,BR-007,EMP-0024,2026-03-07,SALE,374.92,SOURCE_B
TXN-B-001292,BR-010,EMP-0006,2026-01-02,SALE,128.73,SOURCE_B
TXN-B-001293,BR-008,EMP-0028,2026-01-15,SALE,68.83,SOURCE_B
TXN-B-001294,BR-005,EMP-0012,2026-04-20,SALE,297.57,SOURCE_B
TXN-B-001295,BR-007,EMP-0014,2026-02-24,SALE,101.14,SOURCE_B
TXN-B-001296,BR-001,EMP-0011,2026-02-28,SALE,118.92,SOURCE_B
TXN-B-001297,BR-007,EMP-0009,2026-04-18,SALE,488.64,SOURCE_B
TXN-B-001298,BR-009,EMP-0002,2026-01-11,SALE,490.84,SOURCE_B
TXN-B-001299,BR-008,EMP-0024,2026-03-06,SALE,932.82,SOURCE_B
TXN-B-001300,BR-004,EMP-0031,2026-03-18,SALE,96.29,SOURCE_B
TXN-B-001301,BR-004,EMP-0020,2026-03-10,SALE,322.56,SOURCE_B
TXN-B-001302,BR-004,EMP-0005,2026-04-22,SALE,938.8,SOURCE_B
TXN-B-001303,BR-009,EMP-0017,2026-02-06,SALE,1072.84,SOURCE_B
TXN-B-001304,BR-001,EMP-0032,2026-02-06,SALE,72.11,SOURCE_B
TXN-B-001305,BR-005,EMP-0026,2026-02-08,SALE,165.45,SOURCE_B
TXN-B-001306,BR-002,EMP-0010,2026-01-27,SALE,105.08,SOURCE_B
TXN-B-001307,BR-003,EMP-0012,2026-02-15,SALE,301.41,SOURCE_B
TXN-B-001308,BR-004,EMP-0004,2026-02-06,SALE,832.09,SOURCE_B
TXN-B-001309,BR-005,EMP-0010,2026-02-26,SALE,413.3,SOURCE_B
TXN-B-001310,BR-002,EMP-0004,2026-03-16,SALE,66.76,SOURCE_B
TXN-B-001311,BR-010,EMP-0005,2026-02-21,SALE,404.42,SOURCE_B
TXN-B-001312,BR-006,EMP-0027,2026-01-23,SALE,724.73,SOURCE_B
TXN-B-001313,BR-005,EMP-0002,2026-03-27,SALE,276.05,SOURCE_B
TXN-B-001314,BR-008,EMP-0018,2026-04-23,SALE,70.16,SOURCE_B
TXN-B-001315,BR-007,EMP-0013,2026-02-15,SALE,437.6,SOURCE_B
TXN-B-001316,BR-007,EMP-0017,2026-02-07,SALE,262.63,SOURCE_B
TXN-B-001317,BR-010,EMP-0023,2026-04-27,SALE,423.06,SOURCE_B
TXN-B-001318,BR-003,EMP-0029,2026-03-10,SALE,120.3,SOURCE_B
TXN-B-001319,BR-004,EMP-0024,2026-02-01,SALE,506.87,SOURCE_B
TXN-B-001320,BR-001,EMP-0004,2026-04-11,SALE,36.35,SOURCE_B
TXN-B-001321,BR-003,EMP-0030,2026-03-27,SALE,533.31,SOURCE_B
TXN-B-001322,BR-009,EMP-0023,2026-03-09,SALE,258.91,SOURCE_B
TXN-B-001323,BR-001,EMP-0024,2026-02-17,SALE,186.8,SOURCE_B
TXN-B-001324,BR-002,EMP-0024,2026-04-24,SALE,329.81,SOURCE_B
TXN-B-001325,BR-007,EMP-0028,2026-01-17,SALE,624.85,SOURCE_B
TXN-B-001326,BR-002,EMP-0009,2026-04-11,SALE,192.01,SOURCE_B
TXN-B-001327,BR-005,EMP-0025,2026-02-18,SALE,287.15,SOURCE_B
TXN-B-001328,BR-006,EMP-0005,2026-03-20,SALE,78.87,SOURCE_B
TXN-B-001329,BR-010,EMP-0030,2026-02-15,SALE,418.26,SOURCE_B
TXN-B-001330,BR-004,EMP-0032,2026-03-15,SALE,762.78,SOURCE_B
TXN-B-001331,BR-004,EMP-0020,2026-03-14,SALE,66.49,SOURCE_B
TXN-B-001332,BR-001,EMP-0020,2026-02-11,SALE,13.0,SOURCE_B
TXN-B-001333,BR-004,EMP-0029,2026-01-19,SALE,747.99,SOURCE_B
TXN-B-001334,BR-007,EMP-0026,2026-04-28,SALE,77.36,SOURCE_B
TXN-B-001335,BR-004,EMP-0029,2026-03-24,SALE,126.75,SOURCE_B
TXN-B-001336,BR-002,EMP-0015,2026-01-08,SALE,227.77,SOURCE_B
TXN-B-001337,BR-004,EMP-0014,2026-01-11,SALE,101.26,SOURCE_B
TXN-B-001338,BR-002,EMP-0005,2026-03-11,SALE,811.19,SOURCE_B
TXN-B-001339,BR-007,EMP-0017,2026-01-24,SALE,171.69,SOURCE_B
TXN-B-001340,BR-009,EMP-0006,2026-03-10,SALE,22.02,SOURCE_B
TXN-B-001341,BR-006,EMP-0032,2026-03-23,SALE,438.37,SOURCE_B
TXN-B-001342,BR-006,EMP-0017,2026-02-05,SALE,797.45,SOURCE_B
TXN-B-001343,BR-010,EMP-0007,2026-04-13,SALE,72.64,SOURCE_B
TXN-B-001344,BR-002,EMP-0028,2026-04-22,SALE,240.22,SOURCE_B
TXN-B-001345,BR-001,EMP-0016,2026-02-03,SALE,773.85,SOURCE_B
TXN-B-001346,BR-003,EMP-0007,2026-01-07,SALE,436.82,SOURCE_B
TXN-B-001347,BR-007,EMP-0021,2026-03-06,SALE,205.25,SOURCE_B
TXN-B-001348,BR-006,EMP-0027,2026-02-08,SALE,277.37,SOURCE_B
TXN-B-001349,BR-005,EMP-0011,2026-02-11,SALE,134.54,SOURCE_B
TXN-B-001350,BR-002,EMP-0020,2026-04-19,SALE,838.77,SOURCE_B
TXN-B-001351,BR-007,EMP-0027,2026-02-27,SALE,93.97,SOURCE_B
TXN-B-001352,BR-001,EMP-0022,2026-01-26,SALE,169.87,SOURCE_B
TXN-B-001353,BR-002,EMP-0008,2026-01-13,SALE,191.92,SOURCE_B
TXN-B-001354,BR-002,EMP-0031,2026-03-13,SALE,94.75,SOURCE_B
TXN-B-001355,BR-006,EMP-0032,2026-01-15,SALE,543.23,SOURCE_B
TXN-B-001356,BR-008,EMP-0013,2026-03-09,SALE,400.99,SOURCE_B
TXN-B-001357,BR-006,EMP-0019,2026-01-06,SALE,162.82,SOURCE_B
TXN-B-001358,BR-006,EMP-0028,2026-02-17,SALE,328.16,SOURCE_B
TXN-B-001359,BR-007,EMP-0006,2026-02-27,SALE,69.98,SOURCE_B
TXN-B-001360,BR-002,EMP-0032,2026-03-05,SALE,275.12,SOURCE_B
TXN-B-001361,BR-010,EMP-0002,2026-03-10,SALE,225.15,SOURCE_B
TXN-B-001362,BR-006,EMP-0001,2026-01-02,SALE,171.58,SOURCE_B
TXN-B-001363,BR-005,EMP-0012,2026-01-28,SALE,187.0,SOURCE_B
TXN-B-001364,BR-007,EMP-0027,2026-03-11,SALE,226.72,SOURCE_B
TXN-B-001365,BR-005,EMP-0030,2026-04-18,SALE,35.66,SOURCE_B
TXN-B-001366,BR-005,EMP-0024,2026-01-24,SALE,343.01,SOURCE_B
TXN-B-001367,BR-004,EMP-0026,2026-01-14,SALE,304.7,SOURCE_B
TXN-B-001368,BR-003,EMP-0028,2026-01-17,SALE,895.07,SOURCE_B
TXN-B-001369,BR-001,EMP-0028,2026-03-20,SALE,267.79,SOURCE_B
TXN-B-001370,BR-006,EMP-0028,2026-01-15,SALE,82.94,SOURCE_B
TXN-B-001371,BR-007,EMP-0014,2026-04-02,SALE,464.59,SOURCE_B
TXN-B-001372,BR-009,EMP-0030,2026-03-02,SALE,64.77,SOURCE_B
TXN-B-001373,BR-001,EMP-0017,2026-04-20,SALE,973.9,SOURCE_B
TXN-B-001374,BR-004,EMP-0014,2026-01-20,SALE,64.84,SOURCE_B
TXN-B-001375,BR-009,EMP-0011,2026-02-21,SALE,385.42,SOURCE_B
TXN-B-001376,BR-006,EMP-0026,2026-04-10,SALE,521.01,SOURCE_B
TXN-B-001377,BR-001,EMP-0015,2026-04-04,SALE,172.71,SOURCE_B
TXN-B-001378,BR-002,EMP-0015,2026-02-05,SALE,162.99,SOURCE_B
TXN-B-001379,BR-006,EMP-0005,2026-01-26,SALE,107.24,SOURCE_B
TXN-B-001380,BR-009,EMP-0025,2026-02-28,SALE,666.42,SOURCE_B
TXN-B-001381,BR-009,EMP-0004,2026-04-03,SALE,83.15,SOURCE_B
TXN-B-001382,BR-001,EMP-0027,2026-04-15,SALE,79.64,SOURCE_B
TXN-B-001383,BR-002,EMP-0016,2026-03-04,SALE,63.63,SOURCE_B
TXN-B-001384,BR-003,EMP-0030,2026-01-05,SALE,269.28,SOURCE_B
TXN-B-001385,BR-003,EMP-0005,2026-01-19,SALE,162.79,SOURCE_B
TXN-B-001386,BR-006,EMP-0019,2026-01-16,SALE,113.1,SOURCE_B
TXN-B-001387,BR-003,EMP-0015,2026-03-19,SALE,689.69,SOURCE_B
TXN-B-001388,BR-007,EMP-0028,2026-02-12,SALE,327.21,SOURCE_B
TXN-B-001389,BR-006,EMP-0007,2026-03-21,SALE,99.92,SOURCE_B
TXN-B-001390,BR-002,EMP-0022,2026-04-24,SALE,104.74,SOURCE_B
TXN-B-001391,BR-007,EMP-0016,2026-04-25,SALE,46.6,SOURCE_B
TXN-B-001392,BR-002,EMP-0001,2026-03-20,SALE,60.93,SOURCE_B
TXN-B-001393,BR-008,EMP-0003,2026-02-17,SALE,1078.7,SOURCE_B
TXN-B-001394,BR-010,EMP-0015,2026-04-08,SALE,707.13,SOURCE_B
TXN-B-001395,BR-003,EMP-0006,2026-04-03,SALE,400.89,SOURCE_B
TXN-B-001396,BR-010,EMP-0032,2026-02-20,SALE,386.46,SOURCE_B
TXN-B-001397,BR-005,EMP-0024,2026-01-18,SALE,21.09,SOURCE_B
TXN-B-001398,BR-003,EMP-0019,2026-03-08,SALE,772.05,SOURCE_B
TXN-B-001399,BR-005,EMP-0017,2026-04-12,SALE,51.42,SOURCE_B
TXN-B-001400,BR-004,EMP-0001,2026-01-04,SALE,459.89,SOURCE_B
TXN-B-001401,BR-001,EMP-0001,2026-02-15,SALE,526.58,SOURCE_B
TXN-B-001402,BR-007,EMP-0018,2026-02-22,SALE,571.61,SOURCE_B
TXN-B-001403,BR-004,EMP-0030,2026-04-20,SALE,47.81,SOURCE_B
TXN-B-001404,BR-010,EMP-0028,2026-02-28,SALE,384.52,SOURCE_B
TXN-B-001405,BR-009,EMP-0012,2026-03-10,SALE,443.55,SOURCE_B
TXN-B-001406,BR-009,EMP-0021,2026-04-14,SALE,458.17,SOURCE_B
TXN-B-001407,BR-009,EMP-0024,2026-02-24,SALE,172.36,SOURCE_B
TXN-B-001408,BR-006,EMP-0016,2026-01-17,SALE,688.08,SOURCE_B
TXN-B-001409,BR-005,EMP-0004,2026-02-18,SALE,591.17,SOURCE_B
TXN-B-001410,BR-010,EMP-0022,2026-02-19,SALE,345.11,SOURCE_B
TXN-B-001411,BR-007,EMP-0029,2026-03-25,SALE,57.46,SOURCE_B
TXN-B-001412,BR-005,EMP-0024,2026-02-09,SALE,128.5,SOURCE_B
TXN-B-001413,BR-005,EMP-0024,2026-04-17,SALE,95.6,SOURCE_B
TXN-B-001414,BR-006,EMP-0005,2026-02-10,SALE,313.74,SOURCE_B
TXN-B-001415,BR-005,EMP-0012,2026-01-25,SALE,547.04,SOURCE_B
TXN-B-001416,BR-005,EMP-0007,2026-03-05,SALE,37.97,SOURCE_B
TXN-B-001417,BR-004,EMP-0002,2026-03-07,SALE,69.26,SOURCE_B
TXN-B-001418,BR-006,EMP-0017,2026-01-16,SALE,196.17,SOURCE_B
TXN-B-001419,BR-006,EMP-0006,2026-03-19,SALE,191.27,SOURCE_B
TXN-B-001420,BR-007,EMP-0011,2026-02-05,SALE,823.84,SOURCE_B
TXN-B-001421,BR-009,EMP-0002,2026-04-13,SALE,492.44,SOURCE_B
TXN-B-001422,BR-004,EMP-0011,2026-02-01,SALE,100.83,SOURCE_B
TXN-B-001423,BR-007,EMP-0030,2026-04-25,SALE,167.79,SOURCE_B
TXN-B-001424,BR-009,EMP-0029,2026-03-10,SALE,953.36,SOURCE_B
TXN-B-001425,BR-009,EMP-0018,2026-04-21,SALE,155.91,SOURCE_B
TXN-B-001426,BR-009,EMP-0031,2026-02-05,SALE,136.85,SOURCE_B
TXN-B-001427,BR-001,EMP-0028,2026-02-04,SALE,107.2,SOURCE_B
TXN-B-001428,BR-004,EMP-0024,2026-01-07,SALE,121.22,SOURCE_B
TXN-B-001429,BR-003,EMP-0028,2026-02-08,SALE,388.43,SOURCE_B
TXN-B-001430,BR-009,EMP-0008,2026-01-17,SALE,43.83,SOURCE_B
TXN-B-001431,BR-010,EMP-0015,2026-01-10,SALE,390.48,SOURCE_B
TXN-B-001432,BR-003,EMP-0018,2026-02-10,SALE,592.31,SOURCE_B
TXN-B-001433,BR-007,EMP-0013,2026-04-02,SALE,106.56,SOURCE_B
TXN-B-001434,BR-007,EMP-0016,2026-04-03,SALE,335.1,SOURCE_B
TXN-B-001435,BR-010,EMP-0030,2026-01-21,SALE,115.91,SOURCE_B
TXN-B-001436,BR-001,EMP-0006,2026-04-18,SALE,399.04,SOURCE_B
TXN-B-001437,BR-006,EMP-0011,2026-01-07,SALE,276.28,SOURCE_B
TXN-B-001438,BR-007,EMP-0007,2026-04-23,SALE,115.91,SOURCE_B
TXN-B-001439,BR-004,EMP-0014,2026-04-28,SALE,217.87,SOURCE_B
TXN-B-001440,BR-003,EMP-0032,2026-02-09,SALE,230.66,SOURCE_B
TXN-B-001441,BR-006,EMP-0012,2026-01-01,SALE,196.45,SOURCE_B
TXN-B-001442,BR-004,EMP-0018,2026-02-02,SALE,146.12,SOURCE_B
TXN-B-001443,BR-004,EMP-0011,2026-04-10,SALE,624.13,SOURCE_B
TXN-B-001444,BR-007,EMP-0019,2026-03-06,SALE,289.15,SOURCE_B
TXN-B-001445,BR-008,EMP-0020,2026-03-11,SALE,278.84,SOURCE_B
TXN-B-001446,BR-002,EMP-0019,2026-01-11,SALE,556.12,SOURCE_B
TXN-B-001447,BR-007,EMP-0018,2026-03-16,SALE,195.68,SOURCE_B
TXN-B-001448,BR-009,EMP-0010,2026-01-08,SALE,523.97,SOURCE_B
TXN-B-001449,BR-004,EMP-0003,2026-04-06,SALE,124.33,SOURCE_B
TXN-B-001450,BR-001,EMP-0021,2026-01-06,SALE,110.41,SOURCE_B
TXN-B-001451,BR-004,EMP-0003,2026-04-20,SALE,234.3,SOURCE_B
TXN-B-001452,BR-003,EMP-0003,2026-04-16,SALE,173.04,SOURCE_B
TXN-B-001453,BR-004,EMP-0022,2026-04-22,SALE,288.11,SOURCE_B
TXN-B-001454,BR-001,EMP-0006,2026-04-14,SALE,908.44,SOURCE_B
TXN-B-001455,BR-002,EMP-0007,2026-03-25,SALE,53.66,SOURCE_B
TXN-B-001456,BR-001,EMP-0030,2026-04-13,SALE,236.31,SOURCE_B
TXN-B-001457,BR-005,EMP-0004,2026-03-13,SALE,17.91,SOURCE_B
TXN-B-001458,BR-004,EMP-0025,2026-01-14,SALE,301.37,SOURCE_B
TXN-B-001459,BR-004,EMP-0014,2026-03-24,SALE,638.35,SOURCE_B
TXN-B-001460,BR-006,EMP-0013,2026-04-25,SALE,569.49,SOURCE_B
TXN-B-001461,BR-010,EMP-0020,2026-03-22,SALE,230.24,SOURCE_B
TXN-B-001462,BR-007,EMP-0028,2026-03-13,SALE,398.48,SOURCE_B
TXN-B-001463,BR-005,EMP-0015,2026-04-19,SALE,122.31,SOURCE_B
TXN-B-001464,BR-007,EMP-0005,2026-04-25,SALE,177.96,SOURCE_B
TXN-B-001465,BR-007,EMP-0012,2026-04-14,SALE,146.56,SOURCE_B
TXN-B-001466,BR-010,EMP-0029,2026-04-09,SALE,49.43,SOURCE_B
TXN-B-001467,BR-010,EMP-0009,2026-04-04,SALE,28.95,SOURCE_B
TXN-B-001468,BR-006,EMP-0018,2026-03-18,SALE,150.57,SOURCE_B
TXN-B-001469,BR-009,EMP-0014,2026-01-16,SALE,336.15,SOURCE_B
TXN-B-001470,BR-004,EMP-0002,2026-01-11,SALE,55.81,SOURCE_B
TXN-B-001471,BR-005,EMP-0008,2026-02-01,SALE,348.92,SOURCE_B
TXN-B-001472,BR-010,EMP-0004,2026-01-09,SALE,420.27,SOURCE_B
TXN-B-001473,BR-004,EMP-0002,2026-02-22,SALE,49.48,SOURCE_B
TXN-B-001474,BR-009,EMP-0001,2026-04-16,SALE,131.18,SOURCE_B
TXN-B-001475,BR-008,EMP-0021,2026-02-03,SALE,373.11,SOURCE_B
TXN-B-001476,BR-006,EMP-0011,2026-04-24,SALE,444.84,SOURCE_B
TXN-B-001477,BR-006,EMP-0011,2026-02-21,SALE,132.86,SOURCE_B
TXN-B-001478,BR-009,EMP-0019,2026-04-18,SALE,129.94,SOURCE_B
TXN-B-001479,BR-005,EMP-0028,2026-04-02,SALE,94.77,SOURCE_B
TXN-B-001480,BR-009,EMP-0009,2026-02-06,SALE,165.3,SOURCE_B
TXN-B-001481,BR-008,EMP-0011,2026-04-26,SALE,12.67,SOURCE_B
TXN-B-001482,BR-005,EMP-0019,2026-03-03,SALE,1137.31,SOURCE_B
TXN-B-001483,BR-010,EMP-0008,2026-02-23,SALE,423.41,SOURCE_B
TXN-B-001484,BR-008,EMP-0011,2026-04-03,SALE,188.56,SOURCE_B
TXN-B-001485,BR-003,EMP-0002,2026-03-13,SALE,352.61,SOURCE_B
TXN-B-001486,BR-008,EMP-0028,2026-02-08,SALE,354.65,SOURCE_B
TXN-B-001487,BR-002,EMP-0001,2026-04-15,SALE,110.14,SOURCE_B
TXN-B-001488,BR-008,EMP-0004,2026-01-08,SALE,203.41,SOURCE_B
TXN-B-001489,BR-002,EMP-0002,2026-04-13,SALE,258.5,SOURCE_B
TXN-B-001490,BR-005,EMP-0021,2026-04-22,SALE,193.37,SOURCE_B
TXN-B-001491,BR-001,EMP-0029,2026-03-21,SALE,531.89,SOURCE_B
TXN-B-001492,BR-003,EMP-0008,2026-03-14,SALE,447.15,SOURCE_B
TXN-B-001493,BR-006,EMP-0023,2026-03-03,SALE,25.59,SOURCE_B
TXN-B-001494,BR-008,EMP-0005,2026-03-11,SALE,221.56,SOURCE_B
TXN-B-001495,BR-005,EMP-0020,2026-03-24,SALE,333.4,SOURCE_B
TXN-B-001496,BR-008,EMP-0032,2026-02-23,SALE,662.15,SOURCE_B
TXN-B-001497,BR-007,EMP-0032,2026-04-10,SALE,113.45,SOURCE_B
TXN-B-001498,BR-008,EMP-0011,2026-04-26,SALE,419.41,SOURCE_B
TXN-B-001499,BR-008,EMP-0027,2026-01-10,SALE,725.14,SOURCE_B
TXN-B-001500,BR-003,EMP-0024,2026-04-06,SALE,282.13,SOURCE_B
TXN-B-001501,BR-006,EMP-0012,2026-03-27,SALE,304.18,SOURCE_B
TXN-B-001502,BR-010,EMP-0010,2026-01-02,SALE,209.45,SOURCE_B
TXN-B-001503,BR-008,EMP-0006,2026-02-21,SALE,582.83,SOURCE_B
TXN-B-001504,BR-003,EMP-0004,2026-01-19,SALE,437.33,SOURCE_B
TXN-B-001505,BR-008,EMP-0032,2026-03-01,SALE,43.7,SOURCE_B
TXN-B-001506,BR-008,EMP-0004,2026-02-07,SALE,275.18,SOURCE_B
TXN-B-001507,BR-004,EMP-0025,2026-01-05,SALE,396.9,SOURCE_B
TXN-B-001508,BR-001,EMP-0019,2026-03-26,SALE,74.05,SOURCE_B
TXN-B-001509,BR-005,EMP-0010,2026-04-03,SALE,261.03,SOURCE_B
TXN-B-001510,BR-004,EMP-0002,2026-04-26,SALE,109.25,SOURCE_B
TXN-B-001511,BR-002,EMP-0021,2026-03-19,SALE,116.5,SOURCE_B
TXN-B-001512,BR-008,EMP-0015,2026-03-05,SALE,190.26,SOURCE_B
TXN-B-001513,BR-010,EMP-0008,2026-04-28,SALE,78.18,SOURCE_B
TXN-B-001514,BR-007,EMP-0016,2026-02-16,SALE,1078.85,SOURCE_B
TXN-B-001515,BR-007,EMP-0004,2026-01-14,SALE,102.94,SOURCE_B
TXN-B-001516,BR-007,EMP-0007,2026-02-05,SALE,3.94,SOURCE_B
TXN-B-001517,BR-004,EMP-0019,2026-03-11,SALE,798.43,SOURCE_B
TXN-B-001518,BR-001,EMP-0017,2026-01-18,SALE,392.98,SOURCE_B
TXN-B-001519,BR-005,EMP-0010,2026-03-18,SALE,189.52,SOURCE_B
TXN-B-001520,BR-010,EMP-0012,2026-02-06,SALE,247.26,SOURCE_B
TXN-B-001521,BR-003,EMP-0017,2026-04-02,SALE,75.85,SOURCE_B
TXN-B-001522,BR-006,EMP-0030,2026-02-10,SALE,203.95,SOURCE_B
TXN-B-001523,BR-004,EMP-0032,2026-04-23,SALE,50.4,SOURCE_B
TXN-B-001524,BR-003,EMP-0002,2026-02-08,SALE,369.08,SOURCE_B
TXN-B-001525,BR-008,EMP-0009,2026-04-10,SALE,254.72,SOURCE_B
TXN-B-001526,BR-002,EMP-0025,2026-04-20,SALE,922.25,SOURCE_B
TXN-B-001527,BR-005,EMP-0026,2026-04-06,SALE,977.25,SOURCE_B
TXN-B-001528,BR-006,EMP-0021,2026-02-05,SALE,84.34,SOURCE_B
TXN-B-001529,BR-005,EMP-0028,2026-04-28,SALE,110.0,SOURCE_B
TXN-B-001530,BR-001,EMP-0003,2026-02-08,SALE,122.23,SOURCE_B
TXN-B-001531,BR-009,EMP-0025,2026-01-09,SALE,637.03,SOURCE_B
TXN-B-001532,BR-002,EMP-0017,2026-04-07,SALE,110.0,SOURCE_B
TXN-B-001533,BR-006,EMP-0010,2026-03-17,SALE,216.25,SOURCE_B
TXN-B-001534,BR-006,EMP-0007,2026-01-28,SALE,113.63,SOURCE_B
TXN-B-001535,BR-007,EMP-0001,2026-04-23,SALE,16.66,SOURCE_B
TXN-B-001536,BR-004,EMP-0002,2026-03-08,SALE,160.07,SOURCE_B
TXN-B-001537,BR-005,EMP-0005,2026-02-16,SALE,68.89,SOURCE_B
TXN-B-001538,BR-002,EMP-0006,2026-04-19,SALE,216.08,SOURCE_B
TXN-B-001539,BR-003,EMP-0017,2026-01-21,SALE,210.88,SOURCE_B
TXN-B-001540,BR-009,EMP-0018,2026-04-02,SALE,352.32,SOURCE_B
TXN-B-001541,BR-009,EMP-0021,2026-03-06,SALE,184.22,SOURCE_B
TXN-B-001542,BR-002,EMP-0015,2026-01-07,SALE,104.69,SOURCE_B
TXN-B-001543,BR-004,EMP-0026,2026-01-19,SALE,517.25,SOURCE_B
TXN-B-001544,BR-010,EMP-0007,2026-01-10,SALE,317.49,SOURCE_B
TXN-B-001545,BR-004,EMP-0008,2026-04-19,SALE,121.21,SOURCE_B
TXN-B-001546,BR-003,EMP-0018,2026-04-27,SALE,634.81,SOURCE_B
TXN-B-001547,BR-007,EMP-0012,2026-04-03,SALE,568.06,SOURCE_B
TXN-B-001548,BR-010,EMP-0017,2026-03-11,SALE,512.73,SOURCE_B
TXN-B-001549,BR-003,EMP-0028,2026-02-07,SALE,536.43,SOURCE_B
TXN-B-001550,BR-001,EMP-0029,2026-02-04,SALE,153.12,SOURCE_B
TXN-B-001551,BR-007,EMP-0027,2026-03-18,SALE,84.82,SOURCE_B
TXN-B-001552,BR-003,EMP-0016,2026-01-19,SALE,119.04,SOURCE_B
TXN-B-001553,BR-010,EMP-0032,2026-03-23,SALE,62.83,SOURCE_B
TXN-B-001554,BR-007,EMP-0031,2026-01-10,SALE,430.37,SOURCE_B
TXN-B-001555,BR-004,EMP-0008,2026-02-01,SALE,836.09,SOURCE_B
TXN-B-001556,BR-007,EMP-0032,2026-02-12,SALE,275.17,SOURCE_B
TXN-B-001557,BR-006,EMP-0022,2026-02-07,SALE,248.23,SOURCE_B
TXN-B-001558,BR-008,EMP-0016,2026-04-28,SALE,253.65,SOURCE_B
TXN-B-001559,BR-006,EMP-0024,2026-03-04,SALE,35.67,SOURCE_B
TXN-B-001560,BR-007,EMP-0001,2026-03-28,SALE,83.06,SOURCE_B
TXN-B-001561,BR-009,EMP-0020,2026-03-12,SALE,180.97,SOURCE_B
TXN-B-001562,BR-006,EMP-0007,2026-02-05,SALE,507.86,SOURCE_B
TXN-B-001563,BR-008,EMP-0019,2026-01-19,SALE,91.12,SOURCE_B
TXN-B-001564,BR-007,EMP-0025,2026-03-22,SALE,62.52,SOURCE_B
TXN-B-001565,BR-008,EMP-0025,2026-01-13,SALE,373.27,SOURCE_B
TXN-B-001566,BR-009,EMP-0019,2026-04-02,SALE,257.72,SOURCE_B
TXN-B-001567,BR-007,EMP-0005,2026-04-21,SALE,11.29,SOURCE_B
TXN-B-001568,BR-010,EMP-0026,2026-04-02,SALE,26.31,SOURCE_B
TXN-B-001569,BR-004,EMP-0022,2026-02-22,SALE,408.59,SOURCE_B
TXN-B-001570,BR-009,EMP-0019,2026-03-18,SALE,271.19,SOURCE_B
TXN-B-001571,BR-004,EMP-0019,2026-01-01,SALE,55.17,SOURCE_B
TXN-B-001572,BR-010,EMP-0028,2026-01-04,SALE,7.79,SOURCE_B
TXN-B-001573,BR-001,EMP-0016,2026-02-26,SALE,234.3,SOURCE_B
TXN-B-001574,BR-003,EMP-0015,2026-04-11,SALE,235.6,SOURCE_B
TXN-B-001575,BR-010,EMP-0009,2026-01-22,SALE,1060.62,SOURCE_B
TXN-B-001576,BR-001,EMP-0020,2026-03-04,SALE,79.46,SOURCE_B
TXN-B-001577,BR-008,EMP-0031,2026-01-03,SALE,135.76,SOURCE_B
TXN-B-001578,BR-008,EMP-0011,2026-03-15,SALE,187.95,SOURCE_B
TXN-B-001579,BR-006,EMP-0021,2026-02-16,SALE,244.96,SOURCE_B
TXN-B-001580,BR-001,EMP-0006,2026-04-24,SALE,73.0,SOURCE_B
TXN-B-001581,BR-002,EMP-0014,2026-01-03,SALE,188.64,SOURCE_B
TXN-B-001582,BR-009,EMP-0029,2026-03-05,SALE,302.0,SOURCE_B
TXN-B-001583,BR-009,EMP-0002,2026-04-04,SALE,210.29,SOURCE_B
TXN-B-001584,BR-005,EMP-0009,2026-03-18,SALE,68.01,SOURCE_B
TXN-B-001585,BR-005,EMP-0023,2026-01-12,SALE,104.09,SOURCE_B
TXN-B-001586,BR-005,EMP-0032,2026-03-14,SALE,558.1,SOURCE_B
TXN-B-001587,BR-004,EMP-0006,2026-03-12,SALE,437.95,SOURCE_B
TXN-B-001588,BR-003,EMP-0014,2026-01-06,SALE,131.7,SOURCE_B
TXN-B-001589,BR-005,EMP-0024,2026-02-06,SALE,450.28,SOURCE_B
TXN-B-001590,BR-005,EMP-0026,2026-01-10,SALE,268.83,SOURCE_B
TXN-B-001591,BR-004,EMP-0005,2026-01-27,SALE,128.18,SOURCE_B
TXN-B-001592,BR-003,EMP-0009,2026-02-23,SALE,290.58,SOURCE_B
TXN-B-001593,BR-006,EMP-0004,2026-03-25,SALE,379.25,SOURCE_B
TXN-B-001594,BR-001,EMP-0023,2026-01-22,SALE,253.13,SOURCE_B
TXN-B-001595,BR-003,EMP-0002,2026-04-06,SALE,662.61,SOURCE_B
TXN-B-001596,BR-003,EMP-0013,2026-04-07,SALE,713.93,SOURCE_B
TXN-B-001597,BR-006,EMP-0011,2026-04-07,SALE,348.76,SOURCE_B
TXN-B-001598,BR-007,EMP-0018,2026-04-04,SALE,132.73,SOURCE_B
TXN-B-001599,BR-005,EMP-0016,2026-03-01,SALE,115.09,SOURCE_B
TXN-B-001600,BR-007,EMP-0017,2026-03-17,SALE,168.91,SOURCE_B
TXN-B-001601,BR-008,EMP-0013,2026-04-21,SALE,236.28,SOURCE_B
TXN-B-001602,BR-010,EMP-0024,2026-03-27,SALE,307.77,SOURCE_B
TXN-B-001603,BR-010,EMP-0009,2026-03-06,SALE,145.45,SOURCE_B
TXN-B-001604,BR-001,EMP-0020,2026-02-19,SALE,89.2,SOURCE_B
TXN-B-001605,BR-002,EMP-0002,2026-01-25,SALE,147.43,SOURCE_B
TXN-B-001606,BR-001,EMP-0005,2026-04-10,SALE,54.27,SOURCE_B
TXN-B-001607,BR-010,EMP-0021,2026-02-16,SALE,655.14,SOURCE_B
TXN-B-001608,BR-005,EMP-0031,2026-04-12,SALE,917.0,SOURCE_B
TXN-B-001609,BR-003,EMP-0012,2026-04-22,SALE,22.61,SOURCE_B
TXN-B-001610,BR-010,EMP-0005,2026-03-12,SALE,291.59,SOURCE_B
TXN-B-001611,BR-006,EMP-0026,2026-03-06,SALE,585.24,SOURCE_B
TXN-B-001612,BR-002,EMP-0026,2026-04-04,SALE,537.55,SOURCE_B
TXN-B-001613,BR-008,EMP-0019,2026-04-09,SALE,60.12,SOURCE_B
TXN-B-001614,BR-002,EMP-0012,2026-03-23,SALE,838.77,SOURCE_B
TXN-B-001615,BR-009,EMP-0028,2026-02-22,SALE,51.95,SOURCE_B
TXN-B-001616,BR-004,EMP-0024,2026-02-12,SALE,157.23,SOURCE_B
TXN-B-001617,BR-007,EMP-0003,2026-03-14,SALE,588.99,SOURCE_B
TXN-B-001618,BR-009,EMP-0005,2026-04-18,SALE,254.91,SOURCE_B
TXN-B-001619,BR-002,EMP-0027,2026-02-24,SALE,267.79,SOURCE_B
TXN-B-001620,BR-004,EMP-0013,2026-01-07,SALE,6.22,SOURCE_B
TXN-B-001621,BR-003,EMP-0010,2026-03-11,SALE,193.01,SOURCE_B
TXN-B-001622,BR-007,EMP-0032,2026-02-19,SALE,438.86,SOURCE_B
TXN-B-001623,BR-007,EMP-0032,2026-03-05,SALE,477.76,SOURCE_B
TXN-B-001624,BR-001,EMP-0013,2026-01-02,SALE,323.12,SOURCE_B
TXN-B-001625,BR-004,EMP-0008,2026-04-24,SALE,268.83,SOURCE_B
TXN-B-001626,BR-006,EMP-0022,2026-04-09,SALE,266.27,SOURCE_B
TXN-B-001627,BR-001,EMP-0020,2026-01-07,SALE,458.56,SOURCE_B
TXN-B-001628,BR-007,EMP-0014,2026-04-23,SALE,347.69,SOURCE_B
TXN-B-001629,BR-008,EMP-0018,2026-04-08,SALE,733.74,SOURCE_B
TXN-B-001630,BR-008,EMP-0001,2026-03-03,SALE,192.37,SOURCE_B
TXN-B-001631,BR-009,EMP-0020,2026-02-10,SALE,368.11,SOURCE_B
TXN-B-001632,BR-007,EMP-0022,2026-03-06,SALE,206.63,SOURCE_B
TXN-B-001633,BR-005,EMP-0019,2026-03-03,SALE,510.82,SOURCE_B
TXN-B-001634,BR-010,EMP-0008,2026-01-15,SALE,1176.18,SOURCE_B
TXN-B-001635,BR-010,EMP-0032,2026-02-15,SALE,387.1,SOURCE_B
TXN-B-001636,BR-009,EMP-0008,2026-02-03,SALE,293.43,SOURCE_B
TXN-B-001637,BR-005,EMP-0008,2026-03-03,SALE,476.69,SOURCE_B
TXN-B-001638,BR-001,EMP-0010,2026-02-18,SALE,264.01,SOURCE_B
TXN-B-001639,BR-004,EMP-0027,2026-04-21,SALE,513.13,SOURCE_B
TXN-B-001640,BR-008,EMP-0015,2026-04-06,SALE,704.06,SOURCE_B
TXN-B-001641,BR-006,EMP-0010,2026-03-22,SALE,325.03,SOURCE_B
TXN-B-001642,BR-004,EMP-0016,2026-04-17,SALE,20.27,SOURCE_B
TXN-B-001643,BR-002,EMP-0027,2026-01-03,SALE,534.07,SOURCE_B
TXN-B-001644,BR-009,EMP-0031,2026-02-20,SALE,847.76,SOURCE_B
TXN-B-001645,BR-001,EMP-0022,2026-03-13,SALE,44.68,SOURCE_B
TXN-B-001646,BR-002,EMP-0020,2026-01-01,SALE,1574.47,SOURCE_B
TXN-B-001647,BR-008,EMP-0032,2026-02-11,SALE,611.32,SOURCE_B
TXN-B-001648,BR-002,EMP-0029,2026-02-28,SALE,508.87,SOURCE_B
TXN-B-001649,BR-006,EMP-0017,2026-01-21,SALE,86.99,SOURCE_B
TXN-B-001650,BR-007,EMP-0030,2026-04-25,SALE,95.54,SOURCE_B
TXN-B-001651,BR-010,EMP-0014,2026-02-06,SALE,360.19,SOURCE_B
TXN-B-001652,BR-005,EMP-0016,2026-01-01,SALE,220.43,SOURCE_B
TXN-B-001653,BR-010,EMP-0010,2026-01-14,SALE,1072.76,SOURCE_B
TXN-B-001654,BR-009,EMP-0004,2026-03-28,SALE,567.31,SOURCE_B
TXN-B-001655,BR-004,EMP-0011,2026-03-18,SALE,292.63,SOURCE_B
TXN-B-001656,BR-005,EMP-0022,2026-01-25,SALE,1644.64,SOURCE_B
TXN-B-001657,BR-005,EMP-0032,2026-01-08,SALE,254.41,SOURCE_B
TXN-B-001658,BR-001,EMP-0008,2026-02-06,SALE,263.26,SOURCE_B
TXN-B-001659,BR-002,EMP-0021,2026-02-20,SALE,577.6,SOURCE_B
TXN-B-001660,BR-008,EMP-0009,2026-04-18,SALE,304.48,SOURCE_B
TXN-B-001661,BR-002,EMP-0011,2026-01-11,SALE,437.11,SOURCE_B
TXN-B-001662,BR-003,EMP-0023,2026-03-27,SALE,152.94,SOURCE_B
TXN-B-001663,BR-003,EMP-0001,2026-04-19,SALE,121.01,SOURCE_B
TXN-B-001664,BR-009,EMP-0005,2026-03-21,SALE,353.79,SOURCE_B
TXN-B-001665,BR-004,EMP-0028,2026-04-02,SALE,534.14,SOURCE_B
TXN-B-001666,BR-007,EMP-0003,2026-01-14,SALE,237.63,SOURCE_B
TXN-B-001667,BR-005,EMP-0027,2026-01-24,SALE,569.97,SOURCE_B
TXN-B-001668,BR-004,EMP-0028,2026-04-13,SALE,1074.52,SOURCE_B
TXN-B-001669,BR-009,EMP-0027,2026-02-10,SALE,759.74,SOURCE_B
TXN-B-001670,BR-002,EMP-0014,2026-03-22,SALE,410.34,SOURCE_B
TXN-B-001671,BR-009,EMP-0005,2026-03-06,SALE,415.51,SOURCE_B
TXN-B-001672,BR-008,EMP-0009,2026-04-22,SALE,404.36,SOURCE_B
TXN-B-001673,BR-001,EMP-0028,2026-03-10,SALE,1323.85,SOURCE_B
TXN-B-001674,BR-003,EMP-0030,2026-03-15,SALE,432.11,SOURCE_B
TXN-B-001675,BR-010,EMP-0017,2026-02-08,SALE,205.18,SOURCE_B
TXN-B-001676,BR-010,EMP-0030,2026-01-27,SALE,177.68,SOURCE_B
TXN-B-001677,BR-008,EMP-0007,2026-02-06,SALE,205.36,SOURCE_B
TXN-B-001678,BR-003,EMP-0013,2026-02-12,SALE,1272.21,SOURCE_B
TXN-B-001679,BR-006,EMP-0004,2026-04-20,SALE,1163.85,SOURCE_B
TXN-B-001680,BR-009,EMP-0032,2026-03-12,SALE,1124.7,SOURCE_B
TXN-B-001681,BR-001,EMP-0024,2026-01-23,SALE,227.69,SOURCE_B
TXN-B-001682,BR-006,EMP-0027,2026-03-05,SALE,363.22,SOURCE_B
TXN-B-001683,BR-003,EMP-0009,2026-04-19,SALE,1687.78,SOURCE_B
TXN-B-001684,BR-005,EMP-0007,2026-04-03,SALE,515.17,SOURCE_B
TXN-B-001685,BR-002,EMP-0004,2026-02-14,SALE,939.04,SOURCE_B
TXN-B-001686,BR-009,EMP-0017,2026-04-16,SALE,383.0,SOURCE_B
TXN-B-001687,BR-004,EMP-0010,2026-03-04,SALE,183.9,SOURCE_B
TXN-B-001688,BR-007,EMP-0010,2026-01-07,SALE,996.98,SOURCE_B
TXN-B-001689,BR-001,EMP-0014,2026-02-13,SALE,478.0,SOURCE_B
TXN-B-001690,BR-008,EMP-0018,2026-03-03,SALE,1006.44,SOURCE_B
TXN-B-001691,BR-008,EMP-0004,2026-04-03,SALE,676.55,SOURCE_B
TXN-B-001692,BR-002,EMP-0023,2026-03-22,SALE,158.0,SOURCE_B
TXN-B-001693,BR-009,EMP-0029,2026-01-25,SALE,292.77,SOURCE_B
TXN-B-001694,BR-001,EMP-0002,2026-03-16,SALE,292.21,SOURCE_B
TXN-B-001695,BR-006,EMP-0026,2026-03-01,SALE,138.05,SOURCE_B
TXN-B-001696,BR-010,EMP-0028,2026-02-20,SALE,148.61,SOURCE_B
TXN-B-001697,BR-010,EMP-0021,2026-01-28,SALE,371.17,SOURCE_B
TXN-B-001698,BR-007,EMP-0022,2026-04-11,SALE,97.1,SOURCE_B
TXN-B-001699,BR-001,EMP-0013,2026-03-16,SALE,436.34,SOURCE_B
TXN-B-001700,BR-002,EMP-0006,2026-02-19,SALE,1274.15,SOURCE_B
TXN-B-001701,BR-008,EMP-0009,2026-02-26,SALE,121.59,SOURCE_B
TXN-B-001702,BR-006,EMP-0031,2026-02-17,SALE,152.89,SOURCE_B
TXN-B-001703,BR-007,EMP-0019,2026-04-09,SALE,1028.92,SOURCE_B
TXN-B-001704,BR-005,EMP-0008,2026-01-19,SALE,68.03,SOURCE_B
TXN-B-001705,BR-003,EMP-0001,2026-04-04,SALE,489.91,SOURCE_B
TXN-B-001706,BR-002,EMP-0027,2026-02-13,SALE,613.73,SOURCE_B
TXN-B-001707,BR-007,EMP-0001,2026-04-13,SALE,99.86,SOURCE_B
TXN-B-001708,BR-010,EMP-0026,2026-03-17,SALE,217.84,SOURCE_B
TXN-B-001709,BR-009,EMP-0031,2026-03-18,SALE,1035.87,SOURCE_B
TXN-B-001710,BR-001,EMP-0012,2026-02-23,SALE,574.42,SOURCE_B
TXN-B-001711,BR-008,EMP-0025,2026-04-22,SALE,438.89,SOURCE_B
TXN-B-001712,BR-009,EMP-0024,2026-04-11,SALE,252.51,SOURCE_B
TXN-B-001713,BR-010,EMP-0018,2026-01-17,SALE,315.4,SOURCE_B
TXN-B-001714,BR-007,EMP-0006,2026-01-16,SALE,90.2,SOURCE_B
TXN-B-001715,BR-007,EMP-0022,2026-04-15,SALE,144.9,SOURCE_B
TXN-B-001716,BR-001,EMP-0005,2026-02-11,SALE,121.04,SOURCE_B
TXN-B-001717,BR-004,EMP-0006,2026-03-20,SALE,51.24,SOURCE_B
TXN-B-001718,BR-004,EMP-0006,2026-02-09,SALE,160.01,SOURCE_B
TXN-B-001719,BR-008,EMP-0025,2026-04-04,SALE,685.7,SOURCE_B
TXN-B-001720,BR-001,EMP-0027,2026-02-03,SALE,54.99,SOURCE_B
TXN-B-001721,BR-005,EMP-0029,2026-03-02,SALE,527.87,SOURCE_B
TXN-B-001722,BR-010,EMP-0032,2026-04-27,SALE,822.93,SOURCE_B
TXN-B-001723,BR-005,EMP-0004,2026-03-21,SALE,342.01,SOURCE_B
TXN-B-001724,BR-007,EMP-0013,2026-01-04,SALE,281.15,SOURCE_B
TXN-B-001725,BR-007,EMP-0028,2026-04-13,SALE,491.12,SOURCE_B
TXN-B-001726,BR-009,EMP-0031,2026-04-11,SALE,142.0,SOURCE_B
TXN-B-001727,BR-003,EMP-0031,2026-02-28,SALE,484.04,SOURCE_B
TXN-B-001728,BR-006,EMP-0028,2026-03-19,SALE,638.83,SOURCE_B
TXN-B-001729,BR-005,EMP-0029,2026-02-08,SALE,278.08,SOURCE_B
TXN-B-001730,BR-007,EMP-0024,2026-03-13,SALE,128.87,SOURCE_B
TXN-B-001731,BR-006,EMP-0023,2026-02-09,SALE,247.22,SOURCE_B
TXN-B-001732,BR-009,EMP-0009,2026-04-14,SALE,932.14,SOURCE_B
TXN-B-001733,BR-006,EMP-0014,2026-02-21,SALE,342.99,SOURCE_B
TXN-B-001734,BR-002,EMP-0026,2026-03-08,SALE,95.36,SOURCE_B
TXN-B-001735,BR-006,EMP-0024,2026-04-26,SALE,708.68,SOURCE_B
TXN-B-001736,BR-010,EMP-0029,2026-04-06,SALE,506.8,SOURCE_B
TXN-B-001737,BR-003,EMP-0015,2026-03-26,SALE,473.45,SOURCE_B
TXN-B-001738,BR-005,EMP-0005,2026-02-12,SALE,175.55,SOURCE_B
TXN-B-001739,BR-005,EMP-0025,2026-02-23,SALE,1154.46,SOURCE_B
TXN-B-001740,BR-002,EMP-0026,2026-01-12,SALE,416.54,SOURCE_B
TXN-B-001741,BR-008,EMP-0003,2026-01-23,SALE,598.44,SOURCE_B
TXN-B-001742,BR-001,EMP-0021,2026-03-02,SALE,276.97,SOURCE_B
TXN-B-001743,BR-009,EMP-0030,2026-04-16,SALE,91.97,SOURCE_B
TXN-B-001744,BR-003,EMP-0018,2026-04-12,SALE,32.41,SOURCE_B
TXN-B-001745,BR-008,EMP-0008,2026-01-14,SALE,188.08,SOURCE_B
TXN-B-001746,BR-007,EMP-0017,2026-04-22,SALE,727.53,SOURCE_B
TXN-B-001747,BR-004,EMP-0014,2026-03-07,SALE,210.18,SOURCE_B
TXN-B-001748,BR-005,EMP-0002,2026-02-18,SALE,37.93,SOURCE_B
TXN-B-001749,BR-007,EMP-0002,2026-04-12,SALE,239.13,SOURCE_B
TXN-B-001750,BR-001,EMP-0030,2026-03-05,SALE,1121.14,SOURCE_B
TXN-B-001751,BR-001,EMP-0015,2026-04-01,SALE,195.55,SOURCE_B
TXN-B-001752,BR-008,EMP-0007,2026-02-10,SALE,225.94,SOURCE_B
TXN-B-001753,BR-006,EMP-0014,2026-02-20,SALE,42.48,SOURCE_B
TXN-B-001754,BR-002,EMP-0011,2026-02-03,SALE,511.48,SOURCE_B
TXN-B-001755,BR-010,EMP-0026,2026-01-10,SALE,306.94,SOURCE_B
TXN-B-001756,BR-001,EMP-0030,2026-03-05,SALE,26.31,SOURCE_B
TXN-B-001757,BR-010,EMP-0014,2026-04-11,SALE,982.23,SOURCE_B
TXN-B-001758,BR-005,EMP-0005,2026-01-15,SALE,123.54,SOURCE_B
TXN-B-001759,BR-002,EMP-0006,2026-04-11,SALE,605.68,SOURCE_B
TXN-B-001760,BR-008,EMP-0030,2026-03-11,SALE,28.15,SOURCE_B
TXN-B-001761,BR-003,EMP-0004,2026-02-08,SALE,96.89,SOURCE_B
TXN-B-001762,BR-005,EMP-0031,2026-02-09,SALE,99.81,SOURCE_B
TXN-B-001763,BR-003,EMP-0011,2026-01-28,SALE,159.33,SOURCE_B
TXN-B-001764,BR-001,EMP-0014,2026-03-21,SALE,129.23,SOURCE_B
TXN-B-001765,BR-004,EMP-0024,2026-03-13,SALE,114.9,SOURCE_B
TXN-B-001766,BR-004,EMP-0020,2026-03-26,SALE,429.61,SOURCE_B
TXN-B-001767,BR-002,EMP-0001,2026-01-07,SALE,52.36,SOURCE_B
TXN-B-001768,BR-004,EMP-0011,2026-04-18,SALE,974.18,SOURCE_B
TXN-B-001769,BR-009,EMP-0031,2026-01-04,SALE,42.65,SOURCE_B
TXN-B-001770,BR-003,EMP-0011,2026-04-19,SALE,263.85,SOURCE_B
TXN-B-001771,BR-001,EMP-0011,2026-03-24,SALE,35.06,SOURCE_B
TXN-B-001772,BR-002,EMP-0031,2026-03-24,SALE,63.17,SOURCE_B
TXN-B-001773,BR-007,EMP-0030,2026-02-19,SALE,192.76,SOURCE_B
TXN-B-001774,BR-004,EMP-0031,2026-01-05,SALE,507.71,SOURCE_B
TXN-B-001775,BR-008,EMP-0022,2026-02-02,SALE,364.33,SOURCE_B
TXN-B-001776,BR-006,EMP-0004,2026-03-05,SALE,235.69,SOURCE_B
TXN-B-001777,BR-003,EMP-0008,2026-02-11,SALE,102.92,SOURCE_B
TXN-B-001778,BR-010,EMP-0026,2026-04-06,SALE,882.54,SOURCE_B
TXN-B-001779,BR-010,EMP-0025,2026-01-04,SALE,406.0,SOURCE_B
TXN-B-001780,BR-009,EMP-0028,2026-04-17,SALE,225.34,SOURCE_B
TXN-B-001781,BR-002,EMP-0030,2026-02-05,SALE,414.26,SOURCE_B
TXN-B-001782,BR-006,EMP-0002,2026-02-26,SALE,166.99,SOURCE_B
TXN-B-001783,BR-006,EMP-0011,2026-03-08,SALE,171.67,SOURCE_B
TXN-B-001784,BR-001,EMP-0020,2026-04-08,SALE,200.85,SOURCE_B
TXN-B-001785,BR-009,EMP-0004,2026-03-06,SALE,455.42,SOURCE_B
TXN-B-001786,BR-001,EMP-0002,2026-01-21,SALE,305.75,SOURCE_B
TXN-B-001787,BR-003,EMP-0015,2026-02-17,SALE,243.37,SOURCE_B
TXN-B-001788,BR-007,EMP-0019,2026-01-23,SALE,445.75,SOURCE_B
TXN-B-001789,BR-007,EMP-0010,2026-01-23,SALE,274.09,SOURCE_B
TXN-B-001790,BR-009,EMP-0003,2026-01-27,SALE,183.38,SOURCE_B
TXN-B-001791,BR-002,EMP-0008,2026-01-04,SALE,157.8,SOURCE_B
TXN-B-001792,BR-006,EMP-0002,2026-04-12,SALE,107.36,SOURCE_B
TXN-B-001793,BR-010,EMP-0003,2026-04-13,SALE,623.54,SOURCE_B
TXN-B-001794,BR-009,EMP-0002,2026-02-05,SALE,398.77,SOURCE_B
TXN-B-001795,BR-001,EMP-0008,2026-01-06,SALE,212.13,SOURCE_B
TXN-B-001796,BR-002,EMP-0001,2026-01-19,SALE,200.69,SOURCE_B
TXN-B-001797,BR-008,EMP-0029,2026-01-25,SALE,369.81,SOURCE_B
TXN-B-001798,BR-005,EMP-0017,2026-03-20,SALE,38.22,SOURCE_B
TXN-B-001799,BR-004,EMP-0023,2026-02-21,SALE,392.95,SOURCE_B
TXN-B-001800,BR-003,EMP-0010,2026-03-10,SALE,79.62,SOURCE_B
TXN-B-001801,BR-007,EMP-0017,2026-01-28,SALE,118.48,SOURCE_B
TXN-B-001802,BR-009,EMP-0031,2026-04-03,SALE,156.85,SOURCE_B
TXN-B-001803,BR-006,EMP-0016,2026-04-14,SALE,160.53,SOURCE_B
TXN-B-001804,BR-006,EMP-0027,2026-02-26,SALE,531.39,SOURCE_B
TXN-B-001805,BR-010,EMP-0024,2026-02-13,SALE,76.87,SOURCE_B
TXN-B-001806,BR-007,EMP-0010,2026-04-03,SALE,59.85,SOURCE_B
TXN-B-001807,BR-004,EMP-0015,2026-01-26,SALE,1133.2,SOURCE_B
TXN-B-001808,BR-007,EMP-0028,2026-03-16,SALE,331.28,SOURCE_B
TXN-B-001809,BR-009,EMP-0029,2026-04-17,SALE,273.97,SOURCE_B
TXN-B-001810,BR-002,EMP-0022,2026-04-26,SALE,879.98,SOURCE_B
TXN-B-001811,BR-002,EMP-0010,2026-04-17,SALE,958.35,SOURCE_B
TXN-B-001812,BR-001,EMP-0010,2026-04-18,SALE,747.62,SOURCE_B
TXN-B-001813,BR-007,EMP-0027,2026-03-27,SALE,275.07,SOURCE_B
TXN-B-001814,BR-002,EMP-0006,2026-01-13,SALE,284.7,SOURCE_B
TXN-B-001815,BR-009,EMP-0031,2026-04-03,SALE,323.97,SOURCE_B
TXN-B-001816,BR-002,EMP-0005,2026-02-05,SALE,575.2,SOURCE_B
TXN-B-001817,BR-002,EMP-0014,2026-04-26,SALE,623.52,SOURCE_B
TXN-B-001818,BR-001,EMP-0019,2026-02-24,SALE,458.49,SOURCE_B
TXN-B-001819,BR-001,EMP-0023,2026-01-11,SALE,283.64,SOURCE_B
TXN-B-001820,BR-007,EMP-0006,2026-03-08,SALE,205.92,SOURCE_B
TXN-B-001821,BR-006,EMP-0026,2026-03-15,SALE,425.36,SOURCE_B
TXN-B-001822,BR-004,EMP-0009,2026-04-21,SALE,232.74,SOURCE_B
TXN-B-001823,BR-009,EMP-0003,2026-04-12,SALE,94.43,SOURCE_B
TXN-B-001824,BR-005,EMP-0014,2026-03-09,SALE,185.18,SOURCE_B
TXN-B-001825,BR-001,EMP-0010,2026-01-21,SALE,184.05,SOURCE_B
TXN-B-001826,BR-007,EMP-0031,2026-02-22,SALE,103.45,SOURCE_B
TXN-B-001827,BR-001,EMP-0022,2026-01-23,SALE,150.92,SOURCE_B
TXN-B-001828,BR-005,EMP-0027,2026-01-28,SALE,564.74,SOURCE_B
TXN-B-001829,BR-009,EMP-0008,2026-01-18,SALE,259.75,SOURCE_B
TXN-B-001830,BR-004,EMP-0027,2026-04-15,SALE,210.24,SOURCE_B
TXN-B-001831,BR-009,EMP-0028,2026-01-17,SALE,69.35,SOURCE_B
TXN-B-001832,BR-005,EMP-0006,2026-04-04,SALE,321.13,SOURCE_B
TXN-B-001833,BR-007,EMP-0021,2026-03-02,SALE,304.46,SOURCE_B
TXN-B-001834,BR-006,EMP-0013,2026-03-13,SALE,186.19,SOURCE_B
TXN-B-001835,BR-001,EMP-0004,2026-01-26,SALE,30.47,SOURCE_B
TXN-B-001836,BR-006,EMP-0029,2026-01-08,SALE,377.38,SOURCE_B
TXN-B-001837,BR-005,EMP-0031,2026-01-25,SALE,432.42,SOURCE_B
TXN-B-001838,BR-007,EMP-0032,2026-03-08,SALE,17.01,SOURCE_B
TXN-B-001839,BR-001,EMP-0014,2026-01-07,SALE,148.78,SOURCE_B
TXN-B-001840,BR-002,EMP-0024,2026-03-10,SALE,569.76,SOURCE_B
TXN-B-001841,BR-005,EMP-0006,2026-02-24,SALE,694.05,SOURCE_B
TXN-B-001842,BR-009,EMP-0024,2026-03-09,SALE,174.75,SOURCE_B
TXN-B-001843,BR-007,EMP-0031,2026-02-03,SALE,1251.21,SOURCE_B
TXN-B-001844,BR-005,EMP-0021,2026-01-21,SALE,257.72,SOURCE_B
TXN-B-001845,BR-003,EMP-0008,2026-01-06,SALE,525.83,SOURCE_B
TXN-B-001846,BR-007,EMP-0009,2026-03-21,SALE,551.69,SOURCE_B
TXN-B-001847,BR-009,EMP-0024,2026-02-01,SALE,182.05,SOURCE_B
TXN-B-001848,BR-001,EMP-0014,2026-04-24,SALE,659.79,SOURCE_B
TXN-B-001849,BR-006,EMP-0006,2026-02-04,SALE,664.1,SOURCE_B
TXN-B-001850,BR-007,EMP-0017,2026-03-14,SALE,497.12,SOURCE_B
TXN-B-001851,BR-010,EMP-0020,2026-01-19,SALE,649.17,SOURCE_B
TXN-B-001852,BR-004,EMP-0021,2026-03-21,SALE,1070.54,SOURCE_B
TXN-B-001853,BR-003,EMP-0019,2026-01-11,SALE,452.29,SOURCE_B
TXN-B-001854,BR-010,EMP-0032,2026-01-14,SALE,697.91,SOURCE_B
TXN-B-001855,BR-006,EMP-0010,2026-03-27,SALE,992.39,SOURCE_B
TXN-B-001856,BR-004,EMP-0002,2026-04-22,SALE,332.82,SOURCE_B
TXN-B-001857,BR-005,EMP-0023,2026-04-12,SALE,590.47,SOURCE_B
TXN-B-001858,BR-002,EMP-0019,2026-01-05,SALE,55.89,SOURCE_B
TXN-B-001859,BR-009,EMP-0002,2026-01-08,SALE,302.94,SOURCE_B
TXN-B-001860,BR-007,EMP-0028,2026-04-21,SALE,154.06,SOURCE_B
TXN-B-001861,BR-008,EMP-0015,2026-01-09,SALE,27.7,SOURCE_B
TXN-B-001862,BR-008,EMP-0025,2026-03-25,SALE,667.49,SOURCE_B
TXN-B-001863,BR-008,EMP-0024,2026-02-20,SALE,545.01,SOURCE_B
TXN-B-001864,BR-001,EMP-0015,2026-03-11,SALE,1076.7,SOURCE_B
TXN-B-001865,BR-005,EMP-0002,2026-01-08,SALE,443.62,SOURCE_B
TXN-B-001866,BR-001,EMP-0004,2026-02-22,SALE,553.34,SOURCE_B
TXN-B-001867,BR-010,EMP-0006,2026-04-18,SALE,228.14,SOURCE_B
TXN-B-001868,BR-009,EMP-0010,2026-03-09,SALE,363.56,SOURCE_B
TXN-B-001869,BR-005,EMP-0014,2026-02-11,SALE,896.81,SOURCE_B
TXN-B-001870,BR-002,EMP-0007,2026-01-25,SALE,250.79,SOURCE_B
TXN-B-001871,BR-005,EMP-0009,2026-01-18,SALE,1167.01,SOURCE_B
TXN-B-001872,BR-005,EMP-0010,2026-03-04,SALE,182.94,SOURCE_B
TXN-B-001873,BR-001,EMP-0032,2026-01-08,SALE,1315.72,SOURCE_B
TXN-B-001874,BR-002,EMP-0023,2026-04-22,SALE,830.25,SOURCE_B
TXN-B-001875,BR-008,EMP-0007,2026-04-26,SALE,126.52,SOURCE_B
TXN-B-001876,BR-003,EMP-0003,2026-02-07,SALE,283.75,SOURCE_B
TXN-B-001877,BR-004,EMP-0018,2026-04-01,SALE,247.72,SOURCE_B
TXN-B-001878,BR-010,EMP-0021,2026-02-27,SALE,678.72,SOURCE_B
TXN-B-001879,BR-005,EMP-0013,2026-01-17,SALE,230.4,SOURCE_B
TXN-B-001880,BR-004,EMP-0002,2026-02-21,SALE,232.99,SOURCE_B
TXN-B-001881,BR-007,EMP-0017,2026-01-06,CREDIT,62.88,SOURCE_B
TXN-B-001882,BR-003,EMP-0010,2026-01-19,CREDIT,547.04,SOURCE_B
TXN-B-001883,BR-010,EMP-0025,2026-02-09,CREDIT,117.46,SOURCE_B
TXN-B-001884,BR-010,EMP-0018,2026-01-28,CREDIT,163.8,SOURCE_B
TXN-B-001885,BR-005,EMP-0025,2026-02-26,CREDIT,66.72,SOURCE_B
TXN-B-001886,BR-006,EMP-0005,2026-04-25,CREDIT,248.84,SOURCE_B
TXN-B-001887,BR-001,EMP-0027,2026-03-25,CREDIT,276.16,SOURCE_B
TXN-B-001888,BR-009,EMP-0020,2026-02-20,CREDIT,394.79,SOURCE_B
TXN-B-001889,BR-009,EMP-0031,2026-02-07,CREDIT,45.07,SOURCE_B
TXN-B-001890,BR-002,EMP-0004,2026-03-13,CREDIT,366.9,SOURCE_B
TXN-B-001891,BR-003,EMP-0018,2026-02-17,CREDIT,121.42,SOURCE_B
TXN-B-001892,BR-002,EMP-0004,2026-03-04,CREDIT,107.36,SOURCE_B
TXN-B-001893,BR-010,EMP-0026,2026-04-15,CREDIT,226.07,SOURCE_B
TXN-B-001894,BR-004,EMP-0026,2026-02-07,CREDIT,92.57,SOURCE_B
TXN-B-001895,BR-004,EMP-0026,2026-01-09,CREDIT,380.38,SOURCE_B
TXN-B-001896,BR-003,EMP-0002,2026-04-28,CREDIT,122.51,SOURCE_B
TXN-B-001897,BR-009,EMP-0007,2026-02-13,CREDIT,210.47,SOURCE_B
TXN-B-001898,BR-005,EMP-0008,2026-01-23,CREDIT,6.45,SOURCE_B
TXN-B-001899,BR-008,EMP-0001,2026-01-21,CREDIT,49.08,SOURCE_B
TXN-B-001900,BR-008,EMP-0007,2026-03-12,CREDIT,332.79,SOURCE_B
TXN-B-001901,BR-010,EMP-0017,2026-01-28,CREDIT,23.62,SOURCE_B
TXN-B-001902,BR-009,EMP-0029,2026-04-02,CREDIT,54.8,SOURCE_B
TXN-B-001903,BR-002,EMP-0022,2026-03-16,CREDIT,103.89,SOURCE_B
TXN-B-001904,BR-001,EMP-0019,2026-04-26,CREDIT,165.62,SOURCE_B
TXN-B-001905,BR-005,EMP-0021,2026-01-10,CREDIT,28.47,SOURCE_B
TXN-B-001906,BR-006,EMP-0023,2026-01-08,CREDIT,296.85,SOURCE_B
TXN-B-001907,BR-010,EMP-0011,2026-01-21,CREDIT,276.05,SOURCE_B
TXN-B-001908,BR-010,EMP-0031,2026-03-24,CREDIT,141.81,SOURCE_B
TXN-B-001909,BR-004,EMP-0031,2026-03-06,CREDIT,106.37,SOURCE_B
TXN-B-001910,BR-001,EMP-0008,2026-04-15,CREDIT,58.85,SOURCE_B
TXN-B-001911,BR-007,EMP-0014,2026-04-08,CREDIT,217.91,SOURCE_B
TXN-B-001912,BR-006,EMP-0023,2026-04-27,CREDIT,223.58,SOURCE_B
TXN-B-001913,BR-010,EMP-0007,2026-01-18,CREDIT,244.43,SOURCE_B
TXN-B-001914,BR-004,EMP-0006,2026-04-09,CREDIT,314.03,SOURCE_B
TXN-B-001915,BR-004,EMP-0018,2026-03-13,CREDIT,124.48,SOURCE_B
TXN-B-001916,BR-007,EMP-0023,2026-01-10,CREDIT,246.11,SOURCE_B
TXN-B-001917,BR-006,EMP-0020,2026-03-05,CREDIT,154.19,SOURCE_B
TXN-B-001918,BR-008,EMP-0004,2026-02-17,CREDIT,179.91,SOURCE_B
TXN-B-001919,BR-010,EMP-0002,2026-01-16,CREDIT,60.5,SOURCE_B
TXN-B-001920,BR-008,EMP-0019,2026-03-19,CREDIT,105.77,SOURCE_B
TXN-B-001921,BR-004,EMP-0018,2026-03-10,CREDIT,73.38,SOURCE_B
TXN-B-001922,BR-009,EMP-0017,2026-03-04,CREDIT,124.11,SOURCE_B
TXN-B-001923,BR-006,EMP-0011,2026-04-20,CREDIT,273.63,SOURCE_B
TXN-B-001924,BR-009,EMP-0018,2026-02-19,CREDIT,375.95,SOURCE_B
TXN-B-001925,BR-006,EMP-0023,2026-02-02,CREDIT,135.27,SOURCE_B
TXN-B-001926,BR-003,EMP-0011,2026-02-21,REVERSAL,39.84,SOURCE_B
TXN-B-001927,BR-001,EMP-0032,2026-01-17,REVERSAL,56.79,SOURCE_B
TXN-B-001928,BR-004,EMP-0003,2026-02-02,REVERSAL,255.23,SOURCE_B
TXN-B-001929,BR-008,EMP-0004,2026-03-04,REVERSAL,345.7,SOURCE_B
TXN-B-001930,BR-003,EMP-0017,2026-03-26,REVERSAL,178.05,SOURCE_B
TXN-B-001931,BR-006,EMP-0001,2026-02-09,REVERSAL,205.68,SOURCE_B
TXN-B-001932,BR-009,EMP-0030,2026-03-16,REVERSAL,102.49,SOURCE_B
TXN-B-001933,BR-007,EMP-0018,2026-04-23,REVERSAL,81.33,SOURCE_B
TXN-B-001934,BR-002,EMP-0004,2026-01-11,REVERSAL,63.4,SOURCE_B
TXN-B-001935,BR-007,EMP-0028,2026-01-02,REVERSAL,26.87,SOURCE_B
TXN-B-001936,BR-006,EMP-0016,2026-02-08,REVERSAL,91.98,SOURCE_B
TXN-B-001937,BR-004,EMP-0014,2026-04-26,REVERSAL,251.52,SOURCE_B
TXN-B-001938,BR-007,EMP-0018,2026-03-12,REVERSAL,82.74,SOURCE_B
TXN-B-001939,BR-007,EMP-0017,2026-02-09,REVERSAL,18.97,SOURCE_B
TXN-B-001940,BR-006,EMP-0011,2026-02-22,REVERSAL,406.96,SOURCE_B
TXN-B-001941,BR-006,EMP-0006,2026-03-28,REVERSAL,57.18,SOURCE_B
TXN-B-001942,BR-007,EMP-0015,2026-02-16,REVERSAL,211.82,SOURCE_B
TXN-B-001943,BR-005,EMP-0032,2026-01-26,REVERSAL,40.01,SOURCE_B
TXN-B-001944,BR-002,EMP-0001,2026-04-12,REVERSAL,46.32,SOURCE_B
TXN-B-001945,BR-007,EMP-0024,2026-03-03,REVERSAL,51.33,SOURCE_B
TXN-B-001946,BR-010,EMP-0018,2026-03-19,REVERSAL,357.28,SOURCE_B
TXN-B-001947,BR-003,EMP-0007,2026-04-23,REVERSAL,50.5,SOURCE_B
TXN-B-001948,BR-010,EMP-0021,2026-01-05,REVERSAL,312.57,SOURCE_B
TXN-B-001949,BR-008,EMP-0016,2026-02-26,REVERSAL,178.12,SOURCE_B
TXN-B-001950,BR-001,EMP-0007,2026-02-14,REVERSAL,287.52,SOURCE_B
TXN-B-001951,BR-008,EMP-0002,2026-02-19,REVERSAL,74.93,SOURCE_B
TXN-B-001952,BR-005,EMP-0002,2026-03-14,REVERSAL,35.16,SOURCE_B
TXN-B-001953,BR-003,EMP-0009,2026-04-11,REVERSAL,218.55,SOURCE_B
TXN-B-001954,BR-005,EMP-0003,2026-04-15,REVERSAL,254.97,SOURCE_B
TXN-B-001955,BR-009,EMP-0017,2026-01-13,REVERSAL,206.8,SOURCE_B
TXN-B-001956,BR-001,EMP-0023,2026-03-10,REVERSAL,18.45,SOURCE_B
TXN-B-001957,BR-003,EMP-0003,2026-01-23,REVERSAL,127.88,SOURCE_B
TXN-B-001958,BR-010,EMP-0013,2026-04-01,REVERSAL,474.76,SOURCE_B
TXN-B-001959,BR-006,EMP-0019,2026-02-13,REVERSAL,85.71,SOURCE_B
TXN-B-001960,BR-005,EMP-0004,2026-02-03,REVERSAL,249.74,SOURCE_B
TXN-B-001961,BR-008,EMP-0021,2026-04-06,SALE,77.88,SOURCE_B
TXN-B-001962,BR-005,EMP-0019,2026-02-26,SALE,75.98,SOURCE_B
TXN-B-001963,BR-009,EMP-0031,2026-04-07,SALE,262.79,SOURCE_B
TXN-B-001964,BR-006,EMP-0002,2026-01-21,SALE,101.67,SOURCE_B
TXN-B-001965,BR-001,EMP-0002,2026-03-09,SALE,79.23,SOURCE_B
TXN-B-001966,BR-001,EMP-0010,2026-02-10,SALE,308.71,SOURCE_B
TXN-B-001967,BR-010,EMP-0020,2026-04-06,SALE,21.48,SOURCE_B
TXN-B-001968,BR-008,EMP-0029,2026-04-28,SALE,387.24,SOURCE_B
TXN-B-001969,BR-001,EMP-0004,2026-01-08,SALE,43016.04,SOURCE_B
TXN-B-001970,BR-009,EMP-0002,2026-02-01,SALE,22271.33,SOURCE_B
TXN-B-001971,BR-005,EMP-0005,2026-02-10,SALE,2668.32,SOURCE_B
TXN-B-001972,BR-008,EMP-0019,2026-03-06,SALE,13253.93,SOURCE_B
TXN-B-001973,BR-002,EMP-0026,2026-03-20,SALE,21004.49,SOURCE_B
TXN-B-001974,BR-005,EMP-0013,2026-02-17,SALE,54102.88,SOURCE_B
TXN-B-001975,BR-006,EMP-0001,2026-01-25,SALE,15951.87,SOURCE_B
TXN-B-001976,BR-004,EMP-0005,2026-01-21,SALE,15255.86,SOURCE_B
TXN-B-001977,BR-002,EMP-0015,2026-01-10,SALE,22197.33,SOURCE_B
TXN-B-001978,BR-007,EMP-0002,2026-03-07,SALE,26560.64,SOURCE_B
TXN-B-001979,BR-001,EMP-0006,2026-02-25,SALE,25109.5,SOURCE_B
TXN-B-001980,BR-004,EMP-0030,2026-03-17,SALE,620.66,SOURCE_B
TXN-B-001981,BR-010,EMP-0025,2026-04-07,SALE,113.36,SOURCE_B
TXN-B-001982,BR-005,EMP-0030,2026-02-07,SALE,339.54,SOURCE_B
TXN-B-001983,BR-008,EMP-0003,2026-02-08,SALE,144.13,SOURCE_B
TXN-B-001984,BR-009,EMP-0014,2026-03-19,SALE,570.72,SOURCE_B
TXN-B-001985,BR-010,EMP-0017,2026-02-01,SALE,492.21,SOURCE_B
TXN-B-001986,BR-009,EMP-0016,2026-02-17,SALE,572.06,SOURCE_B
TXN-B-001987,BR-009,EMP-0004,2026-02-03,SALE,752.42,SOURCE_B
TXN-B-001988,BR-002,EMP-0001,2026-04-25,SALE,135.1,SOURCE_B
TXN-B-001989,BR-007,EMP-0018,2026-02-07,SALE,100.13,SOURCE_B
TXN-B-001990,BR-002,EMP-0018,2026-04-08,SALE,707.81,SOURCE_B
TXN-B-001991,BR-002,EMP-0018,2026-02-01,SALE,201.16,SOURCE_B
TXN-B-001992,BR-002,EMP-0014,2026-02-15,SALE,63.23,SOURCE_B
TXN-B-001993,BR-001,EMP-0003,2026-04-28,SALE,525.11,SOURCE_B
TXN-B-001994,BR-005,EMP-0002,2026-02-06,SALE,723.78,SOURCE_B
TXN-B-001995,BR-005,EMP-0025,2026-01-25,SALE,316.34,SOURCE_B
TXN-B-001996,BR-002,EMP-0030,2026-03-28,SALE,318.02,SOURCE_B
TXN-B-001997,BR-009,EMP-0004,2026-01-14,SALE,25.03,SOURCE_B
TXN-B-001998,BR-004,EMP-0001,2026-04-18,SALE,162.03,SOURCE_B
TXN-B-001999,BR-007,EMP-0020,2026-02-28,SALE,295.1,SOURCE_B
TXN-B-002000,BR-009,EMP-0007,2026-02-02,SALE,188.86,SOURCE_B
TXN-B-002001,BR-008,EMP-0018,2026-02-03,SALE,129.43,SOURCE_B
TXN-B-002002,BR-007,EMP-0027,2026-04-26,SALE,131.2,SOURCE_B
TXN-B-002003,BR-009,EMP-0010,2026-04-14,SALE,117.9,SOURCE_B
TXN-B-002004,BR-003,EMP-0004,2026-02-18,SALE,40.93,SOURCE_B
TXN-B-002005,BR-008,EMP-0009,2026-01-03,SALE,14.45,SOURCE_B
TXN-B-002006,BR-006,EMP-0025,2026-03-25,SALE,50.32,SOURCE_B
TXN-B-002007,BR-003,EMP-0027,2026-03-18,SALE,21.82,SOURCE_B
TXN-B-002008,BR-005,EMP-0022,2026-03-19,SALE,174.58,SOURCE_B
TXN-B-002009,BR-003,EMP-0028,2026-04-11,SALE,53.2,SOURCE_B
TXN-B-002010,BR-001,EMP-0001,2026-02-10,SALE,161.87,SOURCE_B
TXN-B-002011,BR-003,EMP-0006,2026-04-10,SALE,162.64,SOURCE_B
TXN-B-002012,BR-003,EMP-0004,2026-02-23,SALE,36.8,SOURCE_B
TXN-B-002013,BR-006,EMP-0016,2026-02-13,SALE,336.42,SOURCE_B
TXN-B-002014,BR-008,EMP-0030,2026-03-28,SALE,1056.98,SOURCE_B
TXN-B-002015,BR-003,EMP-0002,2026-01-06,SALE,390.52,SOURCE_B
TXN-B-002016,BR-007,EMP-0009,2026-03-25,SALE,521.85,SOURCE_B
TXN-B-002017,BR-008,EMP-0005,2026-02-21,SALE,192.76,SOURCE_B
TXN-B-002018,BR-004,EMP-0001,2026-03-03,SALE,279.92,SOURCE_B
TXN-B-002019,BR-006,EMP-0007,2026-02-17,SALE,206.9,SOURCE_B
TXN-B-002020,BR-008,EMP-0020,2026-01-04,SALE,213.44,SOURCE_B
TXN-B-002021,BR-004,EMP-0028,2026-03-17,SALE,233.44,SOURCE_B
TXN-B-002022,BR-002,EMP-0027,2026-01-12,SALE,461.74,SOURCE_B
TXN-B-002023,BR-006,EMP-0001,2026-04-15,SALE,441.87,SOURCE_B
TXN-B-002024,BR-010,EMP-0025,2026-01-21,SALE,927.24,SOURCE_B
TXN-B-002025,BR-007,EMP-0017,2026-01-11,SALE,637.05,SOURCE_B
TXN-B-002026,BR-006,EMP-0008,2026-02-04,SALE,310.86,SOURCE_B
TXN-B-002027,BR-005,EMP-0026,2026-03-27,SALE,474.5,SOURCE_B
TXN-B-002028,BR-009,EMP-0031,2026-03-13,SALE,18.85,SOURCE_B
TXN-B-002029,BR-008,EMP-0029,2026-01-19,SALE,951.29,SOURCE_B
TXN-B-002030,BR-003,EMP-0008,2026-04-17,SALE,36.35,SOURCE_B
TXN-B-002031,BR-010,EMP-0012,2026-01-18,SALE,155.27,SOURCE_B
TXN-B-002032,BR-003,EMP-0014,2026-01-04,SALE,19.72,SOURCE_B
TXN-B-002033,BR-001,EMP-0032,2026-04-14,SALE,89.05,SOURCE_B
TXN-B-002034,BR-007,EMP-0003,2026-04-07,SALE,58.11,SOURCE_B
TXN-B-002035,BR-003,EMP-0016,2026-01-26,SALE,513.83,SOURCE_B
TXN-B-002036,BR-006,EMP-0016,2026-04-24,SALE,65.27,SOURCE_B
TXN-B-002037,BR-007,EMP-0009,2026-02-19,SALE,422.74,SOURCE_B
TXN-B-002038,BR-002,EMP-0025,2026-04-13,SALE,701.54,SOURCE_B
TXN-B-002039,BR-007,EMP-0014,2026-01-17,SALE,514.57,SOURCE_B
TXN-B-002040,BR-003,EMP-0024,2026-04-28,SALE,205.86,SOURCE_B
TXN-B-002041,BR-009,EMP-0031,2026-02-11,SALE,758.45,SOURCE_B
TXN-B-002042,BR-003,EMP-0012,2026-04-05,SALE,812.31,SOURCE_B
TXN-B-002043,BR-010,EMP-0029,2026-01-15,SALE,385.62,SOURCE_B
TXN-B-002044,BR-005,EMP-0006,2026-03-18,SALE,274.39,SOURCE_B
TXN-B-002045,BR-007,EMP-0013,2026-03-23,SALE,588.34,SOURCE_B
TXN-B-002046,BR-010,EMP-0017,2026-02-07,SALE,145.95,SOURCE_B
TXN-B-002047,BR-010,EMP-0023,2026-02-27,SALE,342.0,SOURCE_B
TXN-B-002048,BR-009,EMP-0007,2026-03-12,SALE,92.36,SOURCE_B
TXN-B-002049,BR-004,EMP-0004,2026-01-20,SALE,774.74,SOURCE_B
TXN-B-002050,BR-004,EMP-0028,2026-03-12,SALE,46.56,SOURCE_B
TXN-B-002051,BR-002,EMP-0019,2026-04-22,SALE,614.46,SOURCE_B
TXN-B-002052,BR-001,EMP-0009,2026-01-26,SALE,153.37,SOURCE_B
TXN-B-002053,BR-008,EMP-0018,2026-03-24,SALE,400.37,SOURCE_B
TXN-B-002054,BR-005,EMP-0030,2026-04-04,SALE,143.34,SOURCE_B
TXN-B-002055,BR-001,EMP-0029,2026-01-10,SALE,777.37,SOURCE_B
TXN-B-002056,BR-006,EMP-0029,2026-04-27,SALE,108.4,SOURCE_B
TXN-B-002057,BR-002,EMP-0002,2026-03-14,SALE,189.34,SOURCE_B
TXN-B-002058,BR-009,EMP-0027,2026-04-19,SALE,566.94,SOURCE_B
TXN-B-002059,BR-001,EMP-0024,2026-04-04,SALE,130.09,SOURCE_B
TXN-B-002060,BR-004,EMP-0028,2026-02-03,SALE,481.9,SOURCE_B
TXN-B-002061,BR-003,EMP-0019,2026-04-12,SALE,26.6,SOURCE_B
TXN-B-002062,BR-001,EMP-0017,2026-01-03,SALE,1117.42,SOURCE_B
TXN-B-002063,BR-002,EMP-0014,2026-04-07,SALE,49.02,SOURCE_B
TXN-B-002064,BR-008,EMP-0007,2026-04-22,SALE,181.48,SOURCE_B
TXN-B-002065,BR-002,EMP-0020,2026-02-18,SALE,262.92,SOURCE_B
TXN-B-002066,BR-004,EMP-0020,2026-02-07,SALE,196.69,SOURCE_B
TXN-B-002067,BR-003,EMP-0022,2026-01-26,SALE,340.43,SOURCE_B
TXN-B-002068,BR-003,EMP-0011,2026-04-27,SALE,468.03,SOURCE_B
TXN-B-002069,BR-008,EMP-0028,2026-01-03,SALE,95.17,SOURCE_B
TXN-B-002070,BR-001,EMP-0032,2026-03-01,SALE,425.49,SOURCE_B
TXN-B-002071,BR-007,EMP-0024,2026-02-14,SALE,735.71,SOURCE_B
TXN-B-002072,BR-001,EMP-0019,2026-01-14,SALE,94.0,SOURCE_B
TXN-B-002073,BR-008,EMP-0005,2026-04-27,SALE,16.3,SOURCE_B
TXN-B-002074,BR-003,EMP-0020,2026-01-26,SALE,20.07,SOURCE_B
TXN-B-002075,BR-003,EMP-0014,2026-01-22,SALE,62.95,SOURCE_B
TXN-B-002076,BR-001,EMP-0029,2026-04-24,SALE,125.14,SOURCE_B
TXN-B-002077,BR-009,EMP-0022,2026-02-02,SALE,589.39,SOURCE_B
TXN-B-002078,BR-005,EMP-0027,2026-01-25,SALE,19.51,SOURCE_B
TXN-B-002079,BR-008,EMP-0005,2026-01-15,SALE,71.09,SOURCE_B
TXN-B-002080,BR-006,EMP-0002,2026-04-20,SALE,145.39,SOURCE_B
TXN-B-002081,BR-002,EMP-0006,2026-03-01,SALE,154.37,SOURCE_B
TXN-B-002082,BR-009,EMP-0013,2026-04-14,SALE,123.07,SOURCE_B
TXN-B-002083,BR-009,EMP-0014,2026-02-27,SALE,139.11,SOURCE_B
TXN-B-002084,BR-006,EMP-0019,2026-03-27,SALE,611.13,SOURCE_B
TXN-B-002085,BR-010,EMP-0031,2026-04-11,SALE,479.32,SOURCE_B
TXN-B-002086,BR-006,EMP-0028,2026-02-01,SALE,289.61,SOURCE_B
TXN-B-002087,BR-005,EMP-0026,2026-04-25,SALE,177.05,SOURCE_B
TXN-B-002088,BR-010,EMP-0011,2026-02-11,SALE,833.89,SOURCE_B
TXN-B-002089,BR-002,EMP-0030,2026-03-11,SALE,299.07,SOURCE_B
TXN-B-002090,BR-006,EMP-0024,2026-02-01,SALE,271.54,SOURCE_B
TXN-B-002091,BR-001,EMP-0009,2026-01-15,SALE,293.59,SOURCE_B
TXN-B-002092,BR-009,EMP-0032,2026-04-21,SALE,431.65,SOURCE_B
TXN-B-002093,BR-002,EMP-0002,2026-01-01,SALE,327.91,SOURCE_B
TXN-B-002094,BR-006,EMP-0004,2026-03-18,SALE,833.21,SOURCE_B
TXN-B-002095,BR-004,EMP-0023,2026-03-21,SALE,642.02,SOURCE_B
