line_id,transaction_id,product_id,product_code,barcode,product_name,generic_name,quantity,unit_price,amount,reference_id,source
TXN-A-000001-L01,TXN-A-000001,PRD-0099,PC-NEX0099,2000000009902,NEXUS Cutting Board 500 ML,Cutting Board 500 ML,6.39,112.85,721.11,TXN-B-000001,SOURCE_A
TXN-A-000002-L03,TXN-A-000002,PRD-0039,PC-NEX0039,2000000003900,NEXUS Desk Organizer 250 ML,Desk Organizer 250 ML,7.53,90.18,679.06,TXN-B-000002,SOURCE_A
TXN-A-000003-L05,TXN-A-000003,PRD-0106,PC-ZEN0106,2000000010601,ZENITH Spatula Set 1 KG,Spatula Set 1 KG,7.1,23.7,168.27,TXN-B-000003,SOURCE_A
TXN-A-000004-L07,TXN-A-000004,PRD-0077,PC-AUR0077,2000000007700,AURORA Shampoo 1 KG,Shampoo 1 KG,1.34,106.6,142.84,TXN-B-000004,SOURCE_A
TXN-A-000005-L09,TXN-A-000005,PRD-0022,PC-ZEN0022,2000000002200,ZENITH Floor Polish 2000 MAH,Floor Polish 2000 MAH,7.06,5.92,41.8,TXN-B-000005,SOURCE_A
TXN-A-000006-L11,TXN-A-000006,PRD-0079,PC-ZEN0079,2000000007908,ZENITH Body Wash 200 G,Body Wash 200 G,1.87,74.3,138.94,TXN-B-000006,SOURCE_A
TXN-A-000007-L13,TXN-A-000007,PRD-0139,PC-ZEN0139,2000000013909,ZENITH Eraser Pack 500 G,Eraser Pack 500 G,4.82,45.39,218.78,TXN-B-000007,SOURCE_A
TXN-A-000008-L15,TXN-A-000008,PRD-0094,PC-ZEN0094,2000000009407,ZENITH Lotion 10000 MAH,Lotion 10000 MAH,3.1,9.96,30.88,TXN-B-000008,SOURCE_A
TXN-A-000009-L17,TXN-A-000009,PRD-0078,PC-NEX0078,2000000007809,NEXUS Shampoo 500 ML,Shampoo 500 ML,4.86,118.47,575.76,TXN-B-000009,SOURCE_A
TXN-A-000010-L19,TXN-A-000010,PRD-0138,PC-NEX0138,2000000013800,NEXUS Scissors 500 MG,Scissors 500 MG,9.47,96.35,912.43,TXN-B-000010,SOURCE_A
TXN-A-000011-L21,TXN-A-000011,PRD-0002,PC-AUR0002,2000000000206,AURORA All Purpose Cleaner 30 CM,All Purpose Cleaner 30 CM,2.94,44.72,131.48,TXN-B-000011,SOURCE_A
TXN-A-000012-L23,TXN-A-000012,PRD-0076,PC-ZEN0076,2000000007601,ZENITH Shampoo 200 G,Shampoo 200 G,2.29,12.26,28.08,TXN-B-000012,SOURCE_A
TXN-A-000013-L25,TXN-A-000013,PRD-0148,PC-ZEN0148,2000000014807,ZENITH Wrench Set 30 CM,Wrench Set 30 CM,5.81,116.97,679.6,TXN-B-000013,SOURCE_A
TXN-A-000014-L27,TXN-A-000014,PRD-0084,PC-NEX0084,2000000008400,NEXUS Toothpaste 15 W,Toothpaste 15 W,6.35,33.06,209.93,TXN-B-000014,SOURCE_A
TXN-A-000015-L29,TXN-A-000015,PRD-0094,PC-ZEN0094,2000000009407,ZENITH Lotion 10000 MAH,Lotion 10000 MAH,8.68,9.96,86.45,TXN-B-000015,SOURCE_A
TXN-A-000016-L31,TXN-A-000016,PRD-0008,PC-AUR0008,2000000000800,AURORA Dish Liquid 10000 MAH,Dish Liquid 10000 MAH,1.82,111.86,203.59,TXN-B-000016,SOURCE_A
TXN-A-000017-L33,TXN-A-000017,PRD-0056,PC-AUR0056,2000000005607,AURORA Phone Case 20 W,Phone Case 20 W,3.13,16.68,52.21,TXN-B-000017,SOURCE_A
TXN-A-000018-L35,TXN-A-000018,PRD-0044,PC-AUR0044,2000000004402,AURORA Whiteboard Marker 12 IN,Whiteboard Marker 12 IN,5.38,38.93,209.44,TXN-B-000018,SOURCE_A
TXN-A-000019-L37,TXN-A-000019,PRD-0129,PC-NEX0129,2000000012902,NEXUS Colored Pencil Set 750 ML,Colored Pencil Set 750 ML,6.35,94.86,602.36,TXN-B-000019,SOURCE_A
TXN-A-000020-L39,TXN-A-000020,PRD-0010,PC-ZEN0010,2000000001005,ZENITH Laundry Detergent 1.5 V,Laundry Detergent 1.5 V,4.62,25.3,116.89,TXN-B-000020,SOURCE_A
TXN-A-000021-L41,TXN-A-000021,PRD-0124,PC-ZEN0124,2000000012407,ZENITH Sketch Pad 500 MG,Sketch Pad 500 MG,6.28,47.5,298.3,TXN-B-000021,SOURCE_A
TXN-A-000022-L43,TXN-A-000022,PRD-0012,PC-NEX0012,2000000001203,NEXUS Laundry Detergent 3 V,Laundry Detergent 3 V,2.92,22.27,65.03,TXN-B-000022,SOURCE_A
TXN-A-000023-L45,TXN-A-000023,PRD-0098,PC-AUR0098,2000000009803,AURORA Cutting Board 10 IN,Cutting Board 10 IN,3.6,17.09,61.52,TXN-B-000023,SOURCE_A
TXN-A-000024-L47,TXN-A-000024,PRD-0013,PC-ZEN0013,2000000001302,ZENITH Fabric Softener 1 L,Fabric Softener 1 L,2.62,9.65,25.28,TXN-B-000024,SOURCE_A
TXN-A-000025-L49,TXN-A-000025,PRD-0071,PC-AUR0071,2000000007106,AURORA Mouse Pad 50 G,Mouse Pad 50 G,1.52,17.32,26.33,TXN-B-000025,SOURCE_A
TXN-A-000026-L51,TXN-A-000026,PRD-0104,PC-AUR0104,2000000010403,AURORA Measuring Cup 10000 MAH,Measuring Cup 10000 MAH,7.0,68.42,478.94,TXN-B-000026,SOURCE_A
TXN-A-000027-L53,TXN-A-000027,PRD-0095,PC-AUR0095,2000000009506,AURORA Lotion 1 KG,Lotion 1 KG,9.17,117.25,1075.18,TXN-B-000027,SOURCE_A
TXN-A-000028-L55,TXN-A-000028,PRD-0002,PC-AUR0002,2000000000206,AURORA All Purpose Cleaner 30 CM,All Purpose Cleaner 30 CM,5.39,44.72,241.04,TXN-B-000028,SOURCE_A
TXN-A-000029-L57,TXN-A-000029,PRD-0135,PC-NEX0135,2000000013503,NEXUS Glue Stick 5000 MAH,Glue Stick 5000 MAH,4.53,27.9,126.39,TXN-B-000029,SOURCE_A
TXN-A-000030-L59,TXN-A-000030,PRD-0130,PC-ZEN0130,2000000013008,ZENITH Ruler Set 45 CM,Ruler Set 45 CM,6.81,90.87,618.82,TXN-B-000030,SOURCE_A
TXN-A-000031-L61,TXN-A-000031,PRD-0082,PC-ZEN0082,2000000008202,ZENITH Toothpaste 500 MG,Toothpaste 500 MG,8.59,92.36,793.37,TXN-B-000031,SOURCE_A
TXN-A-000032-L63,TXN-A-000032,PRD-0030,PC-NEX0030,2000000003009,NEXUS Highlighter Set 12 IN,Highlighter Set 12 IN,8.18,69.53,568.76,TXN-B-000032,SOURCE_A
TXN-A-000033-L65,TXN-A-000033,PRD-0117,PC-NEX0117,2000000011707,NEXUS Can Opener 5 W,Can Opener 5 W,3.99,60.46,241.24,TXN-B-000033,SOURCE_A
TXN-A-000034-L67,TXN-A-000034,PRD-0104,PC-AUR0104,2000000010403,AURORA Measuring Cup 10000 MAH,Measuring Cup 10000 MAH,8.62,68.42,589.78,TXN-B-000034,SOURCE_A
TXN-A-000035-L69,TXN-A-000035,PRD-0010,PC-ZEN0010,2000000001005,ZENITH Laundry Detergent 1.5 V,Laundry Detergent 1.5 V,2.31,25.3,58.44,TXN-B-000035,SOURCE_A
TXN-A-000036-L71,TXN-A-000036,PRD-0120,PC-NEX0120,2000000012001,NEXUS Peeler 30 CM,Peeler 30 CM,7.5,95.85,718.88,TXN-B-000036,SOURCE_A
TXN-A-000037-L73,TXN-A-000037,PRD-0061,PC-ZEN0061,2000000006109,ZENITH Battery Pack 200 G,Battery Pack 200 G,6.22,64.09,398.64,TXN-B-000037,SOURCE_A
TXN-A-000038-L75,TXN-A-000038,PRD-0125,PC-AUR0125,2000000012506,AURORA Sketch Pad 1.5 V,Sketch Pad 1.5 V,3.97,102.96,408.75,TXN-B-000038,SOURCE_A
TXN-A-000039-L77,TXN-A-000039,PRD-0046,PC-ZEN0046,2000000004600,ZENITH Tape Dispenser 250 ML,Tape Dispenser 250 ML,2.85,27.78,79.17,TXN-B-000039,SOURCE_A
TXN-A-000040-L79,TXN-A-000040,PRD-0117,PC-NEX0117,2000000011707,NEXUS Can Opener 5 W,Can Opener 5 W,5.79,60.46,350.06,TXN-B-000040,SOURCE_A
TXN-A-000041-L81,TXN-A-000041,PRD-0039,PC-NEX0039,2000000003900,NEXUS Desk Organizer 250 ML,Desk Organizer 250 ML,5.69,90.18,513.12,TXN-B-000041,SOURCE_A
TXN-A-000042-L83,TXN-A-000042,PRD-0119,PC-AUR0119,2000000011905,AURORA Peeler 100 MG,Peeler 100 MG,9.95,13.3,132.34,TXN-B-000042,SOURCE_A
TXN-A-000043-L85,TXN-A-000043,PRD-0004,PC-ZEN0004,2000000000404,ZENITH Glass Spray 750 ML,Glass Spray 750 ML,8.69,100.37,872.22,TXN-B-000043,SOURCE_A
TXN-A-000044-L87,TXN-A-000044,PRD-0007,PC-ZEN0007,2000000000701,ZENITH Dish Liquid 5000 MAH,Dish Liquid 5000 MAH,4.63,57.78,267.52,TXN-B-000044,SOURCE_A
TXN-A-000045-L89,TXN-A-000045,PRD-0042,PC-NEX0042,2000000004204,NEXUS File Folder Pack 500 G,File Folder Pack 500 G,9.55,68.11,650.45,TXN-B-000045,SOURCE_A
TXN-A-000046-L91,TXN-A-000046,PRD-0123,PC-NEX0123,2000000012308,NEXUS Notebook 3 V,Notebook 3 V,7.92,15.38,121.81,TXN-B-000046,SOURCE_A
TXN-A-000047-L93,TXN-A-000047,PRD-0040,PC-ZEN0040,2000000004006,ZENITH File Folder Pack 750 ML,File Folder Pack 750 ML,5.19,112.35,583.1,TXN-B-000047,SOURCE_A
TXN-A-000048-L95,TXN-A-000048,PRD-0090,PC-NEX0090,2000000009001,NEXUS Face Cream 100 MG,Face Cream 100 MG,6.56,20.0,131.2,TXN-B-000048,SOURCE_A
TXN-A-000049-L97,TXN-A-000049,PRD-0138,PC-NEX0138,2000000013800,NEXUS Scissors 500 MG,Scissors 500 MG,5.64,96.35,543.41,TXN-B-000049,SOURCE_A
TXN-A-000050-L99,TXN-A-000050,PRD-0095,PC-AUR0095,2000000009506,AURORA Lotion 1 KG,Lotion 1 KG,6.52,117.25,764.47,TXN-B-000050,SOURCE_A
TXN-A-000051-L101,TXN-A-000051,PRD-0087,PC-NEX0087,2000000008707,NEXUS Deodorant 9 V,Deodorant 9 V,9.6,116.64,1119.74,TXN-B-000051,SOURCE_A
TXN-A-000052-L103,TXN-A-000052,PRD-0015,PC-NEX0015,2000000001500,NEXUS Fabric Softener 200 G,Fabric Softener 200 G,9.46,47.38,448.21,TXN-B-000052,SOURCE_A
TXN-A-000053-L105,TXN-A-000053,PRD-0146,PC-AUR0146,2000000014609,AURORA Screwdriver Set 500 ML,Screwdriver Set 500 ML,5.5,91.46,503.03,TXN-B-000053,SOURCE_A
TXN-A-000054-L107,TXN-A-000054,PRD-0070,PC-ZEN0070,2000000007007,ZENITH Mouse Pad 200 G,Mouse Pad 200 G,8.66,113.79,985.42,TXN-B-000054,SOURCE_A
TXN-A-000055-L109,TXN-A-000055,PRD-0104,PC-AUR0104,2000000010403,AURORA Measuring Cup 10000 MAH,Measuring Cup 10000 MAH,8.12,68.42,555.57,TXN-B-000055,SOURCE_A
TXN-A-000056-L111,TXN-A-000056,PRD-0110,PC-AUR0110,2000000011004,AURORA Storage Container 5 W,Storage Container 5 W,1.33,44.62,59.34,TXN-B-000056,SOURCE_A
TXN-A-000057-L113,TXN-A-000057,PRD-0042,PC-NEX0042,2000000004204,NEXUS File Folder Pack 500 G,File Folder Pack 500 G,6.44,68.11,438.63,TXN-B-000057,SOURCE_A
TXN-A-000058-L115,TXN-A-000058,PRD-0042,PC-NEX0042,2000000004204,NEXUS File Folder Pack 500 G,File Folder Pack 500 G,9.07,68.11,617.76,TXN-B-000058,SOURCE_A
TXN-A-000059-L117,TXN-A-000059,PRD-0072,PC-NEX0072,2000000007205,NEXUS Mouse Pad 100 G,Mouse Pad 100 G,6.49,43.98,285.43,TXN-B-000059,SOURCE_A
TXN-A-000060-L119,TXN-A-000060,PRD-0149,PC-AUR0149,2000000014906,AURORA Wrench Set 45 CM,Wrench Set 45 CM,9.96,29.28,291.63,TXN-B-000060,SOURCE_A
TXN-A-000061-L121,TXN-A-000061,PRD-0031,PC-ZEN0031,2000000003108,ZENITH Binder Clip Box 3 V,Binder Clip Box 3 V,2.12,57.71,122.35,TXN-B-000061,SOURCE_A
TXN-A-000062-L123,TXN-A-000062,PRD-0017,PC-AUR0017,2000000001708,AURORA Surface Wipes 9 V,Surface Wipes 9 V,5.16,80.73,416.57,TXN-B-000062,SOURCE_A
TXN-A-000063-L125,TXN-A-000063,PRD-0077,PC-AUR0077,2000000007700,AURORA Shampoo 1 KG,Shampoo 1 KG,2.1,106.6,223.86,TXN-B-000063,SOURCE_A
TXN-A-000064-L127,TXN-A-000064,PRD-0026,PC-AUR0026,2000000002606,AURORA Ballpoint Pen 250 ML,Ballpoint Pen 250 ML,8.81,26.93,237.25,TXN-B-000064,SOURCE_A
TXN-A-000065-L129,TXN-A-000065,PRD-0038,PC-AUR0038,2000000003801,AURORA Desk Organizer 2000 MAH,Desk Organizer 2000 MAH,2.53,28.05,70.97,TXN-B-000065,SOURCE_A
TXN-A-000066-L131,TXN-A-000066,PRD-0069,PC-NEX0069,2000000006901,NEXUS HDMI Cable 1.5 L,HDMI Cable 1.5 L,6.66,45.41,302.43,TXN-B-000066,SOURCE_A
TXN-A-000067-L133,TXN-A-000067,PRD-0075,PC-NEX0075,2000000007502,NEXUS Hand Soap 10000 MAH,Hand Soap 10000 MAH,6.08,69.45,422.26,TXN-B-000067,SOURCE_A
TXN-A-000068-L135,TXN-A-000068,PRD-0050,PC-AUR0050,2000000005003,AURORA USB Cable 10000 MAH,USB Cable 10000 MAH,5.53,3.09,17.09,TXN-B-000068,SOURCE_A
TXN-A-000069-L137,TXN-A-000069,PRD-0013,PC-ZEN0013,2000000001302,ZENITH Fabric Softener 1 L,Fabric Softener 1 L,3.82,9.65,36.86,TXN-B-000069,SOURCE_A
TXN-A-000070-L139,TXN-A-000070,PRD-0066,PC-NEX0066,2000000006604,NEXUS Charging Dock 5000 MAH,Charging Dock 5000 MAH,2.55,55.19,140.73,TXN-B-000070,SOURCE_A
TXN-A-000071-L141,TXN-A-000071,PRD-0022,PC-ZEN0022,2000000002200,ZENITH Floor Polish 2000 MAH,Floor Polish 2000 MAH,9.05,5.92,53.58,TXN-B-000071,SOURCE_A
TXN-A-000072-L143,TXN-A-000072,PRD-0121,PC-ZEN0121,2000000012100,ZENITH Notebook 1 L,Notebook 1 L,7.23,21.42,154.87,TXN-B-000072,SOURCE_A
TXN-A-000073-L145,TXN-A-000073,PRD-0093,PC-NEX0093,2000000009308,NEXUS Hair Gel 10 W,Hair Gel 10 W,8.78,27.25,239.25,TXN-B-000073,SOURCE_A
TXN-A-000074-L147,TXN-A-000074,PRD-0003,PC-NEX0003,2000000000305,NEXUS All Purpose Cleaner 250 ML,All Purpose Cleaner 250 ML,7.62,116.68,889.1,TXN-B-000074,SOURCE_A
TXN-A-000075-L149,TXN-A-000075,PRD-0092,PC-AUR0092,2000000009209,AURORA Hair Gel 100 MG,Hair Gel 100 MG,6.53,64.67,422.3,TXN-B-000075,SOURCE_A
TXN-A-000076-L151,TXN-A-000076,PRD-0010,PC-ZEN0010,2000000001005,ZENITH Laundry Detergent 1.5 V,Laundry Detergent 1.5 V,2.56,25.3,64.77,TXN-B-000076,SOURCE_A
TXN-A-000077-L153,TXN-A-000077,PRD-0013,PC-ZEN0013,2000000001302,ZENITH Fabric Softener 1 L,Fabric Softener 1 L,6.72,9.65,64.85,TXN-B-000077,SOURCE_A
TXN-A-000078-L155,TXN-A-000078,PRD-0138,PC-NEX0138,2000000013800,NEXUS Scissors 500 MG,Scissors 500 MG,8.87,96.35,854.62,TXN-B-000078,SOURCE_A
TXN-A-000079-L157,TXN-A-000079,PRD-0066,PC-NEX0066,2000000006604,NEXUS Charging Dock 5000 MAH,Charging Dock 5000 MAH,9.62,55.19,530.93,TXN-B-000079,SOURCE_A
TXN-A-000080-L159,TXN-A-000080,PRD-0057,PC-NEX0057,2000000005706,NEXUS Phone Case 1 L,Phone Case 1 L,6.75,31.73,214.18,TXN-B-000080,SOURCE_A
TXN-A-000081-L161,TXN-A-000081,PRD-0136,PC-ZEN0136,2000000013602,ZENITH Scissors 3 V,Scissors 3 V,8.0,71.22,569.76,TXN-B-000081,SOURCE_A
TXN-A-000082-L163,TXN-A-000082,PRD-0140,PC-AUR0140,2000000014005,AURORA Eraser Pack 2000 MAH,Eraser Pack 2000 MAH,8.65,111.85,967.5,TXN-B-000082,SOURCE_A
TXN-A-000083-L165,TXN-A-000083,PRD-0035,PC-AUR0035,2000000003504,AURORA Stapler 10 W,Stapler 10 W,5.43,17.34,94.16,TXN-B-000083,SOURCE_A
TXN-A-000084-L167,TXN-A-000084,PRD-0020,PC-AUR0020,2000000002002,AURORA Air Freshener 200 G,Air Freshener 200 G,1.14,104.22,118.81,TXN-B-000084,SOURCE_A
TXN-A-000085-L169,TXN-A-000085,PRD-0112,PC-ZEN0112,2000000011202,ZENITH Kitchen Towel 30 CM,Kitchen Towel 30 CM,8.13,100.54,817.39,TXN-B-000085,SOURCE_A
TXN-A-000086-L171,TXN-A-000086,PRD-0094,PC-ZEN0094,2000000009407,ZENITH Lotion 10000 MAH,Lotion 10000 MAH,9.96,9.96,99.2,TXN-B-000086,SOURCE_A
TXN-A-000087-L173,TXN-A-000087,PRD-0070,PC-ZEN0070,2000000007007,ZENITH Mouse Pad 200 G,Mouse Pad 200 G,5.44,113.79,619.02,TXN-B-000087,SOURCE_A
TXN-A-000088-L175,TXN-A-000088,PRD-0150,PC-NEX0150,2000000015002,NEXUS Wrench Set 9 V,Wrench Set 9 V,2.31,89.01,205.61,TXN-B-000088,SOURCE_A
TXN-A-000089-L177,TXN-A-000089,PRD-0063,PC-NEX0063,2000000006307,NEXUS Battery Pack 10 W,Battery Pack 10 W,4.21,96.31,405.47,TXN-B-000089,SOURCE_A
TXN-A-000090-L179,TXN-A-000090,PRD-0076,PC-ZEN0076,2000000007601,ZENITH Shampoo 200 G,Shampoo 200 G,6.88,12.26,84.35,TXN-B-000090,SOURCE_A
TXN-A-000091-L181,TXN-A-000091,PRD-0061,PC-ZEN0061,2000000006109,ZENITH Battery Pack 200 G,Battery Pack 200 G,1.68,64.09,107.67,TXN-B-000091,SOURCE_A
TXN-A-000092-L183,TXN-A-000092,PRD-0114,PC-NEX0114,2000000011400,NEXUS Kitchen Towel 10 W,Kitchen Towel 10 W,5.12,24.94,127.69,TXN-B-000092,SOURCE_A
TXN-A-000093-L185,TXN-A-000093,PRD-0065,PC-AUR0065,2000000006505,AURORA Charging Dock 3 V,Charging Dock 3 V,6.73,17.05,114.75,TXN-B-000093,SOURCE_A
TXN-A-000094-L187,TXN-A-000094,PRD-0144,PC-NEX0144,2000000014401,NEXUS Marker Set 250 ML,Marker Set 250 ML,4.11,40.05,164.61,TXN-B-000094,SOURCE_A
TXN-A-000095-L189,TXN-A-000095,PRD-0005,PC-AUR0005,2000000000503,AURORA Glass Spray 500 G,Glass Spray 500 G,6.51,111.21,723.98,TXN-B-000095,SOURCE_A
TXN-A-000096-L191,TXN-A-000096,PRD-0120,PC-NEX0120,2000000012001,NEXUS Peeler 30 CM,Peeler 30 CM,7.45,95.85,714.08,TXN-B-000096,SOURCE_A
TXN-A-000097-L193,TXN-A-000097,PRD-0085,PC-ZEN0085,2000000008509,ZENITH Deodorant 200 G,Deodorant 200 G,6.72,86.39,580.54,TXN-B-000097,SOURCE_A
TXN-A-000098-L195,TXN-A-000098,PRD-0046,PC-ZEN0046,2000000004600,ZENITH Tape Dispenser 250 ML,Tape Dispenser 250 ML,1.19,27.78,33.06,TXN-B-000098,SOURCE_A
TXN-A-000099-L197,TXN-A-000099,PRD-0128,PC-AUR0128,2000000012803,AURORA Colored Pencil Set 5 W,Colored Pencil Set 5 W,7.81,24.7,192.91,TXN-B-000099,SOURCE_A
TXN-A-000100-L199,TXN-A-000100,PRD-0074,PC-AUR0074,2000000007403,AURORA Hand Soap 1.5 V,Hand Soap 1.5 V,9.43,72.37,682.45,TXN-B-000100,SOURCE_A
TXN-A-000101-L201,TXN-A-000101,PRD-0019,PC-ZEN0019,2000000001906,ZENITH Air Freshener 45 CM,Air Freshener 45 CM,4.4,38.75,170.5,TXN-B-000101,SOURCE_A
TXN-A-000102-L203,TXN-A-000102,PRD-0147,PC-NEX0147,2000000014708,NEXUS Screwdriver Set 100 MG,Screwdriver Set 100 MG,8.82,60.33,532.11,TXN-B-000102,SOURCE_A
TXN-A-000103-L205,TXN-A-000103,PRD-0097,PC-ZEN0097,2000000009704,ZENITH Cutting Board 5 W,Cutting Board 5 W,9.25,15.99,147.91,TXN-B-000103,SOURCE_A
TXN-A-000104-L207,TXN-A-000104,PRD-0028,PC-ZEN0028,2000000002804,ZENITH Highlighter Set 500 ML,Highlighter Set 500 ML,8.05,113.36,912.55,TXN-B-000104,SOURCE_A
TXN-A-000105-L209,TXN-A-000105,PRD-0056,PC-AUR0056,2000000005607,AURORA Phone Case 20 W,Phone Case 20 W,3.81,16.68,63.55,TXN-B-000105,SOURCE_A
TXN-A-000106-L211,TXN-A-000106,PRD-0126,PC-NEX0126,2000000012605,NEXUS Sketch Pad 250 ML,Sketch Pad 250 ML,3.5,82.01,287.04,TXN-B-000106,SOURCE_A
TXN-A-000107-L213,TXN-A-000107,PRD-0108,PC-NEX0108,2000000010809,NEXUS Spatula Set 500 MG,Spatula Set 500 MG,6.66,103.62,690.11,TXN-B-000107,SOURCE_A
TXN-A-000108-L215,TXN-A-000108,PRD-0005,PC-AUR0005,2000000000503,AURORA Glass Spray 500 G,Glass Spray 500 G,5.38,111.21,598.31,TXN-B-000108,SOURCE_A
TXN-A-000109-L217,TXN-A-000109,PRD-0039,PC-NEX0039,2000000003900,NEXUS Desk Organizer 250 ML,Desk Organizer 250 ML,3.22,90.18,290.38,TXN-B-000109,SOURCE_A
TXN-A-000110-L219,TXN-A-000110,PRD-0129,PC-NEX0129,2000000012902,NEXUS Colored Pencil Set 750 ML,Colored Pencil Set 750 ML,8.18,94.86,775.95,TXN-B-000110,SOURCE_A
TXN-A-000111-L221,TXN-A-000111,PRD-0073,PC-ZEN0073,2000000007304,ZENITH Hand Soap 250 MG,Hand Soap 250 MG,7.81,22.6,176.51,TXN-B-000111,SOURCE_A
TXN-A-000112-L223,TXN-A-000112,PRD-0122,PC-AUR0122,2000000012209,AURORA Notebook 5000 MAH,Notebook 5000 MAH,1.81,31.9,57.74,TXN-B-000112,SOURCE_A
TXN-A-000113-L225,TXN-A-000113,PRD-0041,PC-AUR0041,2000000004105,AURORA File Folder Pack 9 V,File Folder Pack 9 V,2.02,59.18,119.54,TXN-B-000113,SOURCE_A
TXN-A-000114-L227,TXN-A-000114,PRD-0100,PC-ZEN0100,2000000010007,ZENITH Mixing Bowl Set 250 ML,Mixing Bowl Set 250 ML,9.15,63.15,577.82,TXN-B-000114,SOURCE_A
TXN-A-000115-L229,TXN-A-000115,PRD-0109,PC-ZEN0109,2000000010908,ZENITH Storage Container 20 W,Storage Container 20 W,9.0,89.13,802.17,TXN-B-000115,SOURCE_A
TXN-A-000116-L231,TXN-A-000116,PRD-0145,PC-ZEN0145,2000000014500,ZENITH Screwdriver Set 10 W,Screwdriver Set 10 W,1.7,31.94,54.3,TXN-B-000116,SOURCE_A
TXN-A-000117-L233,TXN-A-000117,PRD-0019,PC-ZEN0019,2000000001906,ZENITH Air Freshener 45 CM,Air Freshener 45 CM,8.96,38.75,347.2,TXN-B-000117,SOURCE_A
TXN-A-000118-L235,TXN-A-000118,PRD-0092,PC-AUR0092,2000000009209,AURORA Hair Gel 100 MG,Hair Gel 100 MG,2.73,64.67,176.55,TXN-B-000118,SOURCE_A
TXN-A-000119-L237,TXN-A-000119,PRD-0097,PC-ZEN0097,2000000009704,ZENITH Cutting Board 5 W,Cutting Board 5 W,4.76,15.99,76.11,TXN-B-000119,SOURCE_A
TXN-A-000120-L239,TXN-A-000120,PRD-0059,PC-AUR0059,2000000005904,AURORA Screen Protector 45 CM,Screen Protector 45 CM,7.89,61.8,487.6,TXN-B-000120,SOURCE_A
TXN-A-000121-L241,TXN-A-000121,PRD-0125,PC-AUR0125,2000000012506,AURORA Sketch Pad 1.5 V,Sketch Pad 1.5 V,8.14,102.96,838.09,TXN-B-000121,SOURCE_A
TXN-A-000122-L243,TXN-A-000122,PRD-0121,PC-ZEN0121,2000000012100,ZENITH Notebook 1 L,Notebook 1 L,2.12,21.42,45.41,TXN-B-000122,SOURCE_A
TXN-A-000123-L245,TXN-A-000123,PRD-0070,PC-ZEN0070,2000000007007,ZENITH Mouse Pad 200 G,Mouse Pad 200 G,6.73,113.79,765.81,TXN-B-000123,SOURCE_A
TXN-A-000124-L247,TXN-A-000124,PRD-0092,PC-AUR0092,2000000009209,AURORA Hair Gel 100 MG,Hair Gel 100 MG,5.94,64.67,384.14,TXN-B-000124,SOURCE_A
TXN-A-000125-L249,TXN-A-000125,PRD-0026,PC-AUR0026,2000000002606,AURORA Ballpoint Pen 250 ML,Ballpoint Pen 250 ML,1.62,26.93,43.63,TXN-B-000125,SOURCE_A
TXN-A-000126-L251,TXN-A-000126,PRD-0037,PC-ZEN0037,2000000003702,ZENITH Desk Organizer 5 W,Desk Organizer 5 W,5.32,11.53,61.34,TXN-B-000126,SOURCE_A
TXN-A-000127-L253,TXN-A-000127,PRD-0009,PC-NEX0009,2000000000909,NEXUS Dish Liquid 10 W,Dish Liquid 10 W,8.52,102.05,869.47,TXN-B-000127,SOURCE_A
TXN-A-000128-L255,TXN-A-000128,PRD-0137,PC-AUR0137,2000000013701,AURORA Scissors 100 MG,Scissors 100 MG,6.91,94.03,649.75,TXN-B-000128,SOURCE_A
TXN-A-000129-L257,TXN-A-000129,PRD-0104,PC-AUR0104,2000000010403,AURORA Measuring Cup 10000 MAH,Measuring Cup 10000 MAH,6.2,68.42,424.2,TXN-B-000129,SOURCE_A
TXN-A-000130-L259,TXN-A-000130,PRD-0064,PC-ZEN0064,2000000006406,ZENITH Charging Dock 15 W,Charging Dock 15 W,1.46,60.18,87.86,TXN-B-000130,SOURCE_A
TXN-A-000131-L261,TXN-A-000131,PRD-0001,PC-ZEN0001,2000000000107,ZENITH All Purpose Cleaner 10 IN,All Purpose Cleaner 10 IN,8.69,34.59,300.59,TXN-B-000131,SOURCE_A
TXN-A-000132-L263,TXN-A-000132,PRD-0012,PC-NEX0012,2000000001203,NEXUS Laundry Detergent 3 V,Laundry Detergent 3 V,4.79,22.27,106.67,TXN-B-000132,SOURCE_A
TXN-A-000133-L265,TXN-A-000133,PRD-0073,PC-ZEN0073,2000000007304,ZENITH Hand Soap 250 MG,Hand Soap 250 MG,8.44,22.6,190.74,TXN-B-000133,SOURCE_A
TXN-A-000134-L267,TXN-A-000134,PRD-0102,PC-NEX0102,2000000010205,NEXUS Mixing Bowl Set 15 W,Mixing Bowl Set 15 W,2.23,58.6,130.68,TXN-B-000134,SOURCE_A
TXN-A-000135-L269,TXN-A-000135,PRD-0105,PC-NEX0105,2000000010502,NEXUS Measuring Cup 100 G,Measuring Cup 100 G,8.42,109.25,919.88,TXN-B-000135,SOURCE_A
TXN-A-000136-L271,TXN-A-000136,PRD-0032,PC-AUR0032,2000000003207,AURORA Binder Clip Box 3 V,Binder Clip Box 3 V,7.67,78.97,605.7,TXN-B-000136,SOURCE_A
TXN-A-000137-L273,TXN-A-000137,PRD-0025,PC-ZEN0025,2000000002507,ZENITH Ballpoint Pen 1 KG,Ballpoint Pen 1 KG,3.59,37.08,133.12,TXN-B-000137,SOURCE_A
TXN-A-000138-L275,TXN-A-000138,PRD-0045,PC-NEX0045,2000000004501,NEXUS Whiteboard Marker 45 CM,Whiteboard Marker 45 CM,5.83,29.55,172.28,TXN-B-000138,SOURCE_A
TXN-A-000139-L277,TXN-A-000139,PRD-0137,PC-AUR0137,2000000013701,AURORA Scissors 100 MG,Scissors 100 MG,1.14,94.03,107.19,TXN-B-000139,SOURCE_A
TXN-A-000140-L279,TXN-A-000140,PRD-0130,PC-ZEN0130,2000000013008,ZENITH Ruler Set 45 CM,Ruler Set 45 CM,6.41,90.87,582.48,TXN-B-000140,SOURCE_A
TXN-A-000141-L281,TXN-A-000141,PRD-0129,PC-NEX0129,2000000012902,NEXUS Colored Pencil Set 750 ML,Colored Pencil Set 750 ML,2.56,94.86,242.84,TXN-B-000141,SOURCE_A
TXN-A-000142-L283,TXN-A-000142,PRD-0101,PC-AUR0101,2000000010106,AURORA Mixing Bowl Set 100 MG,Mixing Bowl Set 100 MG,5.26,113.58,597.43,TXN-B-000142,SOURCE_A
TXN-A-000143-L285,TXN-A-000143,PRD-0011,PC-AUR0011,2000000001104,AURORA Laundry Detergent 2000 MAH,Laundry Detergent 2000 MAH,3.14,97.97,307.63,TXN-B-000143,SOURCE_A
TXN-A-000144-L287,TXN-A-000144,PRD-0033,PC-NEX0033,2000000003306,NEXUS Binder Clip Box 45 CM,Binder Clip Box 45 CM,6.17,21.96,135.49,TXN-B-000144,SOURCE_A
TXN-A-000145-L289,TXN-A-000145,PRD-0074,PC-AUR0074,2000000007403,AURORA Hand Soap 1.5 V,Hand Soap 1.5 V,8.94,72.37,646.99,TXN-B-000145,SOURCE_A
TXN-A-000146-L291,TXN-A-000146,PRD-0054,PC-NEX0054,2000000005409,NEXUS Power Adapter 500 ML,Power Adapter 500 ML,9.48,16.51,156.51,TXN-B-000146,SOURCE_A
TXN-A-000147-L293,TXN-A-000147,PRD-0073,PC-ZEN0073,2000000007304,ZENITH Hand Soap 250 MG,Hand Soap 250 MG,1.87,22.6,42.26,TXN-B-000147,SOURCE_A
TXN-A-000148-L295,TXN-A-000148,PRD-0093,PC-NEX0093,2000000009308,NEXUS Hair Gel 10 W,Hair Gel 10 W,7.76,27.25,211.46,TXN-B-000148,SOURCE_A
TXN-A-000149-L297,TXN-A-000149,PRD-0107,PC-AUR0107,2000000010700,AURORA Spatula Set 9 V,Spatula Set 9 V,9.08,5.81,52.75,TXN-B-000149,SOURCE_A
TXN-A-000150-L299,TXN-A-000150,PRD-0147,PC-NEX0147,2000000014708,NEXUS Screwdriver Set 100 MG,Screwdriver Set 100 MG,5.82,60.33,351.12,TXN-B-000150,SOURCE_A
TXN-A-000151-L301,TXN-A-000151,PRD-0072,PC-NEX0072,2000000007205,NEXUS Mouse Pad 100 G,Mouse Pad 100 G,7.68,43.98,337.77,TXN-B-000151,SOURCE_A
TXN-A-000152-L303,TXN-A-000152,PRD-0036,PC-NEX0036,2000000003603,NEXUS Stapler 1.5 L,Stapler 1.5 L,4.8,113.16,543.17,TXN-B-000152,SOURCE_A
TXN-A-000153-L305,TXN-A-000153,PRD-0142,PC-ZEN0142,2000000014203,ZENITH Marker Set 750 ML,Marker Set 750 ML,4.65,33.77,157.03,TXN-B-000153,SOURCE_A
TXN-A-000154-L307,TXN-A-000154,PRD-0032,PC-AUR0032,2000000003207,AURORA Binder Clip Box 3 V,Binder Clip Box 3 V,5.79,78.97,457.24,TXN-B-000154,SOURCE_A
TXN-A-000155-L309,TXN-A-000155,PRD-0057,PC-NEX0057,2000000005706,NEXUS Phone Case 1 L,Phone Case 1 L,1.57,31.73,49.82,TXN-B-000155,SOURCE_A
TXN-A-000156-L311,TXN-A-000156,PRD-0092,PC-AUR0092,2000000009209,AURORA Hair Gel 100 MG,Hair Gel 100 MG,3.35,64.67,216.64,TXN-B-000156,SOURCE_A
TXN-A-000157-L313,TXN-A-000157,PRD-0051,PC-NEX0051,2000000005102,NEXUS USB Cable 500 MG,USB Cable 500 MG,1.68,94.26,158.36,TXN-B-000157,SOURCE_A
TXN-A-000158-L315,TXN-A-000158,PRD-0148,PC-ZEN0148,2000000014807,ZENITH Wrench Set 30 CM,Wrench Set 30 CM,8.04,116.97,940.44,TXN-B-000158,SOURCE_A
TXN-A-000159-L317,TXN-A-000159,PRD-0096,PC-NEX0096,2000000009605,NEXUS Lotion 1 KG,Lotion 1 KG,2.01,25.67,51.6,TXN-B-000159,SOURCE_A
TXN-A-000160-L319,TXN-A-000160,PRD-0144,PC-NEX0144,2000000014401,NEXUS Marker Set 250 ML,Marker Set 250 ML,4.35,40.05,174.22,TXN-B-000160,SOURCE_A
TXN-A-000161-L321,TXN-A-000161,PRD-0001,PC-ZEN0001,2000000000107,ZENITH All Purpose Cleaner 10 IN,All Purpose Cleaner 10 IN,5.62,34.59,194.4,TXN-B-000161,SOURCE_A
TXN-A-000162-L323,TXN-A-000162,PRD-0116,PC-AUR0116,2000000011608,AURORA Can Opener 500 MG,Can Opener 500 MG,2.01,80.59,161.99,TXN-B-000162,SOURCE_A
TXN-A-000163-L325,TXN-A-000163,PRD-0020,PC-AUR0020,2000000002002,AURORA Air Freshener 200 G,Air Freshener 200 G,6.85,104.22,713.91,TXN-B-000163,SOURCE_A
TXN-A-000164-L327,TXN-A-000164,PRD-0076,PC-ZEN0076,2000000007601,ZENITH Shampoo 200 G,Shampoo 200 G,1.11,12.26,13.61,TXN-B-000164,SOURCE_A
TXN-A-000165-L329,TXN-A-000165,PRD-0128,PC-AUR0128,2000000012803,AURORA Colored Pencil Set 5 W,Colored Pencil Set 5 W,9.41,24.7,232.43,TXN-B-000165,SOURCE_A
TXN-A-000166-L331,TXN-A-000166,PRD-0009,PC-NEX0009,2000000000909,NEXUS Dish Liquid 10 W,Dish Liquid 10 W,7.58,102.05,773.54,TXN-B-000166,SOURCE_A
TXN-A-000167-L333,TXN-A-000167,PRD-0122,PC-AUR0122,2000000012209,AURORA Notebook 5000 MAH,Notebook 5000 MAH,4.27,31.9,136.21,TXN-B-000167,SOURCE_A
TXN-A-000168-L335,TXN-A-000168,PRD-0140,PC-AUR0140,2000000014005,AURORA Eraser Pack 2000 MAH,Eraser Pack 2000 MAH,7.8,111.85,872.43,TXN-B-000168,SOURCE_A
TXN-A-000169-L337,TXN-A-000169,PRD-0135,PC-NEX0135,2000000013503,NEXUS Glue Stick 5000 MAH,Glue Stick 5000 MAH,3.95,27.9,110.2,TXN-B-000169,SOURCE_A
TXN-A-000170-L339,TXN-A-000170,PRD-0112,PC-ZEN0112,2000000011202,ZENITH Kitchen Towel 30 CM,Kitchen Towel 30 CM,3.84,100.54,386.07,TXN-B-000170,SOURCE_A
TXN-A-000171-L341,TXN-A-000171,PRD-0133,PC-ZEN0133,2000000013305,ZENITH Glue Stick 250 MG,Glue Stick 250 MG,6.87,31.89,219.08,TXN-B-000171,SOURCE_A
TXN-A-000172-L343,TXN-A-000172,PRD-0061,PC-ZEN0061,2000000006109,ZENITH Battery Pack 200 G,Battery Pack 200 G,4.32,64.09,276.87,TXN-B-000172,SOURCE_A
TXN-A-000173-L345,TXN-A-000173,PRD-0073,PC-ZEN0073,2000000007304,ZENITH Hand Soap 250 MG,Hand Soap 250 MG,3.33,22.6,75.26,TXN-B-000173,SOURCE_A
TXN-A-000174-L347,TXN-A-000174,PRD-0048,PC-NEX0048,2000000004808,NEXUS Tape Dispenser 3 V,Tape Dispenser 3 V,8.52,64.25,547.41,TXN-B-000174,SOURCE_A
TXN-A-000175-L349,TXN-A-000175,PRD-0045,PC-NEX0045,2000000004501,NEXUS Whiteboard Marker 45 CM,Whiteboard Marker 45 CM,4.78,29.55,141.25,TXN-B-000175,SOURCE_A
TXN-A-000176-L351,TXN-A-000176,PRD-0105,PC-NEX0105,2000000010502,NEXUS Measuring Cup 100 G,Measuring Cup 100 G,6.54,109.25,714.5,TXN-B-000176,SOURCE_A
TXN-A-000177-L353,TXN-A-000177,PRD-0103,PC-ZEN0103,2000000010304,ZENITH Measuring Cup 10000 MAH,Measuring Cup 10000 MAH,8.6,7.51,64.59,TXN-B-000177,SOURCE_A
TXN-A-000178-L355,TXN-A-000178,PRD-0043,PC-ZEN0043,2000000004303,ZENITH Whiteboard Marker 20 W,Whiteboard Marker 20 W,8.37,56.59,473.66,TXN-B-000178,SOURCE_A
TXN-A-000179-L357,TXN-A-000179,PRD-0102,PC-NEX0102,2000000010205,NEXUS Mixing Bowl Set 15 W,Mixing Bowl Set 15 W,6.11,58.6,358.05,TXN-B-000179,SOURCE_A
TXN-A-000180-L359,TXN-A-000180,PRD-0024,PC-NEX0024,2000000002408,NEXUS Floor Polish 100 MG,Floor Polish 100 MG,6.76,75.71,511.8,TXN-B-000180,SOURCE_A
TXN-A-000181-L361,TXN-A-000181,PRD-0052,PC-ZEN0052,2000000005201,ZENITH Power Adapter 20 W,Power Adapter 20 W,4.08,45.35,185.03,TXN-B-000181,SOURCE_A
TXN-A-000182-L363,TXN-A-000182,PRD-0055,PC-ZEN0055,2000000005508,ZENITH Phone Case 250 MG,Phone Case 250 MG,2.09,52.62,109.98,TXN-B-000182,SOURCE_A
TXN-A-000183-L365,TXN-A-000183,PRD-0101,PC-AUR0101,2000000010106,AURORA Mixing Bowl Set 100 MG,Mixing Bowl Set 100 MG,1.22,113.58,138.57,TXN-B-000183,SOURCE_A
TXN-A-000184-L367,TXN-A-000184,PRD-0059,PC-AUR0059,2000000005904,AURORA Screen Protector 45 CM,Screen Protector 45 CM,7.93,61.8,490.07,TXN-B-000184,SOURCE_A
TXN-A-000185-L369,TXN-A-000185,PRD-0092,PC-AUR0092,2000000009209,AURORA Hair Gel 100 MG,Hair Gel 100 MG,3.47,64.67,224.4,TXN-B-000185,SOURCE_A
TXN-A-000186-L371,TXN-A-000186,PRD-0108,PC-NEX0108,2000000010809,NEXUS Spatula Set 500 MG,Spatula Set 500 MG,1.64,103.62,169.94,TXN-B-000186,SOURCE_A
TXN-A-000187-L373,TXN-A-000187,PRD-0032,PC-AUR0032,2000000003207,AURORA Binder Clip Box 3 V,Binder Clip Box 3 V,1.26,78.97,99.5,TXN-B-000187,SOURCE_A
TXN-A-000188-L375,TXN-A-000188,PRD-0034,PC-ZEN0034,2000000003405,ZENITH Stapler 100 MG,Stapler 100 MG,3.5,79.94,279.79,TXN-B-000188,SOURCE_A
TXN-A-000189-L377,TXN-A-000189,PRD-0127,PC-ZEN0127,2000000012704,ZENITH Colored Pencil Set 50 G,Colored Pencil Set 50 G,7.92,57.94,458.88,TXN-B-000189,SOURCE_A
TXN-A-000190-L379,TXN-A-000190,PRD-0027,PC-NEX0027,2000000002705,NEXUS Ballpoint Pen 500 ML,Ballpoint Pen 500 ML,7.94,49.53,393.27,TXN-B-000190,SOURCE_A
TXN-A-000191-L381,TXN-A-000191,PRD-0044,PC-AUR0044,2000000004402,AURORA Whiteboard Marker 12 IN,Whiteboard Marker 12 IN,7.44,38.93,289.64,TXN-B-000191,SOURCE_A
TXN-A-000192-L383,TXN-A-000192,PRD-0091,PC-ZEN0091,2000000009100,ZENITH Hair Gel 1.5 L,Hair Gel 1.5 L,9.8,87.74,859.85,TXN-B-000192,SOURCE_A
TXN-A-000193-L385,TXN-A-000193,PRD-0061,PC-ZEN0061,2000000006109,ZENITH Battery Pack 200 G,Battery Pack 200 G,7.47,64.09,478.75,TXN-B-000193,SOURCE_A
TXN-A-000194-L387,TXN-A-000194,PRD-0069,PC-NEX0069,2000000006901,NEXUS HDMI Cable 1.5 L,HDMI Cable 1.5 L,2.15,45.41,97.63,TXN-B-000194,SOURCE_A
TXN-A-000195-L389,TXN-A-000195,PRD-0040,PC-ZEN0040,2000000004006,ZENITH File Folder Pack 750 ML,File Folder Pack 750 ML,3.07,112.35,344.91,TXN-B-000195,SOURCE_A
TXN-A-000196-L391,TXN-A-000196,PRD-0053,PC-AUR0053,2000000005300,AURORA Power Adapter 1 L,Power Adapter 1 L,4.85,43.8,212.43,TXN-B-000196,SOURCE_A
TXN-A-000197-L393,TXN-A-000197,PRD-0107,PC-AUR0107,2000000010700,AURORA Spatula Set 9 V,Spatula Set 9 V,7.98,5.81,46.36,TXN-B-000197,SOURCE_A
TXN-A-000198-L395,TXN-A-000198,PRD-0050,PC-AUR0050,2000000005003,AURORA USB Cable 10000 MAH,USB Cable 10000 MAH,4.58,3.09,14.15,TXN-B-000198,SOURCE_A
TXN-A-000199-L397,TXN-A-000199,PRD-0093,PC-NEX0093,2000000009308,NEXUS Hair Gel 10 W,Hair Gel 10 W,1.96,27.25,53.41,TXN-B-000199,SOURCE_A
TXN-A-000200-L399,TXN-A-000200,PRD-0020,PC-AUR0020,2000000002002,AURORA Air Freshener 200 G,Air Freshener 200 G,8.88,104.22,925.47,TXN-B-000200,SOURCE_A
TXN-A-000201-L401,TXN-A-000201,PRD-0042,PC-NEX0042,2000000004204,NEXUS File Folder Pack 500 G,File Folder Pack 500 G,6.38,68.11,434.54,TXN-B-000201,SOURCE_A
TXN-A-000202-L403,TXN-A-000202,PRD-0015,PC-NEX0015,2000000001500,NEXUS Fabric Softener 200 G,Fabric Softener 200 G,2.27,47.38,107.55,TXN-B-000202,SOURCE_A
TXN-A-000203-L405,TXN-A-000203,PRD-0090,PC-NEX0090,2000000009001,NEXUS Face Cream 100 MG,Face Cream 100 MG,1.27,20.0,25.4,TXN-B-000203,SOURCE_A
TXN-A-000204-L407,TXN-A-000204,PRD-0067,PC-ZEN0067,2000000006703,ZENITH HDMI Cable 1 KG,HDMI Cable 1 KG,4.39,57.46,252.25,TXN-B-000204,SOURCE_A
TXN-A-000205-L409,TXN-A-000205,PRD-0015,PC-NEX0015,2000000001500,NEXUS Fabric Softener 200 G,Fabric Softener 200 G,7.57,47.38,358.67,TXN-B-000205,SOURCE_A
TXN-A-000206-L411,TXN-A-000206,PRD-0141,PC-NEX0141,2000000014104,NEXUS Eraser Pack 3 V,Eraser Pack 3 V,1.52,34.77,52.85,TXN-B-000206,SOURCE_A
TXN-A-000207-L413,TXN-A-000207,PRD-0051,PC-NEX0051,2000000005102,NEXUS USB Cable 500 MG,USB Cable 500 MG,8.7,94.26,820.06,TXN-B-000207,SOURCE_A
TXN-A-000208-L415,TXN-A-000208,PRD-0012,PC-NEX0012,2000000001203,NEXUS Laundry Detergent 3 V,Laundry Detergent 3 V,6.01,22.27,133.84,TXN-B-000208,SOURCE_A
TXN-A-000209-L417,TXN-A-000209,PRD-0014,PC-AUR0014,2000000001401,AURORA Fabric Softener 250 MG,Fabric Softener 250 MG,5.03,111.99,563.31,TXN-B-000209,SOURCE_A
TXN-A-000210-L419,TXN-A-000210,PRD-0142,PC-ZEN0142,2000000014203,ZENITH Marker Set 750 ML,Marker Set 750 ML,5.12,33.77,172.9,TXN-B-000210,SOURCE_A
TXN-A-000211-L421,TXN-A-000211,PRD-0148,PC-ZEN0148,2000000014807,ZENITH Wrench Set 30 CM,Wrench Set 30 CM,8.06,116.97,942.78,TXN-B-000211,SOURCE_A
TXN-A-000212-L423,TXN-A-000212,PRD-0133,PC-ZEN0133,2000000013305,ZENITH Glue Stick 250 MG,Glue Stick 250 MG,8.3,31.89,264.69,TXN-B-000212,SOURCE_A
TXN-A-000213-L425,TXN-A-000213,PRD-0112,PC-ZEN0112,2000000011202,ZENITH Kitchen Towel 30 CM,Kitchen Towel 30 CM,7.83,100.54,787.23,TXN-B-000213,SOURCE_A
TXN-A-000214-L427,TXN-A-000214,PRD-0094,PC-ZEN0094,2000000009407,ZENITH Lotion 10000 MAH,Lotion 10000 MAH,2.57,9.96,25.6,TXN-B-000214,SOURCE_A
TXN-A-000215-L429,TXN-A-000215,PRD-0087,PC-NEX0087,2000000008707,NEXUS Deodorant 9 V,Deodorant 9 V,5.04,116.64,587.87,TXN-B-000215,SOURCE_A
TXN-A-000216-L431,TXN-A-000216,PRD-0060,PC-NEX0060,2000000006000,NEXUS Screen Protector 10 IN,Screen Protector 10 IN,5.1,85.32,435.13,TXN-B-000216,SOURCE_A
TXN-A-000217-L433,TXN-A-000217,PRD-0056,PC-AUR0056,2000000005607,AURORA Phone Case 20 W,Phone Case 20 W,3.15,16.68,52.54,TXN-B-000217,SOURCE_A
TXN-A-000218-L435,TXN-A-000218,PRD-0125,PC-AUR0125,2000000012506,AURORA Sketch Pad 1.5 V,Sketch Pad 1.5 V,8.19,102.96,843.24,TXN-B-000218,SOURCE_A
TXN-A-000219-L437,TXN-A-000219,PRD-0028,PC-ZEN0028,2000000002804,ZENITH Highlighter Set 500 ML,Highlighter Set 500 ML,8.36,113.36,947.69,TXN-B-000219,SOURCE_A
TXN-A-000220-L439,TXN-A-000220,PRD-0102,PC-NEX0102,2000000010205,NEXUS Mixing Bowl Set 15 W,Mixing Bowl Set 15 W,5.38,58.6,315.27,TXN-B-000220,SOURCE_A
TXN-A-000221-L441,TXN-A-000221,PRD-0078,PC-NEX0078,2000000007809,NEXUS Shampoo 500 ML,Shampoo 500 ML,1.03,118.47,122.02,TXN-B-000221,SOURCE_A
TXN-A-000222-L443,TXN-A-000222,PRD-0086,PC-AUR0086,2000000008608,AURORA Deodorant 500 G,Deodorant 500 G,5.03,52.31,263.12,TXN-B-000222,SOURCE_A
TXN-A-000223-L445,TXN-A-000223,PRD-0104,PC-AUR0104,2000000010403,AURORA Measuring Cup 10000 MAH,Measuring Cup 10000 MAH,9.38,68.42,641.78,TXN-B-000223,SOURCE_A
TXN-A-000224-L447,TXN-A-000224,PRD-0138,PC-NEX0138,2000000013800,NEXUS Scissors 500 MG,Scissors 500 MG,4.27,96.35,411.41,TXN-B-000224,SOURCE_A
TXN-A-000225-L449,TXN-A-000225,PRD-0010,PC-ZEN0010,2000000001005,ZENITH Laundry Detergent 1.5 V,Laundry Detergent 1.5 V,8.5,25.3,215.05,TXN-B-000225,SOURCE_A
TXN-A-000226-L451,TXN-A-000226,PRD-0072,PC-NEX0072,2000000007205,NEXUS Mouse Pad 100 G,Mouse Pad 100 G,3.25,43.98,142.94,TXN-B-000226,SOURCE_A
TXN-A-000227-L453,TXN-A-000227,PRD-0005,PC-AUR0005,2000000000503,AURORA Glass Spray 500 G,Glass Spray 500 G,5.38,111.21,598.31,TXN-B-000227,SOURCE_A
TXN-A-000228-L455,TXN-A-000228,PRD-0005,PC-AUR0005,2000000000503,AURORA Glass Spray 500 G,Glass Spray 500 G,7.45,111.21,828.51,TXN-B-000228,SOURCE_A
TXN-A-000229-L457,TXN-A-000229,PRD-0096,PC-NEX0096,2000000009605,NEXUS Lotion 1 KG,Lotion 1 KG,6.82,25.67,175.07,TXN-B-000229,SOURCE_A
TXN-A-000230-L459,TXN-A-000230,PRD-0103,PC-ZEN0103,2000000010304,ZENITH Measuring Cup 10000 MAH,Measuring Cup 10000 MAH,1.39,7.51,10.44,TXN-B-000230,SOURCE_A
TXN-A-000231-L461,TXN-A-000231,PRD-0111,PC-NEX0111,2000000011103,NEXUS Storage Container 500 G,Storage Container 500 G,2.96,61.14,180.97,TXN-B-000231,SOURCE_A
TXN-A-000232-L463,TXN-A-000232,PRD-0143,PC-AUR0143,2000000014302,AURORA Marker Set 10 IN,Marker Set 10 IN,8.43,13.47,113.55,TXN-B-000232,SOURCE_A
TXN-A-000233-L465,TXN-A-000233,PRD-0056,PC-AUR0056,2000000005607,AURORA Phone Case 20 W,Phone Case 20 W,3.33,16.68,55.54,TXN-B-000233,SOURCE_A
TXN-A-000234-L467,TXN-A-000234,PRD-0043,PC-ZEN0043,2000000004303,ZENITH Whiteboard Marker 20 W,Whiteboard Marker 20 W,6.82,56.59,385.94,TXN-B-000234,SOURCE_A
TXN-A-000235-L469,TXN-A-000235,PRD-0083,PC-AUR0083,2000000008301,AURORA Toothpaste 3 V,Toothpaste 3 V,5.3,47.14,249.84,TXN-B-000235,SOURCE_A
TXN-A-000236-L471,TXN-A-000236,PRD-0142,PC-ZEN0142,2000000014203,ZENITH Marker Set 750 ML,Marker Set 750 ML,6.02,33.77,203.3,TXN-B-000236,SOURCE_A
TXN-A-000237-L473,TXN-A-000237,PRD-0124,PC-ZEN0124,2000000012407,ZENITH Sketch Pad 500 MG,Sketch Pad 500 MG,1.73,47.5,82.17,TXN-B-000237,SOURCE_A
TXN-A-000238-L475,TXN-A-000238,PRD-0113,PC-AUR0113,2000000011301,AURORA Kitchen Towel 20 W,Kitchen Towel 20 W,5.63,71.36,401.76,TXN-B-000238,SOURCE_A
TXN-A-000239-L477,TXN-A-000239,PRD-0137,PC-AUR0137,2000000013701,AURORA Scissors 100 MG,Scissors 100 MG,4.49,94.03,422.19,TXN-B-000239,SOURCE_A
TXN-A-000240-L479,TXN-A-000240,PRD-0128,PC-AUR0128,2000000012803,AURORA Colored Pencil Set 5 W,Colored Pencil Set 5 W,3.91,24.7,96.58,TXN-B-000240,SOURCE_A
TXN-A-000241-L481,TXN-A-000241,PRD-0139,PC-ZEN0139,2000000013909,ZENITH Eraser Pack 500 G,Eraser Pack 500 G,4.76,45.39,216.06,TXN-B-000241,SOURCE_A
TXN-A-000242-L483,TXN-A-000242,PRD-0066,PC-NEX0066,2000000006604,NEXUS Charging Dock 5000 MAH,Charging Dock 5000 MAH,4.74,55.19,261.6,TXN-B-000242,SOURCE_A
TXN-A-000243-L485,TXN-A-000243,PRD-0027,PC-NEX0027,2000000002705,NEXUS Ballpoint Pen 500 ML,Ballpoint Pen 500 ML,9.97,49.53,493.81,TXN-B-000243,SOURCE_A
TXN-A-000244-L487,TXN-A-000244,PRD-0061,PC-ZEN0061,2000000006109,ZENITH Battery Pack 200 G,Battery Pack 200 G,5.86,64.09,375.57,TXN-B-000244,SOURCE_A
TXN-A-000245-L489,TXN-A-000245,PRD-0097,PC-ZEN0097,2000000009704,ZENITH Cutting Board 5 W,Cutting Board 5 W,2.22,15.99,35.5,TXN-B-000245,SOURCE_A
TXN-A-000246-L491,TXN-A-000246,PRD-0106,PC-ZEN0106,2000000010601,ZENITH Spatula Set 1 KG,Spatula Set 1 KG,5.22,23.7,123.71,TXN-B-000246,SOURCE_A
TXN-A-000247-L493,TXN-A-000247,PRD-0038,PC-AUR0038,2000000003801,AURORA Desk Organizer 2000 MAH,Desk Organizer 2000 MAH,3.35,28.05,93.97,TXN-B-000247,SOURCE_A
TXN-A-000248-L495,TXN-A-000248,PRD-0074,PC-AUR0074,2000000007403,AURORA Hand Soap 1.5 V,Hand Soap 1.5 V,2.71,72.37,196.12,TXN-B-000248,SOURCE_A
TXN-A-000249-L497,TXN-A-000249,PRD-0035,PC-AUR0035,2000000003504,AURORA Stapler 10 W,Stapler 10 W,8.02,17.34,139.07,TXN-B-000249,SOURCE_A
TXN-A-000250-L499,TXN-A-000250,PRD-0065,PC-AUR0065,2000000006505,AURORA Charging Dock 3 V,Charging Dock 3 V,1.89,17.05,32.22,TXN-B-000250,SOURCE_A
TXN-A-000251-L501,TXN-A-000251,PRD-0112,PC-ZEN0112,2000000011202,ZENITH Kitchen Towel 30 CM,Kitchen Towel 30 CM,5.59,100.54,562.02,TXN-B-000251,SOURCE_A
TXN-A-000252-L503,TXN-A-000252,PRD-0017,PC-AUR0017,2000000001708,AURORA Surface Wipes 9 V,Surface Wipes 9 V,2.8,80.73,226.04,TXN-B-000252,SOURCE_A
TXN-A-000253-L505,TXN-A-000253,PRD-0143,PC-AUR0143,2000000014302,AURORA Marker Set 10 IN,Marker Set 10 IN,2.93,13.47,39.47,TXN-B-000253,SOURCE_A
TXN-A-000254-L507,TXN-A-000254,PRD-0059,PC-AUR0059,2000000005904,AURORA Screen Protector 45 CM,Screen Protector 45 CM,6.57,61.8,406.03,TXN-B-000254,SOURCE_A
TXN-A-000255-L509,TXN-A-000255,PRD-0019,PC-ZEN0019,2000000001906,ZENITH Air Freshener 45 CM,Air Freshener 45 CM,1.64,38.75,63.55,TXN-B-000255,SOURCE_A
TXN-A-000256-L511,TXN-A-000256,PRD-0081,PC-NEX0081,2000000008103,NEXUS Body Wash 500 G,Body Wash 500 G,7.29,56.38,411.01,TXN-B-000256,SOURCE_A
TXN-A-000257-L513,TXN-A-000257,PRD-0094,PC-ZEN0094,2000000009407,ZENITH Lotion 10000 MAH,Lotion 10000 MAH,8.57,9.96,85.36,TXN-B-000257,SOURCE_A
TXN-A-000258-L515,TXN-A-000258,PRD-0028,PC-ZEN0028,2000000002804,ZENITH Highlighter Set 500 ML,Highlighter Set 500 ML,3.34,113.36,378.62,TXN-B-000258,SOURCE_A
TXN-A-000259-L517,TXN-A-000259,PRD-0074,PC-AUR0074,2000000007403,AURORA Hand Soap 1.5 V,Hand Soap 1.5 V,5.61,72.37,406.0,TXN-B-000259,SOURCE_A
TXN-A-000260-L519,TXN-A-000260,PRD-0020,PC-AUR0020,2000000002002,AURORA Air Freshener 200 G,Air Freshener 200 G,4.89,104.22,509.64,TXN-B-000260,SOURCE_A
TXN-A-000261-L521,TXN-A-000261,PRD-0046,PC-ZEN0046,2000000004600,ZENITH Tape Dispenser 250 ML,Tape Dispenser 250 ML,3.34,27.78,92.79,TXN-B-000261,SOURCE_A
TXN-A-000262-L523,TXN-A-000262,PRD-0132,PC-NEX0132,2000000013206,NEXUS Ruler Set 60 CM,Ruler Set 60 CM,8.85,20.73,183.46,TXN-B-000262,SOURCE_A
TXN-A-000263-L525,TXN-A-000263,PRD-0093,PC-NEX0093,2000000009308,NEXUS Hair Gel 10 W,Hair Gel 10 W,7.59,27.25,206.83,TXN-B-000263,SOURCE_A
TXN-A-000264-L527,TXN-A-000264,PRD-0112,PC-ZEN0112,2000000011202,ZENITH Kitchen Towel 30 CM,Kitchen Towel 30 CM,1.32,100.54,132.71,TXN-B-000264,SOURCE_A
TXN-A-000265-L529,TXN-A-000265,PRD-0022,PC-ZEN0022,2000000002200,ZENITH Floor Polish 2000 MAH,Floor Polish 2000 MAH,5.08,5.92,30.07,TXN-B-000265,SOURCE_A
TXN-A-000266-L531,TXN-A-000266,PRD-0035,PC-AUR0035,2000000003504,AURORA Stapler 10 W,Stapler 10 W,3.77,17.34,65.37,TXN-B-000266,SOURCE_A
TXN-A-000267-L533,TXN-A-000267,PRD-0057,PC-NEX0057,2000000005706,NEXUS Phone Case 1 L,Phone Case 1 L,5.54,31.73,175.78,TXN-B-000267,SOURCE_A
TXN-A-000268-L535,TXN-A-000268,PRD-0019,PC-ZEN0019,2000000001906,ZENITH Air Freshener 45 CM,Air Freshener 45 CM,7.78,38.75,301.48,TXN-B-000268,SOURCE_A
TXN-A-000269-L537,TXN-A-000269,PRD-0103,PC-ZEN0103,2000000010304,ZENITH Measuring Cup 10000 MAH,Measuring Cup 10000 MAH,8.18,7.51,61.43,TXN-B-000269,SOURCE_A
TXN-A-000270-L539,TXN-A-000270,PRD-0092,PC-AUR0092,2000000009209,AURORA Hair Gel 100 MG,Hair Gel 100 MG,2.8,64.67,181.08,TXN-B-000270,SOURCE_A
TXN-A-000271-L541,TXN-A-000271,PRD-0141,PC-NEX0141,2000000014104,NEXUS Eraser Pack 3 V,Eraser Pack 3 V,9.87,34.77,343.18,TXN-B-000271,SOURCE_A
TXN-A-000272-L543,TXN-A-000272,PRD-0013,PC-ZEN0013,2000000001302,ZENITH Fabric Softener 1 L,Fabric Softener 1 L,3.4,9.65,32.81,TXN-B-000272,SOURCE_A
TXN-A-000273-L545,TXN-A-000273,PRD-0110,PC-AUR0110,2000000011004,AURORA Storage Container 5 W,Storage Container 5 W,3.8,44.62,169.56,TXN-B-000273,SOURCE_A
TXN-A-000274-L547,TXN-A-000274,PRD-0108,PC-NEX0108,2000000010809,NEXUS Spatula Set 500 MG,Spatula Set 500 MG,9.08,103.62,940.87,TXN-B-000274,SOURCE_A
TXN-A-000275-L549,TXN-A-000275,PRD-0034,PC-ZEN0034,2000000003405,ZENITH Stapler 100 MG,Stapler 100 MG,8.73,79.94,697.88,TXN-B-000275,SOURCE_A
TXN-A-000276-L551,TXN-A-000276,PRD-0081,PC-NEX0081,2000000008103,NEXUS Body Wash 500 G,Body Wash 500 G,7.23,56.38,407.63,TXN-B-000276,SOURCE_A
TXN-A-000277-L553,TXN-A-000277,PRD-0081,PC-NEX0081,2000000008103,NEXUS Body Wash 500 G,Body Wash 500 G,2.61,56.38,147.15,TXN-B-000277,SOURCE_A
TXN-A-000278-L555,TXN-A-000278,PRD-0139,PC-ZEN0139,2000000013909,ZENITH Eraser Pack 500 G,Eraser Pack 500 G,3.99,45.39,181.11,TXN-B-000278,SOURCE_A
TXN-A-000279-L557,TXN-A-000279,PRD-0029,PC-AUR0029,2000000002903,AURORA Highlighter Set 9 V,Highlighter Set 9 V,6.77,26.14,176.97,TXN-B-000279,SOURCE_A
TXN-A-000280-L559,TXN-A-000280,PRD-0017,PC-AUR0017,2000000001708,AURORA Surface Wipes 9 V,Surface Wipes 9 V,3.18,80.73,256.72,TXN-B-000280,SOURCE_A
TXN-A-000281-L561,TXN-A-000281,PRD-0072,PC-NEX0072,2000000007205,NEXUS Mouse Pad 100 G,Mouse Pad 100 G,1.36,43.98,59.81,TXN-B-000281,SOURCE_A
TXN-A-000282-L563,TXN-A-000282,PRD-0061,PC-ZEN0061,2000000006109,ZENITH Battery Pack 200 G,Battery Pack 200 G,5.01,64.09,321.09,TXN-B-000282,SOURCE_A
TXN-A-000283-L565,TXN-A-000283,PRD-0058,PC-ZEN0058,2000000005805,ZENITH Screen Protector 3 V,Screen Protector 3 V,6.22,72.97,453.87,TXN-B-000283,SOURCE_A
TXN-A-000284-L567,TXN-A-000284,PRD-0121,PC-ZEN0121,2000000012100,ZENITH Notebook 1 L,Notebook 1 L,8.27,21.42,177.14,TXN-B-000284,SOURCE_A
TXN-A-000285-L569,TXN-A-000285,PRD-0126,PC-NEX0126,2000000012605,NEXUS Sketch Pad 250 ML,Sketch Pad 250 ML,5.21,82.01,427.27,TXN-B-000285,SOURCE_A
TXN-A-000286-L571,TXN-A-000286,PRD-0096,PC-NEX0096,2000000009605,NEXUS Lotion 1 KG,Lotion 1 KG,1.12,25.67,28.75,TXN-B-000286,SOURCE_A
TXN-A-000287-L573,TXN-A-000287,PRD-0116,PC-AUR0116,2000000011608,AURORA Can Opener 500 MG,Can Opener 500 MG,7.74,80.59,623.77,TXN-B-000287,SOURCE_A
TXN-A-000288-L575,TXN-A-000288,PRD-0129,PC-NEX0129,2000000012902,NEXUS Colored Pencil Set 750 ML,Colored Pencil Set 750 ML,5.64,94.86,535.01,TXN-B-000288,SOURCE_A
TXN-A-000289-L577,TXN-A-000289,PRD-0073,PC-ZEN0073,2000000007304,ZENITH Hand Soap 250 MG,Hand Soap 250 MG,7.14,22.6,161.36,TXN-B-000289,SOURCE_A
TXN-A-000290-L579,TXN-A-000290,PRD-0012,PC-NEX0012,2000000001203,NEXUS Laundry Detergent 3 V,Laundry Detergent 3 V,2.37,22.27,52.78,TXN-B-000290,SOURCE_A
TXN-A-000291-L581,TXN-A-000291,PRD-0024,PC-NEX0024,2000000002408,NEXUS Floor Polish 100 MG,Floor Polish 100 MG,5.73,75.71,433.82,TXN-B-000291,SOURCE_A
TXN-A-000292-L583,TXN-A-000292,PRD-0086,PC-AUR0086,2000000008608,AURORA Deodorant 500 G,Deodorant 500 G,9.88,52.31,516.82,TXN-B-000292,SOURCE_A
TXN-A-000293-L585,TXN-A-000293,PRD-0006,PC-NEX0006,2000000000602,NEXUS Glass Spray 9 V,Glass Spray 9 V,9.94,84.09,835.85,TXN-B-000293,SOURCE_A
TXN-A-000294-L587,TXN-A-000294,PRD-0069,PC-NEX0069,2000000006901,NEXUS HDMI Cable 1.5 L,HDMI Cable 1.5 L,9.02,45.41,409.6,TXN-B-000294,SOURCE_A
TXN-A-000295-L589,TXN-A-000295,PRD-0116,PC-AUR0116,2000000011608,AURORA Can Opener 500 MG,Can Opener 500 MG,9.88,80.59,796.23,TXN-B-000295,SOURCE_A
TXN-A-000296-L591,TXN-A-000296,PRD-0116,PC-AUR0116,2000000011608,AURORA Can Opener 500 MG,Can Opener 500 MG,7.98,80.59,643.11,TXN-B-000296,SOURCE_A
TXN-A-000297-L593,TXN-A-000297,PRD-0095,PC-AUR0095,2000000009506,AURORA Lotion 1 KG,Lotion 1 KG,1.27,117.25,148.91,TXN-B-000297,SOURCE_A
TXN-A-000298-L595,TXN-A-000298,PRD-0146,PC-AUR0146,2000000014609,AURORA Screwdriver Set 500 ML,Screwdriver Set 500 ML,9.34,91.46,854.24,TXN-B-000298,SOURCE_A
TXN-A-000299-L597,TXN-A-000299,PRD-0146,PC-AUR0146,2000000014609,AURORA Screwdriver Set 500 ML,Screwdriver Set 500 ML,3.31,91.46,302.73,TXN-B-000299,SOURCE_A
TXN-A-000300-L599,TXN-A-000300,PRD-0142,PC-ZEN0142,2000000014203,ZENITH Marker Set 750 ML,Marker Set 750 ML,8.43,33.77,284.68,TXN-B-000300,SOURCE_A
TXN-A-000301-L601,TXN-A-000301,PRD-0089,PC-AUR0089,2000000008905,AURORA Face Cream 500 ML,Face Cream 500 ML,3.13,50.06,156.69,TXN-B-000301,SOURCE_A
TXN-A-000302-L603,TXN-A-000302,PRD-0099,PC-NEX0099,2000000009902,NEXUS Cutting Board 500 ML,Cutting Board 500 ML,6.17,112.85,696.28,TXN-B-000302,SOURCE_A
TXN-A-000303-L605,TXN-A-000303,PRD-0126,PC-NEX0126,2000000012605,NEXUS Sketch Pad 250 ML,Sketch Pad 250 ML,9.15,82.01,750.39,TXN-B-000303,SOURCE_A
TXN-A-000304-L607,TXN-A-000304,PRD-0021,PC-NEX0021,2000000002101,NEXUS Air Freshener 30 CM,Air Freshener 30 CM,1.46,13.9,20.29,TXN-B-000304,SOURCE_A
TXN-A-000305-L609,TXN-A-000305,PRD-0076,PC-ZEN0076,2000000007601,ZENITH Shampoo 200 G,Shampoo 200 G,5.35,12.26,65.59,TXN-B-000305,SOURCE_A
TXN-A-000306-L611,TXN-A-000306,PRD-0057,PC-NEX0057,2000000005706,NEXUS Phone Case 1 L,Phone Case 1 L,6.57,31.73,208.47,TXN-B-000306,SOURCE_A
TXN-A-000307-L613,TXN-A-000307,PRD-0081,PC-NEX0081,2000000008103,NEXUS Body Wash 500 G,Body Wash 500 G,8.07,56.38,454.99,TXN-B-000307,SOURCE_A
TXN-A-000308-L615,TXN-A-000308,PRD-0116,PC-AUR0116,2000000011608,AURORA Can Opener 500 MG,Can Opener 500 MG,9.71,80.59,782.53,TXN-B-000308,SOURCE_A
TXN-A-000309-L617,TXN-A-000309,PRD-0047,PC-AUR0047,2000000004709,AURORA Tape Dispenser 45 CM,Tape Dispenser 45 CM,7.23,2.08,15.04,TXN-B-000309,SOURCE_A
TXN-A-000310-L619,TXN-A-000310,PRD-0145,PC-ZEN0145,2000000014500,ZENITH Screwdriver Set 10 W,Screwdriver Set 10 W,7.74,31.94,247.22,TXN-B-000310,SOURCE_A
TXN-A-000311-L621,TXN-A-000311,PRD-0074,PC-AUR0074,2000000007403,AURORA Hand Soap 1.5 V,Hand Soap 1.5 V,2.24,72.37,162.11,TXN-B-000311,SOURCE_A
TXN-A-000312-L623,TXN-A-000312,PRD-0046,PC-ZEN0046,2000000004600,ZENITH Tape Dispenser 250 ML,Tape Dispenser 250 ML,4.43,27.78,123.07,TXN-B-000312,SOURCE_A
TXN-A-000313-L625,TXN-A-000313,PRD-0056,PC-AUR0056,2000000005607,AURORA Phone Case 20 W,Phone Case 20 W,8.41,16.68,140.28,TXN-B-000313,SOURCE_A
TXN-A-000314-L627,TXN-A-000314,PRD-0115,PC-ZEN0115,2000000011509,ZENITH Can Opener 2000 MAH,Can Opener 2000 MAH,3.44,64.41,221.57,TXN-B-000314,SOURCE_A
TXN-A-000315-L629,TXN-A-000315,PRD-0138,PC-NEX0138,2000000013800,NEXUS Scissors 500 MG,Scissors 500 MG,7.77,96.35,748.64,TXN-B-000315,SOURCE_A
TXN-A-000316-L631,TXN-A-000316,PRD-0076,PC-ZEN0076,2000000007601,ZENITH Shampoo 200 G,Shampoo 200 G,6.22,12.26,76.26,TXN-B-000316,SOURCE_A
TXN-A-000317-L633,TXN-A-000317,PRD-0037,PC-ZEN0037,2000000003702,ZENITH Desk Organizer 5 W,Desk Organizer 5 W,2.98,11.53,34.36,TXN-B-000317,SOURCE_A
TXN-A-000318-L635,TXN-A-000318,PRD-0004,PC-ZEN0004,2000000000404,ZENITH Glass Spray 750 ML,Glass Spray 750 ML,4.21,100.37,422.56,TXN-B-000318,SOURCE_A
TXN-A-000319-L637,TXN-A-000319,PRD-0110,PC-AUR0110,2000000011004,AURORA Storage Container 5 W,Storage Container 5 W,6.95,44.62,310.11,TXN-B-000319,SOURCE_A
TXN-A-000320-L639,TXN-A-000320,PRD-0072,PC-NEX0072,2000000007205,NEXUS Mouse Pad 100 G,Mouse Pad 100 G,1.47,43.98,64.65,TXN-B-000320,SOURCE_A
TXN-A-000321-L641,TXN-A-000321,PRD-0128,PC-AUR0128,2000000012803,AURORA Colored Pencil Set 5 W,Colored Pencil Set 5 W,5.05,24.7,124.73,TXN-B-000321,SOURCE_A
TXN-A-000322-L643,TXN-A-000322,PRD-0144,PC-NEX0144,2000000014401,NEXUS Marker Set 250 ML,Marker Set 250 ML,7.05,40.05,282.35,TXN-B-000322,SOURCE_A
TXN-A-000323-L645,TXN-A-000323,PRD-0032,PC-AUR0032,2000000003207,AURORA Binder Clip Box 3 V,Binder Clip Box 3 V,4.74,78.97,374.32,TXN-B-000323,SOURCE_A
TXN-A-000324-L647,TXN-A-000324,PRD-0005,PC-AUR0005,2000000000503,AURORA Glass Spray 500 G,Glass Spray 500 G,3.21,111.21,356.98,TXN-B-000324,SOURCE_A
TXN-A-000325-L649,TXN-A-000325,PRD-0108,PC-NEX0108,2000000010809,NEXUS Spatula Set 500 MG,Spatula Set 500 MG,4.95,103.62,512.92,TXN-B-000325,SOURCE_A
TXN-A-000326-L651,TXN-A-000326,PRD-0041,PC-AUR0041,2000000004105,AURORA File Folder Pack 9 V,File Folder Pack 9 V,6.89,59.18,407.75,TXN-B-000326,SOURCE_A
TXN-A-000327-L653,TXN-A-000327,PRD-0086,PC-AUR0086,2000000008608,AURORA Deodorant 500 G,Deodorant 500 G,9.89,52.31,517.35,TXN-B-000327,SOURCE_A
TXN-A-000328-L655,TXN-A-000328,PRD-0019,PC-ZEN0019,2000000001906,ZENITH Air Freshener 45 CM,Air Freshener 45 CM,6.55,38.75,253.81,TXN-B-000328,SOURCE_A
TXN-A-000329-L657,TXN-A-000329,PRD-0053,PC-AUR0053,2000000005300,AURORA Power Adapter 1 L,Power Adapter 1 L,4.46,43.8,195.35,TXN-B-000329,SOURCE_A
TXN-A-000330-L659,TXN-A-000330,PRD-0147,PC-NEX0147,2000000014708,NEXUS Screwdriver Set 100 MG,Screwdriver Set 100 MG,2.31,60.33,139.36,TXN-B-000330,SOURCE_A
TXN-A-000331-L661,TXN-A-000331,PRD-0102,PC-NEX0102,2000000010205,NEXUS Mixing Bowl Set 15 W,Mixing Bowl Set 15 W,3.83,58.6,224.44,TXN-B-000331,SOURCE_A
TXN-A-000332-L663,TXN-A-000332,PRD-0083,PC-AUR0083,2000000008301,AURORA Toothpaste 3 V,Toothpaste 3 V,8.33,47.14,392.68,TXN-B-000332,SOURCE_A
TXN-A-000333-L665,TXN-A-000333,PRD-0012,PC-NEX0012,2000000001203,NEXUS Laundry Detergent 3 V,Laundry Detergent 3 V,9.37,22.27,208.67,TXN-B-000333,SOURCE_A
TXN-A-000334-L667,TXN-A-000334,PRD-0033,PC-NEX0033,2000000003306,NEXUS Binder Clip Box 45 CM,Binder Clip Box 45 CM,5.8,21.96,127.37,TXN-B-000334,SOURCE_A
TXN-A-000335-L669,TXN-A-000335,PRD-0043,PC-ZEN0043,2000000004303,ZENITH Whiteboard Marker 20 W,Whiteboard Marker 20 W,8.28,56.59,468.57,TXN-B-000335,SOURCE_A
TXN-A-000336-L671,TXN-A-000336,PRD-0084,PC-NEX0084,2000000008400,NEXUS Toothpaste 15 W,Toothpaste 15 W,3.51,33.06,116.04,TXN-B-000336,SOURCE_A
TXN-A-000337-L673,TXN-A-000337,PRD-0115,PC-ZEN0115,2000000011509,ZENITH Can Opener 2000 MAH,Can Opener 2000 MAH,2.6,64.41,167.47,TXN-B-000337,SOURCE_A
TXN-A-000338-L675,TXN-A-000338,PRD-0113,PC-AUR0113,2000000011301,AURORA Kitchen Towel 20 W,Kitchen Towel 20 W,9.24,71.36,659.37,TXN-B-000338,SOURCE_A
TXN-A-000339-L677,TXN-A-000339,PRD-0147,PC-NEX0147,2000000014708,NEXUS Screwdriver Set 100 MG,Screwdriver Set 100 MG,9.23,60.33,556.85,TXN-B-000339,SOURCE_A
TXN-A-000340-L679,TXN-A-000340,PRD-0089,PC-AUR0089,2000000008905,AURORA Face Cream 500 ML,Face Cream 500 ML,3.44,50.06,172.21,TXN-B-000340,SOURCE_A
TXN-A-000341-L681,TXN-A-000341,PRD-0145,PC-ZEN0145,2000000014500,ZENITH Screwdriver Set 10 W,Screwdriver Set 10 W,8.37,31.94,267.34,TXN-B-000341,SOURCE_A
TXN-A-000342-L683,TXN-A-000342,PRD-0084,PC-NEX0084,2000000008400,NEXUS Toothpaste 15 W,Toothpaste 15 W,6.93,33.06,229.11,TXN-B-000342,SOURCE_A
TXN-A-000343-L685,TXN-A-000343,PRD-0126,PC-NEX0126,2000000012605,NEXUS Sketch Pad 250 ML,Sketch Pad 250 ML,2.63,82.01,215.69,TXN-B-000343,SOURCE_A
TXN-A-000344-L687,TXN-A-000344,PRD-0028,PC-ZEN0028,2000000002804,ZENITH Highlighter Set 500 ML,Highlighter Set 500 ML,7.63,113.36,864.94,TXN-B-000344,SOURCE_A
TXN-A-000345-L689,TXN-A-000345,PRD-0005,PC-AUR0005,2000000000503,AURORA Glass Spray 500 G,Glass Spray 500 G,4.77,111.21,530.47,TXN-B-000345,SOURCE_A
TXN-A-000346-L691,TXN-A-000346,PRD-0109,PC-ZEN0109,2000000010908,ZENITH Storage Container 20 W,Storage Container 20 W,3.65,89.13,325.32,TXN-B-000346,SOURCE_A
TXN-A-000347-L693,TXN-A-000347,PRD-0003,PC-NEX0003,2000000000305,NEXUS All Purpose Cleaner 250 ML,All Purpose Cleaner 250 ML,9.14,116.68,1066.46,TXN-B-000347,SOURCE_A
TXN-A-000348-L695,TXN-A-000348,PRD-0029,PC-AUR0029,2000000002903,AURORA Highlighter Set 9 V,Highlighter Set 9 V,7.28,26.14,190.3,TXN-B-000348,SOURCE_A
TXN-A-000349-L697,TXN-A-000349,PRD-0019,PC-ZEN0019,2000000001906,ZENITH Air Freshener 45 CM,Air Freshener 45 CM,2.97,38.75,115.09,TXN-B-000349,SOURCE_A
TXN-A-000350-L699,TXN-A-000350,PRD-0022,PC-ZEN0022,2000000002200,ZENITH Floor Polish 2000 MAH,Floor Polish 2000 MAH,9.11,5.92,53.93,TXN-B-000350,SOURCE_A
TXN-A-000351-L701,TXN-A-000351,PRD-0147,PC-NEX0147,2000000014708,NEXUS Screwdriver Set 100 MG,Screwdriver Set 100 MG,8.53,60.33,514.61,TXN-B-000351,SOURCE_A
TXN-A-000352-L703,TXN-A-000352,PRD-0137,PC-AUR0137,2000000013701,AURORA Scissors 100 MG,Scissors 100 MG,7.19,94.03,676.08,TXN-B-000352,SOURCE_A
TXN-A-000353-L705,TXN-A-000353,PRD-0098,PC-AUR0098,2000000009803,AURORA Cutting Board 10 IN,Cutting Board 10 IN,7.31,17.09,124.93,TXN-B-000353,SOURCE_A
TXN-A-000354-L707,TXN-A-000354,PRD-0090,PC-NEX0090,2000000009001,NEXUS Face Cream 100 MG,Face Cream 100 MG,2.44,20.0,48.8,TXN-B-000354,SOURCE_A
TXN-A-000355-L709,TXN-A-000355,PRD-0110,PC-AUR0110,2000000011004,AURORA Storage Container 5 W,Storage Container 5 W,9.19,44.62,410.06,TXN-B-000355,SOURCE_A
TXN-A-000356-L711,TXN-A-000356,PRD-0063,PC-NEX0063,2000000006307,NEXUS Battery Pack 10 W,Battery Pack 10 W,6.02,96.31,579.79,TXN-B-000356,SOURCE_A
TXN-A-000357-L713,TXN-A-000357,PRD-0104,PC-AUR0104,2000000010403,AURORA Measuring Cup 10000 MAH,Measuring Cup 10000 MAH,3.44,68.42,235.36,TXN-B-000357,SOURCE_A
TXN-A-000358-L715,TXN-A-000358,PRD-0083,PC-AUR0083,2000000008301,AURORA Toothpaste 3 V,Toothpaste 3 V,3.73,47.14,175.83,TXN-B-000358,SOURCE_A
TXN-A-000359-L717,TXN-A-000359,PRD-0030,PC-NEX0030,2000000003009,NEXUS Highlighter Set 12 IN,Highlighter Set 12 IN,2.63,69.53,182.86,TXN-B-000359,SOURCE_A
TXN-A-000360-L719,TXN-A-000360,PRD-0075,PC-NEX0075,2000000007502,NEXUS Hand Soap 10000 MAH,Hand Soap 10000 MAH,7.02,69.45,487.54,TXN-B-000360,SOURCE_A
TXN-A-000361-L721,TXN-A-000361,PRD-0111,PC-NEX0111,2000000011103,NEXUS Storage Container 500 G,Storage Container 500 G,8.42,61.14,514.8,TXN-B-000361,SOURCE_A
TXN-A-000362-L723,TXN-A-000362,PRD-0114,PC-NEX0114,2000000011400,NEXUS Kitchen Towel 10 W,Kitchen Towel 10 W,3.84,24.94,95.77,TXN-B-000362,SOURCE_A
TXN-A-000363-L725,TXN-A-000363,PRD-0016,PC-ZEN0016,2000000001609,ZENITH Surface Wipes 60 CM,Surface Wipes 60 CM,7.48,58.14,434.89,TXN-B-000363,SOURCE_A
TXN-A-000364-L727,TXN-A-000364,PRD-0100,PC-ZEN0100,2000000010007,ZENITH Mixing Bowl Set 250 ML,Mixing Bowl Set 250 ML,6.83,63.15,431.31,TXN-B-000364,SOURCE_A
TXN-A-000365-L729,TXN-A-000365,PRD-0133,PC-ZEN0133,2000000013305,ZENITH Glue Stick 250 MG,Glue Stick 250 MG,9.94,31.89,316.99,TXN-B-000365,SOURCE_A
TXN-A-000366-L731,TXN-A-000366,PRD-0131,PC-AUR0131,2000000013107,AURORA Ruler Set 60 CM,Ruler Set 60 CM,5.87,15.08,88.52,TXN-B-000366,SOURCE_A
TXN-A-000367-L733,TXN-A-000367,PRD-0122,PC-AUR0122,2000000012209,AURORA Notebook 5000 MAH,Notebook 5000 MAH,5.27,31.9,168.11,TXN-B-000367,SOURCE_A
TXN-A-000368-L735,TXN-A-000368,PRD-0101,PC-AUR0101,2000000010106,AURORA Mixing Bowl Set 100 MG,Mixing Bowl Set 100 MG,2.0,113.58,227.16,TXN-B-000368,SOURCE_A
TXN-A-000369-L737,TXN-A-000369,PRD-0062,PC-AUR0062,2000000006208,AURORA Battery Pack 2000 MAH,Battery Pack 2000 MAH,2.26,70.05,158.31,TXN-B-000369,SOURCE_A
TXN-A-000370-L739,TXN-A-000370,PRD-0114,PC-NEX0114,2000000011400,NEXUS Kitchen Towel 10 W,Kitchen Towel 10 W,7.15,24.94,178.32,TXN-B-000370,SOURCE_A
TXN-A-000371-L741,TXN-A-000371,PRD-0077,PC-AUR0077,2000000007700,AURORA Shampoo 1 KG,Shampoo 1 KG,1.03,106.6,109.8,TXN-B-000371,SOURCE_A
TXN-A-000372-L743,TXN-A-000372,PRD-0134,PC-AUR0134,2000000013404,AURORA Glue Stick 9 V,Glue Stick 9 V,9.47,77.67,735.53,TXN-B-000372,SOURCE_A
TXN-A-000373-L745,TXN-A-000373,PRD-0029,PC-AUR0029,2000000002903,AURORA Highlighter Set 9 V,Highlighter Set 9 V,6.8,26.14,177.75,TXN-B-000373,SOURCE_A
TXN-A-000374-L747,TXN-A-000374,PRD-0073,PC-ZEN0073,2000000007304,ZENITH Hand Soap 250 MG,Hand Soap 250 MG,8.78,22.6,198.43,TXN-B-000374,SOURCE_A
TXN-A-000375-L749,TXN-A-000375,PRD-0105,PC-NEX0105,2000000010502,NEXUS Measuring Cup 100 G,Measuring Cup 100 G,5.43,109.25,593.23,TXN-B-000375,SOURCE_A
TXN-A-000376-L751,TXN-A-000376,PRD-0096,PC-NEX0096,2000000009605,NEXUS Lotion 1 KG,Lotion 1 KG,5.32,25.67,136.56,TXN-B-000376,SOURCE_A
TXN-A-000377-L753,TXN-A-000377,PRD-0135,PC-NEX0135,2000000013503,NEXUS Glue Stick 5000 MAH,Glue Stick 5000 MAH,3.57,27.9,99.6,TXN-B-000377,SOURCE_A
TXN-A-000378-L755,TXN-A-000378,PRD-0097,PC-ZEN0097,2000000009704,ZENITH Cutting Board 5 W,Cutting Board 5 W,8.57,15.99,137.03,TXN-B-000378,SOURCE_A
TXN-A-000379-L757,TXN-A-000379,PRD-0112,PC-ZEN0112,2000000011202,ZENITH Kitchen Towel 30 CM,Kitchen Towel 30 CM,2.7,100.54,271.46,TXN-B-000379,SOURCE_A
TXN-A-000380-L759,TXN-A-000380,PRD-0027,PC-NEX0027,2000000002705,NEXUS Ballpoint Pen 500 ML,Ballpoint Pen 500 ML,9.97,49.53,493.81,TXN-B-000380,SOURCE_A
TXN-A-000381-L761,TXN-A-000381,PRD-0146,PC-AUR0146,2000000014609,AURORA Screwdriver Set 500 ML,Screwdriver Set 500 ML,2.42,91.46,221.33,TXN-B-000381,SOURCE_A
TXN-A-000382-L763,TXN-A-000382,PRD-0104,PC-AUR0104,2000000010403,AURORA Measuring Cup 10000 MAH,Measuring Cup 10000 MAH,5.06,68.42,346.21,TXN-B-000382,SOURCE_A
TXN-A-000383-L765,TXN-A-000383,PRD-0077,PC-AUR0077,2000000007700,AURORA Shampoo 1 KG,Shampoo 1 KG,4.62,106.6,492.49,TXN-B-000383,SOURCE_A
TXN-A-000384-L767,TXN-A-000384,PRD-0065,PC-AUR0065,2000000006505,AURORA Charging Dock 3 V,Charging Dock 3 V,5.08,17.05,86.61,TXN-B-000384,SOURCE_A
TXN-A-000385-L769,TXN-A-000385,PRD-0089,PC-AUR0089,2000000008905,AURORA Face Cream 500 ML,Face Cream 500 ML,7.14,50.06,357.43,TXN-B-000385,SOURCE_A
TXN-A-000386-L771,TXN-A-000386,PRD-0136,PC-ZEN0136,2000000013602,ZENITH Scissors 3 V,Scissors 3 V,2.05,71.22,146.0,TXN-B-000386,SOURCE_A
TXN-A-000387-L773,TXN-A-000387,PRD-0001,PC-ZEN0001,2000000000107,ZENITH All Purpose Cleaner 10 IN,All Purpose Cleaner 10 IN,1.93,34.59,66.76,TXN-B-000387,SOURCE_A
TXN-A-000388-L775,TXN-A-000388,PRD-0019,PC-ZEN0019,2000000001906,ZENITH Air Freshener 45 CM,Air Freshener 45 CM,4.32,38.75,167.4,TXN-B-000388,SOURCE_A
TXN-A-000389-L777,TXN-A-000389,PRD-0012,PC-NEX0012,2000000001203,NEXUS Laundry Detergent 3 V,Laundry Detergent 3 V,9.33,22.27,207.78,TXN-B-000389,SOURCE_A
TXN-A-000390-L779,TXN-A-000390,PRD-0035,PC-AUR0035,2000000003504,AURORA Stapler 10 W,Stapler 10 W,7.05,17.34,122.25,TXN-B-000390,SOURCE_A
TXN-A-000391-L781,TXN-A-000391,PRD-0124,PC-ZEN0124,2000000012407,ZENITH Sketch Pad 500 MG,Sketch Pad 500 MG,5.29,47.5,251.28,TXN-B-000391,SOURCE_A
TXN-A-000392-L783,TXN-A-000392,PRD-0112,PC-ZEN0112,2000000011202,ZENITH Kitchen Towel 30 CM,Kitchen Towel 30 CM,6.52,100.54,655.52,TXN-B-000392,SOURCE_A
TXN-A-000393-L785,TXN-A-000393,PRD-0041,PC-AUR0041,2000000004105,AURORA File Folder Pack 9 V,File Folder Pack 9 V,6.77,59.18,400.65,TXN-B-000393,SOURCE_A
TXN-A-000394-L787,TXN-A-000394,PRD-0110,PC-AUR0110,2000000011004,AURORA Storage Container 5 W,Storage Container 5 W,4.73,44.62,211.05,TXN-B-000394,SOURCE_A
TXN-A-000395-L789,TXN-A-000395,PRD-0137,PC-AUR0137,2000000013701,AURORA Scissors 100 MG,Scissors 100 MG,2.8,94.03,263.28,TXN-B-000395,SOURCE_A
TXN-A-000396-L791,TXN-A-000396,PRD-0011,PC-AUR0011,2000000001104,AURORA Laundry Detergent 2000 MAH,Laundry Detergent 2000 MAH,4.78,97.97,468.3,TXN-B-000396,SOURCE_A
TXN-A-000397-L793,TXN-A-000397,PRD-0107,PC-AUR0107,2000000010700,AURORA Spatula Set 9 V,Spatula Set 9 V,1.35,5.81,7.84,TXN-B-000397,SOURCE_A
TXN-A-000398-L795,TXN-A-000398,PRD-0133,PC-ZEN0133,2000000013305,ZENITH Glue Stick 250 MG,Glue Stick 250 MG,6.17,31.89,196.76,TXN-B-000398,SOURCE_A
TXN-A-000399-L797,TXN-A-000399,PRD-0002,PC-AUR0002,2000000000206,AURORA All Purpose Cleaner 30 CM,All Purpose Cleaner 30 CM,9.0,44.72,402.48,TXN-B-000399,SOURCE_A
TXN-A-000400-L799,TXN-A-000400,PRD-0015,PC-NEX0015,2000000001500,NEXUS Fabric Softener 200 G,Fabric Softener 200 G,5.4,47.38,255.85,TXN-B-000400,SOURCE_A
TXN-A-000401-L801,TXN-A-000401,PRD-0044,PC-AUR0044,2000000004402,AURORA Whiteboard Marker 12 IN,Whiteboard Marker 12 IN,9.18,38.93,357.38,TXN-B-000401,SOURCE_A
TXN-A-000402-L803,TXN-A-000402,PRD-0055,PC-ZEN0055,2000000005508,ZENITH Phone Case 250 MG,Phone Case 250 MG,5.91,52.62,310.98,TXN-B-000402,SOURCE_A
TXN-A-000403-L805,TXN-A-000403,PRD-0091,PC-ZEN0091,2000000009100,ZENITH Hair Gel 1.5 L,Hair Gel 1.5 L,2.22,87.74,194.78,TXN-B-000403,SOURCE_A
TXN-A-000404-L807,TXN-A-000404,PRD-0102,PC-NEX0102,2000000010205,NEXUS Mixing Bowl Set 15 W,Mixing Bowl Set 15 W,5.04,58.6,295.34,TXN-B-000404,SOURCE_A
TXN-A-000405-L809,TXN-A-000405,PRD-0045,PC-NEX0045,2000000004501,NEXUS Whiteboard Marker 45 CM,Whiteboard Marker 45 CM,7.74,29.55,228.72,TXN-B-000405,SOURCE_A
TXN-A-000406-L811,TXN-A-000406,PRD-0034,PC-ZEN0034,2000000003405,ZENITH Stapler 100 MG,Stapler 100 MG,4.45,79.94,355.73,TXN-B-000406,SOURCE_A
TXN-A-000407-L813,TXN-A-000407,PRD-0141,PC-NEX0141,2000000014104,NEXUS Eraser Pack 3 V,Eraser Pack 3 V,5.7,34.77,198.19,TXN-B-000407,SOURCE_A
TXN-A-000408-L815,TXN-A-000408,PRD-0047,PC-AUR0047,2000000004709,AURORA Tape Dispenser 45 CM,Tape Dispenser 45 CM,6.88,2.08,14.31,TXN-B-000408,SOURCE_A
TXN-A-000409-L817,TXN-A-000409,PRD-0116,PC-AUR0116,2000000011608,AURORA Can Opener 500 MG,Can Opener 500 MG,6.79,80.59,547.21,TXN-B-000409,SOURCE_A
TXN-A-000410-L819,TXN-A-000410,PRD-0068,PC-AUR0068,2000000006802,AURORA HDMI Cable 10000 MAH,HDMI Cable 10000 MAH,4.87,38.83,189.1,TXN-B-000410,SOURCE_A
TXN-A-000411-L821,TXN-A-000411,PRD-0115,PC-ZEN0115,2000000011509,ZENITH Can Opener 2000 MAH,Can Opener 2000 MAH,6.93,64.41,446.36,TXN-B-000411,SOURCE_A
TXN-A-000412-L823,TXN-A-000412,PRD-0043,PC-ZEN0043,2000000004303,ZENITH Whiteboard Marker 20 W,Whiteboard Marker 20 W,8.19,56.59,463.47,TXN-B-000412,SOURCE_A
TXN-A-000413-L825,TXN-A-000413,PRD-0059,PC-AUR0059,2000000005904,AURORA Screen Protector 45 CM,Screen Protector 45 CM,1.47,61.8,90.85,TXN-B-000413,SOURCE_A
TXN-A-000414-L827,TXN-A-000414,PRD-0067,PC-ZEN0067,2000000006703,ZENITH HDMI Cable 1 KG,HDMI Cable 1 KG,5.84,57.46,335.57,TXN-B-000414,SOURCE_A
TXN-A-000415-L829,TXN-A-000415,PRD-0097,PC-ZEN0097,2000000009704,ZENITH Cutting Board 5 W,Cutting Board 5 W,8.2,15.99,131.12,TXN-B-000415,SOURCE_A
TXN-A-000416-L831,TXN-A-000416,PRD-0114,PC-NEX0114,2000000011400,NEXUS Kitchen Towel 10 W,Kitchen Towel 10 W,5.79,24.94,144.4,TXN-B-000416,SOURCE_A
TXN-A-000417-L833,TXN-A-000417,PRD-0111,PC-NEX0111,2000000011103,NEXUS Storage Container 500 G,Storage Container 500 G,6.86,61.14,419.42,TXN-B-000417,SOURCE_A
TXN-A-000418-L835,TXN-A-000418,PRD-0095,PC-AUR0095,2000000009506,AURORA Lotion 1 KG,Lotion 1 KG,5.19,117.25,608.53,TXN-B-000418,SOURCE_A
TXN-A-000419-L837,TXN-A-000419,PRD-0004,PC-ZEN0004,2000000000404,ZENITH Glass Spray 750 ML,Glass Spray 750 ML,2.14,100.37,214.79,TXN-B-000419,SOURCE_A
TXN-A-000420-L839,TXN-A-000420,PRD-0069,PC-NEX0069,2000000006901,NEXUS HDMI Cable 1.5 L,HDMI Cable 1.5 L,6.87,45.41,311.97,TXN-B-000420,SOURCE_A
TXN-A-000421-L841,TXN-A-000421,PRD-0047,PC-AUR0047,2000000004709,AURORA Tape Dispenser 45 CM,Tape Dispenser 45 CM,5.35,2.08,11.13,TXN-B-000421,SOURCE_A
TXN-A-000422-L843,TXN-A-000422,PRD-0127,PC-ZEN0127,2000000012704,ZENITH Colored Pencil Set 50 G,Colored Pencil Set 50 G,5.76,57.94,333.73,TXN-B-000422,SOURCE_A
TXN-A-000423-L845,TXN-A-000423,PRD-0136,PC-ZEN0136,2000000013602,ZENITH Scissors 3 V,Scissors 3 V,8.85,71.22,630.3,TXN-B-000423,SOURCE_A
TXN-A-000424-L847,TXN-A-000424,PRD-0107,PC-AUR0107,2000000010700,AURORA Spatula Set 9 V,Spatula Set 9 V,3.31,5.81,19.23,TXN-B-000424,SOURCE_A
TXN-A-000425-L849,TXN-A-000425,PRD-0087,PC-NEX0087,2000000008707,NEXUS Deodorant 9 V,Deodorant 9 V,5.54,116.64,646.19,TXN-B-000425,SOURCE_A
TXN-A-000426-L851,TXN-A-000426,PRD-0018,PC-NEX0018,2000000001807,NEXUS Surface Wipes 500 MG,Surface Wipes 500 MG,6.49,39.31,255.12,TXN-B-000426,SOURCE_A
TXN-A-000427-L853,TXN-A-000427,PRD-0073,PC-ZEN0073,2000000007304,ZENITH Hand Soap 250 MG,Hand Soap 250 MG,7.38,22.6,166.79,TXN-B-000427,SOURCE_A
TXN-A-000428-L855,TXN-A-000428,PRD-0101,PC-AUR0101,2000000010106,AURORA Mixing Bowl Set 100 MG,Mixing Bowl Set 100 MG,7.88,113.58,895.01,TXN-B-000428,SOURCE_A
TXN-A-000429-L857,TXN-A-000429,PRD-0101,PC-AUR0101,2000000010106,AURORA Mixing Bowl Set 100 MG,Mixing Bowl Set 100 MG,1.34,113.58,152.2,TXN-B-000429,SOURCE_A
TXN-A-000430-L859,TXN-A-000430,PRD-0129,PC-NEX0129,2000000012902,NEXUS Colored Pencil Set 750 ML,Colored Pencil Set 750 ML,5.93,94.86,562.52,TXN-B-000430,SOURCE_A
TXN-A-000431-L861,TXN-A-000431,PRD-0057,PC-NEX0057,2000000005706,NEXUS Phone Case 1 L,Phone Case 1 L,3.7,31.73,117.4,TXN-B-000431,SOURCE_A
TXN-A-000432-L863,TXN-A-000432,PRD-0008,PC-AUR0008,2000000000800,AURORA Dish Liquid 10000 MAH,Dish Liquid 10000 MAH,5.58,111.86,624.18,TXN-B-000432,SOURCE_A
TXN-A-000433-L865,TXN-A-000433,PRD-0060,PC-NEX0060,2000000006000,NEXUS Screen Protector 10 IN,Screen Protector 10 IN,3.76,85.32,320.8,TXN-B-000433,SOURCE_A
TXN-A-000434-L867,TXN-A-000434,PRD-0083,PC-AUR0083,2000000008301,AURORA Toothpaste 3 V,Toothpaste 3 V,6.24,47.14,294.15,TXN-B-000434,SOURCE_A
TXN-A-000435-L869,TXN-A-000435,PRD-0050,PC-AUR0050,2000000005003,AURORA USB Cable 10000 MAH,USB Cable 10000 MAH,3.23,3.09,9.98,TXN-B-000435,SOURCE_A
TXN-A-000436-L871,TXN-A-000436,PRD-0053,PC-AUR0053,2000000005300,AURORA Power Adapter 1 L,Power Adapter 1 L,8.49,43.8,371.86,TXN-B-000436,SOURCE_A
TXN-A-000437-L873,TXN-A-000437,PRD-0093,PC-NEX0093,2000000009308,NEXUS Hair Gel 10 W,Hair Gel 10 W,1.58,27.25,43.05,TXN-B-000437,SOURCE_A
TXN-A-000438-L875,TXN-A-000438,PRD-0054,PC-NEX0054,2000000005409,NEXUS Power Adapter 500 ML,Power Adapter 500 ML,3.7,16.51,61.09,TXN-B-000438,SOURCE_A
TXN-A-000439-L877,TXN-A-000439,PRD-0123,PC-NEX0123,2000000012308,NEXUS Notebook 3 V,Notebook 3 V,1.23,15.38,18.92,TXN-B-000439,SOURCE_A
TXN-A-000440-L879,TXN-A-000440,PRD-0082,PC-ZEN0082,2000000008202,ZENITH Toothpaste 500 MG,Toothpaste 500 MG,2.2,92.36,203.19,TXN-B-000440,SOURCE_A
TXN-A-000441-L881,TXN-A-000441,PRD-0032,PC-AUR0032,2000000003207,AURORA Binder Clip Box 3 V,Binder Clip Box 3 V,4.82,78.97,380.64,TXN-B-000441,SOURCE_A
TXN-A-000442-L883,TXN-A-000442,PRD-0134,PC-AUR0134,2000000013404,AURORA Glue Stick 9 V,Glue Stick 9 V,7.93,77.67,615.92,TXN-B-000442,SOURCE_A
TXN-A-000443-L885,TXN-A-000443,PRD-0129,PC-NEX0129,2000000012902,NEXUS Colored Pencil Set 750 ML,Colored Pencil Set 750 ML,9.43,94.86,894.53,TXN-B-000443,SOURCE_A
TXN-A-000444-L887,TXN-A-000444,PRD-0068,PC-AUR0068,2000000006802,AURORA HDMI Cable 10000 MAH,HDMI Cable 10000 MAH,2.85,38.83,110.67,TXN-B-000444,SOURCE_A
TXN-A-000445-L889,TXN-A-000445,PRD-0070,PC-ZEN0070,2000000007007,ZENITH Mouse Pad 200 G,Mouse Pad 200 G,7.45,113.79,847.74,TXN-B-000445,SOURCE_A
TXN-A-000446-L891,TXN-A-000446,PRD-0069,PC-NEX0069,2000000006901,NEXUS HDMI Cable 1.5 L,HDMI Cable 1.5 L,5.13,45.41,232.95,TXN-B-000446,SOURCE_A
TXN-A-000447-L893,TXN-A-000447,PRD-0143,PC-AUR0143,2000000014302,AURORA Marker Set 10 IN,Marker Set 10 IN,8.08,13.47,108.84,TXN-B-000447,SOURCE_A
TXN-A-000448-L895,TXN-A-000448,PRD-0034,PC-ZEN0034,2000000003405,ZENITH Stapler 100 MG,Stapler 100 MG,8.04,79.94,642.72,TXN-B-000448,SOURCE_A
TXN-A-000449-L897,TXN-A-000449,PRD-0099,PC-NEX0099,2000000009902,NEXUS Cutting Board 500 ML,Cutting Board 500 ML,4.41,112.85,497.67,TXN-B-000449,SOURCE_A
TXN-A-000450-L899,TXN-A-000450,PRD-0120,PC-NEX0120,2000000012001,NEXUS Peeler 30 CM,Peeler 30 CM,4.61,95.85,441.87,TXN-B-000450,SOURCE_A
TXN-A-000451-L901,TXN-A-000451,PRD-0138,PC-NEX0138,2000000013800,NEXUS Scissors 500 MG,Scissors 500 MG,8.19,96.35,789.11,TXN-B-000451,SOURCE_A
TXN-A-000452-L903,TXN-A-000452,PRD-0005,PC-AUR0005,2000000000503,AURORA Glass Spray 500 G,Glass Spray 500 G,2.57,111.21,285.81,TXN-B-000452,SOURCE_A
TXN-A-000453-L905,TXN-A-000453,PRD-0027,PC-NEX0027,2000000002705,NEXUS Ballpoint Pen 500 ML,Ballpoint Pen 500 ML,4.19,49.53,207.53,TXN-B-000453,SOURCE_A
TXN-A-000454-L907,TXN-A-000454,PRD-0120,PC-NEX0120,2000000012001,NEXUS Peeler 30 CM,Peeler 30 CM,6.26,95.85,600.02,TXN-B-000454,SOURCE_A
TXN-A-000455-L909,TXN-A-000455,PRD-0070,PC-ZEN0070,2000000007007,ZENITH Mouse Pad 200 G,Mouse Pad 200 G,8.0,113.79,910.32,TXN-B-000455,SOURCE_A
TXN-A-000456-L911,TXN-A-000456,PRD-0080,PC-AUR0080,2000000008004,AURORA Body Wash 500 MG,Body Wash 500 MG,1.96,11.65,22.83,TXN-B-000456,SOURCE_A
TXN-A-000457-L913,TXN-A-000457,PRD-0128,PC-AUR0128,2000000012803,AURORA Colored Pencil Set 5 W,Colored Pencil Set 5 W,9.0,24.7,222.3,TXN-B-000457,SOURCE_A
TXN-A-000458-L915,TXN-A-000458,PRD-0088,PC-ZEN0088,2000000008806,ZENITH Face Cream 30 CM,Face Cream 30 CM,4.84,2.66,12.87,TXN-B-000458,SOURCE_A
TXN-A-000459-L917,TXN-A-000459,PRD-0117,PC-NEX0117,2000000011707,NEXUS Can Opener 5 W,Can Opener 5 W,8.11,60.46,490.33,TXN-B-000459,SOURCE_A
TXN-A-000460-L919,TXN-A-000460,PRD-0033,PC-NEX0033,2000000003306,NEXUS Binder Clip Box 45 CM,Binder Clip Box 45 CM,5.48,21.96,120.34,TXN-B-000460,SOURCE_A
TXN-A-000461-L921,TXN-A-000461,PRD-0055,PC-ZEN0055,2000000005508,ZENITH Phone Case 250 MG,Phone Case 250 MG,8.27,52.62,435.17,TXN-B-000461,SOURCE_A
TXN-A-000462-L923,TXN-A-000462,PRD-0134,PC-AUR0134,2000000013404,AURORA Glue Stick 9 V,Glue Stick 9 V,3.52,77.67,273.4,TXN-B-000462,SOURCE_A
TXN-A-000463-L925,TXN-A-000463,PRD-0142,PC-ZEN0142,2000000014203,ZENITH Marker Set 750 ML,Marker Set 750 ML,5.23,33.77,176.62,TXN-B-000463,SOURCE_A
TXN-A-000464-L927,TXN-A-000464,PRD-0075,PC-NEX0075,2000000007502,NEXUS Hand Soap 10000 MAH,Hand Soap 10000 MAH,1.63,69.45,113.2,TXN-B-000464,SOURCE_A
TXN-A-000465-L929,TXN-A-000465,PRD-0087,PC-NEX0087,2000000008707,NEXUS Deodorant 9 V,Deodorant 9 V,6.39,116.64,745.33,TXN-B-000465,SOURCE_A
TXN-A-000466-L931,TXN-A-000466,PRD-0021,PC-NEX0021,2000000002101,NEXUS Air Freshener 30 CM,Air Freshener 30 CM,3.66,13.9,50.87,TXN-B-000466,SOURCE_A
TXN-A-000467-L933,TXN-A-000467,PRD-0063,PC-NEX0063,2000000006307,NEXUS Battery Pack 10 W,Battery Pack 10 W,8.59,96.31,827.3,TXN-B-000467,SOURCE_A
TXN-A-000468-L935,TXN-A-000468,PRD-0076,PC-ZEN0076,2000000007601,ZENITH Shampoo 200 G,Shampoo 200 G,3.32,12.26,40.7,TXN-B-000468,SOURCE_A
TXN-A-000469-L937,TXN-A-000469,PRD-0033,PC-NEX0033,2000000003306,NEXUS Binder Clip Box 45 CM,Binder Clip Box 45 CM,2.52,21.96,55.34,TXN-B-000469,SOURCE_A
TXN-A-000470-L939,TXN-A-000470,PRD-0129,PC-NEX0129,2000000012902,NEXUS Colored Pencil Set 750 ML,Colored Pencil Set 750 ML,8.5,94.86,806.31,TXN-B-000470,SOURCE_A
TXN-A-000471-L941,TXN-A-000471,PRD-0025,PC-ZEN0025,2000000002507,ZENITH Ballpoint Pen 1 KG,Ballpoint Pen 1 KG,1.78,37.08,66.0,TXN-B-000471,SOURCE_A
TXN-A-000472-L943,TXN-A-000472,PRD-0060,PC-NEX0060,2000000006000,NEXUS Screen Protector 10 IN,Screen Protector 10 IN,2.54,85.32,216.71,TXN-B-000472,SOURCE_A
TXN-A-000473-L945,TXN-A-000473,PRD-0128,PC-AUR0128,2000000012803,AURORA Colored Pencil Set 5 W,Colored Pencil Set 5 W,6.53,24.7,161.29,TXN-B-000473,SOURCE_A
TXN-A-000474-L947,TXN-A-000474,PRD-0083,PC-AUR0083,2000000008301,AURORA Toothpaste 3 V,Toothpaste 3 V,6.32,47.14,297.92,TXN-B-000474,SOURCE_A
TXN-A-000475-L949,TXN-A-000475,PRD-0084,PC-NEX0084,2000000008400,NEXUS Toothpaste 15 W,Toothpaste 15 W,6.89,33.06,227.78,TXN-B-000475,SOURCE_A
TXN-A-000476-L951,TXN-A-000476,PRD-0010,PC-ZEN0010,2000000001005,ZENITH Laundry Detergent 1.5 V,Laundry Detergent 1.5 V,3.75,25.3,94.88,TXN-B-000476,SOURCE_A
TXN-A-000477-L953,TXN-A-000477,PRD-0002,PC-AUR0002,2000000000206,AURORA All Purpose Cleaner 30 CM,All Purpose Cleaner 30 CM,5.58,44.72,249.54,TXN-B-000477,SOURCE_A
TXN-A-000478-L955,TXN-A-000478,PRD-0123,PC-NEX0123,2000000012308,NEXUS Notebook 3 V,Notebook 3 V,7.63,15.38,117.35,TXN-B-000478,SOURCE_A
TXN-A-000479-L957,TXN-A-000479,PRD-0006,PC-NEX0006,2000000000602,NEXUS Glass Spray 9 V,Glass Spray 9 V,7.74,84.09,650.86,TXN-B-000479,SOURCE_A
TXN-A-000480-L959,TXN-A-000480,PRD-0107,PC-AUR0107,2000000010700,AURORA Spatula Set 9 V,Spatula Set 9 V,1.22,5.81,7.09,TXN-B-000480,SOURCE_A
TXN-A-000481-L961,TXN-A-000481,PRD-0056,PC-AUR0056,2000000005607,AURORA Phone Case 20 W,Phone Case 20 W,3.42,16.68,57.05,TXN-B-000481,SOURCE_A
TXN-A-000482-L963,TXN-A-000482,PRD-0025,PC-ZEN0025,2000000002507,ZENITH Ballpoint Pen 1 KG,Ballpoint Pen 1 KG,3.39,37.08,125.7,TXN-B-000482,SOURCE_A
TXN-A-000483-L965,TXN-A-000483,PRD-0024,PC-NEX0024,2000000002408,NEXUS Floor Polish 100 MG,Floor Polish 100 MG,8.78,75.71,664.73,TXN-B-000483,SOURCE_A
TXN-A-000484-L967,TXN-A-000484,PRD-0104,PC-AUR0104,2000000010403,AURORA Measuring Cup 10000 MAH,Measuring Cup 10000 MAH,3.84,68.42,262.73,TXN-B-000484,SOURCE_A
TXN-A-000485-L969,TXN-A-000485,PRD-0142,PC-ZEN0142,2000000014203,ZENITH Marker Set 750 ML,Marker Set 750 ML,4.66,33.77,157.37,TXN-B-000485,SOURCE_A
TXN-A-000486-L971,TXN-A-000486,PRD-0110,PC-AUR0110,2000000011004,AURORA Storage Container 5 W,Storage Container 5 W,8.74,44.62,389.98,TXN-B-000486,SOURCE_A
TXN-A-000487-L973,TXN-A-000487,PRD-0139,PC-ZEN0139,2000000013909,ZENITH Eraser Pack 500 G,Eraser Pack 500 G,1.64,45.39,74.44,TXN-B-000487,SOURCE_A
TXN-A-000488-L975,TXN-A-000488,PRD-0032,PC-AUR0032,2000000003207,AURORA Binder Clip Box 3 V,Binder Clip Box 3 V,1.35,78.97,106.61,TXN-B-000488,SOURCE_A
TXN-A-000489-L977,TXN-A-000489,PRD-0089,PC-AUR0089,2000000008905,AURORA Face Cream 500 ML,Face Cream 500 ML,6.62,50.06,331.4,TXN-B-000489,SOURCE_A
TXN-A-000490-L979,TXN-A-000490,PRD-0058,PC-ZEN0058,2000000005805,ZENITH Screen Protector 3 V,Screen Protector 3 V,1.34,72.97,97.78,TXN-B-000490,SOURCE_A
TXN-A-000491-L981,TXN-A-000491,PRD-0039,PC-NEX0039,2000000003900,NEXUS Desk Organizer 250 ML,Desk Organizer 250 ML,6.07,90.18,547.39,TXN-B-000491,SOURCE_A
TXN-A-000492-L983,TXN-A-000492,PRD-0031,PC-ZEN0031,2000000003108,ZENITH Binder Clip Box 3 V,Binder Clip Box 3 V,2.35,57.71,135.62,TXN-B-000492,SOURCE_A
TXN-A-000493-L985,TXN-A-000493,PRD-0087,PC-NEX0087,2000000008707,NEXUS Deodorant 9 V,Deodorant 9 V,5.05,116.64,589.03,TXN-B-000493,SOURCE_A
TXN-A-000494-L987,TXN-A-000494,PRD-0032,PC-AUR0032,2000000003207,AURORA Binder Clip Box 3 V,Binder Clip Box 3 V,4.15,78.97,327.73,TXN-B-000494,SOURCE_A
TXN-A-000495-L989,TXN-A-000495,PRD-0003,PC-NEX0003,2000000000305,NEXUS All Purpose Cleaner 250 ML,All Purpose Cleaner 250 ML,9.68,116.68,1129.46,TXN-B-000495,SOURCE_A
TXN-A-000496-L991,TXN-A-000496,PRD-0044,PC-AUR0044,2000000004402,AURORA Whiteboard Marker 12 IN,Whiteboard Marker 12 IN,1.4,38.93,54.5,TXN-B-000496,SOURCE_A
TXN-A-000497-L993,TXN-A-000497,PRD-0094,PC-ZEN0094,2000000009407,ZENITH Lotion 10000 MAH,Lotion 10000 MAH,9.27,9.96,92.33,TXN-B-000497,SOURCE_A
TXN-A-000498-L995,TXN-A-000498,PRD-0022,PC-ZEN0022,2000000002200,ZENITH Floor Polish 2000 MAH,Floor Polish 2000 MAH,9.55,5.92,56.54,TXN-B-000498,SOURCE_A
TXN-A-000499-L997,TXN-A-000499,PRD-0024,PC-NEX0024,2000000002408,NEXUS Floor Polish 100 MG,Floor Polish 100 MG,2.12,75.71,160.51,TXN-B-000499,SOURCE_A
TXN-A-000500-L999,TXN-A-000500,PRD-0121,PC-ZEN0121,2000000012100,ZENITH Notebook 1 L,Notebook 1 L,8.87,21.42,190.0,TXN-B-000500,SOURCE_A
TXN-A-000501-L1001,TXN-A-000501,PRD-0025,PC-ZEN0025,2000000002507,ZENITH Ballpoint Pen 1 KG,Ballpoint Pen 1 KG,6.45,37.08,239.17,TXN-B-000501,SOURCE_A
TXN-A-000502-L1003,TXN-A-000502,PRD-0076,PC-ZEN0076,2000000007601,ZENITH Shampoo 200 G,Shampoo 200 G,9.89,12.26,121.25,TXN-B-000502,SOURCE_A
TXN-A-000503-L1005,TXN-A-000503,PRD-0015,PC-NEX0015,2000000001500,NEXUS Fabric Softener 200 G,Fabric Softener 200 G,6.43,47.38,304.65,TXN-B-000503,SOURCE_A
TXN-A-000504-L1007,TXN-A-000504,PRD-0140,PC-AUR0140,2000000014005,AURORA Eraser Pack 2000 MAH,Eraser Pack 2000 MAH,6.06,111.85,677.81,TXN-B-000504,SOURCE_A
TXN-A-000505-L1009,TXN-A-000505,PRD-0126,PC-NEX0126,2000000012605,NEXUS Sketch Pad 250 ML,Sketch Pad 250 ML,2.31,82.01,189.44,TXN-B-000505,SOURCE_A
TXN-A-000506-L1011,TXN-A-000506,PRD-0093,PC-NEX0093,2000000009308,NEXUS Hair Gel 10 W,Hair Gel 10 W,9.04,27.25,246.34,TXN-B-000506,SOURCE_A
TXN-A-000507-L1013,TXN-A-000507,PRD-0038,PC-AUR0038,2000000003801,AURORA Desk Organizer 2000 MAH,Desk Organizer 2000 MAH,1.52,28.05,42.64,TXN-B-000507,SOURCE_A
TXN-A-000508-L1015,TXN-A-000508,PRD-0072,PC-NEX0072,2000000007205,NEXUS Mouse Pad 100 G,Mouse Pad 100 G,5.95,43.98,261.68,TXN-B-000508,SOURCE_A
TXN-A-000509-L1017,TXN-A-000509,PRD-0083,PC-AUR0083,2000000008301,AURORA Toothpaste 3 V,Toothpaste 3 V,9.24,47.14,435.57,TXN-B-000509,SOURCE_A
TXN-A-000510-L1019,TXN-A-000510,PRD-0039,PC-NEX0039,2000000003900,NEXUS Desk Organizer 250 ML,Desk Organizer 250 ML,5.18,90.18,467.13,TXN-B-000510,SOURCE_A
TXN-A-000511-L1021,TXN-A-000511,PRD-0129,PC-NEX0129,2000000012902,NEXUS Colored Pencil Set 750 ML,Colored Pencil Set 750 ML,4.14,94.86,392.72,TXN-B-000511,SOURCE_A
TXN-A-000512-L1023,TXN-A-000512,PRD-0018,PC-NEX0018,2000000001807,NEXUS Surface Wipes 500 MG,Surface Wipes 500 MG,7.49,39.31,294.43,TXN-B-000512,SOURCE_A
TXN-A-000513-L1025,TXN-A-000513,PRD-0110,PC-AUR0110,2000000011004,AURORA Storage Container 5 W,Storage Container 5 W,8.31,44.62,370.79,TXN-B-000513,SOURCE_A
TXN-A-000514-L1027,TXN-A-000514,PRD-0059,PC-AUR0059,2000000005904,AURORA Screen Protector 45 CM,Screen Protector 45 CM,1.47,61.8,90.85,TXN-B-000514,SOURCE_A
TXN-A-000515-L1029,TXN-A-000515,PRD-0147,PC-NEX0147,2000000014708,NEXUS Screwdriver Set 100 MG,Screwdriver Set 100 MG,4.51,60.33,272.09,TXN-B-000515,SOURCE_A
TXN-A-000516-L1031,TXN-A-000516,PRD-0022,PC-ZEN0022,2000000002200,ZENITH Floor Polish 2000 MAH,Floor Polish 2000 MAH,1.92,5.92,11.37,TXN-B-000516,SOURCE_A
TXN-A-000517-L1033,TXN-A-000517,PRD-0056,PC-AUR0056,2000000005607,AURORA Phone Case 20 W,Phone Case 20 W,1.33,16.68,22.18,TXN-B-000517,SOURCE_A
TXN-A-000518-L1035,TXN-A-000518,PRD-0102,PC-NEX0102,2000000010205,NEXUS Mixing Bowl Set 15 W,Mixing Bowl Set 15 W,3.02,58.6,176.97,TXN-B-000518,SOURCE_A
TXN-A-000519-L1037,TXN-A-000519,PRD-0149,PC-AUR0149,2000000014906,AURORA Wrench Set 45 CM,Wrench Set 45 CM,5.45,29.28,159.58,TXN-B-000519,SOURCE_A
TXN-A-000520-L1039,TXN-A-000520,PRD-0147,PC-NEX0147,2000000014708,NEXUS Screwdriver Set 100 MG,Screwdriver Set 100 MG,5.48,60.33,330.61,TXN-B-000520,SOURCE_A
TXN-A-000521-L1041,TXN-A-000521,PRD-0032,PC-AUR0032,2000000003207,AURORA Binder Clip Box 3 V,Binder Clip Box 3 V,3.06,78.97,241.65,TXN-B-000521,SOURCE_A
TXN-A-000522-L1043,TXN-A-000522,PRD-0119,PC-AUR0119,2000000011905,AURORA Peeler 100 MG,Peeler 100 MG,4.04,13.3,53.73,TXN-B-000522,SOURCE_A
TXN-A-000523-L1045,TXN-A-000523,PRD-0056,PC-AUR0056,2000000005607,AURORA Phone Case 20 W,Phone Case 20 W,6.73,16.68,112.26,TXN-B-000523,SOURCE_A
TXN-A-000524-L1047,TXN-A-000524,PRD-0078,PC-NEX0078,2000000007809,NEXUS Shampoo 500 ML,Shampoo 500 ML,4.57,118.47,541.41,TXN-B-000524,SOURCE_A
TXN-A-000525-L1049,TXN-A-000525,PRD-0115,PC-ZEN0115,2000000011509,ZENITH Can Opener 2000 MAH,Can Opener 2000 MAH,4.7,64.41,302.73,TXN-B-000525,SOURCE_A
TXN-A-000526-L1051,TXN-A-000526,PRD-0145,PC-ZEN0145,2000000014500,ZENITH Screwdriver Set 10 W,Screwdriver Set 10 W,5.58,31.94,178.23,TXN-B-000526,SOURCE_A
TXN-A-000527-L1053,TXN-A-000527,PRD-0095,PC-AUR0095,2000000009506,AURORA Lotion 1 KG,Lotion 1 KG,1.61,117.25,188.77,TXN-B-000527,SOURCE_A
TXN-A-000528-L1055,TXN-A-000528,PRD-0122,PC-AUR0122,2000000012209,AURORA Notebook 5000 MAH,Notebook 5000 MAH,6.03,31.9,192.36,TXN-B-000528,SOURCE_A
TXN-A-000529-L1057,TXN-A-000529,PRD-0070,PC-ZEN0070,2000000007007,ZENITH Mouse Pad 200 G,Mouse Pad 200 G,7.7,113.79,876.18,TXN-B-000529,SOURCE_A
TXN-A-000530-L1059,TXN-A-000530,PRD-0056,PC-AUR0056,2000000005607,AURORA Phone Case 20 W,Phone Case 20 W,2.24,16.68,37.36,TXN-B-000530,SOURCE_A
TXN-A-000531-L1061,TXN-A-000531,PRD-0103,PC-ZEN0103,2000000010304,ZENITH Measuring Cup 10000 MAH,Measuring Cup 10000 MAH,1.71,7.51,12.84,TXN-B-000531,SOURCE_A
TXN-A-000532-L1063,TXN-A-000532,PRD-0057,PC-NEX0057,2000000005706,NEXUS Phone Case 1 L,Phone Case 1 L,1.36,31.73,43.15,TXN-B-000532,SOURCE_A
TXN-A-000533-L1065,TXN-A-000533,PRD-0118,PC-ZEN0118,2000000011806,ZENITH Peeler 750 ML,Peeler 750 ML,5.67,28.05,159.04,TXN-B-000533,SOURCE_A
TXN-A-000534-L1067,TXN-A-000534,PRD-0141,PC-NEX0141,2000000014104,NEXUS Eraser Pack 3 V,Eraser Pack 3 V,9.8,34.77,340.75,TXN-B-000534,SOURCE_A
TXN-A-000535-L1069,TXN-A-000535,PRD-0006,PC-NEX0006,2000000000602,NEXUS Glass Spray 9 V,Glass Spray 9 V,4.65,84.09,391.02,TXN-B-000535,SOURCE_A
TXN-A-000536-L1071,TXN-A-000536,PRD-0148,PC-ZEN0148,2000000014807,ZENITH Wrench Set 30 CM,Wrench Set 30 CM,3.27,116.97,382.49,TXN-B-000536,SOURCE_A
TXN-A-000537-L1073,TXN-A-000537,PRD-0014,PC-AUR0014,2000000001401,AURORA Fabric Softener 250 MG,Fabric Softener 250 MG,2.08,111.99,232.94,TXN-B-000537,SOURCE_A
TXN-A-000538-L1075,TXN-A-000538,PRD-0023,PC-AUR0023,2000000002309,AURORA Floor Polish 100 MG,Floor Polish 100 MG,2.07,52.05,107.74,TXN-B-000538,SOURCE_A
TXN-A-000539-L1077,TXN-A-000539,PRD-0110,PC-AUR0110,2000000011004,AURORA Storage Container 5 W,Storage Container 5 W,5.72,44.62,255.23,TXN-B-000539,SOURCE_A
TXN-A-000540-L1079,TXN-A-000540,PRD-0055,PC-ZEN0055,2000000005508,ZENITH Phone Case 250 MG,Phone Case 250 MG,9.36,52.62,492.52,TXN-B-000540,SOURCE_A
TXN-A-000541-L1081,TXN-A-000541,PRD-0138,PC-NEX0138,2000000013800,NEXUS Scissors 500 MG,Scissors 500 MG,5.86,96.35,564.61,TXN-B-000541,SOURCE_A
TXN-A-000542-L1083,TXN-A-000542,PRD-0018,PC-NEX0018,2000000001807,NEXUS Surface Wipes 500 MG,Surface Wipes 500 MG,1.69,39.31,66.43,TXN-B-000542,SOURCE_A
TXN-A-000543-L1085,TXN-A-000543,PRD-0132,PC-NEX0132,2000000013206,NEXUS Ruler Set 60 CM,Ruler Set 60 CM,6.71,20.73,139.1,TXN-B-000543,SOURCE_A
TXN-A-000544-L1087,TXN-A-000544,PRD-0134,PC-AUR0134,2000000013404,AURORA Glue Stick 9 V,Glue Stick 9 V,3.43,77.67,266.41,TXN-B-000544,SOURCE_A
TXN-A-000545-L1089,TXN-A-000545,PRD-0100,PC-ZEN0100,2000000010007,ZENITH Mixing Bowl Set 250 ML,Mixing Bowl Set 250 ML,9.37,63.15,591.72,TXN-B-000545,SOURCE_A
TXN-A-000546-L1091,TXN-A-000546,PRD-0069,PC-NEX0069,2000000006901,NEXUS HDMI Cable 1.5 L,HDMI Cable 1.5 L,6.67,45.41,302.88,TXN-B-000546,SOURCE_A
TXN-A-000547-L1093,TXN-A-000547,PRD-0029,PC-AUR0029,2000000002903,AURORA Highlighter Set 9 V,Highlighter Set 9 V,4.02,26.14,105.08,TXN-B-000547,SOURCE_A
TXN-A-000548-L1095,TXN-A-000548,PRD-0116,PC-AUR0116,2000000011608,AURORA Can Opener 500 MG,Can Opener 500 MG,1.39,80.59,112.02,TXN-B-000548,SOURCE_A
TXN-A-000549-L1097,TXN-A-000549,PRD-0127,PC-ZEN0127,2000000012704,ZENITH Colored Pencil Set 50 G,Colored Pencil Set 50 G,3.82,57.94,221.33,TXN-B-000549,SOURCE_A
TXN-A-000550-L1099,TXN-A-000550,PRD-0032,PC-AUR0032,2000000003207,AURORA Binder Clip Box 3 V,Binder Clip Box 3 V,2.41,78.97,190.32,TXN-B-000550,SOURCE_A
TXN-A-000551-L1101,TXN-A-000551,PRD-0024,PC-NEX0024,2000000002408,NEXUS Floor Polish 100 MG,Floor Polish 100 MG,6.08,75.71,460.32,TXN-B-000551,SOURCE_A
TXN-A-000552-L1103,TXN-A-000552,PRD-0026,PC-AUR0026,2000000002606,AURORA Ballpoint Pen 250 ML,Ballpoint Pen 250 ML,3.93,26.93,105.83,TXN-B-000552,SOURCE_A
TXN-A-000553-L1105,TXN-A-000553,PRD-0032,PC-AUR0032,2000000003207,AURORA Binder Clip Box 3 V,Binder Clip Box 3 V,2.08,78.97,164.26,TXN-B-000553,SOURCE_A
TXN-A-000554-L1107,TXN-A-000554,PRD-0120,PC-NEX0120,2000000012001,NEXUS Peeler 30 CM,Peeler 30 CM,9.59,95.85,919.2,TXN-B-000554,SOURCE_A
TXN-A-000555-L1109,TXN-A-000555,PRD-0032,PC-AUR0032,2000000003207,AURORA Binder Clip Box 3 V,Binder Clip Box 3 V,9.34,78.97,737.58,TXN-B-000555,SOURCE_A
TXN-A-000556-L1111,TXN-A-000556,PRD-0079,PC-ZEN0079,2000000007908,ZENITH Body Wash 200 G,Body Wash 200 G,1.58,74.3,117.39,TXN-B-000556,SOURCE_A
TXN-A-000557-L1113,TXN-A-000557,PRD-0042,PC-NEX0042,2000000004204,NEXUS File Folder Pack 500 G,File Folder Pack 500 G,7.17,68.11,488.35,TXN-B-000557,SOURCE_A
TXN-A-000558-L1115,TXN-A-000558,PRD-0103,PC-ZEN0103,2000000010304,ZENITH Measuring Cup 10000 MAH,Measuring Cup 10000 MAH,6.61,7.51,49.64,TXN-B-000558,SOURCE_A
TXN-A-000559-L1117,TXN-A-000559,PRD-0009,PC-NEX0009,2000000000909,NEXUS Dish Liquid 10 W,Dish Liquid 10 W,7.28,102.05,742.92,TXN-B-000559,SOURCE_A
TXN-A-000560-L1119,TXN-A-000560,PRD-0064,PC-ZEN0064,2000000006406,ZENITH Charging Dock 15 W,Charging Dock 15 W,7.14,60.18,429.69,TXN-B-000560,SOURCE_A
TXN-A-000561-L1121,TXN-A-000561,PRD-0092,PC-AUR0092,2000000009209,AURORA Hair Gel 100 MG,Hair Gel 100 MG,2.55,64.67,164.91,TXN-B-000561,SOURCE_A
TXN-A-000562-L1123,TXN-A-000562,PRD-0044,PC-AUR0044,2000000004402,AURORA Whiteboard Marker 12 IN,Whiteboard Marker 12 IN,1.92,38.93,74.75,TXN-B-000562,SOURCE_A
TXN-A-000563-L1125,TXN-A-000563,PRD-0005,PC-AUR0005,2000000000503,AURORA Glass Spray 500 G,Glass Spray 500 G,8.59,111.21,955.29,TXN-B-000563,SOURCE_A
TXN-A-000564-L1127,TXN-A-000564,PRD-0052,PC-ZEN0052,2000000005201,ZENITH Power Adapter 20 W,Power Adapter 20 W,9.11,45.35,413.14,TXN-B-000564,SOURCE_A
TXN-A-000565-L1129,TXN-A-000565,PRD-0074,PC-AUR0074,2000000007403,AURORA Hand Soap 1.5 V,Hand Soap 1.5 V,1.18,72.37,85.4,TXN-B-000565,SOURCE_A
TXN-A-000566-L1131,TXN-A-000566,PRD-0144,PC-NEX0144,2000000014401,NEXUS Marker Set 250 ML,Marker Set 250 ML,6.69,40.05,267.93,TXN-B-000566,SOURCE_A
TXN-A-000567-L1133,TXN-A-000567,PRD-0036,PC-NEX0036,2000000003603,NEXUS Stapler 1.5 L,Stapler 1.5 L,7.64,113.16,864.54,TXN-B-000567,SOURCE_A
TXN-A-000568-L1135,TXN-A-000568,PRD-0149,PC-AUR0149,2000000014906,AURORA Wrench Set 45 CM,Wrench Set 45 CM,5.3,29.28,155.18,TXN-B-000568,SOURCE_A
TXN-A-000569-L1137,TXN-A-000569,PRD-0025,PC-ZEN0025,2000000002507,ZENITH Ballpoint Pen 1 KG,Ballpoint Pen 1 KG,3.41,37.08,126.44,TXN-B-000569,SOURCE_A
TXN-A-000570-L1139,TXN-A-000570,PRD-0147,PC-NEX0147,2000000014708,NEXUS Screwdriver Set 100 MG,Screwdriver Set 100 MG,1.91,60.33,115.23,TXN-B-000570,SOURCE_A
TXN-A-000571-L1141,TXN-A-000571,PRD-0008,PC-AUR0008,2000000000800,AURORA Dish Liquid 10000 MAH,Dish Liquid 10000 MAH,7.2,111.86,805.39,TXN-B-000571,SOURCE_A
TXN-A-000572-L1143,TXN-A-000572,PRD-0149,PC-AUR0149,2000000014906,AURORA Wrench Set 45 CM,Wrench Set 45 CM,3.91,29.28,114.48,TXN-B-000572,SOURCE_A
TXN-A-000573-L1145,TXN-A-000573,PRD-0131,PC-AUR0131,2000000013107,AURORA Ruler Set 60 CM,Ruler Set 60 CM,9.28,15.08,139.94,TXN-B-000573,SOURCE_A
TXN-A-000574-L1147,TXN-A-000574,PRD-0053,PC-AUR0053,2000000005300,AURORA Power Adapter 1 L,Power Adapter 1 L,6.59,43.8,288.64,TXN-B-000574,SOURCE_A
TXN-A-000575-L1149,TXN-A-000575,PRD-0090,PC-NEX0090,2000000009001,NEXUS Face Cream 100 MG,Face Cream 100 MG,3.74,20.0,74.8,TXN-B-000575,SOURCE_A
TXN-A-000576-L1151,TXN-A-000576,PRD-0115,PC-ZEN0115,2000000011509,ZENITH Can Opener 2000 MAH,Can Opener 2000 MAH,9.69,64.41,624.13,TXN-B-000576,SOURCE_A
TXN-A-000577-L1153,TXN-A-000577,PRD-0113,PC-AUR0113,2000000011301,AURORA Kitchen Towel 20 W,Kitchen Towel 20 W,6.15,71.36,438.86,TXN-B-000577,SOURCE_A
TXN-A-000578-L1155,TXN-A-000578,PRD-0077,PC-AUR0077,2000000007700,AURORA Shampoo 1 KG,Shampoo 1 KG,7.79,106.6,830.41,TXN-B-000578,SOURCE_A
TXN-A-000579-L1157,TXN-A-000579,PRD-0014,PC-AUR0014,2000000001401,AURORA Fabric Softener 250 MG,Fabric Softener 250 MG,7.55,111.99,845.52,TXN-B-000579,SOURCE_A
TXN-A-000580-L1159,TXN-A-000580,PRD-0097,PC-ZEN0097,2000000009704,ZENITH Cutting Board 5 W,Cutting Board 5 W,3.94,15.99,63.0,TXN-B-000580,SOURCE_A
TXN-A-000581-L1161,TXN-A-000581,PRD-0118,PC-ZEN0118,2000000011806,ZENITH Peeler 750 ML,Peeler 750 ML,6.36,28.05,178.4,TXN-B-000581,SOURCE_A
TXN-A-000582-L1163,TXN-A-000582,PRD-0061,PC-ZEN0061,2000000006109,ZENITH Battery Pack 200 G,Battery Pack 200 G,2.29,64.09,146.77,TXN-B-000582,SOURCE_A
TXN-A-000583-L1165,TXN-A-000583,PRD-0011,PC-AUR0011,2000000001104,AURORA Laundry Detergent 2000 MAH,Laundry Detergent 2000 MAH,1.84,97.97,180.26,TXN-B-000583,SOURCE_A
TXN-A-000584-L1167,TXN-A-000584,PRD-0104,PC-AUR0104,2000000010403,AURORA Measuring Cup 10000 MAH,Measuring Cup 10000 MAH,2.37,68.42,162.16,TXN-B-000584,SOURCE_A
TXN-A-000585-L1169,TXN-A-000585,PRD-0134,PC-AUR0134,2000000013404,AURORA Glue Stick 9 V,Glue Stick 9 V,6.64,77.67,515.73,TXN-B-000585,SOURCE_A
TXN-A-000586-L1171,TXN-A-000586,PRD-0073,PC-ZEN0073,2000000007304,ZENITH Hand Soap 250 MG,Hand Soap 250 MG,2.3,22.6,51.98,TXN-B-000586,SOURCE_A
TXN-A-000587-L1173,TXN-A-000587,PRD-0045,PC-NEX0045,2000000004501,NEXUS Whiteboard Marker 45 CM,Whiteboard Marker 45 CM,4.36,29.55,128.84,TXN-B-000587,SOURCE_A
TXN-A-000588-L1175,TXN-A-000588,PRD-0072,PC-NEX0072,2000000007205,NEXUS Mouse Pad 100 G,Mouse Pad 100 G,1.49,43.98,65.53,TXN-B-000588,SOURCE_A
TXN-A-000589-L1177,TXN-A-000589,PRD-0068,PC-AUR0068,2000000006802,AURORA HDMI Cable 10000 MAH,HDMI Cable 10000 MAH,3.68,38.83,142.89,TXN-B-000589,SOURCE_A
TXN-A-000590-L1179,TXN-A-000590,PRD-0035,PC-AUR0035,2000000003504,AURORA Stapler 10 W,Stapler 10 W,1.88,17.34,32.6,TXN-B-000590,SOURCE_A
TXN-A-000591-L1181,TXN-A-000591,PRD-0123,PC-NEX0123,2000000012308,NEXUS Notebook 3 V,Notebook 3 V,5.74,15.38,88.28,TXN-B-000591,SOURCE_A
TXN-A-000592-L1183,TXN-A-000592,PRD-0134,PC-AUR0134,2000000013404,AURORA Glue Stick 9 V,Glue Stick 9 V,1.08,77.67,83.88,TXN-B-000592,SOURCE_A
TXN-A-000593-L1185,TXN-A-000593,PRD-0147,PC-NEX0147,2000000014708,NEXUS Screwdriver Set 100 MG,Screwdriver Set 100 MG,3.56,60.33,214.77,TXN-B-000593,SOURCE_A
TXN-A-000594-L1187,TXN-A-000594,PRD-0136,PC-ZEN0136,2000000013602,ZENITH Scissors 3 V,Scissors 3 V,2.69,71.22,191.58,TXN-B-000594,SOURCE_A
TXN-A-000595-L1189,TXN-A-000595,PRD-0136,PC-ZEN0136,2000000013602,ZENITH Scissors 3 V,Scissors 3 V,2.22,71.22,158.11,TXN-B-000595,SOURCE_A
TXN-A-000596-L1191,TXN-A-000596,PRD-0058,PC-ZEN0058,2000000005805,ZENITH Screen Protector 3 V,Screen Protector 3 V,1.4,72.97,102.16,TXN-B-000596,SOURCE_A
TXN-A-000597-L1193,TXN-A-000597,PRD-0077,PC-AUR0077,2000000007700,AURORA Shampoo 1 KG,Shampoo 1 KG,1.51,106.6,160.97,TXN-B-000597,SOURCE_A
TXN-A-000598-L1195,TXN-A-000598,PRD-0073,PC-ZEN0073,2000000007304,ZENITH Hand Soap 250 MG,Hand Soap 250 MG,3.17,22.6,71.64,TXN-B-000598,SOURCE_A
TXN-A-000599-L1197,TXN-A-000599,PRD-0103,PC-ZEN0103,2000000010304,ZENITH Measuring Cup 10000 MAH,Measuring Cup 10000 MAH,7.99,7.51,60.0,TXN-B-000599,SOURCE_A
TXN-A-000600-L1199,TXN-A-000600,PRD-0137,PC-AUR0137,2000000013701,AURORA Scissors 100 MG,Scissors 100 MG,8.96,94.03,842.51,TXN-B-000600,SOURCE_A
TXN-A-000601-L1201,TXN-A-000601,PRD-0032,PC-AUR0032,2000000003207,AURORA Binder Clip Box 3 V,Binder Clip Box 3 V,4.21,78.97,332.46,TXN-B-000601,SOURCE_A
TXN-A-000602-L1203,TXN-A-000602,PRD-0108,PC-NEX0108,2000000010809,NEXUS Spatula Set 500 MG,Spatula Set 500 MG,3.98,103.62,412.41,TXN-B-000602,SOURCE_A
TXN-A-000603-L1205,TXN-A-000603,PRD-0050,PC-AUR0050,2000000005003,AURORA USB Cable 10000 MAH,USB Cable 10000 MAH,7.62,3.09,23.55,TXN-B-000603,SOURCE_A
TXN-A-000604-L1207,TXN-A-000604,PRD-0110,PC-AUR0110,2000000011004,AURORA Storage Container 5 W,Storage Container 5 W,9.52,44.62,424.78,TXN-B-000604,SOURCE_A
TXN-A-000605-L1209,TXN-A-000605,PRD-0092,PC-AUR0092,2000000009209,AURORA Hair Gel 100 MG,Hair Gel 100 MG,2.45,64.67,158.44,TXN-B-000605,SOURCE_A
TXN-A-000606-L1211,TXN-A-000606,PRD-0010,PC-ZEN0010,2000000001005,ZENITH Laundry Detergent 1.5 V,Laundry Detergent 1.5 V,8.91,25.3,225.42,TXN-B-000606,SOURCE_A
TXN-A-000607-L1213,TXN-A-000607,PRD-0016,PC-ZEN0016,2000000001609,ZENITH Surface Wipes 60 CM,Surface Wipes 60 CM,3.78,58.14,219.77,TXN-B-000607,SOURCE_A
TXN-A-000608-L1215,TXN-A-000608,PRD-0130,PC-ZEN0130,2000000013008,ZENITH Ruler Set 45 CM,Ruler Set 45 CM,5.74,90.87,521.59,TXN-B-000608,SOURCE_A
TXN-A-000609-L1217,TXN-A-000609,PRD-0037,PC-ZEN0037,2000000003702,ZENITH Desk Organizer 5 W,Desk Organizer 5 W,6.55,11.53,75.52,TXN-B-000609,SOURCE_A
TXN-A-000610-L1219,TXN-A-000610,PRD-0105,PC-NEX0105,2000000010502,NEXUS Measuring Cup 100 G,Measuring Cup 100 G,3.2,109.25,349.6,TXN-B-000610,SOURCE_A
TXN-A-000611-L1221,TXN-A-000611,PRD-0003,PC-NEX0003,2000000000305,NEXUS All Purpose Cleaner 250 ML,All Purpose Cleaner 250 ML,5.64,116.68,658.08,TXN-B-000611,SOURCE_A
TXN-A-000612-L1223,TXN-A-000612,PRD-0150,PC-NEX0150,2000000015002,NEXUS Wrench Set 9 V,Wrench Set 9 V,7.18,89.01,639.09,TXN-B-000612,SOURCE_A
TXN-A-000613-L1225,TXN-A-000613,PRD-0068,PC-AUR0068,2000000006802,AURORA HDMI Cable 10000 MAH,HDMI Cable 10000 MAH,9.19,38.83,356.85,TXN-B-000613,SOURCE_A
TXN-A-000614-L1227,TXN-A-000614,PRD-0065,PC-AUR0065,2000000006505,AURORA Charging Dock 3 V,Charging Dock 3 V,6.94,17.05,118.33,TXN-B-000614,SOURCE_A
TXN-A-000615-L1229,TXN-A-000615,PRD-0046,PC-ZEN0046,2000000004600,ZENITH Tape Dispenser 250 ML,Tape Dispenser 250 ML,5.83,27.78,161.96,TXN-B-000615,SOURCE_A
TXN-A-000616-L1231,TXN-A-000616,PRD-0067,PC-ZEN0067,2000000006703,ZENITH HDMI Cable 1 KG,HDMI Cable 1 KG,9.4,57.46,540.12,TXN-B-000616,SOURCE_A
TXN-A-000617-L1233,TXN-A-000617,PRD-0067,PC-ZEN0067,2000000006703,ZENITH HDMI Cable 1 KG,HDMI Cable 1 KG,3.52,57.46,202.26,TXN-B-000617,SOURCE_A
TXN-A-000618-L1235,TXN-A-000618,PRD-0017,PC-AUR0017,2000000001708,AURORA Surface Wipes 9 V,Surface Wipes 9 V,3.78,80.73,305.16,TXN-B-000618,SOURCE_A
TXN-A-000619-L1237,TXN-A-000619,PRD-0128,PC-AUR0128,2000000012803,AURORA Colored Pencil Set 5 W,Colored Pencil Set 5 W,1.57,24.7,38.78,TXN-B-000619,SOURCE_A
TXN-A-000620-L1239,TXN-A-000620,PRD-0013,PC-ZEN0013,2000000001302,ZENITH Fabric Softener 1 L,Fabric Softener 1 L,2.34,9.65,22.58,TXN-B-000620,SOURCE_A
TXN-A-000621-L1241,TXN-A-000621,PRD-0142,PC-ZEN0142,2000000014203,ZENITH Marker Set 750 ML,Marker Set 750 ML,5.26,33.77,177.63,TXN-B-000621,SOURCE_A
TXN-A-000622-L1243,TXN-A-000622,PRD-0066,PC-NEX0066,2000000006604,NEXUS Charging Dock 5000 MAH,Charging Dock 5000 MAH,8.39,55.19,463.04,TXN-B-000622,SOURCE_A
TXN-A-000623-L1245,TXN-A-000623,PRD-0077,PC-AUR0077,2000000007700,AURORA Shampoo 1 KG,Shampoo 1 KG,9.81,106.6,1045.75,TXN-B-000623,SOURCE_A
TXN-A-000624-L1247,TXN-A-000624,PRD-0137,PC-AUR0137,2000000013701,AURORA Scissors 100 MG,Scissors 100 MG,5.99,94.03,563.24,TXN-B-000624,SOURCE_A
TXN-A-000625-L1249,TXN-A-000625,PRD-0085,PC-ZEN0085,2000000008509,ZENITH Deodorant 200 G,Deodorant 200 G,9.72,86.39,839.71,TXN-B-000625,SOURCE_A
TXN-A-000626-L1251,TXN-A-000626,PRD-0121,PC-ZEN0121,2000000012100,ZENITH Notebook 1 L,Notebook 1 L,3.0,21.42,64.26,TXN-B-000626,SOURCE_A
TXN-A-000627-L1253,TXN-A-000627,PRD-0098,PC-AUR0098,2000000009803,AURORA Cutting Board 10 IN,Cutting Board 10 IN,3.32,17.09,56.74,TXN-B-000627,SOURCE_A
TXN-A-000628-L1255,TXN-A-000628,PRD-0112,PC-ZEN0112,2000000011202,ZENITH Kitchen Towel 30 CM,Kitchen Towel 30 CM,8.55,100.54,859.62,TXN-B-000628,SOURCE_A
TXN-A-000629-L1257,TXN-A-000629,PRD-0048,PC-NEX0048,2000000004808,NEXUS Tape Dispenser 3 V,Tape Dispenser 3 V,3.62,64.25,232.59,TXN-B-000629,SOURCE_A
TXN-A-000630-L1259,TXN-A-000630,PRD-0062,PC-AUR0062,2000000006208,AURORA Battery Pack 2000 MAH,Battery Pack 2000 MAH,5.98,70.05,418.9,TXN-B-000630,SOURCE_A
TXN-A-000631-L1261,TXN-A-000631,PRD-0060,PC-NEX0060,2000000006000,NEXUS Screen Protector 10 IN,Screen Protector 10 IN,2.69,85.32,229.51,TXN-B-000631,SOURCE_A
TXN-A-000632-L1263,TXN-A-000632,PRD-0141,PC-NEX0141,2000000014104,NEXUS Eraser Pack 3 V,Eraser Pack 3 V,5.19,34.77,180.46,TXN-B-000632,SOURCE_A
TXN-A-000633-L1265,TXN-A-000633,PRD-0015,PC-NEX0015,2000000001500,NEXUS Fabric Softener 200 G,Fabric Softener 200 G,6.0,47.38,284.28,TXN-B-000633,SOURCE_A
TXN-A-000634-L1267,TXN-A-000634,PRD-0047,PC-AUR0047,2000000004709,AURORA Tape Dispenser 45 CM,Tape Dispenser 45 CM,6.05,2.08,12.58,TXN-B-000634,SOURCE_A
TXN-A-000635-L1269,TXN-A-000635,PRD-0009,PC-NEX0009,2000000000909,NEXUS Dish Liquid 10 W,Dish Liquid 10 W,3.74,102.05,381.67,TXN-B-000635,SOURCE_A
TXN-A-000636-L1271,TXN-A-000636,PRD-0051,PC-NEX0051,2000000005102,NEXUS USB Cable 500 MG,USB Cable 500 MG,1.48,94.26,139.5,TXN-B-000636,SOURCE_A
TXN-A-000637-L1273,TXN-A-000637,PRD-0058,PC-ZEN0058,2000000005805,ZENITH Screen Protector 3 V,Screen Protector 3 V,8.38,72.97,611.49,TXN-B-000637,SOURCE_A
TXN-A-000638-L1275,TXN-A-000638,PRD-0014,PC-AUR0014,2000000001401,AURORA Fabric Softener 250 MG,Fabric Softener 250 MG,2.32,111.99,259.82,TXN-B-000638,SOURCE_A
TXN-A-000639-L1277,TXN-A-000639,PRD-0124,PC-ZEN0124,2000000012407,ZENITH Sketch Pad 500 MG,Sketch Pad 500 MG,5.19,47.5,246.53,TXN-B-000639,SOURCE_A
TXN-A-000640-L1279,TXN-A-000640,PRD-0123,PC-NEX0123,2000000012308,NEXUS Notebook 3 V,Notebook 3 V,3.67,15.38,56.44,TXN-B-000640,SOURCE_A
TXN-A-000641-L1281,TXN-A-000641,PRD-0121,PC-ZEN0121,2000000012100,ZENITH Notebook 1 L,Notebook 1 L,5.17,21.42,110.74,TXN-B-000641,SOURCE_A
TXN-A-000642-L1283,TXN-A-000642,PRD-0032,PC-AUR0032,2000000003207,AURORA Binder Clip Box 3 V,Binder Clip Box 3 V,9.09,78.97,717.84,TXN-B-000642,SOURCE_A
TXN-A-000643-L1285,TXN-A-000643,PRD-0025,PC-ZEN0025,2000000002507,ZENITH Ballpoint Pen 1 KG,Ballpoint Pen 1 KG,6.23,37.08,231.01,TXN-B-000643,SOURCE_A
TXN-A-000644-L1287,TXN-A-000644,PRD-0082,PC-ZEN0082,2000000008202,ZENITH Toothpaste 500 MG,Toothpaste 500 MG,9.31,92.36,859.87,TXN-B-000644,SOURCE_A
TXN-A-000645-L1289,TXN-A-000645,PRD-0063,PC-NEX0063,2000000006307,NEXUS Battery Pack 10 W,Battery Pack 10 W,9.93,96.31,956.36,TXN-B-000645,SOURCE_A
TXN-A-000646-L1291,TXN-A-000646,PRD-0028,PC-ZEN0028,2000000002804,ZENITH Highlighter Set 500 ML,Highlighter Set 500 ML,3.75,113.36,425.1,TXN-B-000646,SOURCE_A
TXN-A-000647-L1293,TXN-A-000647,PRD-0073,PC-ZEN0073,2000000007304,ZENITH Hand Soap 250 MG,Hand Soap 250 MG,3.8,22.6,85.88,TXN-B-000647,SOURCE_A
TXN-A-000648-L1295,TXN-A-000648,PRD-0105,PC-NEX0105,2000000010502,NEXUS Measuring Cup 100 G,Measuring Cup 100 G,9.18,109.25,1002.91,TXN-B-000648,SOURCE_A
TXN-A-000649-L1297,TXN-A-000649,PRD-0006,PC-NEX0006,2000000000602,NEXUS Glass Spray 9 V,Glass Spray 9 V,5.55,84.09,466.7,TXN-B-000649,SOURCE_A
TXN-A-000650-L1299,TXN-A-000650,PRD-0148,PC-ZEN0148,2000000014807,ZENITH Wrench Set 30 CM,Wrench Set 30 CM,8.7,116.97,1017.64,TXN-B-000650,SOURCE_A
TXN-A-000651-L1301,TXN-A-000651,PRD-0129,PC-NEX0129,2000000012902,NEXUS Colored Pencil Set 750 ML,Colored Pencil Set 750 ML,5.81,94.86,551.14,TXN-B-000651,SOURCE_A
TXN-A-000652-L1303,TXN-A-000652,PRD-0033,PC-NEX0033,2000000003306,NEXUS Binder Clip Box 45 CM,Binder Clip Box 45 CM,1.77,21.96,38.87,TXN-B-000652,SOURCE_A
TXN-A-000653-L1305,TXN-A-000653,PRD-0036,PC-NEX0036,2000000003603,NEXUS Stapler 1.5 L,Stapler 1.5 L,6.04,113.16,683.49,TXN-B-000653,SOURCE_A
TXN-A-000654-L1307,TXN-A-000654,PRD-0130,PC-ZEN0130,2000000013008,ZENITH Ruler Set 45 CM,Ruler Set 45 CM,9.29,90.87,844.18,TXN-B-000654,SOURCE_A
TXN-A-000655-L1309,TXN-A-000655,PRD-0063,PC-NEX0063,2000000006307,NEXUS Battery Pack 10 W,Battery Pack 10 W,3.18,96.31,306.27,TXN-B-000655,SOURCE_A
TXN-A-000656-L1311,TXN-A-000656,PRD-0078,PC-NEX0078,2000000007809,NEXUS Shampoo 500 ML,Shampoo 500 ML,2.72,118.47,322.24,TXN-B-000656,SOURCE_A
TXN-A-000657-L1313,TXN-A-000657,PRD-0055,PC-ZEN0055,2000000005508,ZENITH Phone Case 250 MG,Phone Case 250 MG,4.87,52.62,256.26,TXN-B-000657,SOURCE_A
TXN-A-000658-L1315,TXN-A-000658,PRD-0009,PC-NEX0009,2000000000909,NEXUS Dish Liquid 10 W,Dish Liquid 10 W,4.13,102.05,421.47,TXN-B-000658,SOURCE_A
TXN-A-000659-L1317,TXN-A-000659,PRD-0101,PC-AUR0101,2000000010106,AURORA Mixing Bowl Set 100 MG,Mixing Bowl Set 100 MG,8.83,113.58,1002.91,TXN-B-000659,SOURCE_A
TXN-A-000660-L1319,TXN-A-000660,PRD-0084,PC-NEX0084,2000000008400,NEXUS Toothpaste 15 W,Toothpaste 15 W,5.29,33.06,174.89,TXN-B-000660,SOURCE_A
TXN-A-000661-L1321,TXN-A-000661,PRD-0060,PC-NEX0060,2000000006000,NEXUS Screen Protector 10 IN,Screen Protector 10 IN,9.41,85.32,802.86,TXN-B-000661,SOURCE_A
TXN-A-000662-L1323,TXN-A-000662,PRD-0096,PC-NEX0096,2000000009605,NEXUS Lotion 1 KG,Lotion 1 KG,9.07,25.67,232.83,TXN-B-000662,SOURCE_A
TXN-A-000663-L1325,TXN-A-000663,PRD-0064,PC-ZEN0064,2000000006406,ZENITH Charging Dock 15 W,Charging Dock 15 W,10.0,60.18,601.8,TXN-B-000663,SOURCE_A
TXN-A-000664-L1327,TXN-A-000664,PRD-0015,PC-NEX0015,2000000001500,NEXUS Fabric Softener 200 G,Fabric Softener 200 G,4.46,47.38,211.31,TXN-B-000664,SOURCE_A
TXN-A-000665-L1329,TXN-A-000665,PRD-0127,PC-ZEN0127,2000000012704,ZENITH Colored Pencil Set 50 G,Colored Pencil Set 50 G,1.46,57.94,84.59,TXN-B-000665,SOURCE_A
TXN-A-000666-L1331,TXN-A-000666,PRD-0118,PC-ZEN0118,2000000011806,ZENITH Peeler 750 ML,Peeler 750 ML,2.68,28.05,75.17,TXN-B-000666,SOURCE_A
TXN-A-000667-L1333,TXN-A-000667,PRD-0072,PC-NEX0072,2000000007205,NEXUS Mouse Pad 100 G,Mouse Pad 100 G,1.26,43.98,55.41,TXN-B-000667,SOURCE_A
TXN-A-000668-L1335,TXN-A-000668,PRD-0123,PC-NEX0123,2000000012308,NEXUS Notebook 3 V,Notebook 3 V,3.13,15.38,48.14,TXN-B-000668,SOURCE_A
TXN-A-000669-L1337,TXN-A-000669,PRD-0097,PC-ZEN0097,2000000009704,ZENITH Cutting Board 5 W,Cutting Board 5 W,6.42,15.99,102.66,TXN-B-000669,SOURCE_A
TXN-A-000670-L1339,TXN-A-000670,PRD-0080,PC-AUR0080,2000000008004,AURORA Body Wash 500 MG,Body Wash 500 MG,9.07,11.65,105.67,TXN-B-000670,SOURCE_A
TXN-A-000671-L1341,TXN-A-000671,PRD-0144,PC-NEX0144,2000000014401,NEXUS Marker Set 250 ML,Marker Set 250 ML,5.04,40.05,201.85,TXN-B-000671,SOURCE_A
TXN-A-000672-L1343,TXN-A-000672,PRD-0018,PC-NEX0018,2000000001807,NEXUS Surface Wipes 500 MG,Surface Wipes 500 MG,1.39,39.31,54.64,TXN-B-000672,SOURCE_A
TXN-A-000673-L1345,TXN-A-000673,PRD-0025,PC-ZEN0025,2000000002507,ZENITH Ballpoint Pen 1 KG,Ballpoint Pen 1 KG,3.52,37.08,130.52,TXN-B-000673,SOURCE_A
TXN-A-000674-L1347,TXN-A-000674,PRD-0132,PC-NEX0132,2000000013206,NEXUS Ruler Set 60 CM,Ruler Set 60 CM,9.68,20.73,200.67,TXN-B-000674,SOURCE_A
TXN-A-000675-L1349,TXN-A-000675,PRD-0029,PC-AUR0029,2000000002903,AURORA Highlighter Set 9 V,Highlighter Set 9 V,1.72,26.14,44.96,TXN-B-000675,SOURCE_A
TXN-A-000676-L1351,TXN-A-000676,PRD-0079,PC-ZEN0079,2000000007908,ZENITH Body Wash 200 G,Body Wash 200 G,8.8,74.3,653.84,TXN-B-000676,SOURCE_A
TXN-A-000677-L1353,TXN-A-000677,PRD-0010,PC-ZEN0010,2000000001005,ZENITH Laundry Detergent 1.5 V,Laundry Detergent 1.5 V,7.9,25.3,199.87,TXN-B-000677,SOURCE_A
TXN-A-000678-L1355,TXN-A-000678,PRD-0023,PC-AUR0023,2000000002309,AURORA Floor Polish 100 MG,Floor Polish 100 MG,7.95,52.05,413.8,TXN-B-000678,SOURCE_A
TXN-A-000679-L1357,TXN-A-000679,PRD-0087,PC-NEX0087,2000000008707,NEXUS Deodorant 9 V,Deodorant 9 V,5.36,116.64,625.19,TXN-B-000679,SOURCE_A
TXN-A-000680-L1359,TXN-A-000680,PRD-0114,PC-NEX0114,2000000011400,NEXUS Kitchen Towel 10 W,Kitchen Towel 10 W,3.33,24.94,83.05,TXN-B-000680,SOURCE_A
TXN-A-000681-L1361,TXN-A-000681,PRD-0139,PC-ZEN0139,2000000013909,ZENITH Eraser Pack 500 G,Eraser Pack 500 G,6.41,45.39,290.95,TXN-B-000681,SOURCE_A
TXN-A-000682-L1363,TXN-A-000682,PRD-0022,PC-ZEN0022,2000000002200,ZENITH Floor Polish 2000 MAH,Floor Polish 2000 MAH,9.88,5.92,58.49,TXN-B-000682,SOURCE_A
TXN-A-000683-L1365,TXN-A-000683,PRD-0037,PC-ZEN0037,2000000003702,ZENITH Desk Organizer 5 W,Desk Organizer 5 W,6.99,11.53,80.59,TXN-B-000683,SOURCE_A
TXN-A-000684-L1367,TXN-A-000684,PRD-0010,PC-ZEN0010,2000000001005,ZENITH Laundry Detergent 1.5 V,Laundry Detergent 1.5 V,1.24,25.3,31.37,TXN-B-000684,SOURCE_A
TXN-A-000685-L1369,TXN-A-000685,PRD-0027,PC-NEX0027,2000000002705,NEXUS Ballpoint Pen 500 ML,Ballpoint Pen 500 ML,3.76,49.53,186.23,TXN-B-000685,SOURCE_A
TXN-A-000686-L1371,TXN-A-000686,PRD-0027,PC-NEX0027,2000000002705,NEXUS Ballpoint Pen 500 ML,Ballpoint Pen 500 ML,7.79,49.53,385.84,TXN-B-000686,SOURCE_A
TXN-A-000687-L1373,TXN-A-000687,PRD-0138,PC-NEX0138,2000000013800,NEXUS Scissors 500 MG,Scissors 500 MG,1.82,96.35,175.36,TXN-B-000687,SOURCE_A
TXN-A-000688-L1375,TXN-A-000688,PRD-0065,PC-AUR0065,2000000006505,AURORA Charging Dock 3 V,Charging Dock 3 V,7.76,17.05,132.31,TXN-B-000688,SOURCE_A
TXN-A-000689-L1377,TXN-A-000689,PRD-0149,PC-AUR0149,2000000014906,AURORA Wrench Set 45 CM,Wrench Set 45 CM,1.25,29.28,36.6,TXN-B-000689,SOURCE_A
TXN-A-000690-L1379,TXN-A-000690,PRD-0108,PC-NEX0108,2000000010809,NEXUS Spatula Set 500 MG,Spatula Set 500 MG,2.15,103.62,222.78,TXN-B-000690,SOURCE_A
TXN-A-000691-L1381,TXN-A-000691,PRD-0012,PC-NEX0012,2000000001203,NEXUS Laundry Detergent 3 V,Laundry Detergent 3 V,2.2,22.27,48.99,TXN-B-000691,SOURCE_A
TXN-A-000692-L1383,TXN-A-000692,PRD-0019,PC-ZEN0019,2000000001906,ZENITH Air Freshener 45 CM,Air Freshener 45 CM,1.71,38.75,66.26,TXN-B-000692,SOURCE_A
TXN-A-000693-L1385,TXN-A-000693,PRD-0023,PC-AUR0023,2000000002309,AURORA Floor Polish 100 MG,Floor Polish 100 MG,6.61,52.05,344.05,TXN-B-000693,SOURCE_A
TXN-A-000694-L1387,TXN-A-000694,PRD-0108,PC-NEX0108,2000000010809,NEXUS Spatula Set 500 MG,Spatula Set 500 MG,3.48,103.62,360.6,TXN-B-000694,SOURCE_A
TXN-A-000695-L1389,TXN-A-000695,PRD-0129,PC-NEX0129,2000000012902,NEXUS Colored Pencil Set 750 ML,Colored Pencil Set 750 ML,6.26,94.86,593.82,TXN-B-000695,SOURCE_A
TXN-A-000696-L1391,TXN-A-000696,PRD-0026,PC-AUR0026,2000000002606,AURORA Ballpoint Pen 250 ML,Ballpoint Pen 250 ML,3.09,26.93,83.21,TXN-B-000696,SOURCE_A
TXN-A-000697-L1393,TXN-A-000697,PRD-0056,PC-AUR0056,2000000005607,AURORA Phone Case 20 W,Phone Case 20 W,8.03,16.68,133.94,TXN-B-000697,SOURCE_A
TXN-A-000698-L1395,TXN-A-000698,PRD-0131,PC-AUR0131,2000000013107,AURORA Ruler Set 60 CM,Ruler Set 60 CM,5.9,15.08,88.97,TXN-B-000698,SOURCE_A
TXN-A-000699-L1397,TXN-A-000699,PRD-0065,PC-AUR0065,2000000006505,AURORA Charging Dock 3 V,Charging Dock 3 V,7.5,17.05,127.88,TXN-B-000699,SOURCE_A
TXN-A-000700-L1399,TXN-A-000700,PRD-0088,PC-ZEN0088,2000000008806,ZENITH Face Cream 30 CM,Face Cream 30 CM,6.43,2.66,17.1,TXN-B-000700,SOURCE_A
TXN-A-000701-L1401,TXN-A-000701,PRD-0111,PC-NEX0111,2000000011103,NEXUS Storage Container 500 G,Storage Container 500 G,5.35,61.14,327.1,TXN-B-000701,SOURCE_A
TXN-A-000702-L1403,TXN-A-000702,PRD-0150,PC-NEX0150,2000000015002,NEXUS Wrench Set 9 V,Wrench Set 9 V,7.62,89.01,678.26,TXN-B-000702,SOURCE_A
TXN-A-000703-L1405,TXN-A-000703,PRD-0060,PC-NEX0060,2000000006000,NEXUS Screen Protector 10 IN,Screen Protector 10 IN,4.32,85.32,368.58,TXN-B-000703,SOURCE_A
TXN-A-000704-L1407,TXN-A-000704,PRD-0143,PC-AUR0143,2000000014302,AURORA Marker Set 10 IN,Marker Set 10 IN,3.49,13.47,47.01,TXN-B-000704,SOURCE_A
TXN-A-000705-L1409,TXN-A-000705,PRD-0148,PC-ZEN0148,2000000014807,ZENITH Wrench Set 30 CM,Wrench Set 30 CM,3.63,116.97,424.6,TXN-B-000705,SOURCE_A
TXN-A-000706-L1411,TXN-A-000706,PRD-0122,PC-AUR0122,2000000012209,AURORA Notebook 5000 MAH,Notebook 5000 MAH,2.47,31.9,78.79,TXN-B-000706,SOURCE_A
TXN-A-000707-L1413,TXN-A-000707,PRD-0024,PC-NEX0024,2000000002408,NEXUS Floor Polish 100 MG,Floor Polish 100 MG,5.0,75.71,378.55,TXN-B-000707,SOURCE_A
TXN-A-000708-L1415,TXN-A-000708,PRD-0131,PC-AUR0131,2000000013107,AURORA Ruler Set 60 CM,Ruler Set 60 CM,8.7,15.08,131.2,TXN-B-000708,SOURCE_A
TXN-A-000709-L1417,TXN-A-000709,PRD-0038,PC-AUR0038,2000000003801,AURORA Desk Organizer 2000 MAH,Desk Organizer 2000 MAH,7.16,28.05,200.84,TXN-B-000709,SOURCE_A
TXN-A-000710-L1419,TXN-A-000710,PRD-0116,PC-AUR0116,2000000011608,AURORA Can Opener 500 MG,Can Opener 500 MG,7.19,80.59,579.44,TXN-B-000710,SOURCE_A
TXN-A-000711-L1421,TXN-A-000711,PRD-0081,PC-NEX0081,2000000008103,NEXUS Body Wash 500 G,Body Wash 500 G,9.67,56.38,545.19,TXN-B-000711,SOURCE_A
TXN-A-000712-L1423,TXN-A-000712,PRD-0120,PC-NEX0120,2000000012001,NEXUS Peeler 30 CM,Peeler 30 CM,5.57,95.85,533.88,TXN-B-000712,SOURCE_A
TXN-A-000713-L1425,TXN-A-000713,PRD-0084,PC-NEX0084,2000000008400,NEXUS Toothpaste 15 W,Toothpaste 15 W,9.6,33.06,317.38,TXN-B-000713,SOURCE_A
TXN-A-000714-L1427,TXN-A-000714,PRD-0034,PC-ZEN0034,2000000003405,ZENITH Stapler 100 MG,Stapler 100 MG,3.37,79.94,269.4,TXN-B-000714,SOURCE_A
TXN-A-000715-L1429,TXN-A-000715,PRD-0052,PC-ZEN0052,2000000005201,ZENITH Power Adapter 20 W,Power Adapter 20 W,8.76,45.35,397.27,TXN-B-000715,SOURCE_A
TXN-A-000716-L1431,TXN-A-000716,PRD-0032,PC-AUR0032,2000000003207,AURORA Binder Clip Box 3 V,Binder Clip Box 3 V,6.15,78.97,485.67,TXN-B-000716,SOURCE_A
TXN-A-000717-L1433,TXN-A-000717,PRD-0038,PC-AUR0038,2000000003801,AURORA Desk Organizer 2000 MAH,Desk Organizer 2000 MAH,1.08,28.05,30.29,TXN-B-000717,SOURCE_A
TXN-A-000718-L1435,TXN-A-000718,PRD-0014,PC-AUR0014,2000000001401,AURORA Fabric Softener 250 MG,Fabric Softener 250 MG,8.92,111.99,998.95,TXN-B-000718,SOURCE_A
TXN-A-000719-L1437,TXN-A-000719,PRD-0055,PC-ZEN0055,2000000005508,ZENITH Phone Case 250 MG,Phone Case 250 MG,1.78,52.62,93.66,TXN-B-000719,SOURCE_A
TXN-A-000720-L1439,TXN-A-000720,PRD-0127,PC-ZEN0127,2000000012704,ZENITH Colored Pencil Set 50 G,Colored Pencil Set 50 G,9.8,57.94,567.81,TXN-B-000720,SOURCE_A
TXN-A-000721-L1441,TXN-A-000721,PRD-0023,PC-AUR0023,2000000002309,AURORA Floor Polish 100 MG,Floor Polish 100 MG,6.38,52.05,332.08,TXN-B-000721,SOURCE_A
TXN-A-000722-L1443,TXN-A-000722,PRD-0015,PC-NEX0015,2000000001500,NEXUS Fabric Softener 200 G,Fabric Softener 200 G,7.74,47.38,366.72,TXN-B-000722,SOURCE_A
TXN-A-000723-L1445,TXN-A-000723,PRD-0022,PC-ZEN0022,2000000002200,ZENITH Floor Polish 2000 MAH,Floor Polish 2000 MAH,4.4,5.92,26.05,TXN-B-000723,SOURCE_A
TXN-A-000724-L1447,TXN-A-000724,PRD-0010,PC-ZEN0010,2000000001005,ZENITH Laundry Detergent 1.5 V,Laundry Detergent 1.5 V,6.05,25.3,153.06,TXN-B-000724,SOURCE_A
TXN-A-000725-L1449,TXN-A-000725,PRD-0075,PC-NEX0075,2000000007502,NEXUS Hand Soap 10000 MAH,Hand Soap 10000 MAH,6.19,69.45,429.9,TXN-B-000725,SOURCE_A
TXN-A-000726-L1451,TXN-A-000726,PRD-0027,PC-NEX0027,2000000002705,NEXUS Ballpoint Pen 500 ML,Ballpoint Pen 500 ML,8.0,49.53,396.24,TXN-B-000726,SOURCE_A
TXN-A-000727-L1453,TXN-A-000727,PRD-0116,PC-AUR0116,2000000011608,AURORA Can Opener 500 MG,Can Opener 500 MG,1.77,80.59,142.64,TXN-B-000727,SOURCE_A
TXN-A-000728-L1455,TXN-A-000728,PRD-0098,PC-AUR0098,2000000009803,AURORA Cutting Board 10 IN,Cutting Board 10 IN,5.46,17.09,93.31,TXN-B-000728,SOURCE_A
TXN-A-000729-L1457,TXN-A-000729,PRD-0079,PC-ZEN0079,2000000007908,ZENITH Body Wash 200 G,Body Wash 200 G,2.07,74.3,153.8,TXN-B-000729,SOURCE_A
TXN-A-000730-L1459,TXN-A-000730,PRD-0020,PC-AUR0020,2000000002002,AURORA Air Freshener 200 G,Air Freshener 200 G,3.08,104.22,321.0,TXN-B-000730,SOURCE_A
TXN-A-000731-L1461,TXN-A-000731,PRD-0026,PC-AUR0026,2000000002606,AURORA Ballpoint Pen 250 ML,Ballpoint Pen 250 ML,5.46,26.93,147.04,TXN-B-000731,SOURCE_A
TXN-A-000732-L1463,TXN-A-000732,PRD-0105,PC-NEX0105,2000000010502,NEXUS Measuring Cup 100 G,Measuring Cup 100 G,6.5,109.25,710.12,TXN-B-000732,SOURCE_A
TXN-A-000733-L1465,TXN-A-000733,PRD-0094,PC-ZEN0094,2000000009407,ZENITH Lotion 10000 MAH,Lotion 10000 MAH,2.41,9.96,24.0,TXN-B-000733,SOURCE_A
TXN-A-000734-L1467,TXN-A-000734,PRD-0095,PC-AUR0095,2000000009506,AURORA Lotion 1 KG,Lotion 1 KG,5.42,117.25,635.5,TXN-B-000734,SOURCE_A
TXN-A-000735-L1469,TXN-A-000735,PRD-0078,PC-NEX0078,2000000007809,NEXUS Shampoo 500 ML,Shampoo 500 ML,5.66,118.47,670.54,TXN-B-000735,SOURCE_A
TXN-A-000736-L1471,TXN-A-000736,PRD-0099,PC-NEX0099,2000000009902,NEXUS Cutting Board 500 ML,Cutting Board 500 ML,6.39,112.85,721.11,TXN-B-000736,SOURCE_A
TXN-A-000737-L1473,TXN-A-000737,PRD-0067,PC-ZEN0067,2000000006703,ZENITH HDMI Cable 1 KG,HDMI Cable 1 KG,6.6,57.46,379.24,TXN-B-000737,SOURCE_A
TXN-A-000738-L1475,TXN-A-000738,PRD-0136,PC-ZEN0136,2000000013602,ZENITH Scissors 3 V,Scissors 3 V,7.8,71.22,555.52,TXN-B-000738,SOURCE_A
TXN-A-000739-L1477,TXN-A-000739,PRD-0003,PC-NEX0003,2000000000305,NEXUS All Purpose Cleaner 250 ML,All Purpose Cleaner 250 ML,2.52,116.68,294.03,TXN-B-000739,SOURCE_A
TXN-A-000740-L1479,TXN-A-000740,PRD-0149,PC-AUR0149,2000000014906,AURORA Wrench Set 45 CM,Wrench Set 45 CM,4.14,29.28,121.22,TXN-B-000740,SOURCE_A
TXN-A-000741-L1481,TXN-A-000741,PRD-0047,PC-AUR0047,2000000004709,AURORA Tape Dispenser 45 CM,Tape Dispenser 45 CM,2.35,2.08,4.89,TXN-B-000741,SOURCE_A
TXN-A-000742-L1483,TXN-A-000742,PRD-0068,PC-AUR0068,2000000006802,AURORA HDMI Cable 10000 MAH,HDMI Cable 10000 MAH,4.83,38.83,187.55,TXN-B-000742,SOURCE_A
TXN-A-000743-L1485,TXN-A-000743,PRD-0121,PC-ZEN0121,2000000012100,ZENITH Notebook 1 L,Notebook 1 L,8.24,21.42,176.5,TXN-B-000743,SOURCE_A
TXN-A-000744-L1487,TXN-A-000744,PRD-0137,PC-AUR0137,2000000013701,AURORA Scissors 100 MG,Scissors 100 MG,2.63,94.03,247.3,TXN-B-000744,SOURCE_A
TXN-A-000745-L1489,TXN-A-000745,PRD-0002,PC-AUR0002,2000000000206,AURORA All Purpose Cleaner 30 CM,All Purpose Cleaner 30 CM,8.71,44.72,389.51,TXN-B-000745,SOURCE_A
TXN-A-000746-L1491,TXN-A-000746,PRD-0086,PC-AUR0086,2000000008608,AURORA Deodorant 500 G,Deodorant 500 G,4.81,52.31,251.61,TXN-B-000746,SOURCE_A
TXN-A-000747-L1493,TXN-A-000747,PRD-0103,PC-ZEN0103,2000000010304,ZENITH Measuring Cup 10000 MAH,Measuring Cup 10000 MAH,8.16,7.51,61.28,TXN-B-000747,SOURCE_A
TXN-A-000748-L1495,TXN-A-000748,PRD-0023,PC-AUR0023,2000000002309,AURORA Floor Polish 100 MG,Floor Polish 100 MG,8.42,52.05,438.26,TXN-B-000748,SOURCE_A
TXN-A-000749-L1497,TXN-A-000749,PRD-0020,PC-AUR0020,2000000002002,AURORA Air Freshener 200 G,Air Freshener 200 G,3.49,104.22,363.73,TXN-B-000749,SOURCE_A
TXN-A-000750-L1499,TXN-A-000750,PRD-0012,PC-NEX0012,2000000001203,NEXUS Laundry Detergent 3 V,Laundry Detergent 3 V,7.08,22.27,157.67,TXN-B-000750,SOURCE_A
TXN-A-000751-L1501,TXN-A-000751,PRD-0042,PC-NEX0042,2000000004204,NEXUS File Folder Pack 500 G,File Folder Pack 500 G,3.0,68.11,204.33,TXN-B-000751,SOURCE_A
TXN-A-000752-L1503,TXN-A-000752,PRD-0028,PC-ZEN0028,2000000002804,ZENITH Highlighter Set 500 ML,Highlighter Set 500 ML,3.21,113.36,363.89,TXN-B-000752,SOURCE_A
TXN-A-000753-L1505,TXN-A-000753,PRD-0057,PC-NEX0057,2000000005706,NEXUS Phone Case 1 L,Phone Case 1 L,6.72,31.73,213.23,TXN-B-000753,SOURCE_A
TXN-A-000754-L1507,TXN-A-000754,PRD-0028,PC-ZEN0028,2000000002804,ZENITH Highlighter Set 500 ML,Highlighter Set 500 ML,6.37,113.36,722.1,TXN-B-000754,SOURCE_A
TXN-A-000755-L1509,TXN-A-000755,PRD-0065,PC-AUR0065,2000000006505,AURORA Charging Dock 3 V,Charging Dock 3 V,8.47,17.05,144.41,TXN-B-000755,SOURCE_A
TXN-A-000756-L1511,TXN-A-000756,PRD-0106,PC-ZEN0106,2000000010601,ZENITH Spatula Set 1 KG,Spatula Set 1 KG,5.1,23.7,120.87,TXN-B-000756,SOURCE_A
TXN-A-000757-L1513,TXN-A-000757,PRD-0030,PC-NEX0030,2000000003009,NEXUS Highlighter Set 12 IN,Highlighter Set 12 IN,2.5,69.53,173.82,TXN-B-000757,SOURCE_A
TXN-A-000758-L1515,TXN-A-000758,PRD-0116,PC-AUR0116,2000000011608,AURORA Can Opener 500 MG,Can Opener 500 MG,2.08,80.59,167.63,TXN-B-000758,SOURCE_A
TXN-A-000759-L1517,TXN-A-000759,PRD-0074,PC-AUR0074,2000000007403,AURORA Hand Soap 1.5 V,Hand Soap 1.5 V,1.08,72.37,78.16,TXN-B-000759,SOURCE_A
TXN-A-000760-L1519,TXN-A-000760,PRD-0081,PC-NEX0081,2000000008103,NEXUS Body Wash 500 G,Body Wash 500 G,5.2,56.38,293.18,TXN-B-000760,SOURCE_A
TXN-A-000761-L1521,TXN-A-000761,PRD-0138,PC-NEX0138,2000000013800,NEXUS Scissors 500 MG,Scissors 500 MG,4.29,96.35,413.34,TXN-B-000761,SOURCE_A
TXN-A-000762-L1523,TXN-A-000762,PRD-0118,PC-ZEN0118,2000000011806,ZENITH Peeler 750 ML,Peeler 750 ML,6.84,28.05,191.86,TXN-B-000762,SOURCE_A
TXN-A-000763-L1525,TXN-A-000763,PRD-0134,PC-AUR0134,2000000013404,AURORA Glue Stick 9 V,Glue Stick 9 V,5.19,77.67,403.11,TXN-B-000763,SOURCE_A
TXN-A-000764-L1527,TXN-A-000764,PRD-0047,PC-AUR0047,2000000004709,AURORA Tape Dispenser 45 CM,Tape Dispenser 45 CM,5.56,2.08,11.56,TXN-B-000764,SOURCE_A
TXN-A-000765-L1529,TXN-A-000765,PRD-0080,PC-AUR0080,2000000008004,AURORA Body Wash 500 MG,Body Wash 500 MG,3.86,11.65,44.97,TXN-B-000765,SOURCE_A
TXN-A-000766-L1531,TXN-A-000766,PRD-0023,PC-AUR0023,2000000002309,AURORA Floor Polish 100 MG,Floor Polish 100 MG,1.81,52.05,94.21,TXN-B-000766,SOURCE_A
TXN-A-000767-L1533,TXN-A-000767,PRD-0097,PC-ZEN0097,2000000009704,ZENITH Cutting Board 5 W,Cutting Board 5 W,9.69,15.99,154.94,TXN-B-000767,SOURCE_A
TXN-A-000768-L1535,TXN-A-000768,PRD-0098,PC-AUR0098,2000000009803,AURORA Cutting Board 10 IN,Cutting Board 10 IN,9.2,17.09,157.23,TXN-B-000768,SOURCE_A
TXN-A-000769-L1537,TXN-A-000769,PRD-0034,PC-ZEN0034,2000000003405,ZENITH Stapler 100 MG,Stapler 100 MG,2.03,79.94,162.28,TXN-B-000769,SOURCE_A
TXN-A-000770-L1539,TXN-A-000770,PRD-0116,PC-AUR0116,2000000011608,AURORA Can Opener 500 MG,Can Opener 500 MG,3.7,80.59,298.18,TXN-B-000770,SOURCE_A
TXN-A-000771-L1541,TXN-A-000771,PRD-0037,PC-ZEN0037,2000000003702,ZENITH Desk Organizer 5 W,Desk Organizer 5 W,5.08,11.53,58.57,TXN-B-000771,SOURCE_A
TXN-A-000772-L1543,TXN-A-000772,PRD-0021,PC-NEX0021,2000000002101,NEXUS Air Freshener 30 CM,Air Freshener 30 CM,9.92,13.9,137.89,TXN-B-000772,SOURCE_A
TXN-A-000773-L1545,TXN-A-000773,PRD-0130,PC-ZEN0130,2000000013008,ZENITH Ruler Set 45 CM,Ruler Set 45 CM,9.71,90.87,882.35,TXN-B-000773,SOURCE_A
TXN-A-000774-L1547,TXN-A-000774,PRD-0118,PC-ZEN0118,2000000011806,ZENITH Peeler 750 ML,Peeler 750 ML,3.87,28.05,108.55,TXN-B-000774,SOURCE_A
TXN-A-000775-L1549,TXN-A-000775,PRD-0116,PC-AUR0116,2000000011608,AURORA Can Opener 500 MG,Can Opener 500 MG,8.87,80.59,714.83,TXN-B-000775,SOURCE_A
TXN-A-000776-L1551,TXN-A-000776,PRD-0111,PC-NEX0111,2000000011103,NEXUS Storage Container 500 G,Storage Container 500 G,4.05,61.14,247.62,TXN-B-000776,SOURCE_A
TXN-A-000777-L1553,TXN-A-000777,PRD-0111,PC-NEX0111,2000000011103,NEXUS Storage Container 500 G,Storage Container 500 G,6.41,61.14,391.91,TXN-B-000777,SOURCE_A
TXN-A-000778-L1555,TXN-A-000778,PRD-0138,PC-NEX0138,2000000013800,NEXUS Scissors 500 MG,Scissors 500 MG,9.42,96.35,907.62,TXN-B-000778,SOURCE_A
TXN-A-000779-L1557,TXN-A-000779,PRD-0114,PC-NEX0114,2000000011400,NEXUS Kitchen Towel 10 W,Kitchen Towel 10 W,1.4,24.94,34.92,TXN-B-000779,SOURCE_A
TXN-A-000780-L1559,TXN-A-000780,PRD-0011,PC-AUR0011,2000000001104,AURORA Laundry Detergent 2000 MAH,Laundry Detergent 2000 MAH,5.92,97.97,579.98,TXN-B-000780,SOURCE_A
TXN-A-000781-L1561,TXN-A-000781,PRD-0026,PC-AUR0026,2000000002606,AURORA Ballpoint Pen 250 ML,Ballpoint Pen 250 ML,2.29,26.93,61.67,TXN-B-000781,SOURCE_A
TXN-A-000782-L1563,TXN-A-000782,PRD-0089,PC-AUR0089,2000000008905,AURORA Face Cream 500 ML,Face Cream 500 ML,1.31,50.06,65.58,TXN-B-000782,SOURCE_A
TXN-A-000783-L1565,TXN-A-000783,PRD-0138,PC-NEX0138,2000000013800,NEXUS Scissors 500 MG,Scissors 500 MG,3.39,96.35,326.63,TXN-B-000783,SOURCE_A
TXN-A-000784-L1567,TXN-A-000784,PRD-0118,PC-ZEN0118,2000000011806,ZENITH Peeler 750 ML,Peeler 750 ML,4.52,28.05,126.79,TXN-B-000784,SOURCE_A
TXN-A-000785-L1569,TXN-A-000785,PRD-0064,PC-ZEN0064,2000000006406,ZENITH Charging Dock 15 W,Charging Dock 15 W,3.32,60.18,199.8,TXN-B-000785,SOURCE_A
TXN-A-000786-L1571,TXN-A-000786,PRD-0001,PC-ZEN0001,2000000000107,ZENITH All Purpose Cleaner 10 IN,All Purpose Cleaner 10 IN,7.99,34.59,276.37,TXN-B-000786,SOURCE_A
TXN-A-000787-L1573,TXN-A-000787,PRD-0027,PC-NEX0027,2000000002705,NEXUS Ballpoint Pen 500 ML,Ballpoint Pen 500 ML,2.81,49.53,139.18,TXN-B-000787,SOURCE_A
TXN-A-000788-L1575,TXN-A-000788,PRD-0052,PC-ZEN0052,2000000005201,ZENITH Power Adapter 20 W,Power Adapter 20 W,8.02,45.35,363.71,TXN-B-000788,SOURCE_A
TXN-A-000789-L1577,TXN-A-000789,PRD-0026,PC-AUR0026,2000000002606,AURORA Ballpoint Pen 250 ML,Ballpoint Pen 250 ML,4.17,26.93,112.3,TXN-B-000789,SOURCE_A
TXN-A-000790-L1579,TXN-A-000790,PRD-0080,PC-AUR0080,2000000008004,AURORA Body Wash 500 MG,Body Wash 500 MG,9.38,11.65,109.28,TXN-B-000790,SOURCE_A
TXN-A-000791-L1581,TXN-A-000791,PRD-0092,PC-AUR0092,2000000009209,AURORA Hair Gel 100 MG,Hair Gel 100 MG,1.76,64.67,113.82,TXN-B-000791,SOURCE_A
TXN-A-000792-L1583,TXN-A-000792,PRD-0094,PC-ZEN0094,2000000009407,ZENITH Lotion 10000 MAH,Lotion 10000 MAH,2.07,9.96,20.62,TXN-B-000792,SOURCE_A
TXN-A-000793-L1585,TXN-A-000793,PRD-0062,PC-AUR0062,2000000006208,AURORA Battery Pack 2000 MAH,Battery Pack 2000 MAH,6.72,70.05,470.74,TXN-B-000793,SOURCE_A
TXN-A-000794-L1587,TXN-A-000794,PRD-0043,PC-ZEN0043,2000000004303,ZENITH Whiteboard Marker 20 W,Whiteboard Marker 20 W,3.46,56.59,195.8,TXN-B-000794,SOURCE_A
TXN-A-000795-L1589,TXN-A-000795,PRD-0098,PC-AUR0098,2000000009803,AURORA Cutting Board 10 IN,Cutting Board 10 IN,5.18,17.09,88.53,TXN-B-000795,SOURCE_A
TXN-A-000796-L1591,TXN-A-000796,PRD-0003,PC-NEX0003,2000000000305,NEXUS All Purpose Cleaner 250 ML,All Purpose Cleaner 250 ML,1.15,116.68,134.18,TXN-B-000796,SOURCE_A
TXN-A-000797-L1593,TXN-A-000797,PRD-0099,PC-NEX0099,2000000009902,NEXUS Cutting Board 500 ML,Cutting Board 500 ML,8.76,112.85,988.57,TXN-B-000797,SOURCE_A
TXN-A-000798-L1595,TXN-A-000798,PRD-0003,PC-NEX0003,2000000000305,NEXUS All Purpose Cleaner 250 ML,All Purpose Cleaner 250 ML,7.82,116.68,912.44,TXN-B-000798,SOURCE_A
TXN-A-000799-L1597,TXN-A-000799,PRD-0037,PC-ZEN0037,2000000003702,ZENITH Desk Organizer 5 W,Desk Organizer 5 W,1.48,11.53,17.06,TXN-B-000799,SOURCE_A
TXN-A-000800-L1599,TXN-A-000800,PRD-0011,PC-AUR0011,2000000001104,AURORA Laundry Detergent 2000 MAH,Laundry Detergent 2000 MAH,2.53,97.97,247.86,TXN-B-000800,SOURCE_A
TXN-A-000801-L1601,TXN-A-000801,PRD-0078,PC-NEX0078,2000000007809,NEXUS Shampoo 500 ML,Shampoo 500 ML,8.02,118.47,950.13,TXN-B-000801,SOURCE_A
TXN-A-000802-L1603,TXN-A-000802,PRD-0096,PC-NEX0096,2000000009605,NEXUS Lotion 1 KG,Lotion 1 KG,7.49,25.67,192.27,TXN-B-000802,SOURCE_A
TXN-A-000803-L1605,TXN-A-000803,PRD-0114,PC-NEX0114,2000000011400,NEXUS Kitchen Towel 10 W,Kitchen Towel 10 W,3.75,24.94,93.53,TXN-B-000803,SOURCE_A
TXN-A-000804-L1607,TXN-A-000804,PRD-0104,PC-AUR0104,2000000010403,AURORA Measuring Cup 10000 MAH,Measuring Cup 10000 MAH,5.37,68.42,367.42,TXN-B-000804,SOURCE_A
TXN-A-000805-L1609,TXN-A-000805,PRD-0132,PC-NEX0132,2000000013206,NEXUS Ruler Set 60 CM,Ruler Set 60 CM,9.87,20.73,204.61,TXN-B-000805,SOURCE_A
TXN-A-000806-L1611,TXN-A-000806,PRD-0043,PC-ZEN0043,2000000004303,ZENITH Whiteboard Marker 20 W,Whiteboard Marker 20 W,1.48,56.59,83.75,TXN-B-000806,SOURCE_A
TXN-A-000807-L1613,TXN-A-000807,PRD-0001,PC-ZEN0001,2000000000107,ZENITH All Purpose Cleaner 10 IN,All Purpose Cleaner 10 IN,5.03,34.59,173.99,TXN-B-000807,SOURCE_A
TXN-A-000808-L1615,TXN-A-000808,PRD-0094,PC-ZEN0094,2000000009407,ZENITH Lotion 10000 MAH,Lotion 10000 MAH,4.4,9.96,43.82,TXN-B-000808,SOURCE_A
TXN-A-000809-L1617,TXN-A-000809,PRD-0053,PC-AUR0053,2000000005300,AURORA Power Adapter 1 L,Power Adapter 1 L,2.93,43.8,128.33,TXN-B-000809,SOURCE_A
TXN-A-000810-L1619,TXN-A-000810,PRD-0025,PC-ZEN0025,2000000002507,ZENITH Ballpoint Pen 1 KG,Ballpoint Pen 1 KG,9.74,37.08,361.16,TXN-B-000810,SOURCE_A
TXN-A-000811-L1621,TXN-A-000811,PRD-0103,PC-ZEN0103,2000000010304,ZENITH Measuring Cup 10000 MAH,Measuring Cup 10000 MAH,8.41,7.51,63.16,TXN-B-000811,SOURCE_A
TXN-A-000812-L1623,TXN-A-000812,PRD-0021,PC-NEX0021,2000000002101,NEXUS Air Freshener 30 CM,Air Freshener 30 CM,8.58,13.9,119.26,TXN-B-000812,SOURCE_A
TXN-A-000813-L1625,TXN-A-000813,PRD-0111,PC-NEX0111,2000000011103,NEXUS Storage Container 500 G,Storage Container 500 G,9.81,61.14,599.78,TXN-B-000813,SOURCE_A
TXN-A-000814-L1627,TXN-A-000814,PRD-0074,PC-AUR0074,2000000007403,AURORA Hand Soap 1.5 V,Hand Soap 1.5 V,6.21,72.37,449.42,TXN-B-000814,SOURCE_A
TXN-A-000815-L1629,TXN-A-000815,PRD-0119,PC-AUR0119,2000000011905,AURORA Peeler 100 MG,Peeler 100 MG,2.8,13.3,37.24,TXN-B-000815,SOURCE_A
TXN-A-000816-L1631,TXN-A-000816,PRD-0100,PC-ZEN0100,2000000010007,ZENITH Mixing Bowl Set 250 ML,Mixing Bowl Set 250 ML,1.94,63.15,122.51,TXN-B-000816,SOURCE_A
TXN-A-000817-L1633,TXN-A-000817,PRD-0026,PC-AUR0026,2000000002606,AURORA Ballpoint Pen 250 ML,Ballpoint Pen 250 ML,4.3,26.93,115.8,TXN-B-000817,SOURCE_A
TXN-A-000818-L1635,TXN-A-000818,PRD-0118,PC-ZEN0118,2000000011806,ZENITH Peeler 750 ML,Peeler 750 ML,6.65,28.05,186.53,TXN-B-000818,SOURCE_A
TXN-A-000819-L1637,TXN-A-000819,PRD-0117,PC-NEX0117,2000000011707,NEXUS Can Opener 5 W,Can Opener 5 W,1.89,60.46,114.27,TXN-B-000819,SOURCE_A
TXN-A-000820-L1639,TXN-A-000820,PRD-0058,PC-ZEN0058,2000000005805,ZENITH Screen Protector 3 V,Screen Protector 3 V,6.53,72.97,476.49,TXN-B-000820,SOURCE_A
TXN-A-000821-L1641,TXN-A-000821,PRD-0149,PC-AUR0149,2000000014906,AURORA Wrench Set 45 CM,Wrench Set 45 CM,8.86,29.28,259.42,TXN-B-000821,SOURCE_A
TXN-A-000822-L1643,TXN-A-000822,PRD-0062,PC-AUR0062,2000000006208,AURORA Battery Pack 2000 MAH,Battery Pack 2000 MAH,5.49,70.05,384.57,TXN-B-000822,SOURCE_A
TXN-A-000823-L1645,TXN-A-000823,PRD-0142,PC-ZEN0142,2000000014203,ZENITH Marker Set 750 ML,Marker Set 750 ML,3.22,33.77,108.74,TXN-B-000823,SOURCE_A
TXN-A-000824-L1647,TXN-A-000824,PRD-0024,PC-NEX0024,2000000002408,NEXUS Floor Polish 100 MG,Floor Polish 100 MG,5.77,75.71,436.85,TXN-B-000824,SOURCE_A
TXN-A-000825-L1649,TXN-A-000825,PRD-0131,PC-AUR0131,2000000013107,AURORA Ruler Set 60 CM,Ruler Set 60 CM,7.49,15.08,112.95,TXN-B-000825,SOURCE_A
TXN-A-000826-L1651,TXN-A-000826,PRD-0083,PC-AUR0083,2000000008301,AURORA Toothpaste 3 V,Toothpaste 3 V,3.41,47.14,160.75,TXN-B-000826,SOURCE_A
TXN-A-000827-L1653,TXN-A-000827,PRD-0055,PC-ZEN0055,2000000005508,ZENITH Phone Case 250 MG,Phone Case 250 MG,6.75,52.62,355.19,TXN-B-000827,SOURCE_A
TXN-A-000828-L1655,TXN-A-000828,PRD-0137,PC-AUR0137,2000000013701,AURORA Scissors 100 MG,Scissors 100 MG,8.87,94.03,834.05,TXN-B-000828,SOURCE_A
TXN-A-000829-L1657,TXN-A-000829,PRD-0142,PC-ZEN0142,2000000014203,ZENITH Marker Set 750 ML,Marker Set 750 ML,7.71,33.77,260.37,TXN-B-000829,SOURCE_A
TXN-A-000830-L1659,TXN-A-000830,PRD-0002,PC-AUR0002,2000000000206,AURORA All Purpose Cleaner 30 CM,All Purpose Cleaner 30 CM,4.94,44.72,220.92,TXN-B-000830,SOURCE_A
TXN-A-000831-L1661,TXN-A-000831,PRD-0024,PC-NEX0024,2000000002408,NEXUS Floor Polish 100 MG,Floor Polish 100 MG,1.08,75.71,81.77,TXN-B-000831,SOURCE_A
TXN-A-000832-L1663,TXN-A-000832,PRD-0048,PC-NEX0048,2000000004808,NEXUS Tape Dispenser 3 V,Tape Dispenser 3 V,6.86,64.25,440.75,TXN-B-000832,SOURCE_A
TXN-A-000833-L1665,TXN-A-000833,PRD-0089,PC-AUR0089,2000000008905,AURORA Face Cream 500 ML,Face Cream 500 ML,9.23,50.06,462.05,TXN-B-000833,SOURCE_A
TXN-A-000834-L1667,TXN-A-000834,PRD-0064,PC-ZEN0064,2000000006406,ZENITH Charging Dock 15 W,Charging Dock 15 W,3.19,60.18,191.97,TXN-B-000834,SOURCE_A
TXN-A-000835-L1669,TXN-A-000835,PRD-0095,PC-AUR0095,2000000009506,AURORA Lotion 1 KG,Lotion 1 KG,9.01,117.25,1056.42,TXN-B-000835,SOURCE_A
TXN-A-000836-L1671,TXN-A-000836,PRD-0074,PC-AUR0074,2000000007403,AURORA Hand Soap 1.5 V,Hand Soap 1.5 V,2.76,72.37,199.74,TXN-B-000836,SOURCE_A
TXN-A-000837-L1673,TXN-A-000837,PRD-0055,PC-ZEN0055,2000000005508,ZENITH Phone Case 250 MG,Phone Case 250 MG,4.71,52.62,247.84,TXN-B-000837,SOURCE_A
TXN-A-000838-L1675,TXN-A-000838,PRD-0141,PC-NEX0141,2000000014104,NEXUS Eraser Pack 3 V,Eraser Pack 3 V,9.71,34.77,337.62,TXN-B-000838,SOURCE_A
TXN-A-000839-L1677,TXN-A-000839,PRD-0148,PC-ZEN0148,2000000014807,ZENITH Wrench Set 30 CM,Wrench Set 30 CM,1.61,116.97,188.32,TXN-B-000839,SOURCE_A
TXN-A-000840-L1679,TXN-A-000840,PRD-0040,PC-ZEN0040,2000000004006,ZENITH File Folder Pack 750 ML,File Folder Pack 750 ML,6.18,112.35,694.32,TXN-B-000840,SOURCE_A
TXN-A-000841-L1681,TXN-A-000841,PRD-0145,PC-ZEN0145,2000000014500,ZENITH Screwdriver Set 10 W,Screwdriver Set 10 W,1.63,31.94,52.06,TXN-B-000841,SOURCE_A
TXN-A-000842-L1683,TXN-A-000842,PRD-0076,PC-ZEN0076,2000000007601,ZENITH Shampoo 200 G,Shampoo 200 G,6.55,12.26,80.3,TXN-B-000842,SOURCE_A
TXN-A-000843-L1685,TXN-A-000843,PRD-0120,PC-NEX0120,2000000012001,NEXUS Peeler 30 CM,Peeler 30 CM,5.49,95.85,526.22,TXN-B-000843,SOURCE_A
TXN-A-000844-L1687,TXN-A-000844,PRD-0120,PC-NEX0120,2000000012001,NEXUS Peeler 30 CM,Peeler 30 CM,2.95,95.85,282.76,TXN-B-000844,SOURCE_A
TXN-A-000845-L1689,TXN-A-000845,PRD-0135,PC-NEX0135,2000000013503,NEXUS Glue Stick 5000 MAH,Glue Stick 5000 MAH,1.14,27.9,31.81,TXN-B-000845,SOURCE_A
TXN-A-000846-L1691,TXN-A-000846,PRD-0021,PC-NEX0021,2000000002101,NEXUS Air Freshener 30 CM,Air Freshener 30 CM,3.38,13.9,46.98,TXN-B-000846,SOURCE_A
TXN-A-000847-L1693,TXN-A-000847,PRD-0065,PC-AUR0065,2000000006505,AURORA Charging Dock 3 V,Charging Dock 3 V,2.16,17.05,36.83,TXN-B-000847,SOURCE_A
TXN-A-000848-L1695,TXN-A-000848,PRD-0047,PC-AUR0047,2000000004709,AURORA Tape Dispenser 45 CM,Tape Dispenser 45 CM,2.87,2.08,5.97,TXN-B-000848,SOURCE_A
TXN-A-000849-L1697,TXN-A-000849,PRD-0096,PC-NEX0096,2000000009605,NEXUS Lotion 1 KG,Lotion 1 KG,4.61,25.67,118.34,TXN-B-000849,SOURCE_A
TXN-A-000850-L1699,TXN-A-000850,PRD-0079,PC-ZEN0079,2000000007908,ZENITH Body Wash 200 G,Body Wash 200 G,5.94,74.3,441.34,TXN-B-000850,SOURCE_A
TXN-A-000851-L1701,TXN-A-000851,PRD-0090,PC-NEX0090,2000000009001,NEXUS Face Cream 100 MG,Face Cream 100 MG,3.73,20.0,74.6,TXN-B-000851,SOURCE_A
TXN-A-000852-L1703,TXN-A-000852,PRD-0097,PC-ZEN0097,2000000009704,ZENITH Cutting Board 5 W,Cutting Board 5 W,4.44,15.99,71.0,TXN-B-000852,SOURCE_A
TXN-A-000853-L1705,TXN-A-000853,PRD-0111,PC-NEX0111,2000000011103,NEXUS Storage Container 500 G,Storage Container 500 G,9.97,61.14,609.57,TXN-B-000853,SOURCE_A
TXN-A-000854-L1707,TXN-A-000854,PRD-0044,PC-AUR0044,2000000004402,AURORA Whiteboard Marker 12 IN,Whiteboard Marker 12 IN,7.84,38.93,305.21,TXN-B-000854,SOURCE_A
TXN-A-000855-L1709,TXN-A-000855,PRD-0123,PC-NEX0123,2000000012308,NEXUS Notebook 3 V,Notebook 3 V,4.71,15.38,72.44,TXN-B-000855,SOURCE_A
TXN-A-000856-L1711,TXN-A-000856,PRD-0088,PC-ZEN0088,2000000008806,ZENITH Face Cream 30 CM,Face Cream 30 CM,3.99,2.66,10.61,TXN-B-000856,SOURCE_A
TXN-A-000857-L1713,TXN-A-000857,PRD-0072,PC-NEX0072,2000000007205,NEXUS Mouse Pad 100 G,Mouse Pad 100 G,1.41,43.98,62.01,TXN-B-000857,SOURCE_A
TXN-A-000858-L1715,TXN-A-000858,PRD-0108,PC-NEX0108,2000000010809,NEXUS Spatula Set 500 MG,Spatula Set 500 MG,9.97,103.62,1033.09,TXN-B-000858,SOURCE_A
TXN-A-000859-L1717,TXN-A-000859,PRD-0077,PC-AUR0077,2000000007700,AURORA Shampoo 1 KG,Shampoo 1 KG,9.32,106.6,993.51,TXN-B-000859,SOURCE_A
TXN-A-000860-L1719,TXN-A-000860,PRD-0140,PC-AUR0140,2000000014005,AURORA Eraser Pack 2000 MAH,Eraser Pack 2000 MAH,5.85,111.85,654.32,TXN-B-000860,SOURCE_A
TXN-A-000861-L1721,TXN-A-000861,PRD-0024,PC-NEX0024,2000000002408,NEXUS Floor Polish 100 MG,Floor Polish 100 MG,3.53,75.71,267.26,TXN-B-000861,SOURCE_A
TXN-A-000862-L1723,TXN-A-000862,PRD-0059,PC-AUR0059,2000000005904,AURORA Screen Protector 45 CM,Screen Protector 45 CM,2.32,61.8,143.38,TXN-B-000862,SOURCE_A
TXN-A-000863-L1725,TXN-A-000863,PRD-0085,PC-ZEN0085,2000000008509,ZENITH Deodorant 200 G,Deodorant 200 G,1.51,86.39,130.45,TXN-B-000863,SOURCE_A
TXN-A-000864-L1727,TXN-A-000864,PRD-0090,PC-NEX0090,2000000009001,NEXUS Face Cream 100 MG,Face Cream 100 MG,9.69,20.0,193.8,TXN-B-000864,SOURCE_A
TXN-A-000865-L1729,TXN-A-000865,PRD-0029,PC-AUR0029,2000000002903,AURORA Highlighter Set 9 V,Highlighter Set 9 V,5.56,26.14,145.34,TXN-B-000865,SOURCE_A
TXN-A-000866-L1731,TXN-A-000866,PRD-0126,PC-NEX0126,2000000012605,NEXUS Sketch Pad 250 ML,Sketch Pad 250 ML,9.14,82.01,749.57,TXN-B-000866,SOURCE_A
TXN-A-000867-L1733,TXN-A-000867,PRD-0016,PC-ZEN0016,2000000001609,ZENITH Surface Wipes 60 CM,Surface Wipes 60 CM,6.92,58.14,402.33,TXN-B-000867,SOURCE_A
TXN-A-000868-L1735,TXN-A-000868,PRD-0054,PC-NEX0054,2000000005409,NEXUS Power Adapter 500 ML,Power Adapter 500 ML,9.78,16.51,161.47,TXN-B-000868,SOURCE_A
TXN-A-000869-L1737,TXN-A-000869,PRD-0106,PC-ZEN0106,2000000010601,ZENITH Spatula Set 1 KG,Spatula Set 1 KG,4.44,23.7,105.23,TXN-B-000869,SOURCE_A
TXN-A-000870-L1739,TXN-A-000870,PRD-0025,PC-ZEN0025,2000000002507,ZENITH Ballpoint Pen 1 KG,Ballpoint Pen 1 KG,8.79,37.08,325.93,TXN-B-000870,SOURCE_A
TXN-A-000871-L1741,TXN-A-000871,PRD-0057,PC-NEX0057,2000000005706,NEXUS Phone Case 1 L,Phone Case 1 L,1.52,31.73,48.23,TXN-B-000871,SOURCE_A
TXN-A-000872-L1743,TXN-A-000872,PRD-0066,PC-NEX0066,2000000006604,NEXUS Charging Dock 5000 MAH,Charging Dock 5000 MAH,9.79,55.19,540.31,TXN-B-000872,SOURCE_A
TXN-A-000873-L1745,TXN-A-000873,PRD-0126,PC-NEX0126,2000000012605,NEXUS Sketch Pad 250 ML,Sketch Pad 250 ML,7.88,82.01,646.24,TXN-B-000873,SOURCE_A
TXN-A-000874-L1747,TXN-A-000874,PRD-0048,PC-NEX0048,2000000004808,NEXUS Tape Dispenser 3 V,Tape Dispenser 3 V,2.1,64.25,134.93,TXN-B-000874,SOURCE_A
TXN-A-000875-L1749,TXN-A-000875,PRD-0115,PC-ZEN0115,2000000011509,ZENITH Can Opener 2000 MAH,Can Opener 2000 MAH,5.33,64.41,343.31,TXN-B-000875,SOURCE_A
TXN-A-000876-L1751,TXN-A-000876,PRD-0098,PC-AUR0098,2000000009803,AURORA Cutting Board 10 IN,Cutting Board 10 IN,5.18,17.09,88.53,TXN-B-000876,SOURCE_A
TXN-A-000877-L1753,TXN-A-000877,PRD-0146,PC-AUR0146,2000000014609,AURORA Screwdriver Set 500 ML,Screwdriver Set 500 ML,9.21,91.46,842.35,TXN-B-000877,SOURCE_A
TXN-A-000878-L1755,TXN-A-000878,PRD-0137,PC-AUR0137,2000000013701,AURORA Scissors 100 MG,Scissors 100 MG,5.74,94.03,539.73,TXN-B-000878,SOURCE_A
TXN-A-000879-L1757,TXN-A-000879,PRD-0028,PC-ZEN0028,2000000002804,ZENITH Highlighter Set 500 ML,Highlighter Set 500 ML,2.76,113.36,312.87,TXN-B-000879,SOURCE_A
TXN-A-000880-L1759,TXN-A-000880,PRD-0061,PC-ZEN0061,2000000006109,ZENITH Battery Pack 200 G,Battery Pack 200 G,1.15,64.09,73.7,TXN-B-000880,SOURCE_A
TXN-A-000881-L1761,TXN-A-000881,PRD-0126,PC-NEX0126,2000000012605,NEXUS Sketch Pad 250 ML,Sketch Pad 250 ML,3.17,82.01,259.97,TXN-B-000881,SOURCE_A
TXN-A-000882-L1763,TXN-A-000882,PRD-0060,PC-NEX0060,2000000006000,NEXUS Screen Protector 10 IN,Screen Protector 10 IN,8.93,85.32,761.91,TXN-B-000882,SOURCE_A
TXN-A-000883-L1765,TXN-A-000883,PRD-0040,PC-ZEN0040,2000000004006,ZENITH File Folder Pack 750 ML,File Folder Pack 750 ML,1.75,112.35,196.61,TXN-B-000883,SOURCE_A
TXN-A-000884-L1767,TXN-A-000884,PRD-0134,PC-AUR0134,2000000013404,AURORA Glue Stick 9 V,Glue Stick 9 V,8.42,77.67,653.98,TXN-B-000884,SOURCE_A
TXN-A-000885-L1769,TXN-A-000885,PRD-0041,PC-AUR0041,2000000004105,AURORA File Folder Pack 9 V,File Folder Pack 9 V,3.42,59.18,202.4,TXN-B-000885,SOURCE_A
TXN-A-000886-L1771,TXN-A-000886,PRD-0032,PC-AUR0032,2000000003207,AURORA Binder Clip Box 3 V,Binder Clip Box 3 V,5.48,78.97,432.76,TXN-B-000886,SOURCE_A
TXN-A-000887-L1773,TXN-A-000887,PRD-0049,PC-ZEN0049,2000000004907,ZENITH USB Cable 1 KG,USB Cable 1 KG,9.67,50.47,488.04,TXN-B-000887,SOURCE_A
TXN-A-000888-L1775,TXN-A-000888,PRD-0004,PC-ZEN0004,2000000000404,ZENITH Glass Spray 750 ML,Glass Spray 750 ML,3.11,100.37,312.15,TXN-B-000888,SOURCE_A
TXN-A-000889-L1777,TXN-A-000889,PRD-0044,PC-AUR0044,2000000004402,AURORA Whiteboard Marker 12 IN,Whiteboard Marker 12 IN,7.18,38.93,279.52,TXN-B-000889,SOURCE_A
TXN-A-000890-L1779,TXN-A-000890,PRD-0083,PC-AUR0083,2000000008301,AURORA Toothpaste 3 V,Toothpaste 3 V,8.3,47.14,391.26,TXN-B-000890,SOURCE_A
TXN-A-000891-L1781,TXN-A-000891,PRD-0091,PC-ZEN0091,2000000009100,ZENITH Hair Gel 1.5 L,Hair Gel 1.5 L,1.01,87.74,88.62,TXN-B-000891,SOURCE_A
TXN-A-000892-L1783,TXN-A-000892,PRD-0021,PC-NEX0021,2000000002101,NEXUS Air Freshener 30 CM,Air Freshener 30 CM,5.75,13.9,79.92,TXN-B-000892,SOURCE_A
TXN-A-000893-L1785,TXN-A-000893,PRD-0031,PC-ZEN0031,2000000003108,ZENITH Binder Clip Box 3 V,Binder Clip Box 3 V,9.82,57.71,566.71,TXN-B-000893,SOURCE_A
TXN-A-000894-L1787,TXN-A-000894,PRD-0024,PC-NEX0024,2000000002408,NEXUS Floor Polish 100 MG,Floor Polish 100 MG,5.72,75.71,433.06,TXN-B-000894,SOURCE_A
TXN-A-000895-L1789,TXN-A-000895,PRD-0017,PC-AUR0017,2000000001708,AURORA Surface Wipes 9 V,Surface Wipes 9 V,8.04,80.73,649.07,TXN-B-000895,SOURCE_A
TXN-A-000896-L1791,TXN-A-000896,PRD-0141,PC-NEX0141,2000000014104,NEXUS Eraser Pack 3 V,Eraser Pack 3 V,2.53,34.77,87.97,TXN-B-000896,SOURCE_A
TXN-A-000897-L1793,TXN-A-000897,PRD-0134,PC-AUR0134,2000000013404,AURORA Glue Stick 9 V,Glue Stick 9 V,8.28,77.67,643.11,TXN-B-000897,SOURCE_A
TXN-A-000898-L1795,TXN-A-000898,PRD-0076,PC-ZEN0076,2000000007601,ZENITH Shampoo 200 G,Shampoo 200 G,6.7,12.26,82.14,TXN-B-000898,SOURCE_A
TXN-A-000899-L1797,TXN-A-000899,PRD-0143,PC-AUR0143,2000000014302,AURORA Marker Set 10 IN,Marker Set 10 IN,2.02,13.47,27.21,TXN-B-000899,SOURCE_A
TXN-A-000900-L1799,TXN-A-000900,PRD-0017,PC-AUR0017,2000000001708,AURORA Surface Wipes 9 V,Surface Wipes 9 V,4.57,80.73,368.94,TXN-B-000900,SOURCE_A
TXN-A-000901-L1801,TXN-A-000901,PRD-0086,PC-AUR0086,2000000008608,AURORA Deodorant 500 G,Deodorant 500 G,2.09,52.31,109.33,TXN-B-000901,SOURCE_A
TXN-A-000902-L1803,TXN-A-000902,PRD-0127,PC-ZEN0127,2000000012704,ZENITH Colored Pencil Set 50 G,Colored Pencil Set 50 G,9.03,57.94,523.2,TXN-B-000902,SOURCE_A
TXN-A-000903-L1805,TXN-A-000903,PRD-0149,PC-AUR0149,2000000014906,AURORA Wrench Set 45 CM,Wrench Set 45 CM,7.86,29.28,230.14,TXN-B-000903,SOURCE_A
TXN-A-000904-L1807,TXN-A-000904,PRD-0086,PC-AUR0086,2000000008608,AURORA Deodorant 500 G,Deodorant 500 G,2.37,52.31,123.97,TXN-B-000904,SOURCE_A
TXN-A-000905-L1809,TXN-A-000905,PRD-0043,PC-ZEN0043,2000000004303,ZENITH Whiteboard Marker 20 W,Whiteboard Marker 20 W,6.49,56.59,367.27,TXN-B-000905,SOURCE_A
TXN-A-000906-L1811,TXN-A-000906,PRD-0032,PC-AUR0032,2000000003207,AURORA Binder Clip Box 3 V,Binder Clip Box 3 V,9.28,78.97,732.84,TXN-B-000906,SOURCE_A
TXN-A-000907-L1813,TXN-A-000907,PRD-0035,PC-AUR0035,2000000003504,AURORA Stapler 10 W,Stapler 10 W,9.69,17.34,168.02,TXN-B-000907,SOURCE_A
TXN-A-000908-L1815,TXN-A-000908,PRD-0063,PC-NEX0063,2000000006307,NEXUS Battery Pack 10 W,Battery Pack 10 W,9.4,96.31,905.31,TXN-B-000908,SOURCE_A
TXN-A-000909-L1817,TXN-A-000909,PRD-0075,PC-NEX0075,2000000007502,NEXUS Hand Soap 10000 MAH,Hand Soap 10000 MAH,6.21,69.45,431.28,TXN-B-000909,SOURCE_A
TXN-A-000910-L1819,TXN-A-000910,PRD-0026,PC-AUR0026,2000000002606,AURORA Ballpoint Pen 250 ML,Ballpoint Pen 250 ML,7.81,26.93,210.32,TXN-B-000910,SOURCE_A
TXN-A-000911-L1821,TXN-A-000911,PRD-0123,PC-NEX0123,2000000012308,NEXUS Notebook 3 V,Notebook 3 V,7.16,15.38,110.12,TXN-B-000911,SOURCE_A
TXN-A-000912-L1823,TXN-A-000912,PRD-0123,PC-NEX0123,2000000012308,NEXUS Notebook 3 V,Notebook 3 V,6.36,15.38,97.82,TXN-B-000912,SOURCE_A
TXN-A-000913-L1825,TXN-A-000913,PRD-0097,PC-ZEN0097,2000000009704,ZENITH Cutting Board 5 W,Cutting Board 5 W,8.54,15.99,136.55,TXN-B-000913,SOURCE_A
TXN-A-000914-L1827,TXN-A-000914,PRD-0029,PC-AUR0029,2000000002903,AURORA Highlighter Set 9 V,Highlighter Set 9 V,4.85,26.14,126.78,TXN-B-000914,SOURCE_A
TXN-A-000915-L1829,TXN-A-000915,PRD-0125,PC-AUR0125,2000000012506,AURORA Sketch Pad 1.5 V,Sketch Pad 1.5 V,2.77,102.96,285.2,TXN-B-000915,SOURCE_A
TXN-A-000916-L1831,TXN-A-000916,PRD-0021,PC-NEX0021,2000000002101,NEXUS Air Freshener 30 CM,Air Freshener 30 CM,3.86,13.9,53.65,TXN-B-000916,SOURCE_A
TXN-A-000917-L1833,TXN-A-000917,PRD-0054,PC-NEX0054,2000000005409,NEXUS Power Adapter 500 ML,Power Adapter 500 ML,7.99,16.51,131.91,TXN-B-000917,SOURCE_A
TXN-A-000918-L1835,TXN-A-000918,PRD-0127,PC-ZEN0127,2000000012704,ZENITH Colored Pencil Set 50 G,Colored Pencil Set 50 G,4.08,57.94,236.4,TXN-B-000918,SOURCE_A
TXN-A-000919-L1837,TXN-A-000919,PRD-0062,PC-AUR0062,2000000006208,AURORA Battery Pack 2000 MAH,Battery Pack 2000 MAH,2.58,70.05,180.73,TXN-B-000919,SOURCE_A
TXN-A-000920-L1839,TXN-A-000920,PRD-0108,PC-NEX0108,2000000010809,NEXUS Spatula Set 500 MG,Spatula Set 500 MG,5.38,103.62,557.48,TXN-B-000920,SOURCE_A
TXN-A-000921-L1841,TXN-A-000921,PRD-0150,PC-NEX0150,2000000015002,NEXUS Wrench Set 9 V,Wrench Set 9 V,7.28,89.01,647.99,TXN-B-000921,SOURCE_A
TXN-A-000922-L1843,TXN-A-000922,PRD-0044,PC-AUR0044,2000000004402,AURORA Whiteboard Marker 12 IN,Whiteboard Marker 12 IN,9.79,38.93,381.12,TXN-B-000922,SOURCE_A
TXN-A-000923-L1845,TXN-A-000923,PRD-0010,PC-ZEN0010,2000000001005,ZENITH Laundry Detergent 1.5 V,Laundry Detergent 1.5 V,7.13,25.3,180.39,TXN-B-000923,SOURCE_A
TXN-A-000924-L1847,TXN-A-000924,PRD-0094,PC-ZEN0094,2000000009407,ZENITH Lotion 10000 MAH,Lotion 10000 MAH,7.15,9.96,71.21,TXN-B-000924,SOURCE_A
TXN-A-000925-L1849,TXN-A-000925,PRD-0148,PC-ZEN0148,2000000014807,ZENITH Wrench Set 30 CM,Wrench Set 30 CM,7.99,116.97,934.59,TXN-B-000925,SOURCE_A
TXN-A-000926-L1851,TXN-A-000926,PRD-0099,PC-NEX0099,2000000009902,NEXUS Cutting Board 500 ML,Cutting Board 500 ML,8.31,112.85,937.78,TXN-B-000926,SOURCE_A
TXN-A-000927-L1853,TXN-A-000927,PRD-0051,PC-NEX0051,2000000005102,NEXUS USB Cable 500 MG,USB Cable 500 MG,9.15,94.26,862.48,TXN-B-000927,SOURCE_A
TXN-A-000928-L1855,TXN-A-000928,PRD-0058,PC-ZEN0058,2000000005805,ZENITH Screen Protector 3 V,Screen Protector 3 V,7.49,72.97,546.55,TXN-B-000928,SOURCE_A
TXN-A-000929-L1857,TXN-A-000929,PRD-0025,PC-ZEN0025,2000000002507,ZENITH Ballpoint Pen 1 KG,Ballpoint Pen 1 KG,8.24,37.08,305.54,TXN-B-000929,SOURCE_A
TXN-A-000930-L1859,TXN-A-000930,PRD-0085,PC-ZEN0085,2000000008509,ZENITH Deodorant 200 G,Deodorant 200 G,6.82,86.39,589.18,TXN-B-000930,SOURCE_A
TXN-A-000931-L1861,TXN-A-000931,PRD-0002,PC-AUR0002,2000000000206,AURORA All Purpose Cleaner 30 CM,All Purpose Cleaner 30 CM,1.92,44.72,85.86,TXN-B-000931,SOURCE_A
TXN-A-000932-L1863,TXN-A-000932,PRD-0005,PC-AUR0005,2000000000503,AURORA Glass Spray 500 G,Glass Spray 500 G,6.61,111.21,735.1,TXN-B-000932,SOURCE_A
TXN-A-000933-L1865,TXN-A-000933,PRD-0085,PC-ZEN0085,2000000008509,ZENITH Deodorant 200 G,Deodorant 200 G,6.36,86.39,549.44,TXN-B-000933,SOURCE_A
TXN-A-000934-L1867,TXN-A-000934,PRD-0127,PC-ZEN0127,2000000012704,ZENITH Colored Pencil Set 50 G,Colored Pencil Set 50 G,6.16,57.94,356.91,TXN-B-000934,SOURCE_A
TXN-A-000935-L1869,TXN-A-000935,PRD-0089,PC-AUR0089,2000000008905,AURORA Face Cream 500 ML,Face Cream 500 ML,8.8,50.06,440.53,TXN-B-000935,SOURCE_A
TXN-A-000936-L1871,TXN-A-000936,PRD-0043,PC-ZEN0043,2000000004303,ZENITH Whiteboard Marker 20 W,Whiteboard Marker 20 W,6.65,56.59,376.32,TXN-B-000936,SOURCE_A
TXN-A-000937-L1873,TXN-A-000937,PRD-0006,PC-NEX0006,2000000000602,NEXUS Glass Spray 9 V,Glass Spray 9 V,6.3,84.09,529.77,TXN-B-000937,SOURCE_A
TXN-A-000938-L1875,TXN-A-000938,PRD-0090,PC-NEX0090,2000000009001,NEXUS Face Cream 100 MG,Face Cream 100 MG,4.27,20.0,85.4,TXN-B-000938,SOURCE_A
TXN-A-000939-L1877,TXN-A-000939,PRD-0062,PC-AUR0062,2000000006208,AURORA Battery Pack 2000 MAH,Battery Pack 2000 MAH,8.46,70.05,592.62,TXN-B-000939,SOURCE_A
TXN-A-000940-L1879,TXN-A-000940,PRD-0044,PC-AUR0044,2000000004402,AURORA Whiteboard Marker 12 IN,Whiteboard Marker 12 IN,6.67,38.93,259.66,TXN-B-000940,SOURCE_A
TXN-A-000941-L1881,TXN-A-000941,PRD-0018,PC-NEX0018,2000000001807,NEXUS Surface Wipes 500 MG,Surface Wipes 500 MG,6.48,39.31,254.73,TXN-B-000941,SOURCE_A
TXN-A-000942-L1883,TXN-A-000942,PRD-0149,PC-AUR0149,2000000014906,AURORA Wrench Set 45 CM,Wrench Set 45 CM,5.66,29.28,165.72,TXN-B-000942,SOURCE_A
TXN-A-000943-L1885,TXN-A-000943,PRD-0020,PC-AUR0020,2000000002002,AURORA Air Freshener 200 G,Air Freshener 200 G,4.56,104.22,475.24,TXN-B-000943,SOURCE_A
TXN-A-000944-L1887,TXN-A-000944,PRD-0013,PC-ZEN0013,2000000001302,ZENITH Fabric Softener 1 L,Fabric Softener 1 L,2.43,9.65,23.45,TXN-B-000944,SOURCE_A
TXN-A-000945-L1889,TXN-A-000945,PRD-0007,PC-ZEN0007,2000000000701,ZENITH Dish Liquid 5000 MAH,Dish Liquid 5000 MAH,8.87,57.78,512.51,TXN-B-000945,SOURCE_A
TXN-A-000946-L1891,TXN-A-000946,PRD-0069,PC-NEX0069,2000000006901,NEXUS HDMI Cable 1.5 L,HDMI Cable 1.5 L,9.13,45.41,414.59,TXN-B-000946,SOURCE_A
TXN-A-000947-L1893,TXN-A-000947,PRD-0090,PC-NEX0090,2000000009001,NEXUS Face Cream 100 MG,Face Cream 100 MG,4.85,20.0,97.0,TXN-B-000947,SOURCE_A
TXN-A-000948-L1895,TXN-A-000948,PRD-0075,PC-NEX0075,2000000007502,NEXUS Hand Soap 10000 MAH,Hand Soap 10000 MAH,1.29,69.45,89.59,TXN-B-000948,SOURCE_A
TXN-A-000949-L1897,TXN-A-000949,PRD-0032,PC-AUR0032,2000000003207,AURORA Binder Clip Box 3 V,Binder Clip Box 3 V,5.52,78.97,435.91,TXN-B-000949,SOURCE_A
TXN-A-000950-L1899,TXN-A-000950,PRD-0113,PC-AUR0113,2000000011301,AURORA Kitchen Towel 20 W,Kitchen Towel 20 W,9.37,71.36,668.64,TXN-B-000950,SOURCE_A
TXN-A-000951-L1901,TXN-A-000951,PRD-0038,PC-AUR0038,2000000003801,AURORA Desk Organizer 2000 MAH,Desk Organizer 2000 MAH,9.72,28.05,272.65,TXN-B-000951,SOURCE_A
TXN-A-000952-L1903,TXN-A-000952,PRD-0131,PC-AUR0131,2000000013107,AURORA Ruler Set 60 CM,Ruler Set 60 CM,2.63,15.08,39.66,TXN-B-000952,SOURCE_A
TXN-A-000953-L1905,TXN-A-000953,PRD-0141,PC-NEX0141,2000000014104,NEXUS Eraser Pack 3 V,Eraser Pack 3 V,8.77,34.77,304.93,TXN-B-000953,SOURCE_A
TXN-A-000954-L1907,TXN-A-000954,PRD-0130,PC-ZEN0130,2000000013008,ZENITH Ruler Set 45 CM,Ruler Set 45 CM,7.75,90.87,704.24,TXN-B-000954,SOURCE_A
TXN-A-000955-L1909,TXN-A-000955,PRD-0052,PC-ZEN0052,2000000005201,ZENITH Power Adapter 20 W,Power Adapter 20 W,8.03,45.35,364.16,TXN-B-000955,SOURCE_A
TXN-A-000956-L1911,TXN-A-000956,PRD-0014,PC-AUR0014,2000000001401,AURORA Fabric Softener 250 MG,Fabric Softener 250 MG,9.58,111.99,1072.86,TXN-B-000956,SOURCE_A
TXN-A-000957-L1913,TXN-A-000957,PRD-0089,PC-AUR0089,2000000008905,AURORA Face Cream 500 ML,Face Cream 500 ML,8.49,50.06,425.01,TXN-B-000957,SOURCE_A
TXN-A-000958-L1915,TXN-A-000958,PRD-0086,PC-AUR0086,2000000008608,AURORA Deodorant 500 G,Deodorant 500 G,9.23,52.31,482.82,TXN-B-000958,SOURCE_A
TXN-A-000959-L1917,TXN-A-000959,PRD-0035,PC-AUR0035,2000000003504,AURORA Stapler 10 W,Stapler 10 W,6.63,17.34,114.96,TXN-B-000959,SOURCE_A
TXN-A-000960-L1919,TXN-A-000960,PRD-0129,PC-NEX0129,2000000012902,NEXUS Colored Pencil Set 750 ML,Colored Pencil Set 750 ML,5.22,94.86,495.17,TXN-B-000960,SOURCE_A
TXN-A-000961-L1921,TXN-A-000961,PRD-0001,PC-ZEN0001,2000000000107,ZENITH All Purpose Cleaner 10 IN,All Purpose Cleaner 10 IN,1.6,34.59,55.34,TXN-B-000961,SOURCE_A
TXN-A-000962-L1923,TXN-A-000962,PRD-0016,PC-ZEN0016,2000000001609,ZENITH Surface Wipes 60 CM,Surface Wipes 60 CM,6.19,58.14,359.89,TXN-B-000962,SOURCE_A
TXN-A-000963-L1925,TXN-A-000963,PRD-0027,PC-NEX0027,2000000002705,NEXUS Ballpoint Pen 500 ML,Ballpoint Pen 500 ML,6.65,49.53,329.37,TXN-B-000963,SOURCE_A
TXN-A-000964-L1927,TXN-A-000964,PRD-0121,PC-ZEN0121,2000000012100,ZENITH Notebook 1 L,Notebook 1 L,3.95,21.42,84.61,TXN-B-000964,SOURCE_A
TXN-A-000965-L1929,TXN-A-000965,PRD-0017,PC-AUR0017,2000000001708,AURORA Surface Wipes 9 V,Surface Wipes 9 V,6.52,80.73,526.36,TXN-B-000965,SOURCE_A
TXN-A-000966-L1931,TXN-A-000966,PRD-0046,PC-ZEN0046,2000000004600,ZENITH Tape Dispenser 250 ML,Tape Dispenser 250 ML,6.69,27.78,185.85,TXN-B-000966,SOURCE_A
TXN-A-000967-L1933,TXN-A-000967,PRD-0021,PC-NEX0021,2000000002101,NEXUS Air Freshener 30 CM,Air Freshener 30 CM,7.41,13.9,103.0,TXN-B-000967,SOURCE_A
TXN-A-000968-L1935,TXN-A-000968,PRD-0142,PC-ZEN0142,2000000014203,ZENITH Marker Set 750 ML,Marker Set 750 ML,2.46,33.77,83.07,TXN-B-000968,SOURCE_A
TXN-A-000969-L1937,TXN-A-000969,PRD-0082,PC-ZEN0082,2000000008202,ZENITH Toothpaste 500 MG,Toothpaste 500 MG,7.39,92.36,682.54,TXN-B-000969,SOURCE_A
TXN-A-000970-L1939,TXN-A-000970,PRD-0100,PC-ZEN0100,2000000010007,ZENITH Mixing Bowl Set 250 ML,Mixing Bowl Set 250 ML,8.0,63.15,505.2,TXN-B-000970,SOURCE_A
TXN-A-000971-L1941,TXN-A-000971,PRD-0075,PC-NEX0075,2000000007502,NEXUS Hand Soap 10000 MAH,Hand Soap 10000 MAH,2.0,69.45,138.9,TXN-B-000971,SOURCE_A
TXN-A-000972-L1943,TXN-A-000972,PRD-0065,PC-AUR0065,2000000006505,AURORA Charging Dock 3 V,Charging Dock 3 V,2.26,17.05,38.53,TXN-B-000972,SOURCE_A
TXN-A-000973-L1945,TXN-A-000973,PRD-0012,PC-NEX0012,2000000001203,NEXUS Laundry Detergent 3 V,Laundry Detergent 3 V,8.01,22.27,178.38,TXN-B-000973,SOURCE_A
TXN-A-000974-L1947,TXN-A-000974,PRD-0137,PC-AUR0137,2000000013701,AURORA Scissors 100 MG,Scissors 100 MG,5.72,94.03,537.85,TXN-B-000974,SOURCE_A
TXN-A-000975-L1949,TXN-A-000975,PRD-0072,PC-NEX0072,2000000007205,NEXUS Mouse Pad 100 G,Mouse Pad 100 G,6.04,43.98,265.64,TXN-B-000975,SOURCE_A
TXN-A-000976-L1951,TXN-A-000976,PRD-0030,PC-NEX0030,2000000003009,NEXUS Highlighter Set 12 IN,Highlighter Set 12 IN,8.71,69.53,605.61,TXN-B-000976,SOURCE_A
TXN-A-000977-L1953,TXN-A-000977,PRD-0146,PC-AUR0146,2000000014609,AURORA Screwdriver Set 500 ML,Screwdriver Set 500 ML,7.38,91.46,674.97,TXN-B-000977,SOURCE_A
TXN-A-000978-L1955,TXN-A-000978,PRD-0135,PC-NEX0135,2000000013503,NEXUS Glue Stick 5000 MAH,Glue Stick 5000 MAH,6.19,27.9,172.7,TXN-B-000978,SOURCE_A
TXN-A-000979-L1957,TXN-A-000979,PRD-0012,PC-NEX0012,2000000001203,NEXUS Laundry Detergent 3 V,Laundry Detergent 3 V,1.68,22.27,37.41,TXN-B-000979,SOURCE_A
TXN-A-000980-L1959,TXN-A-000980,PRD-0105,PC-NEX0105,2000000010502,NEXUS Measuring Cup 100 G,Measuring Cup 100 G,9.2,109.25,1005.1,TXN-B-000980,SOURCE_A
TXN-A-000981-L1961,TXN-A-000981,PRD-0018,PC-NEX0018,2000000001807,NEXUS Surface Wipes 500 MG,Surface Wipes 500 MG,1.79,39.31,70.36,TXN-B-000981,SOURCE_A
TXN-A-000982-L1963,TXN-A-000982,PRD-0149,PC-AUR0149,2000000014906,AURORA Wrench Set 45 CM,Wrench Set 45 CM,3.87,29.28,113.31,TXN-B-000982,SOURCE_A
TXN-A-000983-L1965,TXN-A-000983,PRD-0098,PC-AUR0098,2000000009803,AURORA Cutting Board 10 IN,Cutting Board 10 IN,6.07,17.09,103.74,TXN-B-000983,SOURCE_A
TXN-A-000984-L1967,TXN-A-000984,PRD-0055,PC-ZEN0055,2000000005508,ZENITH Phone Case 250 MG,Phone Case 250 MG,1.65,52.62,86.82,TXN-B-000984,SOURCE_A
TXN-A-000985-L1969,TXN-A-000985,PRD-0112,PC-ZEN0112,2000000011202,ZENITH Kitchen Towel 30 CM,Kitchen Towel 30 CM,8.78,100.54,882.74,TXN-B-000985,SOURCE_A
TXN-A-000986-L1971,TXN-A-000986,PRD-0141,PC-NEX0141,2000000014104,NEXUS Eraser Pack 3 V,Eraser Pack 3 V,3.12,34.77,108.48,TXN-B-000986,SOURCE_A
TXN-A-000987-L1973,TXN-A-000987,PRD-0052,PC-ZEN0052,2000000005201,ZENITH Power Adapter 20 W,Power Adapter 20 W,6.7,45.35,303.85,TXN-B-000987,SOURCE_A
TXN-A-000988-L1975,TXN-A-000988,PRD-0031,PC-ZEN0031,2000000003108,ZENITH Binder Clip Box 3 V,Binder Clip Box 3 V,7.19,57.71,414.93,TXN-B-000988,SOURCE_A
TXN-A-000989-L1977,TXN-A-000989,PRD-0057,PC-NEX0057,2000000005706,NEXUS Phone Case 1 L,Phone Case 1 L,9.87,31.73,313.18,TXN-B-000989,SOURCE_A
TXN-A-000990-L1979,TXN-A-000990,PRD-0014,PC-AUR0014,2000000001401,AURORA Fabric Softener 250 MG,Fabric Softener 250 MG,9.48,111.99,1061.67,TXN-B-000990,SOURCE_A
TXN-A-000991-L1981,TXN-A-000991,PRD-0074,PC-AUR0074,2000000007403,AURORA Hand Soap 1.5 V,Hand Soap 1.5 V,2.64,72.37,191.06,TXN-B-000991,SOURCE_A
TXN-A-000992-L1983,TXN-A-000992,PRD-0003,PC-NEX0003,2000000000305,NEXUS All Purpose Cleaner 250 ML,All Purpose Cleaner 250 ML,7.19,116.68,838.93,TXN-B-000992,SOURCE_A
TXN-A-000993-L1985,TXN-A-000993,PRD-0095,PC-AUR0095,2000000009506,AURORA Lotion 1 KG,Lotion 1 KG,5.09,117.25,596.8,TXN-B-000993,SOURCE_A
TXN-A-000994-L1987,TXN-A-000994,PRD-0048,PC-NEX0048,2000000004808,NEXUS Tape Dispenser 3 V,Tape Dispenser 3 V,8.11,64.25,521.07,TXN-B-000994,SOURCE_A
TXN-A-000995-L1989,TXN-A-000995,PRD-0110,PC-AUR0110,2000000011004,AURORA Storage Container 5 W,Storage Container 5 W,9.94,44.62,443.52,TXN-B-000995,SOURCE_A
TXN-A-000996-L1991,TXN-A-000996,PRD-0029,PC-AUR0029,2000000002903,AURORA Highlighter Set 9 V,Highlighter Set 9 V,9.39,26.14,245.45,TXN-B-000996,SOURCE_A
TXN-A-000997-L1993,TXN-A-000997,PRD-0020,PC-AUR0020,2000000002002,AURORA Air Freshener 200 G,Air Freshener 200 G,2.53,104.22,263.68,TXN-B-000997,SOURCE_A
TXN-A-000998-L1995,TXN-A-000998,PRD-0120,PC-NEX0120,2000000012001,NEXUS Peeler 30 CM,Peeler 30 CM,8.0,95.85,766.8,TXN-B-000998,SOURCE_A
TXN-A-000999-L1997,TXN-A-000999,PRD-0127,PC-ZEN0127,2000000012704,ZENITH Colored Pencil Set 50 G,Colored Pencil Set 50 G,8.59,57.94,497.7,TXN-B-000999,SOURCE_A
TXN-A-001000-L1999,TXN-A-001000,PRD-0029,PC-AUR0029,2000000002903,AURORA Highlighter Set 9 V,Highlighter Set 9 V,3.54,26.14,92.54,TXN-B-001000,SOURCE_A
TXN-A-001001-L2001,TXN-A-001001,PRD-0033,PC-NEX0033,2000000003306,NEXUS Binder Clip Box 45 CM,Binder Clip Box 45 CM,5.96,21.96,130.88,TXN-B-001001,SOURCE_A
TXN-A-001002-L2003,TXN-A-001002,PRD-0084,PC-NEX0084,2000000008400,NEXUS Toothpaste 15 W,Toothpaste 15 W,7.43,33.06,245.64,TXN-B-001002,SOURCE_A
TXN-A-001003-L2005,TXN-A-001003,PRD-0015,PC-NEX0015,2000000001500,NEXUS Fabric Softener 200 G,Fabric Softener 200 G,6.3,47.38,298.49,TXN-B-001003,SOURCE_A
TXN-A-001004-L2007,TXN-A-001004,PRD-0099,PC-NEX0099,2000000009902,NEXUS Cutting Board 500 ML,Cutting Board 500 ML,8.51,112.85,960.35,TXN-B-001004,SOURCE_A
TXN-A-001005-L2009,TXN-A-001005,PRD-0149,PC-AUR0149,2000000014906,AURORA Wrench Set 45 CM,Wrench Set 45 CM,8.28,29.28,242.44,TXN-B-001005,SOURCE_A
TXN-A-001006-L2011,TXN-A-001006,PRD-0021,PC-NEX0021,2000000002101,NEXUS Air Freshener 30 CM,Air Freshener 30 CM,1.18,13.9,16.4,TXN-B-001006,SOURCE_A
TXN-A-001007-L2013,TXN-A-001007,PRD-0082,PC-ZEN0082,2000000008202,ZENITH Toothpaste 500 MG,Toothpaste 500 MG,2.14,92.36,197.65,TXN-B-001007,SOURCE_A
TXN-A-001008-L2015,TXN-A-001008,PRD-0132,PC-NEX0132,2000000013206,NEXUS Ruler Set 60 CM,Ruler Set 60 CM,1.22,20.73,25.29,TXN-B-001008,SOURCE_A
TXN-A-001009-L2017,TXN-A-001009,PRD-0111,PC-NEX0111,2000000011103,NEXUS Storage Container 500 G,Storage Container 500 G,5.18,61.14,316.71,TXN-B-001009,SOURCE_A
TXN-A-001010-L2019,TXN-A-001010,PRD-0034,PC-ZEN0034,2000000003405,ZENITH Stapler 100 MG,Stapler 100 MG,7.61,79.94,608.34,TXN-B-001010,SOURCE_A
TXN-A-001011-L2021,TXN-A-001011,PRD-0133,PC-ZEN0133,2000000013305,ZENITH Glue Stick 250 MG,Glue Stick 250 MG,6.71,31.89,213.98,TXN-B-001011,SOURCE_A
TXN-A-001012-L2023,TXN-A-001012,PRD-0098,PC-AUR0098,2000000009803,AURORA Cutting Board 10 IN,Cutting Board 10 IN,6.79,17.09,116.04,TXN-B-001012,SOURCE_A
TXN-A-001013-L2025,TXN-A-001013,PRD-0006,PC-NEX0006,2000000000602,NEXUS Glass Spray 9 V,Glass Spray 9 V,6.35,84.09,533.97,TXN-B-001013,SOURCE_A
TXN-A-001014-L2027,TXN-A-001014,PRD-0056,PC-AUR0056,2000000005607,AURORA Phone Case 20 W,Phone Case 20 W,9.0,16.68,150.12,TXN-B-001014,SOURCE_A
TXN-A-001015-L2029,TXN-A-001015,PRD-0072,PC-NEX0072,2000000007205,NEXUS Mouse Pad 100 G,Mouse Pad 100 G,4.54,43.98,199.67,TXN-B-001015,SOURCE_A
TXN-A-001016-L2031,TXN-A-001016,PRD-0030,PC-NEX0030,2000000003009,NEXUS Highlighter Set 12 IN,Highlighter Set 12 IN,6.35,69.53,441.52,TXN-B-001016,SOURCE_A
TXN-A-001017-L2033,TXN-A-001017,PRD-0140,PC-AUR0140,2000000014005,AURORA Eraser Pack 2000 MAH,Eraser Pack 2000 MAH,6.72,111.85,751.63,TXN-B-001017,SOURCE_A
TXN-A-001018-L2035,TXN-A-001018,PRD-0071,PC-AUR0071,2000000007106,AURORA Mouse Pad 50 G,Mouse Pad 50 G,5.77,17.32,99.94,TXN-B-001018,SOURCE_A
TXN-A-001019-L2037,TXN-A-001019,PRD-0057,PC-NEX0057,2000000005706,NEXUS Phone Case 1 L,Phone Case 1 L,8.11,31.73,257.33,TXN-B-001019,SOURCE_A
TXN-A-001020-L2039,TXN-A-001020,PRD-0122,PC-AUR0122,2000000012209,AURORA Notebook 5000 MAH,Notebook 5000 MAH,4.9,31.9,156.31,TXN-B-001020,SOURCE_A
TXN-A-001021-L2041,TXN-A-001021,PRD-0020,PC-AUR0020,2000000002002,AURORA Air Freshener 200 G,Air Freshener 200 G,2.0,104.22,208.44,,SOURCE_A
TXN-A-001022-L2043,TXN-A-001022,PRD-0123,PC-NEX0123,2000000012308,NEXUS Notebook 3 V,Notebook 3 V,2.84,15.38,43.68,,SOURCE_A
TXN-A-001023-L2045,TXN-A-001023,PRD-0011,PC-AUR0011,2000000001104,AURORA Laundry Detergent 2000 MAH,Laundry Detergent 2000 MAH,3.35,97.97,328.2,,SOURCE_A
TXN-A-001024-L2047,TXN-A-001024,PRD-0058,PC-ZEN0058,2000000005805,ZENITH Screen Protector 3 V,Screen Protector 3 V,3.08,72.97,224.75,,SOURCE_A
TXN-A-001025-L2049,TXN-A-001025,PRD-0101,PC-AUR0101,2000000010106,AURORA Mixing Bowl Set 100 MG,Mixing Bowl Set 100 MG,9.75,113.58,1107.4,,SOURCE_A
TXN-A-001026-L2051,TXN-A-001026,PRD-0098,PC-AUR0098,2000000009803,AURORA Cutting Board 10 IN,Cutting Board 10 IN,7.65,17.09,130.74,,SOURCE_A
TXN-A-001027-L2053,TXN-A-001027,PRD-0069,PC-NEX0069,2000000006901,NEXUS HDMI Cable 1.5 L,HDMI Cable 1.5 L,8.11,45.41,368.28,,SOURCE_A
TXN-A-001028-L2055,TXN-A-001028,PRD-0098,PC-AUR0098,2000000009803,AURORA Cutting Board 10 IN,Cutting Board 10 IN,2.93,17.09,50.07,,SOURCE_A
TXN-A-001029-L2057,TXN-A-001029,PRD-0058,PC-ZEN0058,2000000005805,ZENITH Screen Protector 3 V,Screen Protector 3 V,7.07,72.97,515.9,,SOURCE_A
TXN-A-001030-L2059,TXN-A-001030,PRD-0115,PC-ZEN0115,2000000011509,ZENITH Can Opener 2000 MAH,Can Opener 2000 MAH,1.69,64.41,108.85,,SOURCE_A
TXN-A-001031-L2061,TXN-A-001031,PRD-0064,PC-ZEN0064,2000000006406,ZENITH Charging Dock 15 W,Charging Dock 15 W,6.48,60.18,389.97,,SOURCE_A
TXN-A-001032-L2063,TXN-A-001032,PRD-0013,PC-ZEN0013,2000000001302,ZENITH Fabric Softener 1 L,Fabric Softener 1 L,5.1,9.65,49.21,,SOURCE_A
TXN-A-001033-L2065,TXN-A-001033,PRD-0077,PC-AUR0077,2000000007700,AURORA Shampoo 1 KG,Shampoo 1 KG,2.75,106.6,293.15,,SOURCE_A
TXN-A-001034-L2067,TXN-A-001034,PRD-0069,PC-NEX0069,2000000006901,NEXUS HDMI Cable 1.5 L,HDMI Cable 1.5 L,3.74,45.41,169.83,,SOURCE_A
TXN-A-001035-L2069,TXN-A-001035,PRD-0041,PC-AUR0041,2000000004105,AURORA File Folder Pack 9 V,File Folder Pack 9 V,9.92,59.18,587.07,,SOURCE_A
TXN-A-001036-L2071,TXN-A-001036,PRD-0040,PC-ZEN0040,2000000004006,ZENITH File Folder Pack 750 ML,File Folder Pack 750 ML,7.67,112.35,861.72,,SOURCE_A
TXN-A-001037-L2073,TXN-A-001037,PRD-0061,PC-ZEN0061,2000000006109,ZENITH Battery Pack 200 G,Battery Pack 200 G,7.68,64.09,492.21,,SOURCE_A
TXN-A-001038-L2075,TXN-A-001038,PRD-0044,PC-AUR0044,2000000004402,AURORA Whiteboard Marker 12 IN,Whiteboard Marker 12 IN,1.41,38.93,54.89,,SOURCE_A
TXN-A-001039-L2077,TXN-A-001039,PRD-0041,PC-AUR0041,2000000004105,AURORA File Folder Pack 9 V,File Folder Pack 9 V,1.16,59.18,68.65,,SOURCE_A
TXN-A-001040-L2079,TXN-A-001040,PRD-0015,PC-NEX0015,2000000001500,NEXUS Fabric Softener 200 G,Fabric Softener 200 G,7.89,47.38,373.83,,SOURCE_A
TXN-A-001041-L2081,TXN-A-001041,PRD-0070,PC-ZEN0070,2000000007007,ZENITH Mouse Pad 200 G,Mouse Pad 200 G,9.2,113.79,1046.87,,SOURCE_A
TXN-A-001042-L2083,TXN-A-001042,PRD-0112,PC-ZEN0112,2000000011202,ZENITH Kitchen Towel 30 CM,Kitchen Towel 30 CM,6.67,100.54,670.6,,SOURCE_A
TXN-A-001043-L2085,TXN-A-001043,PRD-0119,PC-AUR0119,2000000011905,AURORA Peeler 100 MG,Peeler 100 MG,1.1,13.3,14.63,,SOURCE_A
TXN-A-001044-L2087,TXN-A-001044,PRD-0008,PC-AUR0008,2000000000800,AURORA Dish Liquid 10000 MAH,Dish Liquid 10000 MAH,2.37,111.86,265.11,,SOURCE_A
TXN-A-001045-L2089,TXN-A-001045,PRD-0018,PC-NEX0018,2000000001807,NEXUS Surface Wipes 500 MG,Surface Wipes 500 MG,5.88,39.31,231.14,,SOURCE_A
TXN-A-001046-L2091,TXN-A-001046,PRD-0117,PC-NEX0117,2000000011707,NEXUS Can Opener 5 W,Can Opener 5 W,2.7,60.46,163.24,,SOURCE_A
TXN-A-001047-L2093,TXN-A-001047,PRD-0116,PC-AUR0116,2000000011608,AURORA Can Opener 500 MG,Can Opener 500 MG,2.41,80.59,194.22,,SOURCE_A
TXN-A-001048-L2095,TXN-A-001048,PRD-0132,PC-NEX0132,2000000013206,NEXUS Ruler Set 60 CM,Ruler Set 60 CM,3.67,20.73,76.08,,SOURCE_A
TXN-A-001049-L2097,TXN-A-001049,PRD-0124,PC-ZEN0124,2000000012407,ZENITH Sketch Pad 500 MG,Sketch Pad 500 MG,6.9,47.5,327.75,,SOURCE_A
TXN-A-001050-L2099,TXN-A-001050,PRD-0050,PC-AUR0050,2000000005003,AURORA USB Cable 10000 MAH,USB Cable 10000 MAH,1.86,3.09,5.75,,SOURCE_A
TXN-A-001051-L2101,TXN-A-001051,PRD-0032,PC-AUR0032,2000000003207,AURORA Binder Clip Box 3 V,Binder Clip Box 3 V,9.55,78.97,754.16,,SOURCE_A
TXN-A-001052-L2103,TXN-A-001052,PRD-0024,PC-NEX0024,2000000002408,NEXUS Floor Polish 100 MG,Floor Polish 100 MG,1.24,75.71,93.88,,SOURCE_A
TXN-A-001053-L2105,TXN-A-001053,PRD-0100,PC-ZEN0100,2000000010007,ZENITH Mixing Bowl Set 250 ML,Mixing Bowl Set 250 ML,5.38,63.15,339.75,,SOURCE_A
TXN-A-001054-L2107,TXN-A-001054,PRD-0149,PC-AUR0149,2000000014906,AURORA Wrench Set 45 CM,Wrench Set 45 CM,9.6,29.28,281.09,,SOURCE_A
TXN-A-001055-L2109,TXN-A-001055,PRD-0088,PC-ZEN0088,2000000008806,ZENITH Face Cream 30 CM,Face Cream 30 CM,2.9,2.66,7.71,,SOURCE_A
TXN-A-001056-L2111,TXN-A-001056,PRD-0050,PC-AUR0050,2000000005003,AURORA USB Cable 10000 MAH,USB Cable 10000 MAH,8.54,3.09,26.39,,SOURCE_A
TXN-A-001057-L2113,TXN-A-001057,PRD-0009,PC-NEX0009,2000000000909,NEXUS Dish Liquid 10 W,Dish Liquid 10 W,1.55,102.05,158.18,,SOURCE_A
TXN-A-001058-L2115,TXN-A-001058,PRD-0096,PC-NEX0096,2000000009605,NEXUS Lotion 1 KG,Lotion 1 KG,5.42,25.67,139.13,,SOURCE_A
TXN-A-001059-L2117,TXN-A-001059,PRD-0068,PC-AUR0068,2000000006802,AURORA HDMI Cable 10000 MAH,HDMI Cable 10000 MAH,9.8,38.83,380.53,,SOURCE_A
TXN-A-001060-L2119,TXN-A-001060,PRD-0120,PC-NEX0120,2000000012001,NEXUS Peeler 30 CM,Peeler 30 CM,2.91,95.85,278.92,,SOURCE_A
TXN-A-001061-L2121,TXN-A-001061,PRD-0124,PC-ZEN0124,2000000012407,ZENITH Sketch Pad 500 MG,Sketch Pad 500 MG,4.91,47.5,233.22,,SOURCE_A
TXN-A-001062-L2123,TXN-A-001062,PRD-0144,PC-NEX0144,2000000014401,NEXUS Marker Set 250 ML,Marker Set 250 ML,6.58,40.05,263.53,,SOURCE_A
TXN-A-001063-L2125,TXN-A-001063,PRD-0014,PC-AUR0014,2000000001401,AURORA Fabric Softener 250 MG,Fabric Softener 250 MG,3.13,111.99,350.53,,SOURCE_A
TXN-A-001064-L2127,TXN-A-001064,PRD-0029,PC-AUR0029,2000000002903,AURORA Highlighter Set 9 V,Highlighter Set 9 V,8.44,26.14,220.62,,SOURCE_A
TXN-A-001065-L2129,TXN-A-001065,PRD-0029,PC-AUR0029,2000000002903,AURORA Highlighter Set 9 V,Highlighter Set 9 V,7.18,26.14,187.69,,SOURCE_A
TXN-A-001066-L2131,TXN-A-001066,PRD-0119,PC-AUR0119,2000000011905,AURORA Peeler 100 MG,Peeler 100 MG,8.05,13.3,107.07,,SOURCE_A
TXN-A-001067-L2133,TXN-A-001067,PRD-0114,PC-NEX0114,2000000011400,NEXUS Kitchen Towel 10 W,Kitchen Towel 10 W,9.94,24.94,247.9,,SOURCE_A
TXN-A-001068-L2135,TXN-A-001068,PRD-0150,PC-NEX0150,2000000015002,NEXUS Wrench Set 9 V,Wrench Set 9 V,4.34,89.01,386.3,,SOURCE_A
TXN-A-001069-L2137,TXN-A-001069,PRD-0018,PC-NEX0018,2000000001807,NEXUS Surface Wipes 500 MG,Surface Wipes 500 MG,1.08,39.31,42.45,,SOURCE_A
TXN-A-001070-L2139,TXN-A-001070,PRD-0001,PC-ZEN0001,2000000000107,ZENITH All Purpose Cleaner 10 IN,All Purpose Cleaner 10 IN,8.6,34.59,297.47,,SOURCE_A
TXN-A-001071-L2141,TXN-A-001071,PRD-0095,PC-AUR0095,2000000009506,AURORA Lotion 1 KG,Lotion 1 KG,5.84,117.25,684.74,,SOURCE_A
TXN-A-001072-L2143,TXN-A-001072,PRD-0013,PC-ZEN0013,2000000001302,ZENITH Fabric Softener 1 L,Fabric Softener 1 L,1.94,9.65,18.72,,SOURCE_A
TXN-A-001073-L2145,TXN-A-001073,PRD-0110,PC-AUR0110,2000000011004,AURORA Storage Container 5 W,Storage Container 5 W,5.82,44.62,259.69,,SOURCE_A
TXN-A-001074-L2147,TXN-A-001074,PRD-0072,PC-NEX0072,2000000007205,NEXUS Mouse Pad 100 G,Mouse Pad 100 G,3.2,43.98,140.74,,SOURCE_A
TXN-A-001075-L2149,TXN-A-001075,PRD-0149,PC-AUR0149,2000000014906,AURORA Wrench Set 45 CM,Wrench Set 45 CM,2.62,29.28,76.71,,SOURCE_A
TXN-A-001076-L2151,TXN-A-001076,PRD-0014,PC-AUR0014,2000000001401,AURORA Fabric Softener 250 MG,Fabric Softener 250 MG,1.67,111.99,187.02,,SOURCE_A
TXN-A-001077-L2153,TXN-A-001077,PRD-0140,PC-AUR0140,2000000014005,AURORA Eraser Pack 2000 MAH,Eraser Pack 2000 MAH,2.4,111.85,268.44,,SOURCE_A
TXN-A-001078-L2155,TXN-A-001078,PRD-0138,PC-NEX0138,2000000013800,NEXUS Scissors 500 MG,Scissors 500 MG,3.13,96.35,301.58,,SOURCE_A
TXN-A-001079-L2157,TXN-A-001079,PRD-0124,PC-ZEN0124,2000000012407,ZENITH Sketch Pad 500 MG,Sketch Pad 500 MG,6.6,47.5,313.5,,SOURCE_A
TXN-A-001080-L2159,TXN-A-001080,PRD-0065,PC-AUR0065,2000000006505,AURORA Charging Dock 3 V,Charging Dock 3 V,7.42,17.05,126.51,,SOURCE_A
TXN-A-001081-L2161,TXN-A-001081,PRD-0005,PC-AUR0005,2000000000503,AURORA Glass Spray 500 G,Glass Spray 500 G,7.46,111.21,829.63,,SOURCE_A
TXN-A-001082-L2163,TXN-A-001082,PRD-0087,PC-NEX0087,2000000008707,NEXUS Deodorant 9 V,Deodorant 9 V,4.63,116.64,540.04,,SOURCE_A
TXN-A-001083-L2165,TXN-A-001083,PRD-0026,PC-AUR0026,2000000002606,AURORA Ballpoint Pen 250 ML,Ballpoint Pen 250 ML,7.84,26.93,211.13,,SOURCE_A
TXN-A-001084-L2167,TXN-A-001084,PRD-0052,PC-ZEN0052,2000000005201,ZENITH Power Adapter 20 W,Power Adapter 20 W,9.19,45.35,416.77,,SOURCE_A
TXN-A-001085-L2169,TXN-A-001085,PRD-0061,PC-ZEN0061,2000000006109,ZENITH Battery Pack 200 G,Battery Pack 200 G,7.59,64.09,486.44,,SOURCE_A
TXN-A-001086-L2171,TXN-A-001086,PRD-0069,PC-NEX0069,2000000006901,NEXUS HDMI Cable 1.5 L,HDMI Cable 1.5 L,4.46,45.41,202.53,,SOURCE_A
TXN-A-001087-L2173,TXN-A-001087,PRD-0108,PC-NEX0108,2000000010809,NEXUS Spatula Set 500 MG,Spatula Set 500 MG,4.85,103.62,502.56,,SOURCE_A
TXN-A-001088-L2175,TXN-A-001088,PRD-0111,PC-NEX0111,2000000011103,NEXUS Storage Container 500 G,Storage Container 500 G,2.61,61.14,159.58,,SOURCE_A
TXN-A-001089-L2177,TXN-A-001089,PRD-0091,PC-ZEN0091,2000000009100,ZENITH Hair Gel 1.5 L,Hair Gel 1.5 L,3.16,87.74,277.26,,SOURCE_A
TXN-A-001090-L2179,TXN-A-001090,PRD-0145,PC-ZEN0145,2000000014500,ZENITH Screwdriver Set 10 W,Screwdriver Set 10 W,9.94,31.94,317.48,,SOURCE_A
TXN-A-001091-L2181,TXN-A-001091,PRD-0131,PC-AUR0131,2000000013107,AURORA Ruler Set 60 CM,Ruler Set 60 CM,4.11,15.08,61.98,,SOURCE_A
TXN-A-001092-L2183,TXN-A-001092,PRD-0010,PC-ZEN0010,2000000001005,ZENITH Laundry Detergent 1.5 V,Laundry Detergent 1.5 V,6.1,25.3,154.33,,SOURCE_A
TXN-A-001093-L2185,TXN-A-001093,PRD-0045,PC-NEX0045,2000000004501,NEXUS Whiteboard Marker 45 CM,Whiteboard Marker 45 CM,6.88,29.55,203.3,,SOURCE_A
TXN-A-001094-L2187,TXN-A-001094,PRD-0049,PC-ZEN0049,2000000004907,ZENITH USB Cable 1 KG,USB Cable 1 KG,7.83,50.47,395.18,,SOURCE_A
TXN-A-001095-L2189,TXN-A-001095,PRD-0120,PC-NEX0120,2000000012001,NEXUS Peeler 30 CM,Peeler 30 CM,9.29,95.85,890.45,,SOURCE_A
TXN-A-001096-L2191,TXN-A-001096,PRD-0041,PC-AUR0041,2000000004105,AURORA File Folder Pack 9 V,File Folder Pack 9 V,8.35,59.18,494.15,,SOURCE_A
TXN-A-001097-L2193,TXN-A-001097,PRD-0050,PC-AUR0050,2000000005003,AURORA USB Cable 10000 MAH,USB Cable 10000 MAH,4.86,3.09,15.02,,SOURCE_A
TXN-A-001098-L2195,TXN-A-001098,PRD-0045,PC-NEX0045,2000000004501,NEXUS Whiteboard Marker 45 CM,Whiteboard Marker 45 CM,7.91,29.55,233.74,,SOURCE_A
TXN-A-001099-L2197,TXN-A-001099,PRD-0121,PC-ZEN0121,2000000012100,ZENITH Notebook 1 L,Notebook 1 L,9.24,21.42,197.92,,SOURCE_A
TXN-A-001100-L2199,TXN-A-001100,PRD-0016,PC-ZEN0016,2000000001609,ZENITH Surface Wipes 60 CM,Surface Wipes 60 CM,7.82,58.14,454.65,,SOURCE_A
TXN-A-001101-L2201,TXN-A-001101,PRD-0011,PC-AUR0011,2000000001104,AURORA Laundry Detergent 2000 MAH,Laundry Detergent 2000 MAH,4.31,97.97,422.25,,SOURCE_A
TXN-A-001102-L2203,TXN-A-001102,PRD-0013,PC-ZEN0013,2000000001302,ZENITH Fabric Softener 1 L,Fabric Softener 1 L,1.67,9.65,16.12,,SOURCE_A
TXN-A-001103-L2205,TXN-A-001103,PRD-0106,PC-ZEN0106,2000000010601,ZENITH Spatula Set 1 KG,Spatula Set 1 KG,9.74,23.7,230.84,,SOURCE_A
TXN-A-001104-L2207,TXN-A-001104,PRD-0014,PC-AUR0014,2000000001401,AURORA Fabric Softener 250 MG,Fabric Softener 250 MG,6.98,111.99,781.69,,SOURCE_A
TXN-A-001105-L2209,TXN-A-001105,PRD-0033,PC-NEX0033,2000000003306,NEXUS Binder Clip Box 45 CM,Binder Clip Box 45 CM,5.0,21.96,109.8,,SOURCE_A
TXN-A-001106-L2211,TXN-A-001106,PRD-0040,PC-ZEN0040,2000000004006,ZENITH File Folder Pack 750 ML,File Folder Pack 750 ML,1.71,112.35,192.12,,SOURCE_A
TXN-A-001107-L2213,TXN-A-001107,PRD-0025,PC-ZEN0025,2000000002507,ZENITH Ballpoint Pen 1 KG,Ballpoint Pen 1 KG,7.24,37.08,268.46,,SOURCE_A
TXN-A-001108-L2215,TXN-A-001108,PRD-0096,PC-NEX0096,2000000009605,NEXUS Lotion 1 KG,Lotion 1 KG,1.15,25.67,29.52,,SOURCE_A
TXN-A-001109-L2217,TXN-A-001109,PRD-0049,PC-ZEN0049,2000000004907,ZENITH USB Cable 1 KG,USB Cable 1 KG,4.65,50.47,234.69,,SOURCE_A
TXN-A-001110-L2219,TXN-A-001110,PRD-0013,PC-ZEN0013,2000000001302,ZENITH Fabric Softener 1 L,Fabric Softener 1 L,3.44,9.65,33.2,,SOURCE_A
TXN-A-001111-L2221,TXN-A-001111,PRD-0073,PC-ZEN0073,2000000007304,ZENITH Hand Soap 250 MG,Hand Soap 250 MG,5.56,22.6,125.66,,SOURCE_A
TXN-A-001112-L2223,TXN-A-001112,PRD-0017,PC-AUR0017,2000000001708,AURORA Surface Wipes 9 V,Surface Wipes 9 V,2.24,80.73,180.84,,SOURCE_A
TXN-A-001113-L2225,TXN-A-001113,PRD-0095,PC-AUR0095,2000000009506,AURORA Lotion 1 KG,Lotion 1 KG,9.18,117.25,1076.36,,SOURCE_A
TXN-A-001114-L2227,TXN-A-001114,PRD-0017,PC-AUR0017,2000000001708,AURORA Surface Wipes 9 V,Surface Wipes 9 V,7.88,80.73,636.15,,SOURCE_A
TXN-A-001115-L2229,TXN-A-001115,PRD-0073,PC-ZEN0073,2000000007304,ZENITH Hand Soap 250 MG,Hand Soap 250 MG,8.06,22.6,182.16,,SOURCE_A
TXN-A-001116-L2231,TXN-A-001116,PRD-0011,PC-AUR0011,2000000001104,AURORA Laundry Detergent 2000 MAH,Laundry Detergent 2000 MAH,7.99,97.97,782.78,,SOURCE_A
TXN-A-001117-L2233,TXN-A-001117,PRD-0056,PC-AUR0056,2000000005607,AURORA Phone Case 20 W,Phone Case 20 W,1.25,16.68,20.85,,SOURCE_A
TXN-A-001118-L2235,TXN-A-001118,PRD-0125,PC-AUR0125,2000000012506,AURORA Sketch Pad 1.5 V,Sketch Pad 1.5 V,6.74,102.96,693.95,,SOURCE_A
TXN-A-001119-L2237,TXN-A-001119,PRD-0124,PC-ZEN0124,2000000012407,ZENITH Sketch Pad 500 MG,Sketch Pad 500 MG,7.71,47.5,366.23,,SOURCE_A
TXN-A-001120-L2239,TXN-A-001120,PRD-0068,PC-AUR0068,2000000006802,AURORA HDMI Cable 10000 MAH,HDMI Cable 10000 MAH,4.51,38.83,175.12,,SOURCE_A
TXN-A-001121-L2241,TXN-A-001121,PRD-0128,PC-AUR0128,2000000012803,AURORA Colored Pencil Set 5 W,Colored Pencil Set 5 W,3.0,24.7,74.1,,SOURCE_A
TXN-A-001122-L2243,TXN-A-001122,PRD-0062,PC-AUR0062,2000000006208,AURORA Battery Pack 2000 MAH,Battery Pack 2000 MAH,2.65,70.05,185.63,,SOURCE_A
TXN-A-001123-L2245,TXN-A-001123,PRD-0071,PC-AUR0071,2000000007106,AURORA Mouse Pad 50 G,Mouse Pad 50 G,7.89,17.32,136.65,,SOURCE_A
TXN-A-001124-L2247,TXN-A-001124,PRD-0093,PC-NEX0093,2000000009308,NEXUS Hair Gel 10 W,Hair Gel 10 W,8.33,27.25,226.99,,SOURCE_A
TXN-A-001125-L2249,TXN-A-001125,PRD-0046,PC-ZEN0046,2000000004600,ZENITH Tape Dispenser 250 ML,Tape Dispenser 250 ML,6.0,27.78,166.68,,SOURCE_A
TXN-A-001126-L2251,TXN-A-001126,PRD-0076,PC-ZEN0076,2000000007601,ZENITH Shampoo 200 G,Shampoo 200 G,4.33,12.26,53.09,,SOURCE_A
TXN-A-001127-L2253,TXN-A-001127,PRD-0144,PC-NEX0144,2000000014401,NEXUS Marker Set 250 ML,Marker Set 250 ML,3.12,40.05,124.96,,SOURCE_A
TXN-A-001128-L2255,TXN-A-001128,PRD-0087,PC-NEX0087,2000000008707,NEXUS Deodorant 9 V,Deodorant 9 V,9.99,116.64,1165.23,,SOURCE_A
TXN-A-001129-L2257,TXN-A-001129,PRD-0016,PC-ZEN0016,2000000001609,ZENITH Surface Wipes 60 CM,Surface Wipes 60 CM,3.12,58.14,181.4,,SOURCE_A
TXN-A-001130-L2259,TXN-A-001130,PRD-0120,PC-NEX0120,2000000012001,NEXUS Peeler 30 CM,Peeler 30 CM,1.24,95.85,118.85,,SOURCE_A
TXN-A-001131-L2261,TXN-A-001131,PRD-0148,PC-ZEN0148,2000000014807,ZENITH Wrench Set 30 CM,Wrench Set 30 CM,2.71,116.97,316.99,,SOURCE_A
TXN-A-001132-L2263,TXN-A-001132,PRD-0024,PC-NEX0024,2000000002408,NEXUS Floor Polish 100 MG,Floor Polish 100 MG,3.47,75.71,262.71,,SOURCE_A
TXN-A-001133-L2265,TXN-A-001133,PRD-0037,PC-ZEN0037,2000000003702,ZENITH Desk Organizer 5 W,Desk Organizer 5 W,9.3,11.53,107.23,,SOURCE_A
TXN-A-001134-L2267,TXN-A-001134,PRD-0034,PC-ZEN0034,2000000003405,ZENITH Stapler 100 MG,Stapler 100 MG,6.95,79.94,555.58,,SOURCE_A
TXN-A-001135-L2269,TXN-A-001135,PRD-0086,PC-AUR0086,2000000008608,AURORA Deodorant 500 G,Deodorant 500 G,2.92,52.31,152.75,,SOURCE_A
TXN-A-001136-L2271,TXN-A-001136,PRD-0020,PC-AUR0020,2000000002002,AURORA Air Freshener 200 G,Air Freshener 200 G,9.52,104.22,992.17,,SOURCE_A
TXN-A-001137-L2273,TXN-A-001137,PRD-0051,PC-NEX0051,2000000005102,NEXUS USB Cable 500 MG,USB Cable 500 MG,9.41,94.26,886.99,,SOURCE_A
TXN-A-001138-L2275,TXN-A-001138,PRD-0103,PC-ZEN0103,2000000010304,ZENITH Measuring Cup 10000 MAH,Measuring Cup 10000 MAH,6.03,7.51,45.29,,SOURCE_A
TXN-A-001139-L2277,TXN-A-001139,PRD-0115,PC-ZEN0115,2000000011509,ZENITH Can Opener 2000 MAH,Can Opener 2000 MAH,2.5,64.41,161.02,,SOURCE_A
TXN-A-001140-L2279,TXN-A-001140,PRD-0033,PC-NEX0033,2000000003306,NEXUS Binder Clip Box 45 CM,Binder Clip Box 45 CM,4.89,21.96,107.38,,SOURCE_A
TXN-A-001141-L2281,TXN-A-001141,PRD-0013,PC-ZEN0013,2000000001302,ZENITH Fabric Softener 1 L,Fabric Softener 1 L,5.53,9.65,53.36,,SOURCE_A
TXN-A-001142-L2283,TXN-A-001142,PRD-0011,PC-AUR0011,2000000001104,AURORA Laundry Detergent 2000 MAH,Laundry Detergent 2000 MAH,5.5,97.97,538.84,,SOURCE_A
TXN-A-001143-L2285,TXN-A-001143,PRD-0110,PC-AUR0110,2000000011004,AURORA Storage Container 5 W,Storage Container 5 W,8.88,44.62,396.23,,SOURCE_A
TXN-A-001144-L2287,TXN-A-001144,PRD-0089,PC-AUR0089,2000000008905,AURORA Face Cream 500 ML,Face Cream 500 ML,6.1,50.06,305.37,,SOURCE_A
TXN-A-001145-L2289,TXN-A-001145,PRD-0082,PC-ZEN0082,2000000008202,ZENITH Toothpaste 500 MG,Toothpaste 500 MG,6.77,92.36,625.28,,SOURCE_A
TXN-A-001146-L2291,TXN-A-001146,PRD-0127,PC-ZEN0127,2000000012704,ZENITH Colored Pencil Set 50 G,Colored Pencil Set 50 G,9.94,57.94,575.92,,SOURCE_A
TXN-A-001147-L2293,TXN-A-001147,PRD-0128,PC-AUR0128,2000000012803,AURORA Colored Pencil Set 5 W,Colored Pencil Set 5 W,5.62,24.7,138.81,,SOURCE_A
TXN-A-001148-L2295,TXN-A-001148,PRD-0071,PC-AUR0071,2000000007106,AURORA Mouse Pad 50 G,Mouse Pad 50 G,2.9,17.32,50.23,,SOURCE_A
TXN-A-001149-L2297,TXN-A-001149,PRD-0065,PC-AUR0065,2000000006505,AURORA Charging Dock 3 V,Charging Dock 3 V,5.04,17.05,85.93,,SOURCE_A
TXN-A-001150-L2299,TXN-A-001150,PRD-0015,PC-NEX0015,2000000001500,NEXUS Fabric Softener 200 G,Fabric Softener 200 G,5.43,47.38,257.27,,SOURCE_A
TXN-A-001151-L2301,TXN-A-001151,PRD-0038,PC-AUR0038,2000000003801,AURORA Desk Organizer 2000 MAH,Desk Organizer 2000 MAH,8.98,28.05,251.89,,SOURCE_A
TXN-A-001152-L2303,TXN-A-001152,PRD-0026,PC-AUR0026,2000000002606,AURORA Ballpoint Pen 250 ML,Ballpoint Pen 250 ML,9.87,26.93,265.8,,SOURCE_A
TXN-A-001153-L2305,TXN-A-001153,PRD-0111,PC-NEX0111,2000000011103,NEXUS Storage Container 500 G,Storage Container 500 G,5.17,61.14,316.09,,SOURCE_A
TXN-A-001154-L2307,TXN-A-001154,PRD-0046,PC-ZEN0046,2000000004600,ZENITH Tape Dispenser 250 ML,Tape Dispenser 250 ML,5.0,27.78,138.9,,SOURCE_A
TXN-A-001155-L2309,TXN-A-001155,PRD-0063,PC-NEX0063,2000000006307,NEXUS Battery Pack 10 W,Battery Pack 10 W,3.54,96.31,340.94,,SOURCE_A
TXN-A-001156-L2311,TXN-A-001156,PRD-0133,PC-ZEN0133,2000000013305,ZENITH Glue Stick 250 MG,Glue Stick 250 MG,6.46,31.89,206.01,,SOURCE_A
TXN-A-001157-L2313,TXN-A-001157,PRD-0056,PC-AUR0056,2000000005607,AURORA Phone Case 20 W,Phone Case 20 W,8.2,16.68,136.78,,SOURCE_A
TXN-A-001158-L2315,TXN-A-001158,PRD-0064,PC-ZEN0064,2000000006406,ZENITH Charging Dock 15 W,Charging Dock 15 W,4.03,60.18,242.53,,SOURCE_A
TXN-A-001159-L2317,TXN-A-001159,PRD-0141,PC-NEX0141,2000000014104,NEXUS Eraser Pack 3 V,Eraser Pack 3 V,5.61,34.77,195.06,,SOURCE_A
TXN-A-001160-L2319,TXN-A-001160,PRD-0145,PC-ZEN0145,2000000014500,ZENITH Screwdriver Set 10 W,Screwdriver Set 10 W,3.38,31.94,107.96,,SOURCE_A
TXN-A-001161-L2321,TXN-A-001161,PRD-0131,PC-AUR0131,2000000013107,AURORA Ruler Set 60 CM,Ruler Set 60 CM,5.38,15.08,81.13,,SOURCE_A
TXN-A-001162-L2323,TXN-A-001162,PRD-0047,PC-AUR0047,2000000004709,AURORA Tape Dispenser 45 CM,Tape Dispenser 45 CM,3.71,2.08,7.72,,SOURCE_A
TXN-A-001163-L2325,TXN-A-001163,PRD-0061,PC-ZEN0061,2000000006109,ZENITH Battery Pack 200 G,Battery Pack 200 G,2.89,64.09,185.22,,SOURCE_A
TXN-A-001164-L2327,TXN-A-001164,PRD-0052,PC-ZEN0052,2000000005201,ZENITH Power Adapter 20 W,Power Adapter 20 W,4.14,45.35,187.75,,SOURCE_A
TXN-A-001165-L2329,TXN-A-001165,PRD-0138,PC-NEX0138,2000000013800,NEXUS Scissors 500 MG,Scissors 500 MG,5.6,96.35,539.56,,SOURCE_A
TXN-A-001166-L2331,TXN-A-001166,PRD-0109,PC-ZEN0109,2000000010908,ZENITH Storage Container 20 W,Storage Container 20 W,6.57,89.13,585.58,,SOURCE_A
TXN-A-001167-L2333,TXN-A-001167,PRD-0117,PC-NEX0117,2000000011707,NEXUS Can Opener 5 W,Can Opener 5 W,8.9,60.46,538.09,,SOURCE_A
TXN-A-001168-L2335,TXN-A-001168,PRD-0002,PC-AUR0002,2000000000206,AURORA All Purpose Cleaner 30 CM,All Purpose Cleaner 30 CM,4.54,44.72,203.03,,SOURCE_A
TXN-A-001169-L2337,TXN-A-001169,PRD-0010,PC-ZEN0010,2000000001005,ZENITH Laundry Detergent 1.5 V,Laundry Detergent 1.5 V,1.83,25.3,46.3,,SOURCE_A
TXN-A-001170-L2339,TXN-A-001170,PRD-0148,PC-ZEN0148,2000000014807,ZENITH Wrench Set 30 CM,Wrench Set 30 CM,1.4,116.97,163.76,,SOURCE_A
TXN-A-001171-L2341,TXN-A-001171,PRD-0060,PC-NEX0060,2000000006000,NEXUS Screen Protector 10 IN,Screen Protector 10 IN,4.23,85.32,360.9,,SOURCE_A
TXN-A-001172-L2343,TXN-A-001172,PRD-0093,PC-NEX0093,2000000009308,NEXUS Hair Gel 10 W,Hair Gel 10 W,4.13,27.25,112.54,,SOURCE_A
TXN-A-001173-L2345,TXN-A-001173,PRD-0071,PC-AUR0071,2000000007106,AURORA Mouse Pad 50 G,Mouse Pad 50 G,9.02,17.32,156.23,,SOURCE_A
TXN-A-001174-L2347,TXN-A-001174,PRD-0144,PC-NEX0144,2000000014401,NEXUS Marker Set 250 ML,Marker Set 250 ML,2.65,40.05,106.13,,SOURCE_A
TXN-A-001175-L2349,TXN-A-001175,PRD-0033,PC-NEX0033,2000000003306,NEXUS Binder Clip Box 45 CM,Binder Clip Box 45 CM,1.82,21.96,39.97,,SOURCE_A
TXN-A-001176-L2351,TXN-A-001176,PRD-0014,PC-AUR0014,2000000001401,AURORA Fabric Softener 250 MG,Fabric Softener 250 MG,9.33,111.99,1044.87,,SOURCE_A
TXN-A-001177-L2353,TXN-A-001177,PRD-0053,PC-AUR0053,2000000005300,AURORA Power Adapter 1 L,Power Adapter 1 L,1.74,43.8,76.21,,SOURCE_A
TXN-A-001178-L2355,TXN-A-001178,PRD-0046,PC-ZEN0046,2000000004600,ZENITH Tape Dispenser 250 ML,Tape Dispenser 250 ML,8.98,27.78,249.46,,SOURCE_A
TXN-A-001179-L2357,TXN-A-001179,PRD-0072,PC-NEX0072,2000000007205,NEXUS Mouse Pad 100 G,Mouse Pad 100 G,5.43,43.98,238.81,,SOURCE_A
TXN-A-001180-L2359,TXN-A-001180,PRD-0041,PC-AUR0041,2000000004105,AURORA File Folder Pack 9 V,File Folder Pack 9 V,3.53,59.18,208.91,,SOURCE_A
TXN-A-001181-L2361,TXN-A-001181,PRD-0136,PC-ZEN0136,2000000013602,ZENITH Scissors 3 V,Scissors 3 V,7.41,71.22,527.74,,SOURCE_A
TXN-A-001182-L2363,TXN-A-001182,PRD-0120,PC-NEX0120,2000000012001,NEXUS Peeler 30 CM,Peeler 30 CM,8.12,95.85,778.3,,SOURCE_A
TXN-A-001183-L2365,TXN-A-001183,PRD-0028,PC-ZEN0028,2000000002804,ZENITH Highlighter Set 500 ML,Highlighter Set 500 ML,9.74,113.36,1104.13,,SOURCE_A
TXN-A-001184-L2367,TXN-A-001184,PRD-0086,PC-AUR0086,2000000008608,AURORA Deodorant 500 G,Deodorant 500 G,6.28,52.31,328.51,,SOURCE_A
TXN-A-001185-L2369,TXN-A-001185,PRD-0128,PC-AUR0128,2000000012803,AURORA Colored Pencil Set 5 W,Colored Pencil Set 5 W,6.66,24.7,164.5,,SOURCE_A
TXN-A-001186-L2371,TXN-A-001186,PRD-0015,PC-NEX0015,2000000001500,NEXUS Fabric Softener 200 G,Fabric Softener 200 G,5.73,47.38,271.49,,SOURCE_A
TXN-A-001187-L2373,TXN-A-001187,PRD-0099,PC-NEX0099,2000000009902,NEXUS Cutting Board 500 ML,Cutting Board 500 ML,3.58,112.85,404.0,,SOURCE_A
TXN-A-001188-L2375,TXN-A-001188,PRD-0106,PC-ZEN0106,2000000010601,ZENITH Spatula Set 1 KG,Spatula Set 1 KG,3.12,23.7,73.94,,SOURCE_A
TXN-A-001189-L2377,TXN-A-001189,PRD-0085,PC-ZEN0085,2000000008509,ZENITH Deodorant 200 G,Deodorant 200 G,8.52,86.39,736.04,,SOURCE_A
TXN-A-001190-L2379,TXN-A-001190,PRD-0140,PC-AUR0140,2000000014005,AURORA Eraser Pack 2000 MAH,Eraser Pack 2000 MAH,8.36,111.85,935.07,,SOURCE_A
TXN-A-001191-L2381,TXN-A-001191,PRD-0136,PC-ZEN0136,2000000013602,ZENITH Scissors 3 V,Scissors 3 V,1.42,71.22,101.13,,SOURCE_A
TXN-A-001192-L2383,TXN-A-001192,PRD-0107,PC-AUR0107,2000000010700,AURORA Spatula Set 9 V,Spatula Set 9 V,2.59,5.81,15.05,,SOURCE_A
TXN-A-001193-L2385,TXN-A-001193,PRD-0052,PC-ZEN0052,2000000005201,ZENITH Power Adapter 20 W,Power Adapter 20 W,7.75,45.35,351.46,,SOURCE_A
TXN-A-001194-L2387,TXN-A-001194,PRD-0013,PC-ZEN0013,2000000001302,ZENITH Fabric Softener 1 L,Fabric Softener 1 L,7.38,9.65,71.22,,SOURCE_A
TXN-A-001195-L2389,TXN-A-001195,PRD-0115,PC-ZEN0115,2000000011509,ZENITH Can Opener 2000 MAH,Can Opener 2000 MAH,6.83,64.41,439.92,,SOURCE_A
TXN-A-001196-L2391,TXN-A-001196,PRD-0102,PC-NEX0102,2000000010205,NEXUS Mixing Bowl Set 15 W,Mixing Bowl Set 15 W,3.18,58.6,186.35,,SOURCE_A
TXN-A-001197-L2393,TXN-A-001197,PRD-0116,PC-AUR0116,2000000011608,AURORA Can Opener 500 MG,Can Opener 500 MG,3.32,80.59,267.56,,SOURCE_A
TXN-A-001198-L2395,TXN-A-001198,PRD-0110,PC-AUR0110,2000000011004,AURORA Storage Container 5 W,Storage Container 5 W,1.54,44.62,68.71,,SOURCE_A
TXN-A-001199-L2397,TXN-A-001199,PRD-0003,PC-NEX0003,2000000000305,NEXUS All Purpose Cleaner 250 ML,All Purpose Cleaner 250 ML,9.43,116.68,1100.29,,SOURCE_A
TXN-A-001200-L2399,TXN-A-001200,PRD-0025,PC-ZEN0025,2000000002507,ZENITH Ballpoint Pen 1 KG,Ballpoint Pen 1 KG,4.85,37.08,179.84,,SOURCE_A
TXN-A-001201-L2401,TXN-A-001201,PRD-0021,PC-NEX0021,2000000002101,NEXUS Air Freshener 30 CM,Air Freshener 30 CM,6.82,13.9,94.8,,SOURCE_A
TXN-A-001202-L2403,TXN-A-001202,PRD-0064,PC-ZEN0064,2000000006406,ZENITH Charging Dock 15 W,Charging Dock 15 W,1.61,60.18,96.89,,SOURCE_A
TXN-A-001203-L2405,TXN-A-001203,PRD-0089,PC-AUR0089,2000000008905,AURORA Face Cream 500 ML,Face Cream 500 ML,2.5,50.06,125.15,,SOURCE_A
TXN-A-001204-L2407,TXN-A-001204,PRD-0018,PC-NEX0018,2000000001807,NEXUS Surface Wipes 500 MG,Surface Wipes 500 MG,7.04,39.31,276.74,,SOURCE_A
TXN-A-001205-L2409,TXN-A-001205,PRD-0056,PC-AUR0056,2000000005607,AURORA Phone Case 20 W,Phone Case 20 W,7.05,16.68,117.59,,SOURCE_A
TXN-A-001206-L2411,TXN-A-001206,PRD-0031,PC-ZEN0031,2000000003108,ZENITH Binder Clip Box 3 V,Binder Clip Box 3 V,7.82,57.71,451.29,,SOURCE_A
TXN-A-001207-L2413,TXN-A-001207,PRD-0051,PC-NEX0051,2000000005102,NEXUS USB Cable 500 MG,USB Cable 500 MG,3.51,94.26,330.85,,SOURCE_A
TXN-A-001208-L2415,TXN-A-001208,PRD-0103,PC-ZEN0103,2000000010304,ZENITH Measuring Cup 10000 MAH,Measuring Cup 10000 MAH,9.69,7.51,72.77,,SOURCE_A
TXN-A-001209-L2417,TXN-A-001209,PRD-0005,PC-AUR0005,2000000000503,AURORA Glass Spray 500 G,Glass Spray 500 G,1.7,111.21,189.06,,SOURCE_A
TXN-A-001210-L2419,TXN-A-001210,PRD-0045,PC-NEX0045,2000000004501,NEXUS Whiteboard Marker 45 CM,Whiteboard Marker 45 CM,4.1,29.55,121.15,,SOURCE_A
TXN-A-001211-L2421,TXN-A-001211,PRD-0098,PC-AUR0098,2000000009803,AURORA Cutting Board 10 IN,Cutting Board 10 IN,8.53,17.09,145.78,,SOURCE_A
TXN-A-001212-L2423,TXN-A-001212,PRD-0018,PC-NEX0018,2000000001807,NEXUS Surface Wipes 500 MG,Surface Wipes 500 MG,2.73,39.31,107.32,,SOURCE_A
TXN-A-001213-L2425,TXN-A-001213,PRD-0121,PC-ZEN0121,2000000012100,ZENITH Notebook 1 L,Notebook 1 L,4.14,21.42,88.68,,SOURCE_A
TXN-A-001214-L2427,TXN-A-001214,PRD-0148,PC-ZEN0148,2000000014807,ZENITH Wrench Set 30 CM,Wrench Set 30 CM,9.47,116.97,1107.71,,SOURCE_A
TXN-A-001215-L2429,TXN-A-001215,PRD-0001,PC-ZEN0001,2000000000107,ZENITH All Purpose Cleaner 10 IN,All Purpose Cleaner 10 IN,9.01,34.59,311.66,,SOURCE_A
TXN-A-001216-L2431,TXN-A-001216,PRD-0055,PC-ZEN0055,2000000005508,ZENITH Phone Case 250 MG,Phone Case 250 MG,5.14,52.62,270.47,,SOURCE_A
TXN-A-001217-L2433,TXN-A-001217,PRD-0011,PC-AUR0011,2000000001104,AURORA Laundry Detergent 2000 MAH,Laundry Detergent 2000 MAH,6.1,97.97,597.62,,SOURCE_A
TXN-A-001218-L2435,TXN-A-001218,PRD-0003,PC-NEX0003,2000000000305,NEXUS All Purpose Cleaner 250 ML,All Purpose Cleaner 250 ML,1.1,116.68,128.35,,SOURCE_A
TXN-A-001219-L2437,TXN-A-001219,PRD-0117,PC-NEX0117,2000000011707,NEXUS Can Opener 5 W,Can Opener 5 W,2.25,60.46,136.03,,SOURCE_A
TXN-A-001220-L2439,TXN-A-001220,PRD-0036,PC-NEX0036,2000000003603,NEXUS Stapler 1.5 L,Stapler 1.5 L,3.62,113.16,409.64,,SOURCE_A
TXN-A-001221-L2441,TXN-A-001221,PRD-0149,PC-AUR0149,2000000014906,AURORA Wrench Set 45 CM,Wrench Set 45 CM,7.99,29.28,233.95,,SOURCE_A
TXN-A-001222-L2443,TXN-A-001222,PRD-0138,PC-NEX0138,2000000013800,NEXUS Scissors 500 MG,Scissors 500 MG,9.6,96.35,924.96,,SOURCE_A
TXN-A-001223-L2445,TXN-A-001223,PRD-0024,PC-NEX0024,2000000002408,NEXUS Floor Polish 100 MG,Floor Polish 100 MG,6.45,75.71,488.33,,SOURCE_A
TXN-A-001224-L2447,TXN-A-001224,PRD-0141,PC-NEX0141,2000000014104,NEXUS Eraser Pack 3 V,Eraser Pack 3 V,1.32,34.77,45.9,,SOURCE_A
TXN-A-001225-L2449,TXN-A-001225,PRD-0084,PC-NEX0084,2000000008400,NEXUS Toothpaste 15 W,Toothpaste 15 W,2.09,33.06,69.1,,SOURCE_A
TXN-A-001226-L2451,TXN-A-001226,PRD-0020,PC-AUR0020,2000000002002,AURORA Air Freshener 200 G,Air Freshener 200 G,3.88,104.22,404.37,,SOURCE_A
TXN-A-001227-L2453,TXN-A-001227,PRD-0108,PC-NEX0108,2000000010809,NEXUS Spatula Set 500 MG,Spatula Set 500 MG,9.67,103.62,1002.01,,SOURCE_A
TXN-A-001228-L2455,TXN-A-001228,PRD-0079,PC-ZEN0079,2000000007908,ZENITH Body Wash 200 G,Body Wash 200 G,4.64,74.3,344.75,,SOURCE_A
TXN-A-001229-L2457,TXN-A-001229,PRD-0003,PC-NEX0003,2000000000305,NEXUS All Purpose Cleaner 250 ML,All Purpose Cleaner 250 ML,6.64,116.68,774.76,,SOURCE_A
TXN-A-001230-L2459,TXN-A-001230,PRD-0011,PC-AUR0011,2000000001104,AURORA Laundry Detergent 2000 MAH,Laundry Detergent 2000 MAH,1.75,97.97,171.45,,SOURCE_A
TXN-A-001231-L2461,TXN-A-001231,PRD-0130,PC-ZEN0130,2000000013008,ZENITH Ruler Set 45 CM,Ruler Set 45 CM,2.51,90.87,228.08,,SOURCE_A
TXN-A-001232-L2463,TXN-A-001232,PRD-0110,PC-AUR0110,2000000011004,AURORA Storage Container 5 W,Storage Container 5 W,5.56,44.62,248.09,,SOURCE_A
TXN-A-001233-L2465,TXN-A-001233,PRD-0070,PC-ZEN0070,2000000007007,ZENITH Mouse Pad 200 G,Mouse Pad 200 G,7.47,113.79,850.01,,SOURCE_A
TXN-A-001234-L2467,TXN-A-001234,PRD-0047,PC-AUR0047,2000000004709,AURORA Tape Dispenser 45 CM,Tape Dispenser 45 CM,5.81,2.08,12.08,,SOURCE_A
TXN-A-001235-L2469,TXN-A-001235,PRD-0062,PC-AUR0062,2000000006208,AURORA Battery Pack 2000 MAH,Battery Pack 2000 MAH,7.74,70.05,542.19,,SOURCE_A
TXN-A-001236-L2471,TXN-A-001236,PRD-0119,PC-AUR0119,2000000011905,AURORA Peeler 100 MG,Peeler 100 MG,4.06,13.3,54.0,,SOURCE_A
TXN-A-001237-L2473,TXN-A-001237,PRD-0106,PC-ZEN0106,2000000010601,ZENITH Spatula Set 1 KG,Spatula Set 1 KG,3.37,23.7,79.87,,SOURCE_A
TXN-A-001238-L2475,TXN-A-001238,PRD-0040,PC-ZEN0040,2000000004006,ZENITH File Folder Pack 750 ML,File Folder Pack 750 ML,7.94,112.35,892.06,,SOURCE_A
TXN-A-001239-L2477,TXN-A-001239,PRD-0093,PC-NEX0093,2000000009308,NEXUS Hair Gel 10 W,Hair Gel 10 W,7.99,27.25,217.73,,SOURCE_A
TXN-A-001240-L2479,TXN-A-001240,PRD-0140,PC-AUR0140,2000000014005,AURORA Eraser Pack 2000 MAH,Eraser Pack 2000 MAH,1.52,111.85,170.01,,SOURCE_A
TXN-A-001241-L2481,TXN-A-001241,PRD-0029,PC-AUR0029,2000000002903,AURORA Highlighter Set 9 V,Highlighter Set 9 V,1.43,26.14,37.38,,SOURCE_A
TXN-A-001242-L2483,TXN-A-001242,PRD-0140,PC-AUR0140,2000000014005,AURORA Eraser Pack 2000 MAH,Eraser Pack 2000 MAH,7.18,111.85,803.08,,SOURCE_A
TXN-A-001243-L2485,TXN-A-001243,PRD-0079,PC-ZEN0079,2000000007908,ZENITH Body Wash 200 G,Body Wash 200 G,9.32,74.3,692.48,,SOURCE_A
TXN-A-001244-L2487,TXN-A-001244,PRD-0035,PC-AUR0035,2000000003504,AURORA Stapler 10 W,Stapler 10 W,1.96,17.34,33.99,,SOURCE_A
TXN-A-001245-L2489,TXN-A-001245,PRD-0076,PC-ZEN0076,2000000007601,ZENITH Shampoo 200 G,Shampoo 200 G,8.5,12.26,104.21,,SOURCE_A
TXN-A-001246-L2491,TXN-A-001246,PRD-0143,PC-AUR0143,2000000014302,AURORA Marker Set 10 IN,Marker Set 10 IN,5.24,13.47,70.58,,SOURCE_A
TXN-A-001247-L2493,TXN-A-001247,PRD-0100,PC-ZEN0100,2000000010007,ZENITH Mixing Bowl Set 250 ML,Mixing Bowl Set 250 ML,5.37,63.15,339.12,,SOURCE_A
TXN-A-001248-L2495,TXN-A-001248,PRD-0068,PC-AUR0068,2000000006802,AURORA HDMI Cable 10000 MAH,HDMI Cable 10000 MAH,2.23,38.83,86.59,,SOURCE_A
TXN-A-001249-L2497,TXN-A-001249,PRD-0149,PC-AUR0149,2000000014906,AURORA Wrench Set 45 CM,Wrench Set 45 CM,6.63,29.28,194.13,,SOURCE_A
TXN-A-001250-L2499,TXN-A-001250,PRD-0010,PC-ZEN0010,2000000001005,ZENITH Laundry Detergent 1.5 V,Laundry Detergent 1.5 V,6.86,25.3,173.56,,SOURCE_A
TXN-A-001251-L2501,TXN-A-001251,PRD-0115,PC-ZEN0115,2000000011509,ZENITH Can Opener 2000 MAH,Can Opener 2000 MAH,1.28,64.41,82.44,,SOURCE_A
TXN-A-001252-L2503,TXN-A-001252,PRD-0093,PC-NEX0093,2000000009308,NEXUS Hair Gel 10 W,Hair Gel 10 W,1.53,27.25,41.69,,SOURCE_A
TXN-A-001253-L2505,TXN-A-001253,PRD-0058,PC-ZEN0058,2000000005805,ZENITH Screen Protector 3 V,Screen Protector 3 V,1.77,72.97,129.16,,SOURCE_A
TXN-A-001254-L2507,TXN-A-001254,PRD-0137,PC-AUR0137,2000000013701,AURORA Scissors 100 MG,Scissors 100 MG,6.93,94.03,651.63,,SOURCE_A
TXN-A-001255-L2509,TXN-A-001255,PRD-0001,PC-ZEN0001,2000000000107,ZENITH All Purpose Cleaner 10 IN,All Purpose Cleaner 10 IN,3.96,34.59,136.98,,SOURCE_A
TXN-A-001256-L2511,TXN-A-001256,PRD-0035,PC-AUR0035,2000000003504,AURORA Stapler 10 W,Stapler 10 W,5.54,17.34,96.06,,SOURCE_A
TXN-A-001257-L2513,TXN-A-001257,PRD-0064,PC-ZEN0064,2000000006406,ZENITH Charging Dock 15 W,Charging Dock 15 W,4.52,60.18,272.01,,SOURCE_A
TXN-A-001258-L2515,TXN-A-001258,PRD-0061,PC-ZEN0061,2000000006109,ZENITH Battery Pack 200 G,Battery Pack 200 G,4.16,64.09,266.61,,SOURCE_A
TXN-A-001259-L2517,TXN-A-001259,PRD-0043,PC-ZEN0043,2000000004303,ZENITH Whiteboard Marker 20 W,Whiteboard Marker 20 W,6.87,56.59,388.77,,SOURCE_A
TXN-A-001260-L2519,TXN-A-001260,PRD-0096,PC-NEX0096,2000000009605,NEXUS Lotion 1 KG,Lotion 1 KG,8.23,25.67,211.26,,SOURCE_A
TXN-A-001261-L2521,TXN-A-001261,PRD-0143,PC-AUR0143,2000000014302,AURORA Marker Set 10 IN,Marker Set 10 IN,4.37,13.47,58.86,,SOURCE_A
TXN-A-001262-L2523,TXN-A-001262,PRD-0035,PC-AUR0035,2000000003504,AURORA Stapler 10 W,Stapler 10 W,9.87,17.34,171.15,,SOURCE_A
TXN-A-001263-L2525,TXN-A-001263,PRD-0100,PC-ZEN0100,2000000010007,ZENITH Mixing Bowl Set 250 ML,Mixing Bowl Set 250 ML,2.26,63.15,142.72,,SOURCE_A
TXN-A-001264-L2527,TXN-A-001264,PRD-0107,PC-AUR0107,2000000010700,AURORA Spatula Set 9 V,Spatula Set 9 V,1.52,5.81,8.83,,SOURCE_A
TXN-A-001265-L2529,TXN-A-001265,PRD-0045,PC-NEX0045,2000000004501,NEXUS Whiteboard Marker 45 CM,Whiteboard Marker 45 CM,6.8,29.55,200.94,,SOURCE_A
TXN-A-001266-L2531,TXN-A-001266,PRD-0068,PC-AUR0068,2000000006802,AURORA HDMI Cable 10000 MAH,HDMI Cable 10000 MAH,3.58,38.83,139.01,,SOURCE_A
TXN-A-001267-L2533,TXN-A-001267,PRD-0108,PC-NEX0108,2000000010809,NEXUS Spatula Set 500 MG,Spatula Set 500 MG,5.78,103.62,598.92,,SOURCE_A
TXN-A-001268-L2535,TXN-A-001268,PRD-0032,PC-AUR0032,2000000003207,AURORA Binder Clip Box 3 V,Binder Clip Box 3 V,1.35,78.97,106.61,,SOURCE_A
TXN-A-001269-L2537,TXN-A-001269,PRD-0069,PC-NEX0069,2000000006901,NEXUS HDMI Cable 1.5 L,HDMI Cable 1.5 L,6.75,45.41,306.52,,SOURCE_A
TXN-A-001270-L2539,TXN-A-001270,PRD-0061,PC-ZEN0061,2000000006109,ZENITH Battery Pack 200 G,Battery Pack 200 G,9.33,64.09,597.96,,SOURCE_A
TXN-A-001271-L2541,TXN-A-001271,PRD-0118,PC-ZEN0118,2000000011806,ZENITH Peeler 750 ML,Peeler 750 ML,5.77,28.05,161.85,,SOURCE_A
TXN-A-001272-L2543,TXN-A-001272,PRD-0018,PC-NEX0018,2000000001807,NEXUS Surface Wipes 500 MG,Surface Wipes 500 MG,3.99,39.31,156.85,,SOURCE_A
TXN-A-001273-L2545,TXN-A-001273,PRD-0088,PC-ZEN0088,2000000008806,ZENITH Face Cream 30 CM,Face Cream 30 CM,6.98,2.66,18.57,,SOURCE_A
TXN-A-001274-L2547,TXN-A-001274,PRD-0033,PC-NEX0033,2000000003306,NEXUS Binder Clip Box 45 CM,Binder Clip Box 45 CM,7.81,21.96,171.51,,SOURCE_A
TXN-A-001275-L2549,TXN-A-001275,PRD-0083,PC-AUR0083,2000000008301,AURORA Toothpaste 3 V,Toothpaste 3 V,8.15,47.14,384.19,,SOURCE_A
TXN-A-001276-L2551,TXN-A-001276,PRD-0102,PC-NEX0102,2000000010205,NEXUS Mixing Bowl Set 15 W,Mixing Bowl Set 15 W,1.7,58.6,99.62,,SOURCE_A
TXN-A-001277-L2553,TXN-A-001277,PRD-0112,PC-ZEN0112,2000000011202,ZENITH Kitchen Towel 30 CM,Kitchen Towel 30 CM,3.33,100.54,334.8,,SOURCE_A
TXN-A-001278-L2555,TXN-A-001278,PRD-0022,PC-ZEN0022,2000000002200,ZENITH Floor Polish 2000 MAH,Floor Polish 2000 MAH,5.2,5.92,30.78,,SOURCE_A
TXN-A-001279-L2557,TXN-A-001279,PRD-0046,PC-ZEN0046,2000000004600,ZENITH Tape Dispenser 250 ML,Tape Dispenser 250 ML,4.68,27.78,130.01,,SOURCE_A
TXN-A-001280-L2559,TXN-A-001280,PRD-0081,PC-NEX0081,2000000008103,NEXUS Body Wash 500 G,Body Wash 500 G,6.45,56.38,363.65,,SOURCE_A
TXN-A-001281-L2561,TXN-A-001281,PRD-0141,PC-NEX0141,2000000014104,NEXUS Eraser Pack 3 V,Eraser Pack 3 V,7.94,34.77,276.07,,SOURCE_A
TXN-A-001282-L2563,TXN-A-001282,PRD-0089,PC-AUR0089,2000000008905,AURORA Face Cream 500 ML,Face Cream 500 ML,2.67,50.06,133.66,,SOURCE_A
TXN-A-001283-L2565,TXN-A-001283,PRD-0084,PC-NEX0084,2000000008400,NEXUS Toothpaste 15 W,Toothpaste 15 W,3.5,33.06,115.71,,SOURCE_A
TXN-A-001284-L2567,TXN-A-001284,PRD-0084,PC-NEX0084,2000000008400,NEXUS Toothpaste 15 W,Toothpaste 15 W,2.85,33.06,94.22,,SOURCE_A
TXN-A-001285-L2569,TXN-A-001285,PRD-0033,PC-NEX0033,2000000003306,NEXUS Binder Clip Box 45 CM,Binder Clip Box 45 CM,1.13,21.96,24.81,,SOURCE_A
TXN-A-001286-L2571,TXN-A-001286,PRD-0029,PC-AUR0029,2000000002903,AURORA Highlighter Set 9 V,Highlighter Set 9 V,1.39,26.14,36.33,,SOURCE_A
TXN-A-001287-L2573,TXN-A-001287,PRD-0008,PC-AUR0008,2000000000800,AURORA Dish Liquid 10000 MAH,Dish Liquid 10000 MAH,5.79,111.86,647.67,,SOURCE_A
TXN-A-001288-L2575,TXN-A-001288,PRD-0140,PC-AUR0140,2000000014005,AURORA Eraser Pack 2000 MAH,Eraser Pack 2000 MAH,9.13,111.85,1021.19,,SOURCE_A
TXN-A-001289-L2577,TXN-A-001289,PRD-0055,PC-ZEN0055,2000000005508,ZENITH Phone Case 250 MG,Phone Case 250 MG,7.72,52.62,406.23,,SOURCE_A
TXN-A-001290-L2579,TXN-A-001290,PRD-0077,PC-AUR0077,2000000007700,AURORA Shampoo 1 KG,Shampoo 1 KG,7.34,106.6,782.44,,SOURCE_A
TXN-A-001291-L2581,TXN-A-001291,PRD-0064,PC-ZEN0064,2000000006406,ZENITH Charging Dock 15 W,Charging Dock 15 W,6.23,60.18,374.92,,SOURCE_A
TXN-A-001292-L2583,TXN-A-001292,PRD-0042,PC-NEX0042,2000000004204,NEXUS File Folder Pack 500 G,File Folder Pack 500 G,1.89,68.11,128.73,,SOURCE_A
TXN-A-001293-L2585,TXN-A-001293,PRD-0001,PC-ZEN0001,2000000000107,ZENITH All Purpose Cleaner 10 IN,All Purpose Cleaner 10 IN,1.99,34.59,68.83,,SOURCE_A
TXN-A-001294-L2587,TXN-A-001294,PRD-0144,PC-NEX0144,2000000014401,NEXUS Marker Set 250 ML,Marker Set 250 ML,7.43,40.05,297.57,,SOURCE_A
TXN-A-001295-L2589,TXN-A-001295,PRD-0076,PC-ZEN0076,2000000007601,ZENITH Shampoo 200 G,Shampoo 200 G,8.25,12.26,101.14,,SOURCE_A
TXN-A-001296-L2591,TXN-A-001296,PRD-0076,PC-ZEN0076,2000000007601,ZENITH Shampoo 200 G,Shampoo 200 G,9.7,12.26,118.92,,SOURCE_A
TXN-A-001297-L2593,TXN-A-001297,PRD-0099,PC-NEX0099,2000000009902,NEXUS Cutting Board 500 ML,Cutting Board 500 ML,4.33,112.85,488.64,,SOURCE_A
TXN-A-001298-L2595,TXN-A-001298,PRD-0017,PC-AUR0017,2000000001708,AURORA Surface Wipes 9 V,Surface Wipes 9 V,6.08,80.73,490.84,,SOURCE_A
TXN-A-001299-L2597,TXN-A-001299,PRD-0125,PC-AUR0125,2000000012506,AURORA Sketch Pad 1.5 V,Sketch Pad 1.5 V,9.06,102.96,932.82,,SOURCE_A
TXN-A-001300-L2599,TXN-A-001300,PRD-0023,PC-AUR0023,2000000002309,AURORA Floor Polish 100 MG,Floor Polish 100 MG,1.85,52.05,96.29,,SOURCE_A
TXN-A-001301-L2601,TXN-A-001301,PRD-0064,PC-ZEN0064,2000000006406,ZENITH Charging Dock 15 W,Charging Dock 15 W,5.36,60.18,322.56,,SOURCE_A
TXN-A-001302-L2603,TXN-A-001302,PRD-0108,PC-NEX0108,2000000010809,NEXUS Spatula Set 500 MG,Spatula Set 500 MG,9.06,103.62,938.8,,SOURCE_A
TXN-A-001303-L2605,TXN-A-001303,PRD-0095,PC-AUR0095,2000000009506,AURORA Lotion 1 KG,Lotion 1 KG,9.15,117.25,1072.84,,SOURCE_A
TXN-A-001304-L2607,TXN-A-001304,PRD-0080,PC-AUR0080,2000000008004,AURORA Body Wash 500 MG,Body Wash 500 MG,6.19,11.65,72.11,,SOURCE_A
TXN-A-001305-L2609,TXN-A-001305,PRD-0044,PC-AUR0044,2000000004402,AURORA Whiteboard Marker 12 IN,Whiteboard Marker 12 IN,4.25,38.93,165.45,,SOURCE_A
TXN-A-001306-L2611,TXN-A-001306,PRD-0021,PC-NEX0021,2000000002101,NEXUS Air Freshener 30 CM,Air Freshener 30 CM,7.56,13.9,105.08,,SOURCE_A
TXN-A-001307-L2613,TXN-A-001307,PRD-0116,PC-AUR0116,2000000011608,AURORA Can Opener 500 MG,Can Opener 500 MG,3.74,80.59,301.41,,SOURCE_A
TXN-A-001308-L2615,TXN-A-001308,PRD-0014,PC-AUR0014,2000000001401,AURORA Fabric Softener 250 MG,Fabric Softener 250 MG,7.43,111.99,832.09,,SOURCE_A
TXN-A-001309-L2617,TXN-A-001309,PRD-0009,PC-NEX0009,2000000000909,NEXUS Dish Liquid 10 W,Dish Liquid 10 W,4.05,102.05,413.3,,SOURCE_A
TXN-A-001310-L2619,TXN-A-001310,PRD-0149,PC-AUR0149,2000000014906,AURORA Wrench Set 45 CM,Wrench Set 45 CM,2.28,29.28,66.76,,SOURCE_A
TXN-A-001311-L2621,TXN-A-001311,PRD-0139,PC-ZEN0139,2000000013909,ZENITH Eraser Pack 500 G,Eraser Pack 500 G,8.91,45.39,404.42,,SOURCE_A
TXN-A-001312-L2623,TXN-A-001312,PRD-0091,PC-ZEN0091,2000000009100,ZENITH Hair Gel 1.5 L,Hair Gel 1.5 L,8.26,87.74,724.73,,SOURCE_A
TXN-A-001313-L2625,TXN-A-001313,PRD-0084,PC-NEX0084,2000000008400,NEXUS Toothpaste 15 W,Toothpaste 15 W,8.35,33.06,276.05,,SOURCE_A
TXN-A-001314-L2627,TXN-A-001314,PRD-0013,PC-ZEN0013,2000000001302,ZENITH Fabric Softener 1 L,Fabric Softener 1 L,7.27,9.65,70.16,,SOURCE_A
TXN-A-001315-L2629,TXN-A-001315,PRD-0072,PC-NEX0072,2000000007205,NEXUS Mouse Pad 100 G,Mouse Pad 100 G,9.95,43.98,437.6,,SOURCE_A
TXN-A-001316-L2631,TXN-A-001316,PRD-0085,PC-ZEN0085,2000000008509,ZENITH Deodorant 200 G,Deodorant 200 G,3.04,86.39,262.63,,SOURCE_A
TXN-A-001317-L2633,TXN-A-001317,PRD-0055,PC-ZEN0055,2000000005508,ZENITH Phone Case 250 MG,Phone Case 250 MG,8.04,52.62,423.06,,SOURCE_A
TXN-A-001318-L2635,TXN-A-001318,PRD-0141,PC-NEX0141,2000000014104,NEXUS Eraser Pack 3 V,Eraser Pack 3 V,3.46,34.77,120.3,,SOURCE_A
TXN-A-001319-L2637,TXN-A-001319,PRD-0004,PC-ZEN0004,2000000000404,ZENITH Glass Spray 750 ML,Glass Spray 750 ML,5.05,100.37,506.87,,SOURCE_A
TXN-A-001320-L2639,TXN-A-001320,PRD-0080,PC-AUR0080,2000000008004,AURORA Body Wash 500 MG,Body Wash 500 MG,3.12,11.65,36.35,,SOURCE_A
TXN-A-001321-L2641,TXN-A-001321,PRD-0007,PC-ZEN0007,2000000000701,ZENITH Dish Liquid 5000 MAH,Dish Liquid 5000 MAH,9.23,57.78,533.31,,SOURCE_A
TXN-A-001322-L2643,TXN-A-001322,PRD-0100,PC-ZEN0100,2000000010007,ZENITH Mixing Bowl Set 250 ML,Mixing Bowl Set 250 ML,4.1,63.15,258.91,,SOURCE_A
TXN-A-001323-L2645,TXN-A-001323,PRD-0090,PC-NEX0090,2000000009001,NEXUS Face Cream 100 MG,Face Cream 100 MG,9.34,20.0,186.8,,SOURCE_A
TXN-A-001324-L2647,TXN-A-001324,PRD-0018,PC-NEX0018,2000000001807,NEXUS Surface Wipes 500 MG,Surface Wipes 500 MG,8.39,39.31,329.81,,SOURCE_A
TXN-A-001325-L2649,TXN-A-001325,PRD-0062,PC-AUR0062,2000000006208,AURORA Battery Pack 2000 MAH,Battery Pack 2000 MAH,8.92,70.05,624.85,,SOURCE_A
TXN-A-001326-L2651,TXN-A-001326,PRD-0026,PC-AUR0026,2000000002606,AURORA Ballpoint Pen 250 ML,Ballpoint Pen 250 ML,7.13,26.93,192.01,,SOURCE_A
TXN-A-001327-L2653,TXN-A-001327,PRD-0130,PC-ZEN0130,2000000013008,ZENITH Ruler Set 45 CM,Ruler Set 45 CM,3.16,90.87,287.15,,SOURCE_A
TXN-A-001328-L2655,TXN-A-001328,PRD-0119,PC-AUR0119,2000000011905,AURORA Peeler 100 MG,Peeler 100 MG,5.93,13.3,78.87,,SOURCE_A
TXN-A-001329-L2657,TXN-A-001329,PRD-0116,PC-AUR0116,2000000011608,AURORA Can Opener 500 MG,Can Opener 500 MG,5.19,80.59,418.26,,SOURCE_A
TXN-A-001330-L2659,TXN-A-001330,PRD-0146,PC-AUR0146,2000000014609,AURORA Screwdriver Set 500 ML,Screwdriver Set 500 ML,8.34,91.46,762.78,,SOURCE_A
TXN-A-001331-L2661,TXN-A-001331,PRD-0096,PC-NEX0096,2000000009605,NEXUS Lotion 1 KG,Lotion 1 KG,2.59,25.67,66.49,,SOURCE_A
TXN-A-001332-L2663,TXN-A-001332,PRD-0047,PC-AUR0047,2000000004709,AURORA Tape Dispenser 45 CM,Tape Dispenser 45 CM,6.25,2.08,13.0,,SOURCE_A
TXN-A-001333-L2665,TXN-A-001333,PRD-0036,PC-NEX0036,2000000003603,NEXUS Stapler 1.5 L,Stapler 1.5 L,6.61,113.16,747.99,,SOURCE_A
TXN-A-001334-L2667,TXN-A-001334,PRD-0123,PC-NEX0123,2000000012308,NEXUS Notebook 3 V,Notebook 3 V,5.03,15.38,77.36,,SOURCE_A
TXN-A-001335-L2669,TXN-A-001335,PRD-0017,PC-AUR0017,2000000001708,AURORA Surface Wipes 9 V,Surface Wipes 9 V,1.57,80.73,126.75,,SOURCE_A
TXN-A-001336-L2671,TXN-A-001336,PRD-0122,PC-AUR0122,2000000012209,AURORA Notebook 5000 MAH,Notebook 5000 MAH,7.14,31.9,227.77,,SOURCE_A
TXN-A-001337-L2673,TXN-A-001337,PRD-0104,PC-AUR0104,2000000010403,AURORA Measuring Cup 10000 MAH,Measuring Cup 10000 MAH,1.48,68.42,101.26,,SOURCE_A
TXN-A-001338-L2675,TXN-A-001338,PRD-0011,PC-AUR0011,2000000001104,AURORA Laundry Detergent 2000 MAH,Laundry Detergent 2000 MAH,8.28,97.97,811.19,,SOURCE_A
TXN-A-001339-L2677,TXN-A-001339,PRD-0045,PC-NEX0045,2000000004501,NEXUS Whiteboard Marker 45 CM,Whiteboard Marker 45 CM,5.81,29.55,171.69,,SOURCE_A
TXN-A-001340-L2679,TXN-A-001340,PRD-0037,PC-ZEN0037,2000000003702,ZENITH Desk Organizer 5 W,Desk Organizer 5 W,1.91,11.53,22.02,,SOURCE_A
TXN-A-001341-L2681,TXN-A-001341,PRD-0079,PC-ZEN0079,2000000007908,ZENITH Body Wash 200 G,Body Wash 200 G,5.9,74.3,438.37,,SOURCE_A
TXN-A-001342-L2683,TXN-A-001342,PRD-0063,PC-NEX0063,2000000006307,NEXUS Battery Pack 10 W,Battery Pack 10 W,8.28,96.31,797.45,,SOURCE_A
TXN-A-001343-L2685,TXN-A-001343,PRD-0136,PC-ZEN0136,2000000013602,ZENITH Scissors 3 V,Scissors 3 V,1.02,71.22,72.64,,SOURCE_A
TXN-A-001344-L2687,TXN-A-001344,PRD-0027,PC-NEX0027,2000000002705,NEXUS Ballpoint Pen 500 ML,Ballpoint Pen 500 ML,4.85,49.53,240.22,,SOURCE_A
TXN-A-001345-L2689,TXN-A-001345,PRD-0095,PC-AUR0095,2000000009506,AURORA Lotion 1 KG,Lotion 1 KG,6.6,117.25,773.85,,SOURCE_A
TXN-A-001346-L2691,TXN-A-001346,PRD-0007,PC-ZEN0007,2000000000701,ZENITH Dish Liquid 5000 MAH,Dish Liquid 5000 MAH,7.56,57.78,436.82,,SOURCE_A
TXN-A-001347-L2693,TXN-A-001347,PRD-0069,PC-NEX0069,2000000006901,NEXUS HDMI Cable 1.5 L,HDMI Cable 1.5 L,4.52,45.41,205.25,,SOURCE_A
TXN-A-001348-L2695,TXN-A-001348,PRD-0027,PC-NEX0027,2000000002705,NEXUS Ballpoint Pen 500 ML,Ballpoint Pen 500 ML,5.6,49.53,277.37,,SOURCE_A
TXN-A-001349-L2697,TXN-A-001349,PRD-0057,PC-NEX0057,2000000005706,NEXUS Phone Case 1 L,Phone Case 1 L,4.24,31.73,134.54,,SOURCE_A
TXN-A-001350-L2699,TXN-A-001350,PRD-0078,PC-NEX0078,2000000007809,NEXUS Shampoo 500 ML,Shampoo 500 ML,7.08,118.47,838.77,,SOURCE_A
TXN-A-001351-L2701,TXN-A-001351,PRD-0038,PC-AUR0038,2000000003801,AURORA Desk Organizer 2000 MAH,Desk Organizer 2000 MAH,3.35,28.05,93.97,,SOURCE_A
TXN-A-001352-L2703,TXN-A-001352,PRD-0098,PC-AUR0098,2000000009803,AURORA Cutting Board 10 IN,Cutting Board 10 IN,9.94,17.09,169.87,,SOURCE_A
TXN-A-001353-L2705,TXN-A-001353,PRD-0128,PC-AUR0128,2000000012803,AURORA Colored Pencil Set 5 W,Colored Pencil Set 5 W,7.77,24.7,191.92,,SOURCE_A
TXN-A-001354-L2707,TXN-A-001354,PRD-0068,PC-AUR0068,2000000006802,AURORA HDMI Cable 10000 MAH,HDMI Cable 10000 MAH,2.44,38.83,94.75,,SOURCE_A
TXN-A-001355-L2709,TXN-A-001355,PRD-0092,PC-AUR0092,2000000009209,AURORA Hair Gel 100 MG,Hair Gel 100 MG,8.4,64.67,543.23,,SOURCE_A
TXN-A-001356-L2711,TXN-A-001356,PRD-0007,PC-ZEN0007,2000000000701,ZENITH Dish Liquid 5000 MAH,Dish Liquid 5000 MAH,6.94,57.78,400.99,,SOURCE_A
TXN-A-001357-L2713,TXN-A-001357,PRD-0035,PC-AUR0035,2000000003504,AURORA Stapler 10 W,Stapler 10 W,9.39,17.34,162.82,,SOURCE_A
TXN-A-001358-L2715,TXN-A-001358,PRD-0078,PC-NEX0078,2000000007809,NEXUS Shampoo 500 ML,Shampoo 500 ML,2.77,118.47,328.16,,SOURCE_A
TXN-A-001359-L2717,TXN-A-001359,PRD-0123,PC-NEX0123,2000000012308,NEXUS Notebook 3 V,Notebook 3 V,4.55,15.38,69.98,,SOURCE_A
TXN-A-001360-L2719,TXN-A-001360,PRD-0019,PC-ZEN0019,2000000001906,ZENITH Air Freshener 45 CM,Air Freshener 45 CM,7.1,38.75,275.12,,SOURCE_A
TXN-A-001361-L2721,TXN-A-001361,PRD-0135,PC-NEX0135,2000000013503,NEXUS Glue Stick 5000 MAH,Glue Stick 5000 MAH,8.07,27.9,225.15,,SOURCE_A
TXN-A-001362-L2723,TXN-A-001362,PRD-0086,PC-AUR0086,2000000008608,AURORA Deodorant 500 G,Deodorant 500 G,3.28,52.31,171.58,,SOURCE_A
TXN-A-001363-L2725,TXN-A-001363,PRD-0121,PC-ZEN0121,2000000012100,ZENITH Notebook 1 L,Notebook 1 L,8.73,21.42,187.0,,SOURCE_A
TXN-A-001364-L2727,TXN-A-001364,PRD-0115,PC-ZEN0115,2000000011509,ZENITH Can Opener 2000 MAH,Can Opener 2000 MAH,3.52,64.41,226.72,,SOURCE_A
TXN-A-001365-L2729,TXN-A-001365,PRD-0097,PC-ZEN0097,2000000009704,ZENITH Cutting Board 5 W,Cutting Board 5 W,2.23,15.99,35.66,,SOURCE_A
TXN-A-001366-L2731,TXN-A-001366,PRD-0138,PC-NEX0138,2000000013800,NEXUS Scissors 500 MG,Scissors 500 MG,3.56,96.35,343.01,,SOURCE_A
TXN-A-001367-L2733,TXN-A-001367,PRD-0069,PC-NEX0069,2000000006901,NEXUS HDMI Cable 1.5 L,HDMI Cable 1.5 L,6.71,45.41,304.7,,SOURCE_A
TXN-A-001368-L2735,TXN-A-001368,PRD-0130,PC-ZEN0130,2000000013008,ZENITH Ruler Set 45 CM,Ruler Set 45 CM,9.85,90.87,895.07,,SOURCE_A
TXN-A-001369-L2737,TXN-A-001369,PRD-0136,PC-ZEN0136,2000000013602,ZENITH Scissors 3 V,Scissors 3 V,3.76,71.22,267.79,,SOURCE_A
TXN-A-001370-L2739,TXN-A-001370,PRD-0026,PC-AUR0026,2000000002606,AURORA Ballpoint Pen 250 ML,Ballpoint Pen 250 ML,3.08,26.93,82.94,,SOURCE_A
TXN-A-001371-L2741,TXN-A-001371,PRD-0064,PC-ZEN0064,2000000006406,ZENITH Charging Dock 15 W,Charging Dock 15 W,7.72,60.18,464.59,,SOURCE_A
TXN-A-001372-L2743,TXN-A-001372,PRD-0021,PC-NEX0021,2000000002101,NEXUS Air Freshener 30 CM,Air Freshener 30 CM,4.66,13.9,64.77,,SOURCE_A
TXN-A-001373-L2745,TXN-A-001373,PRD-0099,PC-NEX0099,2000000009902,NEXUS Cutting Board 500 ML,Cutting Board 500 ML,8.63,112.85,973.9,,SOURCE_A
TXN-A-001374-L2747,TXN-A-001374,PRD-0142,PC-ZEN0142,2000000014203,ZENITH Marker Set 750 ML,Marker Set 750 ML,1.92,33.77,64.84,,SOURCE_A
TXN-A-001375-L2749,TXN-A-001375,PRD-0004,PC-ZEN0004,2000000000404,ZENITH Glass Spray 750 ML,Glass Spray 750 ML,3.84,100.37,385.42,,SOURCE_A
TXN-A-001376-L2751,TXN-A-001376,PRD-0058,PC-ZEN0058,2000000005805,ZENITH Screen Protector 3 V,Screen Protector 3 V,7.14,72.97,521.01,,SOURCE_A
TXN-A-001377-L2753,TXN-A-001377,PRD-0089,PC-AUR0089,2000000008905,AURORA Face Cream 500 ML,Face Cream 500 ML,3.45,50.06,172.71,,SOURCE_A
TXN-A-001378-L2755,TXN-A-001378,PRD-0084,PC-NEX0084,2000000008400,NEXUS Toothpaste 15 W,Toothpaste 15 W,4.93,33.06,162.99,,SOURCE_A
TXN-A-001379-L2757,TXN-A-001379,PRD-0065,PC-AUR0065,2000000006505,AURORA Charging Dock 3 V,Charging Dock 3 V,6.29,17.05,107.24,,SOURCE_A
TXN-A-001380-L2759,TXN-A-001380,PRD-0105,PC-NEX0105,2000000010502,NEXUS Measuring Cup 100 G,Measuring Cup 100 G,6.1,109.25,666.42,,SOURCE_A
TXN-A-001381-L2761,TXN-A-001381,PRD-0017,PC-AUR0017,2000000001708,AURORA Surface Wipes 9 V,Surface Wipes 9 V,1.03,80.73,83.15,,SOURCE_A
TXN-A-001382-L2763,TXN-A-001382,PRD-0147,PC-NEX0147,2000000014708,NEXUS Screwdriver Set 100 MG,Screwdriver Set 100 MG,1.32,60.33,79.64,,SOURCE_A
TXN-A-001383-L2765,TXN-A-001383,PRD-0076,PC-ZEN0076,2000000007601,ZENITH Shampoo 200 G,Shampoo 200 G,5.19,12.26,63.63,,SOURCE_A
TXN-A-001384-L2767,TXN-A-001384,PRD-0038,PC-AUR0038,2000000003801,AURORA Desk Organizer 2000 MAH,Desk Organizer 2000 MAH,9.6,28.05,269.28,,SOURCE_A
TXN-A-001385-L2769,TXN-A-001385,PRD-0012,PC-NEX0012,2000000001203,NEXUS Laundry Detergent 3 V,Laundry Detergent 3 V,7.31,22.27,162.79,,SOURCE_A
TXN-A-001386-L2771,TXN-A-001386,PRD-0120,PC-NEX0120,2000000012001,NEXUS Peeler 30 CM,Peeler 30 CM,1.18,95.85,113.1,,SOURCE_A
TXN-A-001387-L2773,TXN-A-001387,PRD-0074,PC-AUR0074,2000000007403,AURORA Hand Soap 1.5 V,Hand Soap 1.5 V,9.53,72.37,689.69,,SOURCE_A
TXN-A-001388-L2775,TXN-A-001388,PRD-0144,PC-NEX0144,2000000014401,NEXUS Marker Set 250 ML,Marker Set 250 ML,8.17,40.05,327.21,,SOURCE_A
TXN-A-001389-L2777,TXN-A-001389,PRD-0033,PC-NEX0033,2000000003306,NEXUS Binder Clip Box 45 CM,Binder Clip Box 45 CM,4.55,21.96,99.92,,SOURCE_A
TXN-A-001390-L2779,TXN-A-001390,PRD-0010,PC-ZEN0010,2000000001005,ZENITH Laundry Detergent 1.5 V,Laundry Detergent 1.5 V,4.14,25.3,104.74,,SOURCE_A
TXN-A-001391-L2781,TXN-A-001391,PRD-0107,PC-AUR0107,2000000010700,AURORA Spatula Set 9 V,Spatula Set 9 V,8.02,5.81,46.6,,SOURCE_A
TXN-A-001392-L2783,TXN-A-001392,PRD-0147,PC-NEX0147,2000000014708,NEXUS Screwdriver Set 100 MG,Screwdriver Set 100 MG,1.01,60.33,60.93,,SOURCE_A
TXN-A-001393-L2785,TXN-A-001393,PRD-0095,PC-AUR0095,2000000009506,AURORA Lotion 1 KG,Lotion 1 KG,9.2,117.25,1078.7,,SOURCE_A
TXN-A-001394-L2787,TXN-A-001394,PRD-0024,PC-NEX0024,2000000002408,NEXUS Floor Polish 100 MG,Floor Polish 100 MG,9.34,75.71,707.13,,SOURCE_A
TXN-A-001395-L2789,TXN-A-001395,PRD-0052,PC-ZEN0052,2000000005201,ZENITH Power Adapter 20 W,Power Adapter 20 W,8.84,45.35,400.89,,SOURCE_A
TXN-A-001396-L2791,TXN-A-001396,PRD-0115,PC-ZEN0115,2000000011509,ZENITH Can Opener 2000 MAH,Can Opener 2000 MAH,6.0,64.41,386.46,,SOURCE_A
TXN-A-001397-L2793,TXN-A-001397,PRD-0088,PC-ZEN0088,2000000008806,ZENITH Face Cream 30 CM,Face Cream 30 CM,7.93,2.66,21.09,,SOURCE_A
TXN-A-001398-L2795,TXN-A-001398,PRD-0116,PC-AUR0116,2000000011608,AURORA Can Opener 500 MG,Can Opener 500 MG,9.58,80.59,772.05,,SOURCE_A
TXN-A-001399-L2797,TXN-A-001399,PRD-0131,PC-AUR0131,2000000013107,AURORA Ruler Set 60 CM,Ruler Set 60 CM,3.41,15.08,51.42,,SOURCE_A
TXN-A-001400-L2799,TXN-A-001400,PRD-0016,PC-ZEN0016,2000000001609,ZENITH Surface Wipes 60 CM,Surface Wipes 60 CM,7.91,58.14,459.89,,SOURCE_A
TXN-A-001401-L2801,TXN-A-001401,PRD-0009,PC-NEX0009,2000000000909,NEXUS Dish Liquid 10 W,Dish Liquid 10 W,5.16,102.05,526.58,,SOURCE_A
TXN-A-001402-L2803,TXN-A-001402,PRD-0062,PC-AUR0062,2000000006208,AURORA Battery Pack 2000 MAH,Battery Pack 2000 MAH,8.16,70.05,571.61,,SOURCE_A
TXN-A-001403-L2805,TXN-A-001403,PRD-0097,PC-ZEN0097,2000000009704,ZENITH Cutting Board 5 W,Cutting Board 5 W,2.99,15.99,47.81,,SOURCE_A
TXN-A-001404-L2807,TXN-A-001404,PRD-0104,PC-AUR0104,2000000010403,AURORA Measuring Cup 10000 MAH,Measuring Cup 10000 MAH,5.62,68.42,384.52,,SOURCE_A
TXN-A-001405-L2809,TXN-A-001405,PRD-0105,PC-NEX0105,2000000010502,NEXUS Measuring Cup 100 G,Measuring Cup 100 G,4.06,109.25,443.55,,SOURCE_A
TXN-A-001406-L2811,TXN-A-001406,PRD-0129,PC-NEX0129,2000000012902,NEXUS Colored Pencil Set 750 ML,Colored Pencil Set 750 ML,4.83,94.86,458.17,,SOURCE_A
TXN-A-001407-L2813,TXN-A-001407,PRD-0027,PC-NEX0027,2000000002705,NEXUS Ballpoint Pen 500 ML,Ballpoint Pen 500 ML,3.48,49.53,172.36,,SOURCE_A
TXN-A-001408-L2815,TXN-A-001408,PRD-0109,PC-ZEN0109,2000000010908,ZENITH Storage Container 20 W,Storage Container 20 W,7.72,89.13,688.08,,SOURCE_A
TXN-A-001409-L2817,TXN-A-001409,PRD-0078,PC-NEX0078,2000000007809,NEXUS Shampoo 500 ML,Shampoo 500 ML,4.99,118.47,591.17,,SOURCE_A
TXN-A-001410-L2819,TXN-A-001410,PRD-0031,PC-ZEN0031,2000000003108,ZENITH Binder Clip Box 3 V,Binder Clip Box 3 V,5.98,57.71,345.11,,SOURCE_A
TXN-A-001411-L2821,TXN-A-001411,PRD-0065,PC-AUR0065,2000000006505,AURORA Charging Dock 3 V,Charging Dock 3 V,3.37,17.05,57.46,,SOURCE_A
TXN-A-001412-L2823,TXN-A-001412,PRD-0048,PC-NEX0048,2000000004808,NEXUS Tape Dispenser 3 V,Tape Dispenser 3 V,2.0,64.25,128.5,,SOURCE_A
TXN-A-001413-L2825,TXN-A-001413,PRD-0026,PC-AUR0026,2000000002606,AURORA Ballpoint Pen 250 ML,Ballpoint Pen 250 ML,3.55,26.93,95.6,,SOURCE_A
TXN-A-001414-L2827,TXN-A-001414,PRD-0109,PC-ZEN0109,2000000010908,ZENITH Storage Container 20 W,Storage Container 20 W,3.52,89.13,313.74,,SOURCE_A
TXN-A-001415-L2829,TXN-A-001415,PRD-0063,PC-NEX0063,2000000006307,NEXUS Battery Pack 10 W,Battery Pack 10 W,5.68,96.31,547.04,,SOURCE_A
TXN-A-001416-L2831,TXN-A-001416,PRD-0073,PC-ZEN0073,2000000007304,ZENITH Hand Soap 250 MG,Hand Soap 250 MG,1.68,22.6,37.97,,SOURCE_A
TXN-A-001417-L2833,TXN-A-001417,PRD-0012,PC-NEX0012,2000000001203,NEXUS Laundry Detergent 3 V,Laundry Detergent 3 V,3.11,22.27,69.26,,SOURCE_A
TXN-A-001418-L2835,TXN-A-001418,PRD-0124,PC-ZEN0124,2000000012407,ZENITH Sketch Pad 500 MG,Sketch Pad 500 MG,4.13,47.5,196.17,,SOURCE_A
TXN-A-001419-L2837,TXN-A-001419,PRD-0033,PC-NEX0033,2000000003306,NEXUS Binder Clip Box 45 CM,Binder Clip Box 45 CM,8.71,21.96,191.27,,SOURCE_A
TXN-A-001420-L2839,TXN-A-001420,PRD-0070,PC-ZEN0070,2000000007007,ZENITH Mouse Pad 200 G,Mouse Pad 200 G,7.24,113.79,823.84,,SOURCE_A
TXN-A-001421-L2841,TXN-A-001421,PRD-0042,PC-NEX0042,2000000004204,NEXUS File Folder Pack 500 G,File Folder Pack 500 G,7.23,68.11,492.44,,SOURCE_A
TXN-A-001422-L2843,TXN-A-001422,PRD-0084,PC-NEX0084,2000000008400,NEXUS Toothpaste 15 W,Toothpaste 15 W,3.05,33.06,100.83,,SOURCE_A
TXN-A-001423-L2845,TXN-A-001423,PRD-0019,PC-ZEN0019,2000000001906,ZENITH Air Freshener 45 CM,Air Freshener 45 CM,4.33,38.75,167.79,,SOURCE_A
TXN-A-001424-L2847,TXN-A-001424,PRD-0028,PC-ZEN0028,2000000002804,ZENITH Highlighter Set 500 ML,Highlighter Set 500 ML,8.41,113.36,953.36,,SOURCE_A
TXN-A-001425-L2849,TXN-A-001425,PRD-0111,PC-NEX0111,2000000011103,NEXUS Storage Container 500 G,Storage Container 500 G,2.55,61.14,155.91,,SOURCE_A
TXN-A-001426-L2851,TXN-A-001426,PRD-0122,PC-AUR0122,2000000012209,AURORA Notebook 5000 MAH,Notebook 5000 MAH,4.29,31.9,136.85,,SOURCE_A
TXN-A-001427-L2853,TXN-A-001427,PRD-0128,PC-AUR0128,2000000012803,AURORA Colored Pencil Set 5 W,Colored Pencil Set 5 W,4.34,24.7,107.2,,SOURCE_A
TXN-A-001428-L2855,TXN-A-001428,PRD-0081,PC-NEX0081,2000000008103,NEXUS Body Wash 500 G,Body Wash 500 G,2.15,56.38,121.22,,SOURCE_A
TXN-A-001429-L2857,TXN-A-001429,PRD-0083,PC-AUR0083,2000000008301,AURORA Toothpaste 3 V,Toothpaste 3 V,8.24,47.14,388.43,,SOURCE_A
TXN-A-001430-L2859,TXN-A-001430,PRD-0123,PC-NEX0123,2000000012308,NEXUS Notebook 3 V,Notebook 3 V,2.85,15.38,43.83,,SOURCE_A
TXN-A-001431-L2861,TXN-A-001431,PRD-0039,PC-NEX0039,2000000003900,NEXUS Desk Organizer 250 ML,Desk Organizer 250 ML,4.33,90.18,390.48,,SOURCE_A
TXN-A-001432-L2863,TXN-A-001432,PRD-0063,PC-NEX0063,2000000006307,NEXUS Battery Pack 10 W,Battery Pack 10 W,6.15,96.31,592.31,,SOURCE_A
TXN-A-001433-L2865,TXN-A-001433,PRD-0019,PC-ZEN0019,2000000001906,ZENITH Air Freshener 45 CM,Air Freshener 45 CM,2.75,38.75,106.56,,SOURCE_A
TXN-A-001434-L2867,TXN-A-001434,PRD-0068,PC-AUR0068,2000000006802,AURORA HDMI Cable 10000 MAH,HDMI Cable 10000 MAH,8.63,38.83,335.1,,SOURCE_A
TXN-A-001435-L2869,TXN-A-001435,PRD-0079,PC-ZEN0079,2000000007908,ZENITH Body Wash 200 G,Body Wash 200 G,1.56,74.3,115.91,,SOURCE_A
TXN-A-001436-L2871,TXN-A-001436,PRD-0117,PC-NEX0117,2000000011707,NEXUS Can Opener 5 W,Can Opener 5 W,6.6,60.46,399.04,,SOURCE_A
TXN-A-001437-L2873,TXN-A-001437,PRD-0145,PC-ZEN0145,2000000014500,ZENITH Screwdriver Set 10 W,Screwdriver Set 10 W,8.65,31.94,276.28,,SOURCE_A
TXN-A-001438-L2875,TXN-A-001438,PRD-0034,PC-ZEN0034,2000000003405,ZENITH Stapler 100 MG,Stapler 100 MG,1.45,79.94,115.91,,SOURCE_A
TXN-A-001439-L2877,TXN-A-001439,PRD-0139,PC-ZEN0139,2000000013909,ZENITH Eraser Pack 500 G,Eraser Pack 500 G,4.8,45.39,217.87,,SOURCE_A
TXN-A-001440-L2879,TXN-A-001440,PRD-0048,PC-NEX0048,2000000004808,NEXUS Tape Dispenser 3 V,Tape Dispenser 3 V,3.59,64.25,230.66,,SOURCE_A
TXN-A-001441-L2881,TXN-A-001441,PRD-0007,PC-ZEN0007,2000000000701,ZENITH Dish Liquid 5000 MAH,Dish Liquid 5000 MAH,3.4,57.78,196.45,,SOURCE_A
TXN-A-001442-L2883,TXN-A-001442,PRD-0046,PC-ZEN0046,2000000004600,ZENITH Tape Dispenser 250 ML,Tape Dispenser 250 ML,5.26,27.78,146.12,,SOURCE_A
TXN-A-001443-L2885,TXN-A-001443,PRD-0115,PC-ZEN0115,2000000011509,ZENITH Can Opener 2000 MAH,Can Opener 2000 MAH,9.69,64.41,624.13,,SOURCE_A
TXN-A-001444-L2887,TXN-A-001444,PRD-0136,PC-ZEN0136,2000000013602,ZENITH Scissors 3 V,Scissors 3 V,4.06,71.22,289.15,,SOURCE_A
TXN-A-001445-L2889,TXN-A-001445,PRD-0048,PC-NEX0048,2000000004808,NEXUS Tape Dispenser 3 V,Tape Dispenser 3 V,4.34,64.25,278.84,,SOURCE_A
TXN-A-001446-L2891,TXN-A-001446,PRD-0130,PC-ZEN0130,2000000013008,ZENITH Ruler Set 45 CM,Ruler Set 45 CM,6.12,90.87,556.12,,SOURCE_A
TXN-A-001447-L2893,TXN-A-001447,PRD-0104,PC-AUR0104,2000000010403,AURORA Measuring Cup 10000 MAH,Measuring Cup 10000 MAH,2.86,68.42,195.68,,SOURCE_A
TXN-A-001448-L2895,TXN-A-001448,PRD-0111,PC-NEX0111,2000000011103,NEXUS Storage Container 500 G,Storage Container 500 G,8.57,61.14,523.97,,SOURCE_A
TXN-A-001449-L2897,TXN-A-001449,PRD-0143,PC-AUR0143,2000000014302,AURORA Marker Set 10 IN,Marker Set 10 IN,9.23,13.47,124.33,,SOURCE_A
TXN-A-001450-L2899,TXN-A-001450,PRD-0116,PC-AUR0116,2000000011608,AURORA Can Opener 500 MG,Can Opener 500 MG,1.37,80.59,110.41,,SOURCE_A
TXN-A-001451-L2901,TXN-A-001451,PRD-0129,PC-NEX0129,2000000012902,NEXUS Colored Pencil Set 750 ML,Colored Pencil Set 750 ML,2.47,94.86,234.3,,SOURCE_A
TXN-A-001452-L2903,TXN-A-001452,PRD-0093,PC-NEX0093,2000000009308,NEXUS Hair Gel 10 W,Hair Gel 10 W,6.35,27.25,173.04,,SOURCE_A
TXN-A-001453-L2905,TXN-A-001453,PRD-0045,PC-NEX0045,2000000004501,NEXUS Whiteboard Marker 45 CM,Whiteboard Marker 45 CM,9.75,29.55,288.11,,SOURCE_A
TXN-A-001454-L2907,TXN-A-001454,PRD-0099,PC-NEX0099,2000000009902,NEXUS Cutting Board 500 ML,Cutting Board 500 ML,8.05,112.85,908.44,,SOURCE_A
TXN-A-001455-L2909,TXN-A-001455,PRD-0072,PC-NEX0072,2000000007205,NEXUS Mouse Pad 100 G,Mouse Pad 100 G,1.22,43.98,53.66,,SOURCE_A
TXN-A-001456-L2911,TXN-A-001456,PRD-0044,PC-AUR0044,2000000004402,AURORA Whiteboard Marker 12 IN,Whiteboard Marker 12 IN,6.07,38.93,236.31,,SOURCE_A
TXN-A-001457-L2913,TXN-A-001457,PRD-0047,PC-AUR0047,2000000004709,AURORA Tape Dispenser 45 CM,Tape Dispenser 45 CM,8.61,2.08,17.91,,SOURCE_A
TXN-A-001458-L2915,TXN-A-001458,PRD-0034,PC-ZEN0034,2000000003405,ZENITH Stapler 100 MG,Stapler 100 MG,3.77,79.94,301.37,,SOURCE_A
TXN-A-001459-L2917,TXN-A-001459,PRD-0125,PC-AUR0125,2000000012506,AURORA Sketch Pad 1.5 V,Sketch Pad 1.5 V,6.2,102.96,638.35,,SOURCE_A
TXN-A-001460-L2919,TXN-A-001460,PRD-0075,PC-NEX0075,2000000007502,NEXUS Hand Soap 10000 MAH,Hand Soap 10000 MAH,8.2,69.45,569.49,,SOURCE_A
TXN-A-001461-L2921,TXN-A-001461,PRD-0110,PC-AUR0110,2000000011004,AURORA Storage Container 5 W,Storage Container 5 W,5.16,44.62,230.24,,SOURCE_A
TXN-A-001462-L2923,TXN-A-001462,PRD-0089,PC-AUR0089,2000000008905,AURORA Face Cream 500 ML,Face Cream 500 ML,7.96,50.06,398.48,,SOURCE_A
TXN-A-001463-L2925,TXN-A-001463,PRD-0121,PC-ZEN0121,2000000012100,ZENITH Notebook 1 L,Notebook 1 L,5.71,21.42,122.31,,SOURCE_A
TXN-A-001464-L2927,TXN-A-001464,PRD-0007,PC-ZEN0007,2000000000701,ZENITH Dish Liquid 5000 MAH,Dish Liquid 5000 MAH,3.08,57.78,177.96,,SOURCE_A
TXN-A-001465-L2929,TXN-A-001465,PRD-0142,PC-ZEN0142,2000000014203,ZENITH Marker Set 750 ML,Marker Set 750 ML,4.34,33.77,146.56,,SOURCE_A
TXN-A-001466-L2931,TXN-A-001466,PRD-0052,PC-ZEN0052,2000000005201,ZENITH Power Adapter 20 W,Power Adapter 20 W,1.09,45.35,49.43,,SOURCE_A
TXN-A-001467-L2933,TXN-A-001467,PRD-0013,PC-ZEN0013,2000000001302,ZENITH Fabric Softener 1 L,Fabric Softener 1 L,3.0,9.65,28.95,,SOURCE_A
TXN-A-001468-L2935,TXN-A-001468,PRD-0027,PC-NEX0027,2000000002705,NEXUS Ballpoint Pen 500 ML,Ballpoint Pen 500 ML,3.04,49.53,150.57,,SOURCE_A
TXN-A-001469-L2937,TXN-A-001469,PRD-0024,PC-NEX0024,2000000002408,NEXUS Floor Polish 100 MG,Floor Polish 100 MG,4.44,75.71,336.15,,SOURCE_A
TXN-A-001470-L2939,TXN-A-001470,PRD-0097,PC-ZEN0097,2000000009704,ZENITH Cutting Board 5 W,Cutting Board 5 W,3.49,15.99,55.81,,SOURCE_A
TXN-A-001471-L2941,TXN-A-001471,PRD-0025,PC-ZEN0025,2000000002507,ZENITH Ballpoint Pen 1 KG,Ballpoint Pen 1 KG,9.41,37.08,348.92,,SOURCE_A
TXN-A-001472-L2943,TXN-A-001472,PRD-0091,PC-ZEN0091,2000000009100,ZENITH Hair Gel 1.5 L,Hair Gel 1.5 L,4.79,87.74,420.27,,SOURCE_A
TXN-A-001473-L2945,TXN-A-001473,PRD-0119,PC-AUR0119,2000000011905,AURORA Peeler 100 MG,Peeler 100 MG,3.72,13.3,49.48,,SOURCE_A
TXN-A-001474-L2947,TXN-A-001474,PRD-0139,PC-ZEN0139,2000000013909,ZENITH Eraser Pack 500 G,Eraser Pack 500 G,2.89,45.39,131.18,,SOURCE_A
TXN-A-001475-L2949,TXN-A-001475,PRD-0020,PC-AUR0020,2000000002002,AURORA Air Freshener 200 G,Air Freshener 200 G,3.58,104.22,373.11,,SOURCE_A
TXN-A-001476-L2951,TXN-A-001476,PRD-0081,PC-NEX0081,2000000008103,NEXUS Body Wash 500 G,Body Wash 500 G,7.89,56.38,444.84,,SOURCE_A
TXN-A-001477-L2953,TXN-A-001477,PRD-0006,PC-NEX0006,2000000000602,NEXUS Glass Spray 9 V,Glass Spray 9 V,1.58,84.09,132.86,,SOURCE_A
TXN-A-001478-L2955,TXN-A-001478,PRD-0119,PC-AUR0119,2000000011905,AURORA Peeler 100 MG,Peeler 100 MG,9.77,13.3,129.94,,SOURCE_A
TXN-A-001479-L2957,TXN-A-001479,PRD-0076,PC-ZEN0076,2000000007601,ZENITH Shampoo 200 G,Shampoo 200 G,7.73,12.26,94.77,,SOURCE_A
TXN-A-001480-L2959,TXN-A-001480,PRD-0147,PC-NEX0147,2000000014708,NEXUS Screwdriver Set 100 MG,Screwdriver Set 100 MG,2.74,60.33,165.3,,SOURCE_A
TXN-A-001481-L2961,TXN-A-001481,PRD-0022,PC-ZEN0022,2000000002200,ZENITH Floor Polish 2000 MAH,Floor Polish 2000 MAH,2.14,5.92,12.67,,SOURCE_A
TXN-A-001482-L2963,TXN-A-001482,PRD-0078,PC-NEX0078,2000000007809,NEXUS Shampoo 500 ML,Shampoo 500 ML,9.6,118.47,1137.31,,SOURCE_A
TXN-A-001483-L2965,TXN-A-001483,PRD-0081,PC-NEX0081,2000000008103,NEXUS Body Wash 500 G,Body Wash 500 G,7.51,56.38,423.41,,SOURCE_A
TXN-A-001484-L2967,TXN-A-001484,PRD-0060,PC-NEX0060,2000000006000,NEXUS Screen Protector 10 IN,Screen Protector 10 IN,2.21,85.32,188.56,,SOURCE_A
TXN-A-001485-L2969,TXN-A-001485,PRD-0083,PC-AUR0083,2000000008301,AURORA Toothpaste 3 V,Toothpaste 3 V,7.48,47.14,352.61,,SOURCE_A
TXN-A-001486-L2971,TXN-A-001486,PRD-0044,PC-AUR0044,2000000004402,AURORA Whiteboard Marker 12 IN,Whiteboard Marker 12 IN,9.11,38.93,354.65,,SOURCE_A
TXN-A-001487-L2973,TXN-A-001487,PRD-0026,PC-AUR0026,2000000002606,AURORA Ballpoint Pen 250 ML,Ballpoint Pen 250 ML,4.09,26.93,110.14,,SOURCE_A
TXN-A-001488-L2975,TXN-A-001488,PRD-0010,PC-ZEN0010,2000000001005,ZENITH Laundry Detergent 1.5 V,Laundry Detergent 1.5 V,8.04,25.3,203.41,,SOURCE_A
TXN-A-001489-L2977,TXN-A-001489,PRD-0148,PC-ZEN0148,2000000014807,ZENITH Wrench Set 30 CM,Wrench Set 30 CM,2.21,116.97,258.5,,SOURCE_A
TXN-A-001490-L2979,TXN-A-001490,PRD-0105,PC-NEX0105,2000000010502,NEXUS Measuring Cup 100 G,Measuring Cup 100 G,1.77,109.25,193.37,,SOURCE_A
TXN-A-001491-L2981,TXN-A-001491,PRD-0127,PC-ZEN0127,2000000012704,ZENITH Colored Pencil Set 50 G,Colored Pencil Set 50 G,9.18,57.94,531.89,,SOURCE_A
TXN-A-001492-L2983,TXN-A-001492,PRD-0040,PC-ZEN0040,2000000004006,ZENITH File Folder Pack 750 ML,File Folder Pack 750 ML,3.98,112.35,447.15,,SOURCE_A
TXN-A-001493-L2985,TXN-A-001493,PRD-0050,PC-AUR0050,2000000005003,AURORA USB Cable 10000 MAH,USB Cable 10000 MAH,8.28,3.09,25.59,,SOURCE_A
TXN-A-001494-L2987,TXN-A-001494,PRD-0083,PC-AUR0083,2000000008301,AURORA Toothpaste 3 V,Toothpaste 3 V,4.7,47.14,221.56,,SOURCE_A
TXN-A-001495-L2989,TXN-A-001495,PRD-0089,PC-AUR0089,2000000008905,AURORA Face Cream 500 ML,Face Cream 500 ML,6.66,50.06,333.4,,SOURCE_A
TXN-A-001496-L2991,TXN-A-001496,PRD-0140,PC-AUR0140,2000000014005,AURORA Eraser Pack 2000 MAH,Eraser Pack 2000 MAH,5.92,111.85,662.15,,SOURCE_A
TXN-A-001497-L2993,TXN-A-001497,PRD-0029,PC-AUR0029,2000000002903,AURORA Highlighter Set 9 V,Highlighter Set 9 V,4.34,26.14,113.45,,SOURCE_A
TXN-A-001498-L2995,TXN-A-001498,PRD-0049,PC-ZEN0049,2000000004907,ZENITH USB Cable 1 KG,USB Cable 1 KG,8.31,50.47,419.41,,SOURCE_A
TXN-A-001499-L2997,TXN-A-001499,PRD-0130,PC-ZEN0130,2000000013008,ZENITH Ruler Set 45 CM,Ruler Set 45 CM,7.98,90.87,725.14,,SOURCE_A
TXN-A-001500-L2999,TXN-A-001500,PRD-0067,PC-ZEN0067,2000000006703,ZENITH HDMI Cable 1 KG,HDMI Cable 1 KG,4.91,57.46,282.13,,SOURCE_A
TXN-A-001501-L3001,TXN-A-001501,PRD-0015,PC-NEX0015,2000000001500,NEXUS Fabric Softener 200 G,Fabric Softener 200 G,6.42,47.38,304.18,,SOURCE_A
TXN-A-001502-L3003,TXN-A-001502,PRD-0049,PC-ZEN0049,2000000004907,ZENITH USB Cable 1 KG,USB Cable 1 KG,4.15,50.47,209.45,,SOURCE_A
TXN-A-001503-L3005,TXN-A-001503,PRD-0117,PC-NEX0117,2000000011707,NEXUS Can Opener 5 W,Can Opener 5 W,9.64,60.46,582.83,,SOURCE_A
TXN-A-001504-L3007,TXN-A-001504,PRD-0140,PC-AUR0140,2000000014005,AURORA Eraser Pack 2000 MAH,Eraser Pack 2000 MAH,3.91,111.85,437.33,,SOURCE_A
TXN-A-001505-L3009,TXN-A-001505,PRD-0033,PC-NEX0033,2000000003306,NEXUS Binder Clip Box 45 CM,Binder Clip Box 45 CM,1.99,21.96,43.7,,SOURCE_A
TXN-A-001506-L3011,TXN-A-001506,PRD-0008,PC-AUR0008,2000000000800,AURORA Dish Liquid 10000 MAH,Dish Liquid 10000 MAH,2.46,111.86,275.18,,SOURCE_A
TXN-A-001507-L3013,TXN-A-001507,PRD-0006,PC-NEX0006,2000000000602,NEXUS Glass Spray 9 V,Glass Spray 9 V,4.72,84.09,396.9,,SOURCE_A
TXN-A-001508-L3015,TXN-A-001508,PRD-0084,PC-NEX0084,2000000008400,NEXUS Toothpaste 15 W,Toothpaste 15 W,2.24,33.06,74.05,,SOURCE_A
TXN-A-001509-L3017,TXN-A-001509,PRD-0110,PC-AUR0110,2000000011004,AURORA Storage Container 5 W,Storage Container 5 W,5.85,44.62,261.03,,SOURCE_A
TXN-A-001510-L3019,TXN-A-001510,PRD-0132,PC-NEX0132,2000000013206,NEXUS Ruler Set 60 CM,Ruler Set 60 CM,5.27,20.73,109.25,,SOURCE_A
TXN-A-001511-L3021,TXN-A-001511,PRD-0132,PC-NEX0132,2000000013206,NEXUS Ruler Set 60 CM,Ruler Set 60 CM,5.62,20.73,116.5,,SOURCE_A
TXN-A-001512-L3023,TXN-A-001512,PRD-0082,PC-ZEN0082,2000000008202,ZENITH Toothpaste 500 MG,Toothpaste 500 MG,2.06,92.36,190.26,,SOURCE_A
TXN-A-001513-L3025,TXN-A-001513,PRD-0015,PC-NEX0015,2000000001500,NEXUS Fabric Softener 200 G,Fabric Softener 200 G,1.65,47.38,78.18,,SOURCE_A
TXN-A-001514-L3027,TXN-A-001514,PRD-0099,PC-NEX0099,2000000009902,NEXUS Cutting Board 500 ML,Cutting Board 500 ML,9.56,112.85,1078.85,,SOURCE_A
TXN-A-001515-L3029,TXN-A-001515,PRD-0038,PC-AUR0038,2000000003801,AURORA Desk Organizer 2000 MAH,Desk Organizer 2000 MAH,3.67,28.05,102.94,,SOURCE_A
TXN-A-001516-L3091,TXN-A-001516,PRD-0107,PC-AUR0107,2000000010700,AURORA Spatula Set 9 V,Spatula Set 9 V,5.12,5.81,29.75,,SOURCE_A
TXN-A-001517-L3092,TXN-A-001517,PRD-0137,PC-AUR0137,2000000013701,AURORA Scissors 100 MG,Scissors 100 MG,1.41,94.03,132.58,,SOURCE_A
TXN-A-001518-L3093,TXN-A-001518,PRD-0081,PC-NEX0081,2000000008103,NEXUS Body Wash 500 G,Body Wash 500 G,3.31,56.38,186.62,,SOURCE_A
TXN-A-001519-L3094,TXN-A-001519,PRD-0015,PC-NEX0015,2000000001500,NEXUS Fabric Softener 200 G,Fabric Softener 200 G,4.5,47.38,213.21,,SOURCE_A
TXN-A-001520-L3095,TXN-A-001520,PRD-0094,PC-ZEN0094,2000000009407,ZENITH Lotion 10000 MAH,Lotion 10000 MAH,8.36,9.96,83.27,,SOURCE_A
TXN-A-001521-L3096,TXN-A-001521,PRD-0039,PC-NEX0039,2000000003900,NEXUS Desk Organizer 250 ML,Desk Organizer 250 ML,1.02,90.18,91.98,,SOURCE_A
TXN-A-001522-L3097,TXN-A-001522,PRD-0097,PC-ZEN0097,2000000009704,ZENITH Cutting Board 5 W,Cutting Board 5 W,2.81,15.99,44.93,,SOURCE_A
TXN-A-001523-L3098,TXN-A-001523,PRD-0148,PC-ZEN0148,2000000014807,ZENITH Wrench Set 30 CM,Wrench Set 30 CM,3.8,116.97,444.49,,SOURCE_A
TXN-A-001524-L3099,TXN-A-001524,PRD-0071,PC-AUR0071,2000000007106,AURORA Mouse Pad 50 G,Mouse Pad 50 G,8.92,17.32,154.49,,SOURCE_A
TXN-A-001525-L3100,TXN-A-001525,PRD-0046,PC-ZEN0046,2000000004600,ZENITH Tape Dispenser 250 ML,Tape Dispenser 250 ML,9.55,27.78,265.3,,SOURCE_A
TXN-A-001526-L3101,TXN-A-001526,PRD-0098,PC-AUR0098,2000000009803,AURORA Cutting Board 10 IN,Cutting Board 10 IN,1.8,17.09,30.76,,SOURCE_A
TXN-A-001527-L3102,TXN-A-001527,PRD-0119,PC-AUR0119,2000000011905,AURORA Peeler 100 MG,Peeler 100 MG,6.19,13.3,82.33,,SOURCE_A
TXN-A-001528-L3103,TXN-A-001528,PRD-0048,PC-NEX0048,2000000004808,NEXUS Tape Dispenser 3 V,Tape Dispenser 3 V,6.18,64.25,397.06,,SOURCE_A
TXN-A-001529-L3104,TXN-A-001529,PRD-0010,PC-ZEN0010,2000000001005,ZENITH Laundry Detergent 1.5 V,Laundry Detergent 1.5 V,7.08,25.3,179.12,,SOURCE_A
TXN-A-001530-L3105,TXN-A-001530,PRD-0115,PC-ZEN0115,2000000011509,ZENITH Can Opener 2000 MAH,Can Opener 2000 MAH,6.63,64.41,427.04,,SOURCE_A
TXN-A-001531-L3106,TXN-A-001531,PRD-0027,PC-NEX0027,2000000002705,NEXUS Ballpoint Pen 500 ML,Ballpoint Pen 500 ML,4.7,49.53,232.79,,SOURCE_A
TXN-A-001532-L3107,TXN-A-001532,PRD-0136,PC-ZEN0136,2000000013602,ZENITH Scissors 3 V,Scissors 3 V,4.02,71.22,286.3,,SOURCE_A
TXN-A-001533-L3108,TXN-A-001533,PRD-0066,PC-NEX0066,2000000006604,NEXUS Charging Dock 5000 MAH,Charging Dock 5000 MAH,9.54,55.19,526.51,,SOURCE_A
TXN-A-001534-L3109,TXN-A-001534,PRD-0059,PC-AUR0059,2000000005904,AURORA Screen Protector 45 CM,Screen Protector 45 CM,3.72,61.8,229.9,,SOURCE_A
TXN-A-001535-L3110,TXN-A-001535,PRD-0088,PC-ZEN0088,2000000008806,ZENITH Face Cream 30 CM,Face Cream 30 CM,1.61,2.66,4.28,,SOURCE_A
TXN-A-001536-L3111,TXN-A-001536,PRD-0106,PC-ZEN0106,2000000010601,ZENITH Spatula Set 1 KG,Spatula Set 1 KG,7.69,23.7,182.25,,SOURCE_A
TXN-A-001537-L3112,TXN-A-001537,PRD-0060,PC-NEX0060,2000000006000,NEXUS Screen Protector 10 IN,Screen Protector 10 IN,4.47,85.32,381.38,,SOURCE_A
TXN-A-001538-L3113,TXN-A-001538,PRD-0013,PC-ZEN0013,2000000001302,ZENITH Fabric Softener 1 L,Fabric Softener 1 L,1.96,9.65,18.91,,SOURCE_A
TXN-A-001539-L3114,TXN-A-001539,PRD-0062,PC-AUR0062,2000000006208,AURORA Battery Pack 2000 MAH,Battery Pack 2000 MAH,6.64,70.05,465.13,,SOURCE_A
TXN-A-001540-L3115,TXN-A-001540,PRD-0009,PC-NEX0009,2000000000909,NEXUS Dish Liquid 10 W,Dish Liquid 10 W,9.37,102.05,956.21,,SOURCE_A
TXN-A-001541-L3116,TXN-A-001541,PRD-0033,PC-NEX0033,2000000003306,NEXUS Binder Clip Box 45 CM,Binder Clip Box 45 CM,1.29,21.96,28.33,,SOURCE_A
TXN-A-001542-L3117,TXN-A-001542,PRD-0043,PC-ZEN0043,2000000004303,ZENITH Whiteboard Marker 20 W,Whiteboard Marker 20 W,6.34,56.59,358.78,,SOURCE_A
TXN-A-001543-L3118,TXN-A-001543,PRD-0020,PC-AUR0020,2000000002002,AURORA Air Freshener 200 G,Air Freshener 200 G,4.54,104.22,473.16,,SOURCE_A
TXN-A-001544-L3119,TXN-A-001544,PRD-0001,PC-ZEN0001,2000000000107,ZENITH All Purpose Cleaner 10 IN,All Purpose Cleaner 10 IN,8.24,34.59,285.02,,SOURCE_A
TXN-A-001545-L3120,TXN-A-001545,PRD-0050,PC-AUR0050,2000000005003,AURORA USB Cable 10000 MAH,USB Cable 10000 MAH,7.1,3.09,21.94,,SOURCE_A
TXN-A-001546-L3121,TXN-A-001546,PRD-0037,PC-ZEN0037,2000000003702,ZENITH Desk Organizer 5 W,Desk Organizer 5 W,2.2,11.53,25.37,,SOURCE_A
TXN-A-001547-L3122,TXN-A-001547,PRD-0109,PC-ZEN0109,2000000010908,ZENITH Storage Container 20 W,Storage Container 20 W,3.33,89.13,296.8,,SOURCE_A
TXN-A-001548-L3123,TXN-A-001548,PRD-0109,PC-ZEN0109,2000000010908,ZENITH Storage Container 20 W,Storage Container 20 W,2.15,89.13,191.63,,SOURCE_A
TXN-A-001549-L3124,TXN-A-001549,PRD-0074,PC-AUR0074,2000000007403,AURORA Hand Soap 1.5 V,Hand Soap 1.5 V,2.84,72.37,205.53,,SOURCE_A
TXN-A-001550-L3125,TXN-A-001550,PRD-0041,PC-AUR0041,2000000004105,AURORA File Folder Pack 9 V,File Folder Pack 9 V,5.13,59.18,303.59,,SOURCE_A
TXN-A-001551-L3126,TXN-A-001551,PRD-0017,PC-AUR0017,2000000001708,AURORA Surface Wipes 9 V,Surface Wipes 9 V,7.32,80.73,590.94,,SOURCE_A
TXN-A-001552-L3127,TXN-A-001552,PRD-0077,PC-AUR0077,2000000007700,AURORA Shampoo 1 KG,Shampoo 1 KG,9.38,106.6,999.91,,SOURCE_A
TXN-A-001553-L3128,TXN-A-001553,PRD-0095,PC-AUR0095,2000000009506,AURORA Lotion 1 KG,Lotion 1 KG,2.14,117.25,250.92,,SOURCE_A
TXN-A-001554-L3129,TXN-A-001554,PRD-0021,PC-NEX0021,2000000002101,NEXUS Air Freshener 30 CM,Air Freshener 30 CM,1.8,13.9,25.02,,SOURCE_A
TXN-A-001555-L3130,TXN-A-001555,PRD-0052,PC-ZEN0052,2000000005201,ZENITH Power Adapter 20 W,Power Adapter 20 W,8.98,45.35,407.24,,SOURCE_A
TXN-A-001556-L3131,TXN-A-001556,PRD-0025,PC-ZEN0025,2000000002507,ZENITH Ballpoint Pen 1 KG,Ballpoint Pen 1 KG,7.41,37.08,274.76,,SOURCE_A
TXN-A-001557-L3132,TXN-A-001557,PRD-0027,PC-NEX0027,2000000002705,NEXUS Ballpoint Pen 500 ML,Ballpoint Pen 500 ML,3.86,49.53,191.19,,SOURCE_A
TXN-A-001558-L3133,TXN-A-001558,PRD-0044,PC-AUR0044,2000000004402,AURORA Whiteboard Marker 12 IN,Whiteboard Marker 12 IN,4.71,38.93,183.36,,SOURCE_A
TXN-A-001559-L3134,TXN-A-001559,PRD-0019,PC-ZEN0019,2000000001906,ZENITH Air Freshener 45 CM,Air Freshener 45 CM,6.87,38.75,266.21,,SOURCE_A
TXN-A-001560-L3135,TXN-A-001560,PRD-0087,PC-NEX0087,2000000008707,NEXUS Deodorant 9 V,Deodorant 9 V,9.39,116.64,1095.25,,SOURCE_A
TXN-A-001561-L3136,TXN-A-001561,PRD-0044,PC-AUR0044,2000000004402,AURORA Whiteboard Marker 12 IN,Whiteboard Marker 12 IN,2.85,38.93,110.95,,SOURCE_A
TXN-A-001562-L3137,TXN-A-001562,PRD-0022,PC-ZEN0022,2000000002200,ZENITH Floor Polish 2000 MAH,Floor Polish 2000 MAH,2.16,5.92,12.79,,SOURCE_A
TXN-A-001563-L3138,TXN-A-001563,PRD-0082,PC-ZEN0082,2000000008202,ZENITH Toothpaste 500 MG,Toothpaste 500 MG,6.99,92.36,645.6,,SOURCE_A
TXN-A-001564-L3139,TXN-A-001564,PRD-0015,PC-NEX0015,2000000001500,NEXUS Fabric Softener 200 G,Fabric Softener 200 G,7.38,47.38,349.66,,SOURCE_A
TXN-A-001565-L3140,TXN-A-001565,PRD-0148,PC-ZEN0148,2000000014807,ZENITH Wrench Set 30 CM,Wrench Set 30 CM,6.98,116.97,816.45,,SOURCE_A
TXN-A-001566-L3141,TXN-A-001566,PRD-0060,PC-NEX0060,2000000006000,NEXUS Screen Protector 10 IN,Screen Protector 10 IN,6.54,85.32,557.99,,SOURCE_A
TXN-A-001567-L3142,TXN-A-001567,PRD-0008,PC-AUR0008,2000000000800,AURORA Dish Liquid 10000 MAH,Dish Liquid 10000 MAH,1.86,111.86,208.06,,SOURCE_A
TXN-A-001568-L3143,TXN-A-001568,PRD-0086,PC-AUR0086,2000000008608,AURORA Deodorant 500 G,Deodorant 500 G,7.2,52.31,376.63,,SOURCE_A
TXN-A-001569-L3144,TXN-A-001569,PRD-0010,PC-ZEN0010,2000000001005,ZENITH Laundry Detergent 1.5 V,Laundry Detergent 1.5 V,5.9,25.3,149.27,,SOURCE_A
TXN-A-001570-L3145,TXN-A-001570,PRD-0095,PC-AUR0095,2000000009506,AURORA Lotion 1 KG,Lotion 1 KG,7.09,117.25,831.3,,SOURCE_A
TXN-A-001571-L3146,TXN-A-001571,PRD-0057,PC-NEX0057,2000000005706,NEXUS Phone Case 1 L,Phone Case 1 L,1.73,31.73,54.89,,SOURCE_A
TXN-A-001572-L3147,TXN-A-001572,PRD-0060,PC-NEX0060,2000000006000,NEXUS Screen Protector 10 IN,Screen Protector 10 IN,9.63,85.32,821.63,,SOURCE_A
TXN-A-001573-L3148,TXN-A-001573,PRD-0144,PC-NEX0144,2000000014401,NEXUS Marker Set 250 ML,Marker Set 250 ML,7.19,40.05,287.96,,SOURCE_A
TXN-A-001574-L3149,TXN-A-001574,PRD-0077,PC-AUR0077,2000000007700,AURORA Shampoo 1 KG,Shampoo 1 KG,6.17,106.6,657.72,,SOURCE_A
TXN-A-001575-L3150,TXN-A-001575,PRD-0075,PC-NEX0075,2000000007502,NEXUS Hand Soap 10000 MAH,Hand Soap 10000 MAH,6.34,69.45,440.31,,SOURCE_A
TXN-A-001576-L3151,TXN-A-001576,PRD-0139,PC-ZEN0139,2000000013909,ZENITH Eraser Pack 500 G,Eraser Pack 500 G,4.26,45.39,193.36,,SOURCE_A
TXN-A-001577-L3152,TXN-A-001577,PRD-0016,PC-ZEN0016,2000000001609,ZENITH Surface Wipes 60 CM,Surface Wipes 60 CM,3.12,58.14,181.4,,SOURCE_A
TXN-A-001578-L3153,TXN-A-001578,PRD-0144,PC-NEX0144,2000000014401,NEXUS Marker Set 250 ML,Marker Set 250 ML,1.86,40.05,74.49,,SOURCE_A
TXN-A-001579-L3154,TXN-A-001579,PRD-0066,PC-NEX0066,2000000006604,NEXUS Charging Dock 5000 MAH,Charging Dock 5000 MAH,1.64,55.19,90.51,,SOURCE_A
TXN-A-001580-L3155,TXN-A-001580,PRD-0099,PC-NEX0099,2000000009902,NEXUS Cutting Board 500 ML,Cutting Board 500 ML,8.94,112.85,1008.88,,SOURCE_A
TXN-A-001581-L3156,TXN-A-001581,PRD-0032,PC-AUR0032,2000000003207,AURORA Binder Clip Box 3 V,Binder Clip Box 3 V,5.48,78.97,432.76,,SOURCE_A
TXN-A-001582-L3157,TXN-A-001582,PRD-0041,PC-AUR0041,2000000004105,AURORA File Folder Pack 9 V,File Folder Pack 9 V,7.57,59.18,447.99,,SOURCE_A
TXN-A-001583-L3158,TXN-A-001583,PRD-0144,PC-NEX0144,2000000014401,NEXUS Marker Set 250 ML,Marker Set 250 ML,9.57,40.05,383.28,,SOURCE_A
TXN-A-001584-L3159,TXN-A-001584,PRD-0120,PC-NEX0120,2000000012001,NEXUS Peeler 30 CM,Peeler 30 CM,1.07,95.85,102.56,,SOURCE_A
TXN-A-001585-L3160,TXN-A-001585,PRD-0014,PC-AUR0014,2000000001401,AURORA Fabric Softener 250 MG,Fabric Softener 250 MG,1.17,111.99,131.03,,SOURCE_A
TXN-A-001586-L3161,TXN-A-001586,PRD-0038,PC-AUR0038,2000000003801,AURORA Desk Organizer 2000 MAH,Desk Organizer 2000 MAH,8.16,28.05,228.89,,SOURCE_A
TXN-A-001587-L3162,TXN-A-001587,PRD-0037,PC-ZEN0037,2000000003702,ZENITH Desk Organizer 5 W,Desk Organizer 5 W,8.89,11.53,102.5,,SOURCE_A
TXN-A-001588-L3163,TXN-A-001588,PRD-0070,PC-ZEN0070,2000000007007,ZENITH Mouse Pad 200 G,Mouse Pad 200 G,5.22,113.79,593.98,,SOURCE_A
TXN-A-001589-L3164,TXN-A-001589,PRD-0020,PC-AUR0020,2000000002002,AURORA Air Freshener 200 G,Air Freshener 200 G,9.34,104.22,973.41,,SOURCE_A
TXN-A-001590-L3165,TXN-A-001590,PRD-0103,PC-ZEN0103,2000000010304,ZENITH Measuring Cup 10000 MAH,Measuring Cup 10000 MAH,1.01,7.51,7.59,,SOURCE_A
TXN-A-001591-L3166,TXN-A-001591,PRD-0027,PC-NEX0027,2000000002705,NEXUS Ballpoint Pen 500 ML,Ballpoint Pen 500 ML,1.2,49.53,59.44,,SOURCE_A
TXN-A-001592-L3167,TXN-A-001592,PRD-0061,PC-ZEN0061,2000000006109,ZENITH Battery Pack 200 G,Battery Pack 200 G,2.6,64.09,166.63,,SOURCE_A
TXN-A-001593-L3168,TXN-A-001593,PRD-0059,PC-AUR0059,2000000005904,AURORA Screen Protector 45 CM,Screen Protector 45 CM,4.88,61.8,301.58,,SOURCE_A
TXN-A-001594-L3169,TXN-A-001594,PRD-0047,PC-AUR0047,2000000004709,AURORA Tape Dispenser 45 CM,Tape Dispenser 45 CM,6.03,2.08,12.54,,SOURCE_A
TXN-A-001595-L3170,TXN-A-001595,PRD-0127,PC-ZEN0127,2000000012704,ZENITH Colored Pencil Set 50 G,Colored Pencil Set 50 G,9.05,57.94,524.36,,SOURCE_A
TXN-A-001596-L3171,TXN-A-001596,PRD-0119,PC-AUR0119,2000000011905,AURORA Peeler 100 MG,Peeler 100 MG,9.81,13.3,130.47,,SOURCE_A
TXN-A-001597-L3172,TXN-A-001597,PRD-0041,PC-AUR0041,2000000004105,AURORA File Folder Pack 9 V,File Folder Pack 9 V,9.22,59.18,545.64,,SOURCE_A
TXN-A-001598-L3173,TXN-A-001598,PRD-0041,PC-AUR0041,2000000004105,AURORA File Folder Pack 9 V,File Folder Pack 9 V,9.65,59.18,571.09,,SOURCE_A
TXN-A-001599-L3174,TXN-A-001599,PRD-0019,PC-ZEN0019,2000000001906,ZENITH Air Freshener 45 CM,Air Freshener 45 CM,4.18,38.75,161.97,,SOURCE_A
TXN-A-001600-L3175,TXN-A-001600,PRD-0068,PC-AUR0068,2000000006802,AURORA HDMI Cable 10000 MAH,HDMI Cable 10000 MAH,9.25,38.83,359.18,,SOURCE_A
TXN-A-001601-L3176,TXN-A-001601,PRD-0127,PC-ZEN0127,2000000012704,ZENITH Colored Pencil Set 50 G,Colored Pencil Set 50 G,5.08,57.94,294.34,,SOURCE_A
TXN-A-001602-L3177,TXN-A-001602,PRD-0095,PC-AUR0095,2000000009506,AURORA Lotion 1 KG,Lotion 1 KG,9.83,117.25,1152.57,,SOURCE_A
TXN-A-001603-L3178,TXN-A-001603,PRD-0148,PC-ZEN0148,2000000014807,ZENITH Wrench Set 30 CM,Wrench Set 30 CM,6.26,116.97,732.23,,SOURCE_A
TXN-A-001604-L3179,TXN-A-001604,PRD-0079,PC-ZEN0079,2000000007908,ZENITH Body Wash 200 G,Body Wash 200 G,9.95,74.3,739.28,,SOURCE_A
TXN-A-001605-L3180,TXN-A-001605,PRD-0086,PC-AUR0086,2000000008608,AURORA Deodorant 500 G,Deodorant 500 G,6.19,52.31,323.8,,SOURCE_A
TXN-A-001606-L3181,TXN-A-001606,PRD-0012,PC-NEX0012,2000000001203,NEXUS Laundry Detergent 3 V,Laundry Detergent 3 V,1.4,22.27,31.18,,SOURCE_A
TXN-A-001607-L3182,TXN-A-001607,PRD-0003,PC-NEX0003,2000000000305,NEXUS All Purpose Cleaner 250 ML,All Purpose Cleaner 250 ML,3.56,116.68,415.38,,SOURCE_A
TXN-A-001608-L3183,TXN-A-001608,PRD-0033,PC-NEX0033,2000000003306,NEXUS Binder Clip Box 45 CM,Binder Clip Box 45 CM,6.41,21.96,140.76,,SOURCE_A
TXN-A-001609-L3184,TXN-A-001609,PRD-0093,PC-NEX0093,2000000009308,NEXUS Hair Gel 10 W,Hair Gel 10 W,4.07,27.25,110.91,,SOURCE_A
TXN-A-001610-L3185,TXN-A-001610,PRD-0067,PC-ZEN0067,2000000006703,ZENITH HDMI Cable 1 KG,HDMI Cable 1 KG,4.15,57.46,238.46,,SOURCE_A
TXN-A-001611-L3186,TXN-A-001611,PRD-0123,PC-NEX0123,2000000012308,NEXUS Notebook 3 V,Notebook 3 V,4.88,15.38,75.05,,SOURCE_A
TXN-A-001612-L3187,TXN-A-001612,PRD-0108,PC-NEX0108,2000000010809,NEXUS Spatula Set 500 MG,Spatula Set 500 MG,2.09,103.62,216.57,,SOURCE_A
TXN-A-001613-L3188,TXN-A-001613,PRD-0019,PC-ZEN0019,2000000001906,ZENITH Air Freshener 45 CM,Air Freshener 45 CM,5.84,38.75,226.3,,SOURCE_A
TXN-A-001614-L3189,TXN-A-001614,PRD-0052,PC-ZEN0052,2000000005201,ZENITH Power Adapter 20 W,Power Adapter 20 W,8.98,45.35,407.24,,SOURCE_A
TXN-A-001615-L3190,TXN-A-001615,PRD-0022,PC-ZEN0022,2000000002200,ZENITH Floor Polish 2000 MAH,Floor Polish 2000 MAH,2.62,5.92,15.51,,SOURCE_A
TXN-A-001616-L3191,TXN-A-001616,PRD-0055,PC-ZEN0055,2000000005508,ZENITH Phone Case 250 MG,Phone Case 250 MG,1.51,52.62,79.46,TXN-B-001576,SOURCE_A
TXN-A-001616-L3192,TXN-A-001616,PRD-0086,PC-AUR0086,2000000008608,AURORA Deodorant 500 G,Deodorant 500 G,2.38,52.31,124.5,,SOURCE_A
TXN-A-001617-L3194,TXN-A-001617,PRD-0142,PC-ZEN0142,2000000014203,ZENITH Marker Set 750 ML,Marker Set 750 ML,4.02,33.77,135.76,TXN-B-001577,SOURCE_A
TXN-A-001617-L3195,TXN-A-001617,PRD-0096,PC-NEX0096,2000000009605,NEXUS Lotion 1 KG,Lotion 1 KG,1.55,25.67,39.79,,SOURCE_A
TXN-A-001618-L3197,TXN-A-001618,PRD-0032,PC-AUR0032,2000000003207,AURORA Binder Clip Box 3 V,Binder Clip Box 3 V,2.38,78.97,187.95,TXN-B-001578,SOURCE_A
TXN-A-001618-L3198,TXN-A-001618,PRD-0133,PC-ZEN0133,2000000013305,ZENITH Glue Stick 250 MG,Glue Stick 250 MG,1.13,31.89,36.04,,SOURCE_A
TXN-A-001619-L3200,TXN-A-001619,PRD-0057,PC-NEX0057,2000000005706,NEXUS Phone Case 1 L,Phone Case 1 L,7.72,31.73,244.96,TXN-B-001579,SOURCE_A
TXN-A-001619-L3201,TXN-A-001619,PRD-0061,PC-ZEN0061,2000000006109,ZENITH Battery Pack 200 G,Battery Pack 200 G,3.45,64.09,221.11,,SOURCE_A
TXN-A-001620-L3203,TXN-A-001620,PRD-0106,PC-ZEN0106,2000000010601,ZENITH Spatula Set 1 KG,Spatula Set 1 KG,3.08,23.7,73.0,TXN-B-001580,SOURCE_A
TXN-A-001620-L3204,TXN-A-001620,PRD-0146,PC-AUR0146,2000000014609,AURORA Screwdriver Set 500 ML,Screwdriver Set 500 ML,2.46,91.46,224.99,,SOURCE_A
TXN-A-001621-L3206,TXN-A-001621,PRD-0091,PC-ZEN0091,2000000009100,ZENITH Hair Gel 1.5 L,Hair Gel 1.5 L,2.15,87.74,188.64,TXN-B-001581,SOURCE_A
TXN-A-001621-L3207,TXN-A-001621,PRD-0055,PC-ZEN0055,2000000005508,ZENITH Phone Case 250 MG,Phone Case 250 MG,4.54,52.62,238.89,,SOURCE_A
TXN-A-001622-L3209,TXN-A-001622,PRD-0140,PC-AUR0140,2000000014005,AURORA Eraser Pack 2000 MAH,Eraser Pack 2000 MAH,2.7,111.85,302.0,TXN-B-001582,SOURCE_A
TXN-A-001622-L3210,TXN-A-001622,PRD-0066,PC-NEX0066,2000000006604,NEXUS Charging Dock 5000 MAH,Charging Dock 5000 MAH,3.1,55.19,171.09,,SOURCE_A
TXN-A-001623-L3212,TXN-A-001623,PRD-0046,PC-ZEN0046,2000000004600,ZENITH Tape Dispenser 250 ML,Tape Dispenser 250 ML,7.57,27.78,210.29,TXN-B-001583,SOURCE_A
TXN-A-001623-L3213,TXN-A-001623,PRD-0111,PC-NEX0111,2000000011103,NEXUS Storage Container 500 G,Storage Container 500 G,2.17,61.14,132.67,,SOURCE_A
TXN-A-001624-L3215,TXN-A-001624,PRD-0131,PC-AUR0131,2000000013107,AURORA Ruler Set 60 CM,Ruler Set 60 CM,4.51,15.08,68.01,TXN-B-001584,SOURCE_A
TXN-A-001624-L3216,TXN-A-001624,PRD-0047,PC-AUR0047,2000000004709,AURORA Tape Dispenser 45 CM,Tape Dispenser 45 CM,3.05,2.08,6.34,,SOURCE_A
TXN-A-001625-L3218,TXN-A-001625,PRD-0060,PC-NEX0060,2000000006000,NEXUS Screen Protector 10 IN,Screen Protector 10 IN,1.22,85.32,104.09,TXN-B-001585,SOURCE_A
TXN-A-001625-L3219,TXN-A-001625,PRD-0030,PC-NEX0030,2000000003009,NEXUS Highlighter Set 12 IN,Highlighter Set 12 IN,1.23,69.53,85.52,,SOURCE_A
TXN-A-001626-L3221,TXN-A-001626,PRD-0092,PC-AUR0092,2000000009209,AURORA Hair Gel 100 MG,Hair Gel 100 MG,8.63,64.67,558.1,TXN-B-001586,SOURCE_A
TXN-A-001626-L3222,TXN-A-001626,PRD-0017,PC-AUR0017,2000000001708,AURORA Surface Wipes 9 V,Surface Wipes 9 V,1.24,80.73,100.11,,SOURCE_A
TXN-A-001627-L3224,TXN-A-001627,PRD-0124,PC-ZEN0124,2000000012407,ZENITH Sketch Pad 500 MG,Sketch Pad 500 MG,9.22,47.5,437.95,TXN-B-001587,SOURCE_A
TXN-A-001627-L3225,TXN-A-001627,PRD-0059,PC-AUR0059,2000000005904,AURORA Screen Protector 45 CM,Screen Protector 45 CM,3.79,61.8,234.22,,SOURCE_A
TXN-A-001628-L3227,TXN-A-001628,PRD-0142,PC-ZEN0142,2000000014203,ZENITH Marker Set 750 ML,Marker Set 750 ML,3.9,33.77,131.7,TXN-B-001588,SOURCE_A
TXN-A-001628-L3228,TXN-A-001628,PRD-0017,PC-AUR0017,2000000001708,AURORA Surface Wipes 9 V,Surface Wipes 9 V,2.43,80.73,196.17,,SOURCE_A
TXN-A-001629-L3230,TXN-A-001629,PRD-0113,PC-AUR0113,2000000011301,AURORA Kitchen Towel 20 W,Kitchen Towel 20 W,6.31,71.36,450.28,TXN-B-001589,SOURCE_A
TXN-A-001629-L3231,TXN-A-001629,PRD-0129,PC-NEX0129,2000000012902,NEXUS Colored Pencil Set 750 ML,Colored Pencil Set 750 ML,3.65,94.86,346.24,,SOURCE_A
TXN-A-001630-L3233,TXN-A-001630,PRD-0059,PC-AUR0059,2000000005904,AURORA Screen Protector 45 CM,Screen Protector 45 CM,4.35,61.8,268.83,TXN-B-001590,SOURCE_A
TXN-A-001630-L3234,TXN-A-001630,PRD-0135,PC-NEX0135,2000000013503,NEXUS Glue Stick 5000 MAH,Glue Stick 5000 MAH,3.27,27.9,91.23,,SOURCE_A
TXN-A-001631-L3236,TXN-A-001631,PRD-0098,PC-AUR0098,2000000009803,AURORA Cutting Board 10 IN,Cutting Board 10 IN,7.5,17.09,128.18,TXN-B-001591,SOURCE_A
TXN-A-001631-L3237,TXN-A-001631,PRD-0121,PC-ZEN0121,2000000012100,ZENITH Notebook 1 L,Notebook 1 L,3.27,21.42,70.04,,SOURCE_A
TXN-A-001632-L3239,TXN-A-001632,PRD-0136,PC-ZEN0136,2000000013602,ZENITH Scissors 3 V,Scissors 3 V,4.08,71.22,290.58,TXN-B-001592,SOURCE_A
TXN-A-001632-L3240,TXN-A-001632,PRD-0085,PC-ZEN0085,2000000008509,ZENITH Deodorant 200 G,Deodorant 200 G,2.93,86.39,253.12,,SOURCE_A
TXN-A-001633-L3242,TXN-A-001633,PRD-0108,PC-NEX0108,2000000010809,NEXUS Spatula Set 500 MG,Spatula Set 500 MG,3.66,103.62,379.25,TXN-B-001593,SOURCE_A
TXN-A-001633-L3243,TXN-A-001633,PRD-0019,PC-ZEN0019,2000000001906,ZENITH Air Freshener 45 CM,Air Freshener 45 CM,4.38,38.75,169.72,,SOURCE_A
TXN-A-001634-L3245,TXN-A-001634,PRD-0141,PC-NEX0141,2000000014104,NEXUS Eraser Pack 3 V,Eraser Pack 3 V,7.28,34.77,253.13,TXN-B-001594,SOURCE_A
TXN-A-001634-L3246,TXN-A-001634,PRD-0087,PC-NEX0087,2000000008707,NEXUS Deodorant 9 V,Deodorant 9 V,3.97,116.64,463.06,,SOURCE_A
TXN-A-001635-L3248,TXN-A-001635,PRD-0085,PC-ZEN0085,2000000008509,ZENITH Deodorant 200 G,Deodorant 200 G,7.67,86.39,662.61,TXN-B-001595,SOURCE_A
TXN-A-001635-L3249,TXN-A-001635,PRD-0124,PC-ZEN0124,2000000012407,ZENITH Sketch Pad 500 MG,Sketch Pad 500 MG,3.31,47.5,157.22,,SOURCE_A
TXN-A-001636-L3251,TXN-A-001636,PRD-0109,PC-ZEN0109,2000000010908,ZENITH Storage Container 20 W,Storage Container 20 W,8.01,89.13,713.93,TXN-B-001596,SOURCE_A
TXN-A-001636-L3252,TXN-A-001636,PRD-0020,PC-AUR0020,2000000002002,AURORA Air Freshener 200 G,Air Freshener 200 G,4.55,104.22,474.2,,SOURCE_A
TXN-A-001637-L3254,TXN-A-001637,PRD-0051,PC-NEX0051,2000000005102,NEXUS USB Cable 500 MG,USB Cable 500 MG,3.7,94.26,348.76,TXN-B-001597,SOURCE_A
TXN-A-001637-L3255,TXN-A-001637,PRD-0115,PC-ZEN0115,2000000011509,ZENITH Can Opener 2000 MAH,Can Opener 2000 MAH,2.78,64.41,179.06,,SOURCE_A
TXN-A-001638-L3257,TXN-A-001638,PRD-0012,PC-NEX0012,2000000001203,NEXUS Laundry Detergent 3 V,Laundry Detergent 3 V,5.96,22.27,132.73,TXN-B-001598,SOURCE_A
TXN-A-001638-L3258,TXN-A-001638,PRD-0120,PC-NEX0120,2000000012001,NEXUS Peeler 30 CM,Peeler 30 CM,4.56,95.85,437.08,,SOURCE_A
TXN-A-001639-L3260,TXN-A-001639,PRD-0019,PC-ZEN0019,2000000001906,ZENITH Air Freshener 45 CM,Air Freshener 45 CM,2.97,38.75,115.09,TXN-B-001599,SOURCE_A
TXN-A-001639-L3261,TXN-A-001639,PRD-0003,PC-NEX0003,2000000000305,NEXUS All Purpose Cleaner 250 ML,All Purpose Cleaner 250 ML,4.92,116.68,574.07,,SOURCE_A
TXN-A-001640-L3263,TXN-A-001640,PRD-0096,PC-NEX0096,2000000009605,NEXUS Lotion 1 KG,Lotion 1 KG,6.58,25.67,168.91,TXN-B-001600,SOURCE_A
TXN-A-001640-L3264,TXN-A-001640,PRD-0052,PC-ZEN0052,2000000005201,ZENITH Power Adapter 20 W,Power Adapter 20 W,2.7,45.35,122.45,,SOURCE_A
TXN-A-001641-L3266,TXN-A-001641,PRD-0148,PC-ZEN0148,2000000014807,ZENITH Wrench Set 30 CM,Wrench Set 30 CM,2.02,116.97,236.28,TXN-B-001601,SOURCE_A
TXN-A-001641-L3267,TXN-A-001641,PRD-0052,PC-ZEN0052,2000000005201,ZENITH Power Adapter 20 W,Power Adapter 20 W,4.95,45.35,224.48,,SOURCE_A
TXN-A-001642-L3269,TXN-A-001642,PRD-0006,PC-NEX0006,2000000000602,NEXUS Glass Spray 9 V,Glass Spray 9 V,3.66,84.09,307.77,TXN-B-001602,SOURCE_A
TXN-A-001642-L3270,TXN-A-001642,PRD-0150,PC-NEX0150,2000000015002,NEXUS Wrench Set 9 V,Wrench Set 9 V,1.03,89.01,91.68,,SOURCE_A
TXN-A-001643-L3272,TXN-A-001643,PRD-0056,PC-AUR0056,2000000005607,AURORA Phone Case 20 W,Phone Case 20 W,8.72,16.68,145.45,TXN-B-001603,SOURCE_A
TXN-A-001643-L3273,TXN-A-001643,PRD-0041,PC-AUR0041,2000000004105,AURORA File Folder Pack 9 V,File Folder Pack 9 V,1.66,59.18,98.24,,SOURCE_A
TXN-A-001644-L3275,TXN-A-001644,PRD-0123,PC-NEX0123,2000000012308,NEXUS Notebook 3 V,Notebook 3 V,5.8,15.38,89.2,TXN-B-001604,SOURCE_A
TXN-A-001644-L3276,TXN-A-001644,PRD-0008,PC-AUR0008,2000000000800,AURORA Dish Liquid 10000 MAH,Dish Liquid 10000 MAH,3.53,111.86,394.87,,SOURCE_A
TXN-A-001645-L3278,TXN-A-001645,PRD-0054,PC-NEX0054,2000000005409,NEXUS Power Adapter 500 ML,Power Adapter 500 ML,8.93,16.51,147.43,TXN-B-001605,SOURCE_A
TXN-A-001645-L3279,TXN-A-001645,PRD-0048,PC-NEX0048,2000000004808,NEXUS Tape Dispenser 3 V,Tape Dispenser 3 V,1.77,64.25,113.72,,SOURCE_A
TXN-A-001646-L3281,TXN-A-001646,PRD-0106,PC-ZEN0106,2000000010601,ZENITH Spatula Set 1 KG,Spatula Set 1 KG,2.29,23.7,54.27,TXN-B-001606,SOURCE_A
TXN-A-001646-L3282,TXN-A-001646,PRD-0037,PC-ZEN0037,2000000003702,ZENITH Desk Organizer 5 W,Desk Organizer 5 W,4.09,11.53,47.16,,SOURCE_A
TXN-A-001647-L3284,TXN-A-001647,PRD-0014,PC-AUR0014,2000000001401,AURORA Fabric Softener 250 MG,Fabric Softener 250 MG,5.85,111.99,655.14,TXN-B-001607,SOURCE_A
TXN-A-001647-L3285,TXN-A-001647,PRD-0035,PC-AUR0035,2000000003504,AURORA Stapler 10 W,Stapler 10 W,4.77,17.34,82.71,,SOURCE_A
TXN-A-001648-L3287,TXN-A-001648,PRD-0011,PC-AUR0011,2000000001104,AURORA Laundry Detergent 2000 MAH,Laundry Detergent 2000 MAH,9.36,97.97,917.0,TXN-B-001608,SOURCE_A
TXN-A-001648-L3288,TXN-A-001648,PRD-0064,PC-ZEN0064,2000000006406,ZENITH Charging Dock 15 W,Charging Dock 15 W,4.62,60.18,278.03,,SOURCE_A
TXN-A-001649-L3290,TXN-A-001649,PRD-0103,PC-ZEN0103,2000000010304,ZENITH Measuring Cup 10000 MAH,Measuring Cup 10000 MAH,3.01,7.51,22.61,TXN-B-001609,SOURCE_A
TXN-A-001649-L3291,TXN-A-001649,PRD-0049,PC-ZEN0049,2000000004907,ZENITH USB Cable 1 KG,USB Cable 1 KG,2.59,50.47,130.72,,SOURCE_A
TXN-A-001650-L3293,TXN-A-001650,PRD-0084,PC-NEX0084,2000000008400,NEXUS Toothpaste 15 W,Toothpaste 15 W,8.82,33.06,291.59,TXN-B-001610,SOURCE_A
TXN-A-001650-L3294,TXN-A-001650,PRD-0148,PC-ZEN0148,2000000014807,ZENITH Wrench Set 30 CM,Wrench Set 30 CM,3.59,116.97,419.92,,SOURCE_A
TXN-A-001651-L3296,TXN-A-001651,PRD-0078,PC-NEX0078,2000000007809,NEXUS Shampoo 500 ML,Shampoo 500 ML,4.94,118.47,585.24,TXN-B-001611,SOURCE_A
TXN-A-001651-L3297,TXN-A-001651,PRD-0084,PC-NEX0084,2000000008400,NEXUS Toothpaste 15 W,Toothpaste 15 W,4.22,33.06,139.51,,SOURCE_A
TXN-A-001652-L3299,TXN-A-001652,PRD-0066,PC-NEX0066,2000000006604,NEXUS Charging Dock 5000 MAH,Charging Dock 5000 MAH,9.74,55.19,537.55,TXN-B-001612,SOURCE_A
TXN-A-001652-L3300,TXN-A-001652,PRD-0056,PC-AUR0056,2000000005607,AURORA Phone Case 20 W,Phone Case 20 W,4.11,16.68,68.55,,SOURCE_A
TXN-A-001653-L3302,TXN-A-001653,PRD-0132,PC-NEX0132,2000000013206,NEXUS Ruler Set 60 CM,Ruler Set 60 CM,2.9,20.73,60.12,TXN-B-001613,SOURCE_A
TXN-A-001653-L3303,TXN-A-001653,PRD-0101,PC-AUR0101,2000000010106,AURORA Mixing Bowl Set 100 MG,Mixing Bowl Set 100 MG,3.79,113.58,430.47,,SOURCE_A
TXN-A-001654-L3305,TXN-A-001654,PRD-0078,PC-NEX0078,2000000007809,NEXUS Shampoo 500 ML,Shampoo 500 ML,7.08,118.47,838.77,TXN-B-001614,SOURCE_A
TXN-A-001654-L3306,TXN-A-001654,PRD-0117,PC-NEX0117,2000000011707,NEXUS Can Opener 5 W,Can Opener 5 W,3.6,60.46,217.66,,SOURCE_A
TXN-A-001655-L3308,TXN-A-001655,PRD-0098,PC-AUR0098,2000000009803,AURORA Cutting Board 10 IN,Cutting Board 10 IN,3.04,17.09,51.95,TXN-B-001615,SOURCE_A
TXN-A-001655-L3309,TXN-A-001655,PRD-0101,PC-AUR0101,2000000010106,AURORA Mixing Bowl Set 100 MG,Mixing Bowl Set 100 MG,3.17,113.58,360.05,,SOURCE_A
TXN-A-001656-L3311,TXN-A-001656,PRD-0012,PC-NEX0012,2000000001203,NEXUS Laundry Detergent 3 V,Laundry Detergent 3 V,7.06,22.27,157.23,TXN-B-001616,SOURCE_A
TXN-A-001656-L3312,TXN-A-001656,PRD-0136,PC-ZEN0136,2000000013602,ZENITH Scissors 3 V,Scissors 3 V,1.87,71.22,133.18,,SOURCE_A
TXN-A-001657-L3314,TXN-A-001657,PRD-0136,PC-ZEN0136,2000000013602,ZENITH Scissors 3 V,Scissors 3 V,8.27,71.22,588.99,TXN-B-001617,SOURCE_A
TXN-A-001657-L3315,TXN-A-001657,PRD-0004,PC-ZEN0004,2000000000404,ZENITH Glass Spray 750 ML,Glass Spray 750 ML,4.43,100.37,444.64,,SOURCE_A
TXN-A-001658-L3317,TXN-A-001658,PRD-0102,PC-NEX0102,2000000010205,NEXUS Mixing Bowl Set 15 W,Mixing Bowl Set 15 W,4.35,58.6,254.91,TXN-B-001618,SOURCE_A
TXN-A-001658-L3318,TXN-A-001658,PRD-0075,PC-NEX0075,2000000007502,NEXUS Hand Soap 10000 MAH,Hand Soap 10000 MAH,3.59,69.45,249.33,,SOURCE_A
TXN-A-001659-L3320,TXN-A-001659,PRD-0136,PC-ZEN0136,2000000013602,ZENITH Scissors 3 V,Scissors 3 V,3.76,71.22,267.79,TXN-B-001619,SOURCE_A
TXN-A-001659-L3321,TXN-A-001659,PRD-0073,PC-ZEN0073,2000000007304,ZENITH Hand Soap 250 MG,Hand Soap 250 MG,1.84,22.6,41.58,,SOURCE_A
TXN-A-001660-L3323,TXN-A-001660,PRD-0022,PC-ZEN0022,2000000002200,ZENITH Floor Polish 2000 MAH,Floor Polish 2000 MAH,1.05,5.92,6.22,TXN-B-001620,SOURCE_A
TXN-A-001660-L3324,TXN-A-001660,PRD-0134,PC-AUR0134,2000000013404,AURORA Glue Stick 9 V,Glue Stick 9 V,2.86,77.67,222.14,,SOURCE_A
TXN-A-001661-L3326,TXN-A-001661,PRD-0018,PC-NEX0018,2000000001807,NEXUS Surface Wipes 500 MG,Surface Wipes 500 MG,4.91,39.31,193.01,TXN-B-001621,SOURCE_A
TXN-A-001661-L3327,TXN-A-001661,PRD-0056,PC-AUR0056,2000000005607,AURORA Phone Case 20 W,Phone Case 20 W,2.54,16.68,42.37,,SOURCE_A
TXN-A-001662-L3329,TXN-A-001662,PRD-0085,PC-ZEN0085,2000000008509,ZENITH Deodorant 200 G,Deodorant 200 G,5.08,86.39,438.86,TXN-B-001622,SOURCE_A
TXN-A-001662-L3330,TXN-A-001662,PRD-0131,PC-AUR0131,2000000013107,AURORA Ruler Set 60 CM,Ruler Set 60 CM,3.52,15.08,53.08,,SOURCE_A
TXN-A-001663-L3332,TXN-A-001663,PRD-0004,PC-ZEN0004,2000000000404,ZENITH Glass Spray 750 ML,Glass Spray 750 ML,4.76,100.37,477.76,TXN-B-001623,SOURCE_A
TXN-A-001663-L3333,TXN-A-001663,PRD-0117,PC-NEX0117,2000000011707,NEXUS Can Opener 5 W,Can Opener 5 W,2.79,60.46,168.68,,SOURCE_A
TXN-A-001664-L3335,TXN-A-001664,PRD-0044,PC-AUR0044,2000000004402,AURORA Whiteboard Marker 12 IN,Whiteboard Marker 12 IN,8.3,38.93,323.12,TXN-B-001624,SOURCE_A
TXN-A-001664-L3336,TXN-A-001664,PRD-0125,PC-AUR0125,2000000012506,AURORA Sketch Pad 1.5 V,Sketch Pad 1.5 V,3.86,102.96,397.43,,SOURCE_A
TXN-A-001665-L3338,TXN-A-001665,PRD-0017,PC-AUR0017,2000000001708,AURORA Surface Wipes 9 V,Surface Wipes 9 V,3.33,80.73,268.83,TXN-B-001625,SOURCE_A
TXN-A-001665-L3339,TXN-A-001665,PRD-0046,PC-ZEN0046,2000000004600,ZENITH Tape Dispenser 250 ML,Tape Dispenser 250 ML,4.42,27.78,122.79,,SOURCE_A
TXN-A-001666-L3341,TXN-A-001666,PRD-0070,PC-ZEN0070,2000000007007,ZENITH Mouse Pad 200 G,Mouse Pad 200 G,2.34,113.79,266.27,TXN-B-001626,SOURCE_A
TXN-A-001666-L3342,TXN-A-001666,PRD-0034,PC-ZEN0034,2000000003405,ZENITH Stapler 100 MG,Stapler 100 MG,3.2,79.94,255.81,,SOURCE_A
TXN-A-001667-L3344,TXN-A-001667,PRD-0059,PC-AUR0059,2000000005904,AURORA Screen Protector 45 CM,Screen Protector 45 CM,7.42,61.8,458.56,TXN-B-001627,SOURCE_A
TXN-A-001667-L3345,TXN-A-001667,PRD-0105,PC-NEX0105,2000000010502,NEXUS Measuring Cup 100 G,Measuring Cup 100 G,3.5,109.25,382.38,,SOURCE_A
TXN-A-001668-L3347,TXN-A-001668,PRD-0139,PC-ZEN0139,2000000013909,ZENITH Eraser Pack 500 G,Eraser Pack 500 G,7.66,45.39,347.69,TXN-B-001628,SOURCE_A
TXN-A-001668-L3348,TXN-A-001668,PRD-0118,PC-ZEN0118,2000000011806,ZENITH Peeler 750 ML,Peeler 750 ML,2.71,28.05,76.02,,SOURCE_A
TXN-A-001669-L3350,TXN-A-001669,PRD-0140,PC-AUR0140,2000000014005,AURORA Eraser Pack 2000 MAH,Eraser Pack 2000 MAH,6.56,111.85,733.74,TXN-B-001629,SOURCE_A
TXN-A-001669-L3351,TXN-A-001669,PRD-0024,PC-NEX0024,2000000002408,NEXUS Floor Polish 100 MG,Floor Polish 100 MG,2.75,75.71,208.2,,SOURCE_A
TXN-A-001670-L3353,TXN-A-001670,PRD-0045,PC-NEX0045,2000000004501,NEXUS Whiteboard Marker 45 CM,Whiteboard Marker 45 CM,6.51,29.55,192.37,TXN-B-001630,SOURCE_A
TXN-A-001670-L3354,TXN-A-001670,PRD-0119,PC-AUR0119,2000000011905,AURORA Peeler 100 MG,Peeler 100 MG,2.0,13.3,26.6,,SOURCE_A
TXN-A-001671-L3356,TXN-A-001671,PRD-0110,PC-AUR0110,2000000011004,AURORA Storage Container 5 W,Storage Container 5 W,5.38,44.62,240.06,TXN-B-001631,SOURCE_A
TXN-A-001672-L3358,TXN-A-001672,PRD-0071,PC-AUR0071,2000000007106,AURORA Mouse Pad 50 G,Mouse Pad 50 G,9.78,17.32,169.39,TXN-B-001632,SOURCE_A
TXN-A-001673-L3360,TXN-A-001673,PRD-0042,PC-NEX0042,2000000004204,NEXUS File Folder Pack 500 G,File Folder Pack 500 G,6.25,68.11,425.69,TXN-B-001633,SOURCE_A
TXN-A-001674-L3362,TXN-A-001674,PRD-0146,PC-AUR0146,2000000014609,AURORA Screwdriver Set 500 ML,Screwdriver Set 500 ML,11.66,91.46,1066.42,TXN-B-001634,SOURCE_A
TXN-A-001675-L3364,TXN-A-001675,PRD-0049,PC-ZEN0049,2000000004907,ZENITH USB Cable 1 KG,USB Cable 1 KG,4.79,50.47,241.75,TXN-B-001635,SOURCE_A
TXN-A-001676-L3366,TXN-A-001676,PRD-0045,PC-NEX0045,2000000004501,NEXUS Whiteboard Marker 45 CM,Whiteboard Marker 45 CM,8.48,29.55,250.58,TXN-B-001636,SOURCE_A
TXN-A-001677-L3368,TXN-A-001677,PRD-0007,PC-ZEN0007,2000000000701,ZENITH Dish Liquid 5000 MAH,Dish Liquid 5000 MAH,6.4,57.78,369.79,TXN-B-001637,SOURCE_A
TXN-A-001678-L3370,TXN-A-001678,PRD-0029,PC-AUR0029,2000000002903,AURORA Highlighter Set 9 V,Highlighter Set 9 V,7.46,26.14,195.0,TXN-B-001638,SOURCE_A
TXN-A-001679-L3372,TXN-A-001679,PRD-0069,PC-NEX0069,2000000006901,NEXUS HDMI Cable 1.5 L,HDMI Cable 1.5 L,9.98,45.41,453.19,TXN-B-001639,SOURCE_A
TXN-A-001680-L3374,TXN-A-001680,PRD-0031,PC-ZEN0031,2000000003108,ZENITH Binder Clip Box 3 V,Binder Clip Box 3 V,9.87,57.71,569.6,TXN-B-001640,SOURCE_A
TXN-A-001681-L3376,TXN-A-001681,PRD-0049,PC-ZEN0049,2000000004907,ZENITH USB Cable 1 KG,USB Cable 1 KG,3.79,50.47,191.28,TXN-B-001641,SOURCE_A
TXN-A-001682-L3378,TXN-A-001682,PRD-0088,PC-ZEN0088,2000000008806,ZENITH Face Cream 30 CM,Face Cream 30 CM,5.78,2.66,15.37,TXN-B-001642,SOURCE_A
TXN-A-001683-L3380,TXN-A-001683,PRD-0077,PC-AUR0077,2000000007700,AURORA Shampoo 1 KG,Shampoo 1 KG,3.19,106.6,340.05,TXN-B-001643,SOURCE_A
TXN-A-001684-L3382,TXN-A-001684,PRD-0031,PC-ZEN0031,2000000003108,ZENITH Binder Clip Box 3 V,Binder Clip Box 3 V,12.91,57.71,745.04,TXN-B-001644,SOURCE_A
TXN-A-001685-L3384,TXN-A-001685,PRD-0050,PC-AUR0050,2000000005003,AURORA USB Cable 10000 MAH,USB Cable 10000 MAH,12.49,3.09,38.59,TXN-B-001645,SOURCE_A
TXN-A-001686-L3386,TXN-A-001686,PRD-0078,PC-NEX0078,2000000007809,NEXUS Shampoo 500 ML,Shampoo 500 ML,10.34,118.47,1224.98,TXN-B-001646,SOURCE_A
TXN-A-001687-L3388,TXN-A-001687,PRD-0124,PC-ZEN0124,2000000012407,ZENITH Sketch Pad 500 MG,Sketch Pad 500 MG,11.2,47.5,532.0,TXN-B-001647,SOURCE_A
TXN-A-001688-L3390,TXN-A-001688,PRD-0130,PC-ZEN0130,2000000013008,ZENITH Ruler Set 45 CM,Ruler Set 45 CM,4.27,90.87,388.01,TXN-B-001648,SOURCE_A
TXN-A-001689-L3392,TXN-A-001689,PRD-0098,PC-AUR0098,2000000009803,AURORA Cutting Board 10 IN,Cutting Board 10 IN,2.52,17.09,43.07,TXN-B-001649,SOURCE_A
TXN-A-001690-L3394,TXN-A-001690,PRD-0035,PC-AUR0035,2000000003504,AURORA Stapler 10 W,Stapler 10 W,2.65,17.34,45.95,TXN-B-001650,SOURCE_A
TXN-A-001691-L3396,TXN-A-001691,PRD-0023,PC-AUR0023,2000000002309,AURORA Floor Polish 100 MG,Floor Polish 100 MG,5.49,52.05,285.75,TXN-B-001651,SOURCE_A
TXN-A-001692-L3398,TXN-A-001692,PRD-0122,PC-AUR0122,2000000012209,AURORA Notebook 5000 MAH,Notebook 5000 MAH,5.68,31.9,181.19,TXN-B-001652,SOURCE_A
TXN-A-001693-L3400,TXN-A-001693,PRD-0112,PC-ZEN0112,2000000011202,ZENITH Kitchen Towel 30 CM,Kitchen Towel 30 CM,8.74,100.54,878.72,TXN-B-001653,SOURCE_A
TXN-A-001694-L3402,TXN-A-001694,PRD-0068,PC-AUR0068,2000000006802,AURORA HDMI Cable 10000 MAH,HDMI Cable 10000 MAH,12.37,38.83,480.33,TXN-B-001654,SOURCE_A
TXN-A-001695-L3404,TXN-A-001695,PRD-0001,PC-ZEN0001,2000000000107,ZENITH All Purpose Cleaner 10 IN,All Purpose Cleaner 10 IN,6.6,34.59,228.29,TXN-B-001655,SOURCE_A
TXN-A-001696-L3406,TXN-A-001696,PRD-0101,PC-AUR0101,2000000010106,AURORA Mixing Bowl Set 100 MG,Mixing Bowl Set 100 MG,12.3,113.58,1397.03,TXN-B-001656,SOURCE_A
TXN-A-001697-L3408,TXN-A-001697,PRD-0052,PC-ZEN0052,2000000005201,ZENITH Power Adapter 20 W,Power Adapter 20 W,3.85,45.35,174.6,TXN-B-001657,SOURCE_A
TXN-A-001698-L3410,TXN-A-001698,PRD-0110,PC-AUR0110,2000000011004,AURORA Storage Container 5 W,Storage Container 5 W,4.47,44.62,199.45,TXN-B-001658,SOURCE_A
TXN-A-001699-L3412,TXN-A-001699,PRD-0009,PC-NEX0009,2000000000909,NEXUS Dish Liquid 10 W,Dish Liquid 10 W,4.55,102.05,464.33,TXN-B-001659,SOURCE_A
TXN-A-001700-L3414,TXN-A-001700,PRD-0084,PC-NEX0084,2000000008400,NEXUS Toothpaste 15 W,Toothpaste 15 W,6.86,33.06,226.79,TXN-B-001660,SOURCE_A
TXN-A-001701-L3416,TXN-A-001701,PRD-0074,PC-AUR0074,2000000007403,AURORA Hand Soap 1.5 V,Hand Soap 1.5 V,3.72,72.37,269.22,TXN-B-001661,SOURCE_A
TXN-A-001702-L3418,TXN-A-001702,PRD-0035,PC-AUR0035,2000000003504,AURORA Stapler 10 W,Stapler 10 W,6.14,17.34,106.47,TXN-B-001662,SOURCE_A
TXN-A-001703-L3420,TXN-A-001703,PRD-0076,PC-ZEN0076,2000000007601,ZENITH Shampoo 200 G,Shampoo 200 G,7.32,12.26,89.74,TXN-B-001663,SOURCE_A
TXN-A-001704-L3422,TXN-A-001704,PRD-0019,PC-ZEN0019,2000000001906,ZENITH Air Freshener 45 CM,Air Freshener 45 CM,7.93,38.75,307.29,TXN-B-001664,SOURCE_A
TXN-A-001705-L3424,TXN-A-001705,PRD-0089,PC-AUR0089,2000000008905,AURORA Face Cream 500 ML,Face Cream 500 ML,9.4,50.06,470.56,TXN-B-001665,SOURCE_A
TXN-A-001706-L3426,TXN-A-001706,PRD-0071,PC-AUR0071,2000000007106,AURORA Mouse Pad 50 G,Mouse Pad 50 G,12.2,17.32,211.3,TXN-B-001666,SOURCE_A
TXN-A-001707-L3428,TXN-A-001707,PRD-0126,PC-NEX0126,2000000012605,NEXUS Sketch Pad 250 ML,Sketch Pad 250 ML,4.82,82.01,395.29,TXN-B-001667,SOURCE_A
TXN-A-001708-L3430,TXN-A-001708,PRD-0078,PC-NEX0078,2000000007809,NEXUS Shampoo 500 ML,Shampoo 500 ML,7.58,118.47,898.0,TXN-B-001668,SOURCE_A
TXN-A-001709-L3432,TXN-A-001709,PRD-0051,PC-NEX0051,2000000005102,NEXUS USB Cable 500 MG,USB Cable 500 MG,5.8,94.26,546.71,TXN-B-001669,SOURCE_A
TXN-A-001710-L3434,TXN-A-001710,PRD-0074,PC-AUR0074,2000000007403,AURORA Hand Soap 1.5 V,Hand Soap 1.5 V,3.6,72.37,260.53,TXN-B-001670,SOURCE_A
TXN-A-001711-L3436,TXN-A-001711,PRD-0031,PC-ZEN0031,2000000003108,ZENITH Binder Clip Box 3 V,Binder Clip Box 3 V,6.01,57.71,346.84,TXN-B-001671,SOURCE_A
TXN-A-001712-L3438,TXN-A-001712,PRD-0145,PC-ZEN0145,2000000014500,ZENITH Screwdriver Set 10 W,Screwdriver Set 10 W,10.5,31.94,335.37,TXN-B-001672,SOURCE_A
TXN-A-001713-L3440,TXN-A-001713,PRD-0138,PC-NEX0138,2000000013800,NEXUS Scissors 500 MG,Scissors 500 MG,11.19,96.35,1078.16,TXN-B-001673,SOURCE_A
TXN-A-001714-L3442,TXN-A-001714,PRD-0133,PC-ZEN0133,2000000013305,ZENITH Glue Stick 250 MG,Glue Stick 250 MG,12.31,31.89,392.57,TXN-B-001674,SOURCE_A
TXN-A-001715-L3444,TXN-A-001715,PRD-0010,PC-ZEN0010,2000000001005,ZENITH Laundry Detergent 1.5 V,Laundry Detergent 1.5 V,5.6,25.3,141.68,TXN-B-001675,SOURCE_A
TXN-A-001716-L3446,TXN-A-001716,PRD-0122,PC-AUR0122,2000000012209,AURORA Notebook 5000 MAH,Notebook 5000 MAH,3.41,31.9,108.78,TXN-B-001676,SOURCE_A
TXN-A-001717-L3448,TXN-A-001717,PRD-0096,PC-NEX0096,2000000009605,NEXUS Lotion 1 KG,Lotion 1 KG,6.74,25.67,173.02,TXN-B-001677,SOURCE_A
TXN-A-001718-L3450,TXN-A-001718,PRD-0146,PC-AUR0146,2000000014609,AURORA Screwdriver Set 500 ML,Screwdriver Set 500 ML,11.54,91.46,1055.45,TXN-B-001678,SOURCE_A
TXN-A-001719-L3452,TXN-A-001719,PRD-0148,PC-ZEN0148,2000000014807,ZENITH Wrench Set 30 CM,Wrench Set 30 CM,7.45,116.97,871.43,TXN-B-001679,SOURCE_A
TXN-A-001720-L3454,TXN-A-001720,PRD-0011,PC-AUR0011,2000000001104,AURORA Laundry Detergent 2000 MAH,Laundry Detergent 2000 MAH,9.19,97.97,900.34,TXN-B-001680,SOURCE_A
TXN-A-001721-L3456,TXN-A-001721,PRD-0121,PC-ZEN0121,2000000012100,ZENITH Notebook 1 L,Notebook 1 L,9.38,21.42,200.92,TXN-B-001681,SOURCE_A
TXN-A-001722-L3458,TXN-A-001722,PRD-0136,PC-ZEN0136,2000000013602,ZENITH Scissors 3 V,Scissors 3 V,3.14,71.22,223.63,TXN-B-001682,SOURCE_A
TXN-A-001723-L3460,TXN-A-001723,PRD-0087,PC-NEX0087,2000000008707,NEXUS Deodorant 9 V,Deodorant 9 V,12.31,116.64,1435.84,TXN-B-001683,SOURCE_A
TXN-A-001724-L3462,TXN-A-001724,PRD-0058,PC-ZEN0058,2000000005805,ZENITH Screen Protector 3 V,Screen Protector 3 V,4.06,72.97,296.26,TXN-B-001684,SOURCE_A
TXN-A-001725-L3464,TXN-A-001725,PRD-0112,PC-ZEN0112,2000000011202,ZENITH Kitchen Towel 30 CM,Kitchen Towel 30 CM,6.74,100.54,677.64,TXN-B-001685,SOURCE_A
TXN-A-001726-L3466,TXN-A-001726,PRD-0133,PC-ZEN0133,2000000013305,ZENITH Glue Stick 250 MG,Glue Stick 250 MG,13.61,31.89,434.02,TXN-B-001686,SOURCE_A
TXN-A-001727-L3468,TXN-A-001727,PRD-0046,PC-ZEN0046,2000000004600,ZENITH Tape Dispenser 250 ML,Tape Dispenser 250 ML,7.99,27.78,221.96,TXN-B-001687,SOURCE_A
TXN-A-001728-L3470,TXN-A-001728,PRD-0129,PC-NEX0129,2000000012902,NEXUS Colored Pencil Set 750 ML,Colored Pencil Set 750 ML,13.17,94.86,1249.31,TXN-B-001688,SOURCE_A
TXN-A-001729-L3472,TXN-A-001729,PRD-0068,PC-AUR0068,2000000006802,AURORA HDMI Cable 10000 MAH,HDMI Cable 10000 MAH,14.21,38.83,551.77,TXN-B-001689,SOURCE_A
TXN-A-001730-L3474,TXN-A-001730,PRD-0085,PC-ZEN0085,2000000008509,ZENITH Deodorant 200 G,Deodorant 200 G,14.5,86.39,1252.65,TXN-B-001690,SOURCE_A
TXN-A-001731-L3476,TXN-A-001731,PRD-0117,PC-NEX0117,2000000011707,NEXUS Can Opener 5 W,Can Opener 5 W,13.69,60.46,827.7,TXN-B-001691,SOURCE_A
TXN-A-001732-L3478,TXN-A-001732,PRD-0119,PC-AUR0119,2000000011905,AURORA Peeler 100 MG,Peeler 100 MG,13.34,13.3,177.42,TXN-B-001692,SOURCE_A
TXN-A-001733-L3480,TXN-A-001733,PRD-0144,PC-NEX0144,2000000014401,NEXUS Marker Set 250 ML,Marker Set 250 ML,8.52,40.05,341.23,TXN-B-001693,SOURCE_A
TXN-A-001734-L3482,TXN-A-001734,PRD-0051,PC-NEX0051,2000000005102,NEXUS USB Cable 500 MG,USB Cable 500 MG,5.43,94.26,511.83,TXN-B-001694,SOURCE_A
TXN-A-001735-L3484,TXN-A-001735,PRD-0119,PC-AUR0119,2000000011905,AURORA Peeler 100 MG,Peeler 100 MG,11.48,13.3,152.68,TXN-B-001695,SOURCE_A
TXN-A-001736-L3486,TXN-A-001736,PRD-0133,PC-ZEN0133,2000000013305,ZENITH Glue Stick 250 MG,Glue Stick 250 MG,7.47,31.89,238.22,TXN-B-001696,SOURCE_A
TXN-A-001737-L3488,TXN-A-001737,PRD-0150,PC-NEX0150,2000000015002,NEXUS Wrench Set 9 V,Wrench Set 9 V,6.42,89.01,571.44,TXN-B-001697,SOURCE_A
TXN-A-001738-L3490,TXN-A-001738,PRD-0076,PC-ZEN0076,2000000007601,ZENITH Shampoo 200 G,Shampoo 200 G,9.27,12.26,113.65,TXN-B-001698,SOURCE_A
TXN-A-001739-L3492,TXN-A-001739,PRD-0112,PC-ZEN0112,2000000011202,ZENITH Kitchen Towel 30 CM,Kitchen Towel 30 CM,7.0,100.54,703.78,TXN-B-001699,SOURCE_A
TXN-A-001740-L3494,TXN-A-001740,PRD-0003,PC-NEX0003,2000000000305,NEXUS All Purpose Cleaner 250 ML,All Purpose Cleaner 250 ML,13.78,116.68,1607.85,TXN-B-001700,SOURCE_A
TXN-A-001741-L3496,TXN-A-001741,PRD-0073,PC-ZEN0073,2000000007304,ZENITH Hand Soap 250 MG,Hand Soap 250 MG,8.22,22.6,185.77,TXN-B-001701,SOURCE_A
TXN-A-001742-L3498,TXN-A-001742,PRD-0001,PC-ZEN0001,2000000000107,ZENITH All Purpose Cleaner 10 IN,All Purpose Cleaner 10 IN,6.6,34.59,228.29,TXN-B-001702,SOURCE_A
TXN-A-001743-L3500,TXN-A-001743,PRD-0146,PC-AUR0146,2000000014609,AURORA Screwdriver Set 500 ML,Screwdriver Set 500 ML,13.93,91.46,1274.04,TXN-B-001703,SOURCE_A
TXN-A-001744-L3502,TXN-A-001744,PRD-0145,PC-ZEN0145,2000000014500,ZENITH Screwdriver Set 10 W,Screwdriver Set 10 W,5.02,31.94,160.34,TXN-B-001704,SOURCE_A
TXN-A-001745-L3504,TXN-A-001745,PRD-0015,PC-NEX0015,2000000001500,NEXUS Fabric Softener 200 G,Fabric Softener 200 G,12.18,47.38,577.09,TXN-B-001705,SOURCE_A
TXN-A-001746-L3506,TXN-A-001746,PRD-0104,PC-AUR0104,2000000010403,AURORA Measuring Cup 10000 MAH,Measuring Cup 10000 MAH,11.57,68.42,791.62,TXN-B-001706,SOURCE_A
TXN-A-001747-L3508,TXN-A-001747,PRD-0139,PC-ZEN0139,2000000013909,ZENITH Eraser Pack 500 G,Eraser Pack 500 G,5.14,45.39,233.3,TXN-B-001707,SOURCE_A
TXN-A-001748-L3510,TXN-A-001748,PRD-0033,PC-NEX0033,2000000003306,NEXUS Binder Clip Box 45 CM,Binder Clip Box 45 CM,12.57,21.96,276.04,TXN-B-001708,SOURCE_A
TXN-A-001749-L3512,TXN-A-001749,PRD-0129,PC-NEX0129,2000000012902,NEXUS Colored Pencil Set 750 ML,Colored Pencil Set 750 ML,13.67,94.86,1296.74,TXN-B-001709,SOURCE_A
TXN-A-001750-L3514,TXN-A-001750,PRD-0016,PC-ZEN0016,2000000001609,ZENITH Surface Wipes 60 CM,Surface Wipes 60 CM,11.48,58.14,667.45,TXN-B-001710,SOURCE_A
TXN-A-001751-L3516,TXN-A-001751,PRD-0100,PC-ZEN0100,2000000010007,ZENITH Mixing Bowl Set 250 ML,Mixing Bowl Set 250 ML,8.35,63.15,527.3,TXN-B-001711,SOURCE_A
TXN-A-001752-L3518,TXN-A-001752,PRD-0025,PC-ZEN0025,2000000002507,ZENITH Ballpoint Pen 1 KG,Ballpoint Pen 1 KG,8.15,37.08,302.2,TXN-B-001712,SOURCE_A
TXN-A-001753-L3520,TXN-A-001753,PRD-0057,PC-NEX0057,2000000005706,NEXUS Phone Case 1 L,Phone Case 1 L,11.77,31.73,373.46,TXN-B-001713,SOURCE_A
TXN-A-001754-L3522,TXN-A-001754,PRD-0090,PC-NEX0090,2000000009001,NEXUS Face Cream 100 MG,Face Cream 100 MG,5.8,20.0,116.0,TXN-B-001714,SOURCE_A
TXN-A-001755-L3524,TXN-A-001755,PRD-0081,PC-NEX0081,2000000008103,NEXUS Body Wash 500 G,Body Wash 500 G,5.25,56.38,296.0,TXN-B-001715,SOURCE_A
TXN-A-001756-L3526,TXN-A-001756,PRD-0080,PC-AUR0080,2000000008004,AURORA Body Wash 500 MG,Body Wash 500 MG,11.54,11.65,134.44,TXN-B-001716,SOURCE_A
TXN-A-001757-L3528,TXN-A-001757,PRD-0013,PC-ZEN0013,2000000001302,ZENITH Fabric Softener 1 L,Fabric Softener 1 L,7.22,9.65,69.67,TXN-B-001717,SOURCE_A
TXN-A-001758-L3530,TXN-A-001758,PRD-0121,PC-ZEN0121,2000000012100,ZENITH Notebook 1 L,Notebook 1 L,10.23,21.42,219.13,TXN-B-001718,SOURCE_A
TXN-A-001759-L3532,TXN-A-001759,PRD-0008,PC-AUR0008,2000000000800,AURORA Dish Liquid 10000 MAH,Dish Liquid 10000 MAH,9.04,111.86,1011.21,TXN-B-001719,SOURCE_A
TXN-A-001760-L3534,TXN-A-001760,PRD-0080,PC-AUR0080,2000000008004,AURORA Body Wash 500 MG,Body Wash 500 MG,7.58,11.65,88.31,TXN-B-001720,SOURCE_A
TXN-A-001761-L3536,TXN-A-001761,PRD-0052,PC-ZEN0052,2000000005201,ZENITH Power Adapter 20 W,Power Adapter 20 W,13.63,45.35,618.12,TXN-B-001721,SOURCE_A
TXN-A-001762-L3538,TXN-A-001762,PRD-0082,PC-ZEN0082,2000000008202,ZENITH Toothpaste 500 MG,Toothpaste 500 MG,11.24,92.36,1038.13,TXN-B-001722,SOURCE_A
TXN-A-001763-L3540,TXN-A-001763,PRD-0026,PC-AUR0026,2000000002606,AURORA Ballpoint Pen 250 ML,Ballpoint Pen 250 ML,14.54,26.93,391.56,TXN-B-001723,SOURCE_A
TXN-A-001764-L3542,TXN-A-001764,PRD-0137,PC-AUR0137,2000000013701,AURORA Scissors 100 MG,Scissors 100 MG,5.57,94.03,523.75,TXN-B-001724,SOURCE_A
TXN-A-001765-L3544,TXN-A-001765,PRD-0139,PC-ZEN0139,2000000013909,ZENITH Eraser Pack 500 G,Eraser Pack 500 G,12.16,45.39,551.94,TXN-B-001725,SOURCE_A
TXN-A-001766-L3546,TXN-A-001766,PRD-0132,PC-NEX0132,2000000013206,NEXUS Ruler Set 60 CM,Ruler Set 60 CM,8.79,20.73,182.22,TXN-B-001726,SOURCE_A
TXN-A-001767-L3548,TXN-A-001767,PRD-0102,PC-NEX0102,2000000010205,NEXUS Mixing Bowl Set 15 W,Mixing Bowl Set 15 W,10.77,58.6,631.12,TXN-B-001727,SOURCE_A
TXN-A-001768-L3550,TXN-A-001768,PRD-0009,PC-NEX0009,2000000000909,NEXUS Dish Liquid 10 W,Dish Liquid 10 W,9.0,102.05,918.45,TXN-B-001728,SOURCE_A
TXN-A-001769-L3552,TXN-A-001769,PRD-0133,PC-ZEN0133,2000000013305,ZENITH Glue Stick 250 MG,Glue Stick 250 MG,10.41,31.89,331.97,TXN-B-001729,SOURCE_A
TXN-A-001770-L3554,TXN-A-001770,PRD-0029,PC-AUR0029,2000000002903,AURORA Highlighter Set 9 V,Highlighter Set 9 V,7.09,26.14,185.33,TXN-B-001730,SOURCE_A
TXN-A-001771-L3556,TXN-A-001771,PRD-0026,PC-AUR0026,2000000002606,AURORA Ballpoint Pen 250 ML,Ballpoint Pen 250 ML,11.88,26.93,319.93,TXN-B-001731,SOURCE_A
TXN-A-001772-L3558,TXN-A-001772,PRD-0095,PC-AUR0095,2000000009506,AURORA Lotion 1 KG,Lotion 1 KG,9.81,117.25,1150.22,TXN-B-001732,SOURCE_A
TXN-A-001773-L3560,TXN-A-001773,PRD-0060,PC-NEX0060,2000000006000,NEXUS Screen Protector 10 IN,Screen Protector 10 IN,6.49,85.32,553.73,TXN-B-001733,SOURCE_A
TXN-A-001774-L3562,TXN-A-001774,PRD-0132,PC-NEX0132,2000000013206,NEXUS Ruler Set 60 CM,Ruler Set 60 CM,6.98,20.73,144.7,TXN-B-001734,SOURCE_A
TXN-A-001775-L3564,TXN-A-001775,PRD-0031,PC-ZEN0031,2000000003108,ZENITH Binder Clip Box 3 V,Binder Clip Box 3 V,14.3,57.71,825.25,TXN-B-001735,SOURCE_A
TXN-A-001776-L3566,TXN-A-001776,PRD-0067,PC-ZEN0067,2000000006703,ZENITH HDMI Cable 1 KG,HDMI Cable 1 KG,10.95,57.46,629.19,TXN-B-001736,SOURCE_A
TXN-A-001777-L3568,TXN-A-001777,PRD-0039,PC-NEX0039,2000000003900,NEXUS Desk Organizer 250 ML,Desk Organizer 250 ML,8.19,90.18,738.57,TXN-B-001737,SOURCE_A
TXN-A-001778-L3570,TXN-A-001778,PRD-0084,PC-NEX0084,2000000008400,NEXUS Toothpaste 15 W,Toothpaste 15 W,7.94,33.06,262.5,TXN-B-001738,SOURCE_A
TXN-A-001779-L3572,TXN-A-001779,PRD-0150,PC-NEX0150,2000000015002,NEXUS Wrench Set 9 V,Wrench Set 9 V,14.69,89.01,1307.56,TXN-B-001739,SOURCE_A
TXN-A-001780-L3574,TXN-A-001780,PRD-0004,PC-ZEN0004,2000000000404,ZENITH Glass Spray 750 ML,Glass Spray 750 ML,6.05,100.37,607.24,TXN-B-001740,SOURCE_A
TXN-A-001781-L3576,TXN-A-001781,PRD-0100,PC-ZEN0100,2000000010007,ZENITH Mixing Bowl Set 250 ML,Mixing Bowl Set 250 ML,8.94,63.15,564.56,TXN-B-001741,SOURCE_A
TXN-A-001782-L3578,TXN-A-001782,PRD-0017,PC-AUR0017,2000000001708,AURORA Surface Wipes 9 V,Surface Wipes 9 V,3.27,80.73,263.99,TXN-B-001742,SOURCE_A
TXN-A-001783-L3580,TXN-A-001783,PRD-0055,PC-ZEN0055,2000000005508,ZENITH Phone Case 250 MG,Phone Case 250 MG,1.73,52.62,91.03,TXN-B-001743,SOURCE_A
TXN-A-001784-L3582,TXN-A-001784,PRD-0022,PC-ZEN0022,2000000002200,ZENITH Floor Polish 2000 MAH,Floor Polish 2000 MAH,3.67,5.92,21.73,TXN-B-001744,SOURCE_A
TXN-A-001785-L3584,TXN-A-001785,PRD-0084,PC-NEX0084,2000000008400,NEXUS Toothpaste 15 W,Toothpaste 15 W,5.2,33.06,171.91,TXN-B-001745,SOURCE_A
TXN-A-001786-L3586,TXN-A-001786,PRD-0112,PC-ZEN0112,2000000011202,ZENITH Kitchen Towel 30 CM,Kitchen Towel 30 CM,6.96,100.54,699.76,TXN-B-001746,SOURCE_A
TXN-A-001787-L3588,TXN-A-001787,PRD-0126,PC-NEX0126,2000000012605,NEXUS Sketch Pad 250 ML,Sketch Pad 250 ML,2.44,82.01,200.1,TXN-B-001747,SOURCE_A
TXN-A-001788-L3590,TXN-A-001788,PRD-0013,PC-ZEN0013,2000000001302,ZENITH Fabric Softener 1 L,Fabric Softener 1 L,2.6,9.65,25.09,TXN-B-001748,SOURCE_A
TXN-A-001789-L3592,TXN-A-001789,PRD-0089,PC-AUR0089,2000000008905,AURORA Face Cream 500 ML,Face Cream 500 ML,4.62,50.06,231.28,TXN-B-001749,SOURCE_A
TXN-A-001790-L3594,TXN-A-001790,PRD-0014,PC-AUR0014,2000000001401,AURORA Fabric Softener 250 MG,Fabric Softener 250 MG,9.67,111.99,1082.94,TXN-B-001750,SOURCE_A
TXN-A-001791-L3596,TXN-A-001791,PRD-0149,PC-AUR0149,2000000014906,AURORA Wrench Set 45 CM,Wrench Set 45 CM,5.76,29.28,168.65,TXN-B-001751,SOURCE_A
TXN-A-001792-L3598,TXN-A-001792,PRD-0112,PC-ZEN0112,2000000011202,ZENITH Kitchen Towel 30 CM,Kitchen Towel 30 CM,2.15,100.54,216.16,TXN-B-001752,SOURCE_A
TXN-A-001793-L3600,TXN-A-001793,PRD-0118,PC-ZEN0118,2000000011806,ZENITH Peeler 750 ML,Peeler 750 ML,1.31,28.05,36.75,TXN-B-001753,SOURCE_A
TXN-A-001794-L3602,TXN-A-001794,PRD-0030,PC-NEX0030,2000000003009,NEXUS Highlighter Set 12 IN,Highlighter Set 12 IN,6.94,69.53,482.54,TXN-B-001754,SOURCE_A
TXN-A-001795-L3604,TXN-A-001795,PRD-0122,PC-AUR0122,2000000012209,AURORA Notebook 5000 MAH,Notebook 5000 MAH,8.82,31.9,281.36,TXN-B-001755,SOURCE_A
TXN-A-001796-L3606,TXN-A-001796,PRD-0071,PC-AUR0071,2000000007106,AURORA Mouse Pad 50 G,Mouse Pad 50 G,1.25,17.32,21.65,TXN-B-001756,SOURCE_A
TXN-A-001797-L3608,TXN-A-001797,PRD-0101,PC-AUR0101,2000000010106,AURORA Mixing Bowl Set 100 MG,Mixing Bowl Set 100 MG,8.45,113.58,959.75,TXN-B-001757,SOURCE_A
TXN-A-001798-L3610,TXN-A-001798,PRD-0053,PC-AUR0053,2000000005300,AURORA Power Adapter 1 L,Power Adapter 1 L,2.72,43.8,119.14,TXN-B-001758,SOURCE_A
TXN-A-001799-L3612,TXN-A-001799,PRD-0117,PC-NEX0117,2000000011707,NEXUS Can Opener 5 W,Can Opener 5 W,9.68,60.46,585.25,TXN-B-001759,SOURCE_A
TXN-A-001800-L3614,TXN-A-001800,PRD-0088,PC-ZEN0088,2000000008806,ZENITH Face Cream 30 CM,Face Cream 30 CM,7.2,2.66,19.15,TXN-B-001760,SOURCE_A
TXN-A-001801-L3616,TXN-A-001801,PRD-0022,PC-ZEN0022,2000000002200,ZENITH Floor Polish 2000 MAH,Floor Polish 2000 MAH,9.29,5.92,55.0,TXN-B-001761,SOURCE_A
TXN-A-001802-L3618,TXN-A-001802,PRD-0054,PC-NEX0054,2000000005409,NEXUS Power Adapter 500 ML,Power Adapter 500 ML,4.9,16.51,80.9,TXN-B-001762,SOURCE_A
TXN-A-001803-L3620,TXN-A-001803,PRD-0133,PC-ZEN0133,2000000013305,ZENITH Glue Stick 250 MG,Glue Stick 250 MG,4.66,31.89,148.61,TXN-B-001763,SOURCE_A
TXN-A-001804-L3622,TXN-A-001804,PRD-0076,PC-ZEN0076,2000000007601,ZENITH Shampoo 200 G,Shampoo 200 G,8.53,12.26,104.58,TXN-B-001764,SOURCE_A
TXN-A-001805-L3624,TXN-A-001805,PRD-0074,PC-AUR0074,2000000007403,AURORA Hand Soap 1.5 V,Hand Soap 1.5 V,1.54,72.37,111.45,TXN-B-001765,SOURCE_A
TXN-A-001806-L3626,TXN-A-001806,PRD-0063,PC-NEX0063,2000000006307,NEXUS Battery Pack 10 W,Battery Pack 10 W,4.35,96.31,418.95,TXN-B-001766,SOURCE_A
TXN-A-001807-L3628,TXN-A-001807,PRD-0088,PC-ZEN0088,2000000008806,ZENITH Face Cream 30 CM,Face Cream 30 CM,6.99,2.66,18.59,TXN-B-001767,SOURCE_A
TXN-A-001808-L3630,TXN-A-001808,PRD-0108,PC-NEX0108,2000000010809,NEXUS Spatula Set 500 MG,Spatula Set 500 MG,9.35,103.62,968.85,TXN-B-001768,SOURCE_A
TXN-A-001809-L3632,TXN-A-001809,PRD-0149,PC-AUR0149,2000000014906,AURORA Wrench Set 45 CM,Wrench Set 45 CM,1.3,29.28,38.06,TXN-B-001769,SOURCE_A
TXN-A-001810-L3634,TXN-A-001810,PRD-0100,PC-ZEN0100,2000000010007,ZENITH Mixing Bowl Set 250 ML,Mixing Bowl Set 250 ML,4.09,63.15,258.28,TXN-B-001770,SOURCE_A
TXN-A-001811-L3636,TXN-A-001811,PRD-0103,PC-ZEN0103,2000000010304,ZENITH Measuring Cup 10000 MAH,Measuring Cup 10000 MAH,3.6,7.51,27.04,TXN-B-001771,SOURCE_A
TXN-A-001812-L3638,TXN-A-001812,PRD-0103,PC-ZEN0103,2000000010304,ZENITH Measuring Cup 10000 MAH,Measuring Cup 10000 MAH,5.6,7.51,42.06,TXN-B-001772,SOURCE_A
TXN-A-001813-L3640,TXN-A-001813,PRD-0061,PC-ZEN0061,2000000006109,ZENITH Battery Pack 200 G,Battery Pack 200 G,2.93,64.09,187.78,TXN-B-001773,SOURCE_A
TXN-A-001814-L3642,TXN-A-001814,PRD-0130,PC-ZEN0130,2000000013008,ZENITH Ruler Set 45 CM,Ruler Set 45 CM,5.38,90.87,488.88,TXN-B-001774,SOURCE_A
TXN-A-001815-L3644,TXN-A-001815,PRD-0007,PC-ZEN0007,2000000000701,ZENITH Dish Liquid 5000 MAH,Dish Liquid 5000 MAH,6.15,57.78,355.35,TXN-B-001775,SOURCE_A
TXN-A-001816-L3646,TXN-A-001816,PRD-0106,PC-ZEN0106,2000000010601,ZENITH Spatula Set 1 KG,Spatula Set 1 KG,8.63,23.7,204.53,TXN-B-001776,SOURCE_A
TXN-A-001817-L3648,TXN-A-001817,PRD-0119,PC-AUR0119,2000000011905,AURORA Peeler 100 MG,Peeler 100 MG,7.31,13.3,97.22,TXN-B-001777,SOURCE_A
TXN-A-001818-L3650,TXN-A-001818,PRD-0109,PC-ZEN0109,2000000010908,ZENITH Storage Container 20 W,Storage Container 20 W,9.66,89.13,861.0,TXN-B-001778,SOURCE_A
TXN-A-001819-L3652,TXN-A-001819,PRD-0030,PC-NEX0030,2000000003009,NEXUS Highlighter Set 12 IN,Highlighter Set 12 IN,5.52,69.53,383.81,TXN-B-001779,SOURCE_A
TXN-A-001820-L3654,TXN-A-001820,PRD-0130,PC-ZEN0130,2000000013008,ZENITH Ruler Set 45 CM,Ruler Set 45 CM,2.38,90.87,216.27,TXN-B-001780,SOURCE_A
TXN-A-001821-L3656,TXN-A-001821,PRD-0019,PC-ZEN0019,2000000001906,ZENITH Air Freshener 45 CM,Air Freshener 45 CM,9.84,38.75,381.3,TXN-B-001781,SOURCE_A
TXN-A-001822-L3658,TXN-A-001822,PRD-0041,PC-AUR0041,2000000004105,AURORA File Folder Pack 9 V,File Folder Pack 9 V,2.78,59.18,164.52,TXN-B-001782,SOURCE_A
TXN-A-001823-L3660,TXN-A-001823,PRD-0115,PC-ZEN0115,2000000011509,ZENITH Can Opener 2000 MAH,Can Opener 2000 MAH,2.58,64.41,166.18,TXN-B-001783,SOURCE_A
TXN-A-001824-L3662,TXN-A-001824,PRD-0137,PC-AUR0137,2000000013701,AURORA Scissors 100 MG,Scissors 100 MG,2.11,94.03,198.4,TXN-B-001784,SOURCE_A
TXN-A-001825-L3664,TXN-A-001825,PRD-0110,PC-AUR0110,2000000011004,AURORA Storage Container 5 W,Storage Container 5 W,9.6,44.62,428.35,TXN-B-001785,SOURCE_A
TXN-A-001826-L3666,TXN-A-001826,PRD-0007,PC-ZEN0007,2000000000701,ZENITH Dish Liquid 5000 MAH,Dish Liquid 5000 MAH,5.13,57.78,296.41,TXN-B-001786,SOURCE_A
TXN-A-001827-L3668,TXN-A-001827,PRD-0007,PC-ZEN0007,2000000000701,ZENITH Dish Liquid 5000 MAH,Dish Liquid 5000 MAH,4.04,57.78,233.43,TXN-B-001787,SOURCE_A
TXN-A-001828-L3670,TXN-A-001828,PRD-0042,PC-NEX0042,2000000004204,NEXUS File Folder Pack 500 G,File Folder Pack 500 G,6.21,68.11,422.96,TXN-B-001788,SOURCE_A
TXN-A-001829-L3672,TXN-A-001829,PRD-0093,PC-NEX0093,2000000009308,NEXUS Hair Gel 10 W,Hair Gel 10 W,9.04,27.25,246.34,TXN-B-001789,SOURCE_A
TXN-A-001830-L3674,TXN-A-001830,PRD-0020,PC-AUR0020,2000000002002,AURORA Air Freshener 200 G,Air Freshener 200 G,1.69,104.22,176.13,TXN-B-001790,SOURCE_A
TXN-A-001831-L3676,TXN-A-001831,PRD-0125,PC-AUR0125,2000000012506,AURORA Sketch Pad 1.5 V,Sketch Pad 1.5 V,1.51,102.96,155.47,TXN-B-001791,SOURCE_A
TXN-A-001832-L3678,TXN-A-001832,PRD-0136,PC-ZEN0136,2000000013602,ZENITH Scissors 3 V,Scissors 3 V,1.44,71.22,102.56,TXN-B-001792,SOURCE_A
TXN-A-001833-L3680,TXN-A-001833,PRD-0099,PC-NEX0099,2000000009902,NEXUS Cutting Board 500 ML,Cutting Board 500 ML,5.51,112.85,621.8,TXN-B-001793,SOURCE_A
TXN-A-001834-L3682,TXN-A-001834,PRD-0066,PC-NEX0066,2000000006604,NEXUS Charging Dock 5000 MAH,Charging Dock 5000 MAH,7.09,55.19,391.3,TXN-B-001794,SOURCE_A
TXN-A-001835-L3684,TXN-A-001835,PRD-0093,PC-NEX0093,2000000009308,NEXUS Hair Gel 10 W,Hair Gel 10 W,7.58,27.25,206.56,TXN-B-001795,SOURCE_A
TXN-A-001836-L3686,TXN-A-001836,PRD-0109,PC-ZEN0109,2000000010908,ZENITH Storage Container 20 W,Storage Container 20 W,2.24,89.13,199.65,TXN-B-001796,SOURCE_A
TXN-A-001837-L3688,TXN-A-001837,PRD-0127,PC-ZEN0127,2000000012704,ZENITH Colored Pencil Set 50 G,Colored Pencil Set 50 G,6.27,57.94,363.28,TXN-B-001797,SOURCE_A
TXN-A-001838-L3690,TXN-A-001838,PRD-0119,PC-AUR0119,2000000011905,AURORA Peeler 100 MG,Peeler 100 MG,2.21,13.3,29.39,TXN-B-001798,SOURCE_A
TXN-A-001839-L3692,TXN-A-001839,PRD-0039,PC-NEX0039,2000000003900,NEXUS Desk Organizer 250 ML,Desk Organizer 250 ML,4.33,90.18,390.48,TXN-B-001799,SOURCE_A
TXN-A-001840-L3694,TXN-A-001840,PRD-0045,PC-NEX0045,2000000004501,NEXUS Whiteboard Marker 45 CM,Whiteboard Marker 45 CM,2.4,29.55,70.92,TXN-B-001800,SOURCE_A
TXN-A-001841-L3696,TXN-A-001841,PRD-0012,PC-NEX0012,2000000001203,NEXUS Laundry Detergent 3 V,Laundry Detergent 3 V,5.09,22.27,113.35,TXN-B-001801,SOURCE_A
TXN-A-001842-L3698,TXN-A-001842,PRD-0142,PC-ZEN0142,2000000014203,ZENITH Marker Set 750 ML,Marker Set 750 ML,4.35,33.77,146.9,TXN-B-001802,SOURCE_A
TXN-A-001843-L3700,TXN-A-001843,PRD-0071,PC-AUR0071,2000000007106,AURORA Mouse Pad 50 G,Mouse Pad 50 G,9.12,17.32,157.96,TXN-B-001803,SOURCE_A
TXN-A-001844-L3702,TXN-A-001844,PRD-0024,PC-NEX0024,2000000002408,NEXUS Floor Polish 100 MG,Floor Polish 100 MG,6.93,75.71,524.67,TXN-B-001804,SOURCE_A
TXN-A-001845-L3704,TXN-A-001845,PRD-0019,PC-ZEN0019,2000000001906,ZENITH Air Freshener 45 CM,Air Freshener 45 CM,1.84,38.75,71.3,TXN-B-001805,SOURCE_A
TXN-A-001846-L3706,TXN-A-001846,PRD-0019,PC-ZEN0019,2000000001906,ZENITH Air Freshener 45 CM,Air Freshener 45 CM,1.5,38.75,58.12,TXN-B-001806,SOURCE_A
TXN-A-001847-L3708,TXN-A-001847,PRD-0070,PC-ZEN0070,2000000007007,ZENITH Mouse Pad 200 G,Mouse Pad 200 G,9.88,113.79,1124.25,TXN-B-001807,SOURCE_A
TXN-A-001848-L3710,TXN-A-001848,PRD-0087,PC-NEX0087,2000000008707,NEXUS Deodorant 9 V,Deodorant 9 V,2.76,116.64,321.93,TXN-B-001808,SOURCE_A
TXN-A-001849-L3712,TXN-A-001849,PRD-0102,PC-NEX0102,2000000010205,NEXUS Mixing Bowl Set 15 W,Mixing Bowl Set 15 W,4.58,58.6,268.39,TXN-B-001809,SOURCE_A
TXN-A-001850-L3714,TXN-A-001850,PRD-0003,PC-NEX0003,2000000000305,NEXUS All Purpose Cleaner 250 ML,All Purpose Cleaner 250 ML,7.53,116.68,878.6,TXN-B-001810,SOURCE_A
TXN-A-001851-L3716,TXN-A-001851,PRD-0040,PC-ZEN0040,2000000004006,ZENITH File Folder Pack 750 ML,File Folder Pack 750 ML,8.48,112.35,952.73,TXN-B-001811,SOURCE_A
TXN-A-001852-L3718,TXN-A-001852,PRD-0134,PC-AUR0134,2000000013404,AURORA Glue Stick 9 V,Glue Stick 9 V,9.56,77.67,742.53,TXN-B-001812,SOURCE_A
TXN-A-001853-L3720,TXN-A-001853,PRD-0023,PC-AUR0023,2000000002309,AURORA Floor Polish 100 MG,Floor Polish 100 MG,5.16,52.05,268.58,TXN-B-001813,SOURCE_A
TXN-A-001854-L3722,TXN-A-001854,PRD-0139,PC-ZEN0139,2000000013909,ZENITH Eraser Pack 500 G,Eraser Pack 500 G,6.12,45.39,277.79,TXN-B-001814,SOURCE_A
TXN-A-001855-L3724,TXN-A-001855,PRD-0055,PC-ZEN0055,2000000005508,ZENITH Phone Case 250 MG,Phone Case 250 MG,6.02,52.62,316.77,TXN-B-001815,SOURCE_A
TXN-A-001856-L3726,TXN-A-001856,PRD-0113,PC-AUR0113,2000000011301,AURORA Kitchen Towel 20 W,Kitchen Towel 20 W,8.04,71.36,573.73,TXN-B-001816,SOURCE_A
TXN-A-001857-L3728,TXN-A-001857,PRD-0063,PC-NEX0063,2000000006307,NEXUS Battery Pack 10 W,Battery Pack 10 W,6.44,96.31,620.24,TXN-B-001817,SOURCE_A
TXN-A-001858-L3730,TXN-A-001858,PRD-0031,PC-ZEN0031,2000000003108,ZENITH Binder Clip Box 3 V,Binder Clip Box 3 V,7.82,57.71,451.29,TXN-B-001818,SOURCE_A
TXN-A-001859-L3732,TXN-A-001859,PRD-0133,PC-ZEN0133,2000000013305,ZENITH Glue Stick 250 MG,Glue Stick 250 MG,8.74,31.89,278.72,TXN-B-001819,SOURCE_A
TXN-A-001860-L3734,TXN-A-001860,PRD-0015,PC-NEX0015,2000000001500,NEXUS Fabric Softener 200 G,Fabric Softener 200 G,4.18,47.38,198.05,TXN-B-001820,SOURCE_A
TXN-A-001861-L3736,TXN-A-001861,PRD-0052,PC-ZEN0052,2000000005201,ZENITH Power Adapter 20 W,Power Adapter 20 W,9.21,45.35,417.67,TXN-B-001821,SOURCE_A
TXN-A-001862-L3738,TXN-A-001862,PRD-0049,PC-ZEN0049,2000000004907,ZENITH USB Cable 1 KG,USB Cable 1 KG,4.42,50.47,223.08,TXN-B-001822,SOURCE_A
TXN-A-001863-L3740,TXN-A-001863,PRD-0073,PC-ZEN0073,2000000007304,ZENITH Hand Soap 250 MG,Hand Soap 250 MG,4.06,22.6,91.76,TXN-B-001823,SOURCE_A
TXN-A-001864-L3742,TXN-A-001864,PRD-0142,PC-ZEN0142,2000000014203,ZENITH Marker Set 750 ML,Marker Set 750 ML,5.21,33.77,175.94,TXN-B-001824,SOURCE_A
TXN-A-001865-L3744,TXN-A-001865,PRD-0026,PC-AUR0026,2000000002606,AURORA Ballpoint Pen 250 ML,Ballpoint Pen 250 ML,6.56,26.93,176.66,TXN-B-001825,SOURCE_A
TXN-A-001866-L3746,TXN-A-001866,PRD-0133,PC-ZEN0133,2000000013305,ZENITH Glue Stick 250 MG,Glue Stick 250 MG,2.98,31.89,95.03,TXN-B-001826,SOURCE_A
TXN-A-001867-L3748,TXN-A-001867,PRD-0121,PC-ZEN0121,2000000012100,ZENITH Notebook 1 L,Notebook 1 L,6.79,21.42,145.44,TXN-B-001827,SOURCE_A
TXN-A-001868-L3750,TXN-A-001868,PRD-0091,PC-ZEN0091,2000000009100,ZENITH Hair Gel 1.5 L,Hair Gel 1.5 L,6.41,87.74,562.41,TXN-B-001828,SOURCE_A
TXN-A-001869-L3752,TXN-A-001869,PRD-0055,PC-ZEN0055,2000000005508,ZENITH Phone Case 250 MG,Phone Case 250 MG,4.84,52.62,254.68,TXN-B-001829,SOURCE_A
TXN-A-001870-L3754,TXN-A-001870,PRD-0069,PC-NEX0069,2000000006901,NEXUS HDMI Cable 1.5 L,HDMI Cable 1.5 L,4.59,45.41,208.43,TXN-B-001830,SOURCE_A
TXN-A-001871-L3756,TXN-A-001871,PRD-0054,PC-NEX0054,2000000005409,NEXUS Power Adapter 500 ML,Power Adapter 500 ML,4.07,16.51,67.2,TXN-B-001831,SOURCE_A
TXN-A-001872-L3758,TXN-A-001872,PRD-0133,PC-ZEN0133,2000000013305,ZENITH Glue Stick 250 MG,Glue Stick 250 MG,9.77,31.89,311.57,TXN-B-001832,SOURCE_A
TXN-A-001873-L3760,TXN-A-001873,PRD-0058,PC-ZEN0058,2000000005805,ZENITH Screen Protector 3 V,Screen Protector 3 V,4.1,72.97,299.18,TXN-B-001833,SOURCE_A
TXN-A-001874-L3762,TXN-A-001874,PRD-0075,PC-NEX0075,2000000007502,NEXUS Hand Soap 10000 MAH,Hand Soap 10000 MAH,2.57,69.45,178.49,TXN-B-001834,SOURCE_A
TXN-A-001875-L3764,TXN-A-001875,PRD-0106,PC-ZEN0106,2000000010601,ZENITH Spatula Set 1 KG,Spatula Set 1 KG,1.15,23.7,27.25,TXN-B-001835,SOURCE_A
TXN-A-001876-L3766,TXN-A-001876,PRD-0110,PC-AUR0110,2000000011004,AURORA Storage Container 5 W,Storage Container 5 W,8.37,44.62,373.47,TXN-B-001836,SOURCE_A
TXN-A-001877-L3768,TXN-A-001877,PRD-0101,PC-AUR0101,2000000010106,AURORA Mixing Bowl Set 100 MG,Mixing Bowl Set 100 MG,3.79,113.58,430.47,TXN-B-001837,SOURCE_A
TXN-A-001878-L3770,TXN-A-001878,PRD-0047,PC-AUR0047,2000000004709,AURORA Tape Dispenser 45 CM,Tape Dispenser 45 CM,7.67,2.08,15.95,TXN-B-001838,SOURCE_A
TXN-A-001879-L3772,TXN-A-001879,PRD-0137,PC-AUR0137,2000000013701,AURORA Scissors 100 MG,Scissors 100 MG,1.57,94.03,147.63,TXN-B-001839,SOURCE_A
TXN-A-001880-L3774,TXN-A-001880,PRD-0074,PC-AUR0074,2000000007403,AURORA Hand Soap 1.5 V,Hand Soap 1.5 V,7.75,72.37,560.87,TXN-B-001840,SOURCE_A
TXN-A-001881-L3776,TXN-A-001881,PRD-0125,PC-AUR0125,2000000012506,AURORA Sketch Pad 1.5 V,Sketch Pad 1.5 V,3.58,102.96,368.6,TXN-B-001841,SOURCE_A
TXN-A-001882-L3778,TXN-A-001882,PRD-0057,PC-NEX0057,2000000005706,NEXUS Phone Case 1 L,Phone Case 1 L,3.93,31.73,124.7,TXN-B-001842,SOURCE_A
TXN-A-001883-L3780,TXN-A-001883,PRD-0014,PC-AUR0014,2000000001401,AURORA Fabric Softener 250 MG,Fabric Softener 250 MG,7.31,111.99,818.65,TXN-B-001843,SOURCE_A
TXN-A-001884-L3782,TXN-A-001884,PRD-0145,PC-ZEN0145,2000000014500,ZENITH Screwdriver Set 10 W,Screwdriver Set 10 W,5.44,31.94,173.75,TXN-B-001844,SOURCE_A
TXN-A-001885-L3784,TXN-A-001885,PRD-0059,PC-AUR0059,2000000005904,AURORA Screen Protector 45 CM,Screen Protector 45 CM,4.29,61.8,265.12,TXN-B-001845,SOURCE_A
TXN-A-001886-L3786,TXN-A-001886,PRD-0063,PC-NEX0063,2000000006307,NEXUS Battery Pack 10 W,Battery Pack 10 W,3.03,96.31,291.82,TXN-B-001846,SOURCE_A
TXN-A-001887-L3788,TXN-A-001887,PRD-0143,PC-AUR0143,2000000014302,AURORA Marker Set 10 IN,Marker Set 10 IN,9.02,13.47,121.5,TXN-B-001847,SOURCE_A
TXN-A-001888-L3790,TXN-A-001888,PRD-0041,PC-AUR0041,2000000004105,AURORA File Folder Pack 9 V,File Folder Pack 9 V,8.09,59.18,478.77,TXN-B-001848,SOURCE_A
TXN-A-001889-L3792,TXN-A-001889,PRD-0039,PC-NEX0039,2000000003900,NEXUS Desk Organizer 250 ML,Desk Organizer 250 ML,5.15,90.18,464.43,TXN-B-001849,SOURCE_A
TXN-A-001890-L3794,TXN-A-001890,PRD-0127,PC-ZEN0127,2000000012704,ZENITH Colored Pencil Set 50 G,Colored Pencil Set 50 G,6.48,57.94,375.45,TXN-B-001850,SOURCE_A
TXN-A-001891-L3796,TXN-A-001891,PRD-0042,PC-NEX0042,2000000004204,NEXUS File Folder Pack 500 G,File Folder Pack 500 G,5.83,68.11,397.08,TXN-B-001851,SOURCE_A
TXN-A-001892-L3798,TXN-A-001892,PRD-0140,PC-AUR0140,2000000014005,AURORA Eraser Pack 2000 MAH,Eraser Pack 2000 MAH,7.54,111.85,843.35,TXN-B-001852,SOURCE_A
TXN-A-001893-L3800,TXN-A-001893,PRD-0055,PC-ZEN0055,2000000005508,ZENITH Phone Case 250 MG,Phone Case 250 MG,5.39,52.62,283.62,TXN-B-001853,SOURCE_A
TXN-A-001894-L3802,TXN-A-001894,PRD-0105,PC-NEX0105,2000000010502,NEXUS Measuring Cup 100 G,Measuring Cup 100 G,3.16,109.25,345.23,TXN-B-001854,SOURCE_A
TXN-A-001895-L3804,TXN-A-001895,PRD-0126,PC-NEX0126,2000000012605,NEXUS Sketch Pad 250 ML,Sketch Pad 250 ML,8.27,82.01,678.22,TXN-B-001855,SOURCE_A
TXN-A-001896-L3806,TXN-A-001896,PRD-0135,PC-NEX0135,2000000013503,NEXUS Glue Stick 5000 MAH,Glue Stick 5000 MAH,8.02,27.9,223.76,TXN-B-001856,SOURCE_A
TXN-A-001897-L3808,TXN-A-001897,PRD-0011,PC-AUR0011,2000000001104,AURORA Laundry Detergent 2000 MAH,Laundry Detergent 2000 MAH,4.91,97.97,481.03,TXN-B-001857,SOURCE_A
TXN-A-001898-L3810,TXN-A-001898,PRD-0013,PC-ZEN0013,2000000001302,ZENITH Fabric Softener 1 L,Fabric Softener 1 L,3.26,9.65,31.46,TXN-B-001858,SOURCE_A
TXN-A-001899-L3812,TXN-A-001899,PRD-0118,PC-ZEN0118,2000000011806,ZENITH Peeler 750 ML,Peeler 750 ML,8.55,28.05,239.83,TXN-B-001859,SOURCE_A
TXN-A-001900-L3814,TXN-A-001900,PRD-0122,PC-AUR0122,2000000012209,AURORA Notebook 5000 MAH,Notebook 5000 MAH,3.16,31.9,100.8,TXN-B-001860,SOURCE_A
TXN-A-001901-L3816,TXN-A-001901,PRD-0088,PC-ZEN0088,2000000008806,ZENITH Face Cream 30 CM,Face Cream 30 CM,3.78,2.66,10.05,TXN-B-001861,SOURCE_A
TXN-A-001902-L3818,TXN-A-001902,PRD-0137,PC-AUR0137,2000000013701,AURORA Scissors 100 MG,Scissors 100 MG,5.22,94.03,490.84,TXN-B-001862,SOURCE_A
TXN-A-001903-L3820,TXN-A-001903,PRD-0116,PC-AUR0116,2000000011608,AURORA Can Opener 500 MG,Can Opener 500 MG,4.38,80.59,352.98,TXN-B-001863,SOURCE_A
TXN-A-001904-L3822,TXN-A-001904,PRD-0138,PC-NEX0138,2000000013800,NEXUS Scissors 500 MG,Scissors 500 MG,8.84,96.35,851.73,TXN-B-001864,SOURCE_A
TXN-A-001905-L3824,TXN-A-001905,PRD-0141,PC-NEX0141,2000000014104,NEXUS Eraser Pack 3 V,Eraser Pack 3 V,9.55,34.77,332.05,TXN-B-001865,SOURCE_A
TXN-A-001906-L3826,TXN-A-001906,PRD-0017,PC-AUR0017,2000000001708,AURORA Surface Wipes 9 V,Surface Wipes 9 V,4.42,80.73,356.83,TXN-B-001866,SOURCE_A
TXN-A-001907-L3828,TXN-A-001907,PRD-0098,PC-AUR0098,2000000009803,AURORA Cutting Board 10 IN,Cutting Board 10 IN,9.02,17.09,154.15,TXN-B-001867,SOURCE_A
TXN-A-001908-L3830,TXN-A-001908,PRD-0001,PC-ZEN0001,2000000000107,ZENITH All Purpose Cleaner 10 IN,All Purpose Cleaner 10 IN,6.17,34.59,213.42,TXN-B-001868,SOURCE_A
TXN-A-001909-L3832,TXN-A-001909,PRD-0039,PC-NEX0039,2000000003900,NEXUS Desk Organizer 250 ML,Desk Organizer 250 ML,7.95,90.18,716.93,TXN-B-001869,SOURCE_A
TXN-A-001910-L3834,TXN-A-001910,PRD-0118,PC-ZEN0118,2000000011806,ZENITH Peeler 750 ML,Peeler 750 ML,4.51,28.05,126.51,TXN-B-001870,SOURCE_A
TXN-A-001911-L3836,TXN-A-001911,PRD-0036,PC-NEX0036,2000000003603,NEXUS Stapler 1.5 L,Stapler 1.5 L,8.47,113.16,958.47,TXN-B-001871,SOURCE_A
TXN-A-001912-L3838,TXN-A-001912,PRD-0054,PC-NEX0054,2000000005409,NEXUS Power Adapter 500 ML,Power Adapter 500 ML,9.09,16.51,150.08,TXN-B-001872,SOURCE_A
TXN-A-001913-L3840,TXN-A-001913,PRD-0040,PC-ZEN0040,2000000004006,ZENITH File Folder Pack 750 ML,File Folder Pack 750 ML,9.94,112.35,1116.76,TXN-B-001873,SOURCE_A
TXN-A-001914-L3842,TXN-A-001914,PRD-0091,PC-ZEN0091,2000000009100,ZENITH Hair Gel 1.5 L,Hair Gel 1.5 L,6.59,87.74,578.21,TXN-B-001874,SOURCE_A
TXN-A-001915-L3844,TXN-A-001915,PRD-0097,PC-ZEN0097,2000000009704,ZENITH Cutting Board 5 W,Cutting Board 5 W,4.56,15.99,72.91,TXN-B-001875,SOURCE_A
TXN-A-001916-L3846,TXN-A-001916,PRD-0100,PC-ZEN0100,2000000010007,ZENITH Mixing Bowl Set 250 ML,Mixing Bowl Set 250 ML,3.33,63.15,210.29,TXN-B-001876,SOURCE_A
TXN-A-001917-L3848,TXN-A-001917,PRD-0132,PC-NEX0132,2000000013206,NEXUS Ruler Set 60 CM,Ruler Set 60 CM,8.41,20.73,174.34,TXN-B-001877,SOURCE_A
TXN-A-001918-L3850,TXN-A-001918,PRD-0041,PC-AUR0041,2000000004105,AURORA File Folder Pack 9 V,File Folder Pack 9 V,8.34,59.18,493.56,TXN-B-001878,SOURCE_A
TXN-A-001919-L3852,TXN-A-001919,PRD-0046,PC-ZEN0046,2000000004600,ZENITH Tape Dispenser 250 ML,Tape Dispenser 250 ML,5.54,27.78,153.9,TXN-B-001879,SOURCE_A
TXN-A-001920-L3854,TXN-A-001920,PRD-0033,PC-NEX0033,2000000003306,NEXUS Binder Clip Box 45 CM,Binder Clip Box 45 CM,6.84,21.96,150.21,TXN-B-001880,SOURCE_A
TXN-A-001921-L3856,TXN-A-001921,PRD-0117,PC-NEX0117,2000000011707,NEXUS Can Opener 5 W,Can Opener 5 W,1.04,60.46,62.88,TXN-B-001881,SOURCE_A
TXN-A-001922-L3858,TXN-A-001922,PRD-0087,PC-NEX0087,2000000008707,NEXUS Deodorant 9 V,Deodorant 9 V,4.69,116.64,547.04,TXN-B-001882,SOURCE_A
TXN-A-001923-L3860,TXN-A-001923,PRD-0135,PC-NEX0135,2000000013503,NEXUS Glue Stick 5000 MAH,Glue Stick 5000 MAH,4.21,27.9,117.46,TXN-B-001883,SOURCE_A
TXN-A-001924-L3862,TXN-A-001924,PRD-0144,PC-NEX0144,2000000014401,NEXUS Marker Set 250 ML,Marker Set 250 ML,4.09,40.05,163.8,TXN-B-001884,SOURCE_A
TXN-A-001925-L3864,TXN-A-001925,PRD-0139,PC-ZEN0139,2000000013909,ZENITH Eraser Pack 500 G,Eraser Pack 500 G,1.47,45.39,66.72,TXN-B-001885,SOURCE_A
TXN-A-001926-L3866,TXN-A-001926,PRD-0011,PC-AUR0011,2000000001104,AURORA Laundry Detergent 2000 MAH,Laundry Detergent 2000 MAH,2.54,97.97,248.84,TXN-B-001886,SOURCE_A
TXN-A-001927-L3868,TXN-A-001927,PRD-0043,PC-ZEN0043,2000000004303,ZENITH Whiteboard Marker 20 W,Whiteboard Marker 20 W,4.88,56.59,276.16,TXN-B-001887,SOURCE_A
TXN-A-001928-L3870,TXN-A-001928,PRD-0108,PC-NEX0108,2000000010809,NEXUS Spatula Set 500 MG,Spatula Set 500 MG,3.81,103.62,394.79,TXN-B-001888,SOURCE_A
TXN-A-001929-L3872,TXN-A-001929,PRD-0054,PC-NEX0054,2000000005409,NEXUS Power Adapter 500 ML,Power Adapter 500 ML,2.73,16.51,45.07,TXN-B-001889,SOURCE_A
TXN-A-001930-L3874,TXN-A-001930,PRD-0008,PC-AUR0008,2000000000800,AURORA Dish Liquid 10000 MAH,Dish Liquid 10000 MAH,3.28,111.86,366.9,TXN-B-001890,SOURCE_A
TXN-A-001931-L3876,TXN-A-001931,PRD-0066,PC-NEX0066,2000000006604,NEXUS Charging Dock 5000 MAH,Charging Dock 5000 MAH,2.2,55.19,121.42,TXN-B-001891,SOURCE_A
TXN-A-001932-L3878,TXN-A-001932,PRD-0093,PC-NEX0093,2000000009308,NEXUS Hair Gel 10 W,Hair Gel 10 W,3.94,27.25,107.36,TXN-B-001892,SOURCE_A
TXN-A-001933-L3880,TXN-A-001933,PRD-0041,PC-AUR0041,2000000004105,AURORA File Folder Pack 9 V,File Folder Pack 9 V,3.82,59.18,226.07,TXN-B-001893,SOURCE_A
TXN-A-001934-L3882,TXN-A-001934,PRD-0084,PC-NEX0084,2000000008400,NEXUS Toothpaste 15 W,Toothpaste 15 W,2.8,33.06,92.57,TXN-B-001894,SOURCE_A
TXN-A-001935-L3884,TXN-A-001935,PRD-0116,PC-AUR0116,2000000011608,AURORA Can Opener 500 MG,Can Opener 500 MG,4.72,80.59,380.38,TXN-B-001895,SOURCE_A
TXN-A-001936-L3886,TXN-A-001936,PRD-0128,PC-AUR0128,2000000012803,AURORA Colored Pencil Set 5 W,Colored Pencil Set 5 W,4.96,24.7,122.51,TXN-B-001896,SOURCE_A
TXN-A-001937-L3888,TXN-A-001937,PRD-0024,PC-NEX0024,2000000002408,NEXUS Floor Polish 100 MG,Floor Polish 100 MG,2.78,75.71,210.47,TXN-B-001897,SOURCE_A
TXN-A-001938-L3890,TXN-A-001938,PRD-0022,PC-ZEN0022,2000000002200,ZENITH Floor Polish 2000 MAH,Floor Polish 2000 MAH,1.09,5.92,6.45,TXN-B-001898,SOURCE_A
TXN-A-001939-L3892,TXN-A-001939,PRD-0010,PC-ZEN0010,2000000001005,ZENITH Laundry Detergent 1.5 V,Laundry Detergent 1.5 V,1.94,25.3,49.08,TXN-B-001899,SOURCE_A
TXN-A-001940-L3894,TXN-A-001940,PRD-0112,PC-ZEN0112,2000000011202,ZENITH Kitchen Towel 30 CM,Kitchen Towel 30 CM,3.31,100.54,332.79,TXN-B-001900,SOURCE_A
TXN-A-001941-L3896,TXN-A-001941,PRD-0022,PC-ZEN0022,2000000002200,ZENITH Floor Polish 2000 MAH,Floor Polish 2000 MAH,3.99,5.92,23.62,TXN-B-001901,SOURCE_A
TXN-A-001942-L3898,TXN-A-001942,PRD-0076,PC-ZEN0076,2000000007601,ZENITH Shampoo 200 G,Shampoo 200 G,4.47,12.26,54.8,TXN-B-001902,SOURCE_A
TXN-A-001943-L3900,TXN-A-001943,PRD-0121,PC-ZEN0121,2000000012100,ZENITH Notebook 1 L,Notebook 1 L,4.85,21.42,103.89,TXN-B-001903,SOURCE_A
TXN-A-001944-L3902,TXN-A-001944,PRD-0059,PC-AUR0059,2000000005904,AURORA Screen Protector 45 CM,Screen Protector 45 CM,2.68,61.8,165.62,TXN-B-001904,SOURCE_A
TXN-A-001945-L3904,TXN-A-001945,PRD-0013,PC-ZEN0013,2000000001302,ZENITH Fabric Softener 1 L,Fabric Softener 1 L,2.95,9.65,28.47,TXN-B-001905,SOURCE_A
TXN-A-001946-L3906,TXN-A-001946,PRD-0011,PC-AUR0011,2000000001104,AURORA Laundry Detergent 2000 MAH,Laundry Detergent 2000 MAH,3.03,97.97,296.85,TXN-B-001906,SOURCE_A
TXN-A-001947-L3908,TXN-A-001947,PRD-0120,PC-NEX0120,2000000012001,NEXUS Peeler 30 CM,Peeler 30 CM,2.88,95.85,276.05,TXN-B-001907,SOURCE_A
TXN-A-001948-L3910,TXN-A-001948,PRD-0102,PC-NEX0102,2000000010205,NEXUS Mixing Bowl Set 15 W,Mixing Bowl Set 15 W,2.42,58.6,141.81,TXN-B-001908,SOURCE_A
TXN-A-001949-L3912,TXN-A-001949,PRD-0026,PC-AUR0026,2000000002606,AURORA Ballpoint Pen 250 ML,Ballpoint Pen 250 ML,3.95,26.93,106.37,TXN-B-001909,SOURCE_A
TXN-A-001950-L3914,TXN-A-001950,PRD-0043,PC-ZEN0043,2000000004303,ZENITH Whiteboard Marker 20 W,Whiteboard Marker 20 W,1.04,56.59,58.85,TXN-B-001910,SOURCE_A
TXN-A-001951-L3916,TXN-A-001951,PRD-0061,PC-ZEN0061,2000000006109,ZENITH Battery Pack 200 G,Battery Pack 200 G,3.4,64.09,217.91,TXN-B-001911,SOURCE_A
TXN-A-001952-L3918,TXN-A-001952,PRD-0040,PC-ZEN0040,2000000004006,ZENITH File Folder Pack 750 ML,File Folder Pack 750 ML,1.99,112.35,223.58,TXN-B-001912,SOURCE_A
TXN-A-001953-L3920,TXN-A-001953,PRD-0036,PC-NEX0036,2000000003603,NEXUS Stapler 1.5 L,Stapler 1.5 L,2.16,113.16,244.43,TXN-B-001913,SOURCE_A
TXN-A-001954-L3922,TXN-A-001954,PRD-0125,PC-AUR0125,2000000012506,AURORA Sketch Pad 1.5 V,Sketch Pad 1.5 V,3.05,102.96,314.03,TXN-B-001914,SOURCE_A
TXN-A-001955-L3924,TXN-A-001955,PRD-0074,PC-AUR0074,2000000007403,AURORA Hand Soap 1.5 V,Hand Soap 1.5 V,1.72,72.37,124.48,TXN-B-001915,SOURCE_A
TXN-A-001956-L3926,TXN-A-001956,PRD-0087,PC-NEX0087,2000000008707,NEXUS Deodorant 9 V,Deodorant 9 V,2.11,116.64,246.11,TXN-B-001916,SOURCE_A
TXN-A-001957-L3928,TXN-A-001957,PRD-0052,PC-ZEN0052,2000000005201,ZENITH Power Adapter 20 W,Power Adapter 20 W,3.4,45.35,154.19,TXN-B-001917,SOURCE_A
TXN-A-001958-L3930,TXN-A-001958,PRD-0041,PC-AUR0041,2000000004105,AURORA File Folder Pack 9 V,File Folder Pack 9 V,3.04,59.18,179.91,TXN-B-001918,SOURCE_A
TXN-A-001959-L3932,TXN-A-001959,PRD-0093,PC-NEX0093,2000000009308,NEXUS Hair Gel 10 W,Hair Gel 10 W,2.22,27.25,60.5,TXN-B-001919,SOURCE_A
TXN-A-001960-L3934,TXN-A-001960,PRD-0073,PC-ZEN0073,2000000007304,ZENITH Hand Soap 250 MG,Hand Soap 250 MG,4.68,22.6,105.77,TXN-B-001920,SOURCE_A
TXN-A-001961-L3936,TXN-A-001961,PRD-0135,PC-NEX0135,2000000013503,NEXUS Glue Stick 5000 MAH,Glue Stick 5000 MAH,2.63,27.9,73.38,TXN-B-001921,SOURCE_A
TXN-A-001962-L3938,TXN-A-001962,PRD-0045,PC-NEX0045,2000000004501,NEXUS Whiteboard Marker 45 CM,Whiteboard Marker 45 CM,4.2,29.55,124.11,TXN-B-001922,SOURCE_A
TXN-A-001963-L3940,TXN-A-001963,PRD-0075,PC-NEX0075,2000000007502,NEXUS Hand Soap 10000 MAH,Hand Soap 10000 MAH,3.94,69.45,273.63,TXN-B-001923,SOURCE_A
TXN-A-001964-L3942,TXN-A-001964,PRD-0101,PC-AUR0101,2000000010106,AURORA Mixing Bowl Set 100 MG,Mixing Bowl Set 100 MG,3.31,113.58,375.95,TXN-B-001924,SOURCE_A
TXN-A-001965-L3944,TXN-A-001965,PRD-0149,PC-AUR0149,2000000014906,AURORA Wrench Set 45 CM,Wrench Set 45 CM,4.62,29.28,135.27,TXN-B-001925,SOURCE_A
TXN-A-001966-L3946,TXN-A-001966,PRD-0076,PC-ZEN0076,2000000007601,ZENITH Shampoo 200 G,Shampoo 200 G,3.25,12.26,39.84,TXN-B-001926,SOURCE_A
TXN-A-001967-L3948,TXN-A-001967,PRD-0119,PC-AUR0119,2000000011905,AURORA Peeler 100 MG,Peeler 100 MG,4.27,13.3,56.79,TXN-B-001927,SOURCE_A
TXN-A-001968-L3950,TXN-A-001968,PRD-0016,PC-ZEN0016,2000000001609,ZENITH Surface Wipes 60 CM,Surface Wipes 60 CM,4.39,58.14,255.23,TXN-B-001928,SOURCE_A
TXN-A-001969-L3952,TXN-A-001969,PRD-0091,PC-ZEN0091,2000000009100,ZENITH Hair Gel 1.5 L,Hair Gel 1.5 L,3.94,87.74,345.7,TXN-B-001929,SOURCE_A
TXN-A-001970-L3954,TXN-A-001970,PRD-0136,PC-ZEN0136,2000000013602,ZENITH Scissors 3 V,Scissors 3 V,2.5,71.22,178.05,TXN-B-001930,SOURCE_A
TXN-A-001971-L3956,TXN-A-001971,PRD-0124,PC-ZEN0124,2000000012407,ZENITH Sketch Pad 500 MG,Sketch Pad 500 MG,4.33,47.5,205.68,TXN-B-001931,SOURCE_A
TXN-A-001972-L3958,TXN-A-001972,PRD-0084,PC-NEX0084,2000000008400,NEXUS Toothpaste 15 W,Toothpaste 15 W,3.1,33.06,102.49,TXN-B-001932,SOURCE_A
TXN-A-001973-L3960,TXN-A-001973,PRD-0084,PC-NEX0084,2000000008400,NEXUS Toothpaste 15 W,Toothpaste 15 W,2.46,33.06,81.33,TXN-B-001933,SOURCE_A
TXN-A-001974-L3962,TXN-A-001974,PRD-0098,PC-AUR0098,2000000009803,AURORA Cutting Board 10 IN,Cutting Board 10 IN,3.71,17.09,63.4,TXN-B-001934,SOURCE_A
TXN-A-001975-L3964,TXN-A-001975,PRD-0119,PC-AUR0119,2000000011905,AURORA Peeler 100 MG,Peeler 100 MG,2.02,13.3,26.87,TXN-B-001935,SOURCE_A
TXN-A-001976-L3966,TXN-A-001976,PRD-0053,PC-AUR0053,2000000005300,AURORA Power Adapter 1 L,Power Adapter 1 L,2.1,43.8,91.98,TXN-B-001936,SOURCE_A
TXN-A-001977-L3968,TXN-A-001977,PRD-0055,PC-ZEN0055,2000000005508,ZENITH Phone Case 250 MG,Phone Case 250 MG,4.78,52.62,251.52,TXN-B-001937,SOURCE_A
TXN-A-001978-L3970,TXN-A-001978,PRD-0030,PC-NEX0030,2000000003009,NEXUS Highlighter Set 12 IN,Highlighter Set 12 IN,1.19,69.53,82.74,TXN-B-001938,SOURCE_A
TXN-A-001979-L3972,TXN-A-001979,PRD-0098,PC-AUR0098,2000000009803,AURORA Cutting Board 10 IN,Cutting Board 10 IN,1.11,17.09,18.97,TXN-B-001939,SOURCE_A
TXN-A-001980-L3974,TXN-A-001980,PRD-0028,PC-ZEN0028,2000000002804,ZENITH Highlighter Set 500 ML,Highlighter Set 500 ML,3.59,113.36,406.96,TXN-B-001940,SOURCE_A
TXN-A-001981-L3976,TXN-A-001981,PRD-0010,PC-ZEN0010,2000000001005,ZENITH Laundry Detergent 1.5 V,Laundry Detergent 1.5 V,2.26,25.3,57.18,TXN-B-001941,SOURCE_A
TXN-A-001982-L3978,TXN-A-001982,PRD-0042,PC-NEX0042,2000000004204,NEXUS File Folder Pack 500 G,File Folder Pack 500 G,3.11,68.11,211.82,TXN-B-001942,SOURCE_A
TXN-A-001983-L3980,TXN-A-001983,PRD-0132,PC-NEX0132,2000000013206,NEXUS Ruler Set 60 CM,Ruler Set 60 CM,1.93,20.73,40.01,TXN-B-001943,SOURCE_A
TXN-A-001984-L3982,TXN-A-001984,PRD-0013,PC-ZEN0013,2000000001302,ZENITH Fabric Softener 1 L,Fabric Softener 1 L,4.8,9.65,46.32,TXN-B-001944,SOURCE_A
TXN-A-001985-L3984,TXN-A-001985,PRD-0035,PC-AUR0035,2000000003504,AURORA Stapler 10 W,Stapler 10 W,2.96,17.34,51.33,TXN-B-001945,SOURCE_A
TXN-A-001986-L3986,TXN-A-001986,PRD-0134,PC-AUR0134,2000000013404,AURORA Glue Stick 9 V,Glue Stick 9 V,4.6,77.67,357.28,TXN-B-001946,SOURCE_A
TXN-A-001987-L3988,TXN-A-001987,PRD-0037,PC-ZEN0037,2000000003702,ZENITH Desk Organizer 5 W,Desk Organizer 5 W,4.38,11.53,50.5,TXN-B-001947,SOURCE_A
TXN-A-001988-L3990,TXN-A-001988,PRD-0034,PC-ZEN0034,2000000003405,ZENITH Stapler 100 MG,Stapler 100 MG,3.91,79.94,312.57,TXN-B-001948,SOURCE_A
TXN-A-001989-L3992,TXN-A-001989,PRD-0124,PC-ZEN0124,2000000012407,ZENITH Sketch Pad 500 MG,Sketch Pad 500 MG,3.75,47.5,178.12,TXN-B-001949,SOURCE_A
TXN-A-001990-L3994,TXN-A-001990,PRD-0075,PC-NEX0075,2000000007502,NEXUS Hand Soap 10000 MAH,Hand Soap 10000 MAH,4.14,69.45,287.52,TXN-B-001950,SOURCE_A
TXN-A-001991-L3996,TXN-A-001991,PRD-0113,PC-AUR0113,2000000011301,AURORA Kitchen Towel 20 W,Kitchen Towel 20 W,1.05,71.36,74.93,TXN-B-001951,SOURCE_A
TXN-A-001992-L3998,TXN-A-001992,PRD-0045,PC-NEX0045,2000000004501,NEXUS Whiteboard Marker 45 CM,Whiteboard Marker 45 CM,1.19,29.55,35.16,TXN-B-001952,SOURCE_A
TXN-A-001993-L4000,TXN-A-001993,PRD-0061,PC-ZEN0061,2000000006109,ZENITH Battery Pack 200 G,Battery Pack 200 G,3.41,64.09,218.55,TXN-B-001953,SOURCE_A
TXN-A-001994-L4002,TXN-A-001994,PRD-0136,PC-ZEN0136,2000000013602,ZENITH Scissors 3 V,Scissors 3 V,3.58,71.22,254.97,TXN-B-001954,SOURCE_A
TXN-A-001995-L4004,TXN-A-001995,PRD-0052,PC-ZEN0052,2000000005201,ZENITH Power Adapter 20 W,Power Adapter 20 W,4.56,45.35,206.8,TXN-B-001955,SOURCE_A
TXN-A-001996-L4006,TXN-A-001996,PRD-0037,PC-ZEN0037,2000000003702,ZENITH Desk Organizer 5 W,Desk Organizer 5 W,1.6,11.53,18.45,TXN-B-001956,SOURCE_A
TXN-A-001997-L4008,TXN-A-001997,PRD-0137,PC-AUR0137,2000000013701,AURORA Scissors 100 MG,Scissors 100 MG,1.36,94.03,127.88,TXN-B-001957,SOURCE_A
TXN-A-001998-L4010,TXN-A-001998,PRD-0101,PC-AUR0101,2000000010106,AURORA Mixing Bowl Set 100 MG,Mixing Bowl Set 100 MG,4.18,113.58,474.76,TXN-B-001958,SOURCE_A
TXN-A-001999-L4012,TXN-A-001999,PRD-0052,PC-ZEN0052,2000000005201,ZENITH Power Adapter 20 W,Power Adapter 20 W,1.89,45.35,85.71,TXN-B-001959,SOURCE_A
TXN-A-002000-L4014,TXN-A-002000,PRD-0041,PC-AUR0041,2000000004105,AURORA File Folder Pack 9 V,File Folder Pack 9 V,4.22,59.18,249.74,TXN-B-001960,SOURCE_A
TXN-A-002001-L01,TXN-A-002001,PRD-0073,PC-ZEN0073,2000000007304,ZENITH Hand Soap 250 MG,Hand Soap 250 MG,6.25,22.6,141.25,,SOURCE_A
TXN-A-002001-L02,TXN-A-002001,PRD-0073,PC-ZEN0073,2000000007304,ZENITH Hand Soap 250 MG,Hand Soap 250 MG,6.25,22.6,141.25,,SOURCE_A
TXN-A-002002-L01,TXN-A-002002,PRD-0074,PC-AUR0074,2000000007403,AURORA Hand Soap 1.5 V,Hand Soap 1.5 V,6.93,72.37,501.52,,SOURCE_A
TXN-A-002002-L02,TXN-A-002002,PRD-0074,PC-AUR0074,2000000007403,AURORA Hand Soap 1.5 V,Hand Soap 1.5 V,6.93,72.37,501.52,,SOURCE_A
TXN-A-002003-L01,TXN-A-002003,PRD-0088,PC-ZEN0088,2000000008806,ZENITH Face Cream 30 CM,Face Cream 30 CM,1.94,2.66,5.16,,SOURCE_A
TXN-A-002003-L02,TXN-A-002003,PRD-0088,PC-ZEN0088,2000000008806,ZENITH Face Cream 30 CM,Face Cream 30 CM,1.94,2.66,5.16,,SOURCE_A
TXN-A-002004-L01,TXN-A-002004,PRD-0126,PC-NEX0126,2000000012605,NEXUS Sketch Pad 250 ML,Sketch Pad 250 ML,1.29,82.01,105.79,,SOURCE_A
TXN-A-002004-L02,TXN-A-002004,PRD-0126,PC-NEX0126,2000000012605,NEXUS Sketch Pad 250 ML,Sketch Pad 250 ML,1.29,82.01,105.79,,SOURCE_A
TXN-A-002005-L01,TXN-A-002005,PRD-0008,PC-AUR0008,2000000000800,AURORA Dish Liquid 10000 MAH,Dish Liquid 10000 MAH,1.53,111.86,171.15,,SOURCE_A
TXN-A-002005-L02,TXN-A-002005,PRD-0008,PC-AUR0008,2000000000800,AURORA Dish Liquid 10000 MAH,Dish Liquid 10000 MAH,1.53,111.86,171.15,,SOURCE_A
TXN-A-002006-L01,TXN-A-002006,PRD-0110,PC-AUR0110,2000000011004,AURORA Storage Container 5 W,Storage Container 5 W,4.42,44.62,197.22,,SOURCE_A
TXN-A-002006-L02,TXN-A-002006,PRD-0110,PC-AUR0110,2000000011004,AURORA Storage Container 5 W,Storage Container 5 W,4.42,44.62,197.22,,SOURCE_A
TXN-A-002007-L01,TXN-A-002007,PRD-0002,PC-AUR0002,2000000000206,AURORA All Purpose Cleaner 30 CM,All Purpose Cleaner 30 CM,2.03,44.72,90.78,,SOURCE_A
TXN-A-002007-L02,TXN-A-002007,PRD-0002,PC-AUR0002,2000000000206,AURORA All Purpose Cleaner 30 CM,All Purpose Cleaner 30 CM,2.03,44.72,90.78,,SOURCE_A
TXN-A-002008-L01,TXN-A-002008,PRD-0018,PC-NEX0018,2000000001807,NEXUS Surface Wipes 500 MG,Surface Wipes 500 MG,1.77,39.31,69.58,,SOURCE_A
TXN-A-002008-L02,TXN-A-002008,PRD-0018,PC-NEX0018,2000000001807,NEXUS Surface Wipes 500 MG,Surface Wipes 500 MG,1.77,39.31,69.58,,SOURCE_A
TXN-A-002009-L01,TXN-A-002009,PRD-0005,PC-AUR0005,2000000000503,AURORA Glass Spray 500 G,Glass Spray 500 G,5.9,111.21,656.14,,SOURCE_A
TXN-A-002009-L02,TXN-A-002009,PRD-0005,PC-AUR0005,2000000000503,AURORA Glass Spray 500 G,Glass Spray 500 G,5.9,111.21,656.14,,SOURCE_A
TXN-A-002010-L01,TXN-A-002010,PRD-0137,PC-AUR0137,2000000013701,AURORA Scissors 100 MG,Scissors 100 MG,4.55,94.03,427.84,,SOURCE_A
TXN-A-002010-L02,TXN-A-002010,PRD-0137,PC-AUR0137,2000000013701,AURORA Scissors 100 MG,Scissors 100 MG,4.55,94.03,427.84,,SOURCE_A
TXN-A-002011-L01,TXN-A-002011,PRD-0089,PC-AUR0089,2000000008905,AURORA Face Cream 500 ML,Face Cream 500 ML,9.6,50.06,480.58,,SOURCE_A
TXN-A-002011-L02,TXN-A-002011,PRD-0089,PC-AUR0089,2000000008905,AURORA Face Cream 500 ML,Face Cream 500 ML,9.6,50.06,480.58,,SOURCE_A
TXN-A-002012-L01,TXN-A-002012,PRD-0143,PC-AUR0143,2000000014302,AURORA Marker Set 10 IN,Marker Set 10 IN,1.43,13.47,19.26,,SOURCE_A
TXN-A-002012-L02,TXN-A-002012,PRD-0143,PC-AUR0143,2000000014302,AURORA Marker Set 10 IN,Marker Set 10 IN,1.43,13.47,19.26,,SOURCE_A
TXN-A-002013-L01,TXN-A-002013,PRD-0050,PC-AUR0050,2000000005003,AURORA USB Cable 10000 MAH,USB Cable 10000 MAH,8.89,3.09,27.47,,SOURCE_A
TXN-A-002013-L02,TXN-A-002013,PRD-0050,PC-AUR0050,2000000005003,AURORA USB Cable 10000 MAH,USB Cable 10000 MAH,8.89,3.09,27.47,,SOURCE_A
TXN-A-002014-L01,TXN-A-002014,PRD-0136,PC-ZEN0136,2000000013602,ZENITH Scissors 3 V,Scissors 3 V,9.51,71.22,677.3,,SOURCE_A
TXN-A-002014-L02,TXN-A-002014,PRD-0136,PC-ZEN0136,2000000013602,ZENITH Scissors 3 V,Scissors 3 V,9.51,71.22,677.3,,SOURCE_A
TXN-A-002015-L01,TXN-A-002015,PRD-0142,PC-ZEN0142,2000000014203,ZENITH Marker Set 750 ML,Marker Set 750 ML,6.56,33.77,221.53,,SOURCE_A
TXN-A-002015-L02,TXN-A-002015,PRD-0142,PC-ZEN0142,2000000014203,ZENITH Marker Set 750 ML,Marker Set 750 ML,6.56,33.77,221.53,,SOURCE_A
TXN-A-002016-L01,TXN-A-002016,PRD-0141,PC-NEX0141,2000000014104,NEXUS Eraser Pack 3 V,Eraser Pack 3 V,4.0,34.77,139.08,,SOURCE_A
TXN-A-002016-L02,TXN-A-002016,PRD-0141,PC-NEX0141,2000000014104,NEXUS Eraser Pack 3 V,Eraser Pack 3 V,4.0,34.77,139.08,,SOURCE_A
TXN-A-002017-L01,TXN-A-002017,PRD-0090,PC-NEX0090,2000000009001,NEXUS Face Cream 100 MG,Face Cream 100 MG,3.9,20.0,78.0,,SOURCE_A
TXN-A-002017-L02,TXN-A-002017,PRD-0090,PC-NEX0090,2000000009001,NEXUS Face Cream 100 MG,Face Cream 100 MG,3.9,20.0,78.0,,SOURCE_A
TXN-A-002018-L01,TXN-A-002018,PRD-0105,PC-NEX0105,2000000010502,NEXUS Measuring Cup 100 G,Measuring Cup 100 G,4.62,109.25,504.74,,SOURCE_A
TXN-A-002018-L02,TXN-A-002018,PRD-0105,PC-NEX0105,2000000010502,NEXUS Measuring Cup 100 G,Measuring Cup 100 G,4.62,109.25,504.74,,SOURCE_A
TXN-A-002019-L01,TXN-A-002019,PRD-0087,PC-NEX0087,2000000008707,NEXUS Deodorant 9 V,Deodorant 9 V,3.99,116.64,465.39,,SOURCE_A
TXN-A-002019-L02,TXN-A-002019,PRD-0087,PC-NEX0087,2000000008707,NEXUS Deodorant 9 V,Deodorant 9 V,3.99,116.64,465.39,,SOURCE_A
TXN-A-002020-L01,TXN-A-002020,PRD-0149,PC-AUR0149,2000000014906,AURORA Wrench Set 45 CM,Wrench Set 45 CM,8.83,29.28,258.54,,SOURCE_A
TXN-A-002020-L02,TXN-A-002020,PRD-0149,PC-AUR0149,2000000014906,AURORA Wrench Set 45 CM,Wrench Set 45 CM,8.83,29.28,258.54,,SOURCE_A
TXN-A-002021-L01,TXN-A-002021,PRD-0149,PC-AUR0149,2000000014906,AURORA Wrench Set 45 CM,Wrench Set 45 CM,5.03,29.28,147.28,,SOURCE_A
TXN-A-002021-L01,TXN-A-002021,PRD-0149,PC-AUR0149,2000000014906,AURORA Wrench Set 45 CM,Wrench Set 45 CM,5.03,29.28,147.28,,SOURCE_A
TXN-A-002022-L01,TXN-A-002022,PRD-0021,PC-NEX0021,2000000002101,NEXUS Air Freshener 30 CM,Air Freshener 30 CM,7.75,13.9,107.73,,SOURCE_A
TXN-A-002022-L01,TXN-A-002022,PRD-0021,PC-NEX0021,2000000002101,NEXUS Air Freshener 30 CM,Air Freshener 30 CM,7.75,13.9,107.73,,SOURCE_A
TXN-A-002023-L01,TXN-A-002023,PRD-0029,PC-AUR0029,2000000002903,AURORA Highlighter Set 9 V,Highlighter Set 9 V,2.09,26.14,54.63,,SOURCE_A
TXN-A-002023-L01,TXN-A-002023,PRD-0029,PC-AUR0029,2000000002903,AURORA Highlighter Set 9 V,Highlighter Set 9 V,2.09,26.14,54.63,,SOURCE_A
TXN-A-002024-L01,TXN-A-002024,PRD-0121,PC-ZEN0121,2000000012100,ZENITH Notebook 1 L,Notebook 1 L,5.33,21.42,114.17,,SOURCE_A
TXN-A-002024-L01,TXN-A-002024,PRD-0121,PC-ZEN0121,2000000012100,ZENITH Notebook 1 L,Notebook 1 L,5.33,21.42,114.17,,SOURCE_A
TXN-A-002025-L01,TXN-A-002025,PRD-0020,PC-AUR0020,2000000002002,AURORA Air Freshener 200 G,Air Freshener 200 G,8.44,104.22,879.62,,SOURCE_A
TXN-A-002025-L01,TXN-A-002025,PRD-0020,PC-AUR0020,2000000002002,AURORA Air Freshener 200 G,Air Freshener 200 G,8.44,104.22,879.62,,SOURCE_A
TXN-A-002026-L01,TXN-A-002026,PRD-0070,PC-ZEN0070,2000000007007,ZENITH Mouse Pad 200 G,Mouse Pad 200 G,6.38,113.79,725.98,,SOURCE_A
TXN-A-002026-L01,TXN-A-002026,PRD-0070,PC-ZEN0070,2000000007007,ZENITH Mouse Pad 200 G,Mouse Pad 200 G,6.38,113.79,725.98,,SOURCE_A
TXN-A-002027-L01,TXN-A-002027,PRD-0054,PC-NEX0054,2000000005409,NEXUS Power Adapter 500 ML,Power Adapter 500 ML,9.7,16.51,160.15,,SOURCE_A
TXN-A-002027-L01,TXN-A-002027,PRD-0054,PC-NEX0054,2000000005409,NEXUS Power Adapter 500 ML,Power Adapter 500 ML,9.7,16.51,160.15,,SOURCE_A
TXN-A-002028-L01,TXN-A-002028,PRD-0084,PC-NEX0084,2000000008400,NEXUS Toothpaste 15 W,Toothpaste 15 W,6.21,33.06,205.3,,SOURCE_A
TXN-A-002028-L01,TXN-A-002028,PRD-0084,PC-NEX0084,2000000008400,NEXUS Toothpaste 15 W,Toothpaste 15 W,6.21,33.06,205.3,,SOURCE_A
TXN-A-002029-L01,TXN-A-002029,PRD-0114,PC-NEX0114,2000000011400,NEXUS Kitchen Towel 10 W,Kitchen Towel 10 W,6.69,24.94,166.85,,SOURCE_A
TXN-A-002029-L01,TXN-A-002029,PRD-0114,PC-NEX0114,2000000011400,NEXUS Kitchen Towel 10 W,Kitchen Towel 10 W,6.69,24.94,166.85,,SOURCE_A
TXN-A-002030-L01,TXN-A-002030,PRD-0023,PC-AUR0023,2000000002309,AURORA Floor Polish 100 MG,Floor Polish 100 MG,2.47,52.05,128.56,,SOURCE_A
TXN-A-002030-L01,TXN-A-002030,PRD-0023,PC-AUR0023,2000000002309,AURORA Floor Polish 100 MG,Floor Polish 100 MG,2.47,52.05,128.56,,SOURCE_A
TXN-A-002031-L01,TXN-A-002031,PRD-0113,PC-AUR0113,2000000011301,AURORA Kitchen Towel 20 W,Kitchen Towel 20 W,2.76,71.36,196.95,,SOURCE_A
TXN-A-002031-L01,TXN-A-002031,PRD-0113,PC-AUR0113,2000000011301,AURORA Kitchen Towel 20 W,Kitchen Towel 20 W,2.76,71.36,196.95,,SOURCE_A
TXN-A-002032-L01,TXN-A-002032,PRD-0054,PC-NEX0054,2000000005409,NEXUS Power Adapter 500 ML,Power Adapter 500 ML,1.0,16.51,16.51,,SOURCE_A
TXN-A-002032-L01,TXN-A-002032,PRD-0054,PC-NEX0054,2000000005409,NEXUS Power Adapter 500 ML,Power Adapter 500 ML,1.0,16.51,16.51,,SOURCE_A
TXN-A-002033-L01,TXN-A-002033,PRD-0073,PC-ZEN0073,2000000007304,ZENITH Hand Soap 250 MG,Hand Soap 250 MG,7.6,22.6,171.76,,SOURCE_A
TXN-A-002033-L01,TXN-A-002033,PRD-0073,PC-ZEN0073,2000000007304,ZENITH Hand Soap 250 MG,Hand Soap 250 MG,7.6,22.6,171.76,,SOURCE_A
TXN-A-002034-L01,TXN-A-002034,PRD-0134,PC-AUR0134,2000000013404,AURORA Glue Stick 9 V,Glue Stick 9 V,3.17,77.67,246.21,,SOURCE_A
TXN-A-002034-L01,TXN-A-002034,PRD-0134,PC-AUR0134,2000000013404,AURORA Glue Stick 9 V,Glue Stick 9 V,3.17,77.67,246.21,,SOURCE_A
TXN-A-002035-L01,TXN-A-002035,PRD-0051,PC-NEX0051,2000000005102,NEXUS USB Cable 500 MG,USB Cable 500 MG,1.45,94.26,136.68,,SOURCE_A
TXN-A-002035-L01,TXN-A-002035,PRD-0051,PC-NEX0051,2000000005102,NEXUS USB Cable 500 MG,USB Cable 500 MG,1.45,94.26,136.68,,SOURCE_A
TXN-A-002036-L01,TXN-A-002036,PRD-0057,PC-NEX0057,2000000005706,NEXUS Phone Case 1 L,Phone Case 1 L,3.91,31.73,124.06,,SOURCE_A
TXN-A-002036-L01,TXN-A-002036,PRD-0057,PC-NEX0057,2000000005706,NEXUS Phone Case 1 L,Phone Case 1 L,3.91,31.73,124.06,,SOURCE_A
TXN-A-002037-L01,TXN-A-002037,PRD-0049,PC-ZEN0049,2000000004907,ZENITH USB Cable 1 KG,USB Cable 1 KG,2.54,50.47,128.19,,SOURCE_A
TXN-A-002037-L01,TXN-A-002037,PRD-0049,PC-ZEN0049,2000000004907,ZENITH USB Cable 1 KG,USB Cable 1 KG,2.54,50.47,128.19,,SOURCE_A
TXN-A-002038-L01,TXN-A-002038,PRD-0101,PC-AUR0101,2000000010106,AURORA Mixing Bowl Set 100 MG,Mixing Bowl Set 100 MG,2.03,113.58,230.57,,SOURCE_A
TXN-A-002038-L01,TXN-A-002038,PRD-0101,PC-AUR0101,2000000010106,AURORA Mixing Bowl Set 100 MG,Mixing Bowl Set 100 MG,2.03,113.58,230.57,,SOURCE_A
TXN-A-002039-L01,TXN-A-002039,PRD-0052,PC-ZEN0052,2000000005201,ZENITH Power Adapter 20 W,Power Adapter 20 W,9.31,45.35,422.21,,SOURCE_A
TXN-A-002039-L01,TXN-A-002039,PRD-0052,PC-ZEN0052,2000000005201,ZENITH Power Adapter 20 W,Power Adapter 20 W,9.31,45.35,422.21,,SOURCE_A
TXN-A-002040-L01,TXN-A-002040,PRD-0104,PC-AUR0104,2000000010403,AURORA Measuring Cup 10000 MAH,Measuring Cup 10000 MAH,7.6,68.42,519.99,,SOURCE_A
TXN-A-002040-L01,TXN-A-002040,PRD-0104,PC-AUR0104,2000000010403,AURORA Measuring Cup 10000 MAH,Measuring Cup 10000 MAH,7.6,68.42,519.99,,SOURCE_A
TXN-A-002041-L01,TXN-A-002041,PRD-0027,PC-NEX0027,2000000002705,NEXUS Ballpoint Pen 500 ML,Ballpoint Pen 500 ML,9.89,49.53,489.85,,SOURCE_A
TXN-A-002041-L01,TXN-A-002041,PRD-0027,PC-NEX0027,2000000002705,NEXUS Ballpoint Pen 500 ML,Ballpoint Pen 500 ML,9.89,49.53,489.85,,SOURCE_A
TXN-A-002042-L01,TXN-A-002042,PRD-0059,PC-AUR0059,2000000005904,AURORA Screen Protector 45 CM,Screen Protector 45 CM,7.32,61.8,452.38,,SOURCE_A
TXN-A-002042-L01,TXN-A-002042,PRD-0059,PC-AUR0059,2000000005904,AURORA Screen Protector 45 CM,Screen Protector 45 CM,7.32,61.8,452.38,,SOURCE_A
TXN-A-002043-L01,TXN-A-002043,PRD-0009,PC-NEX0009,2000000000909,NEXUS Dish Liquid 10 W,Dish Liquid 10 W,7.77,102.05,792.93,,SOURCE_A
TXN-A-002043-L01,TXN-A-002043,PRD-0009,PC-NEX0009,2000000000909,NEXUS Dish Liquid 10 W,Dish Liquid 10 W,7.77,102.05,792.93,,SOURCE_A
TXN-A-002044-L01,TXN-A-002044,PRD-0022,PC-ZEN0022,2000000002200,ZENITH Floor Polish 2000 MAH,Floor Polish 2000 MAH,7.22,5.92,42.74,,SOURCE_A
TXN-A-002044-L01,TXN-A-002044,PRD-0022,PC-ZEN0022,2000000002200,ZENITH Floor Polish 2000 MAH,Floor Polish 2000 MAH,7.22,5.92,42.74,,SOURCE_A
TXN-A-002045-L01,TXN-A-002045,PRD-0126,PC-NEX0126,2000000012605,NEXUS Sketch Pad 250 ML,Sketch Pad 250 ML,1.5,82.01,123.02,,SOURCE_A
TXN-A-002045-L01,TXN-A-002045,PRD-0126,PC-NEX0126,2000000012605,NEXUS Sketch Pad 250 ML,Sketch Pad 250 ML,1.5,82.01,123.02,,SOURCE_A
TXN-A-002046-L4016,TXN-A-002046,PRD-ORPH7013,,,Unknown Product,Unknown,8.06,87.74,707.18,,SOURCE_A
TXN-A-002047-L4017,TXN-A-002047,PRD-ORPH7366,,,Unknown Product,Unknown,3.78,92.36,349.12,,SOURCE_A
TXN-A-002048-L4018,TXN-A-002048,PRD-ORPH6989,,,Unknown Product,Unknown,8.47,80.59,682.6,,SOURCE_A
TXN-A-002049-L4019,TXN-A-002049,PRD-ORPH5315,,,Unknown Product,Unknown,4.2,70.05,294.21,,SOURCE_A
TXN-A-002050-L4020,TXN-A-002050,PRD-ORPH3521,,,Unknown Product,Unknown,5.66,58.6,331.68,,SOURCE_A
TXN-A-002051-L4021,TXN-A-002051,PRD-ORPH7129,,,Unknown Product,Unknown,7.16,60.18,430.89,,SOURCE_A
TXN-A-002052-L4022,TXN-A-002052,PRD-ORPH6319,,,Unknown Product,Unknown,2.21,43.98,97.2,,SOURCE_A
TXN-A-002053-L4023,TXN-A-002053,PRD-ORPH4212,,,Unknown Product,Unknown,7.92,61.8,489.46,,SOURCE_A
TXN-A-002054-L4024,TXN-A-002054,PRD-ORPH3090,,,Unknown Product,Unknown,2.13,113.16,241.03,,SOURCE_A
TXN-A-002055-L4025,TXN-A-002055,PRD-ORPH4711,,,Unknown Product,Unknown,8.44,89.13,752.26,,SOURCE_A
TXN-A-002056-L4026,TXN-A-002056,PRD-ORPH7953,,,Unknown Product,Unknown,6.49,27.9,181.07,,SOURCE_A
TXN-A-002057-L4027,TXN-A-002057,PRD-ORPH6574,,,Unknown Product,Unknown,1.51,94.26,142.33,,SOURCE_A
TXN-A-002058-L4028,TXN-A-002058,PRD-ORPH7242,,,Unknown Product,Unknown,9.15,109.25,999.64,,SOURCE_A
TXN-A-002059-L4029,TXN-A-002059,PRD-ORPH3618,,,Unknown Product,Unknown,8.32,59.18,492.38,,SOURCE_A
TXN-A-002060-L4030,TXN-A-002060,PRD-ORPH1902,,,Unknown Product,Unknown,5.58,40.05,223.48,,SOURCE_A
TXN-A-002061-L4031,TXN-A-002061,PRD-ORPH1096,,,Unknown Product,Unknown,6.86,47.5,325.85,,SOURCE_A
TXN-A-002062-L4032,TXN-A-002062,PRD-ORPH2055,,,Unknown Product,Unknown,6.54,74.3,485.92,,SOURCE_A
TXN-A-002063-L4033,TXN-A-002063,PRD-ORPH6081,,,Unknown Product,Unknown,7.21,45.41,327.41,,SOURCE_A
TXN-A-002064-L4034,TXN-A-002064,PRD-ORPH8357,,,Unknown Product,Unknown,9.7,15.08,146.28,,SOURCE_A
TXN-A-002065-L4035,TXN-A-002065,PRD-ORPH4328,,,Unknown Product,Unknown,8.99,100.54,903.85,,SOURCE_A
TXN-A-002066-L4036,TXN-A-002066,PRD-ORPH8787,,,Unknown Product,Unknown,2.34,28.05,65.64,,SOURCE_A
TXN-A-002067-L4037,TXN-A-002067,PRD-ORPH9535,,,Unknown Product,Unknown,1.19,13.3,15.83,,SOURCE_A
TXN-A-002068-L4038,TXN-A-002068,PRD-ORPH1092,,,Unknown Product,Unknown,8.88,26.14,232.12,,SOURCE_A
TXN-A-002069-L4039,TXN-A-002069,PRD-ORPH3067,,,Unknown Product,Unknown,6.03,94.86,572.01,,SOURCE_A
TXN-A-002070-L4040,TXN-A-002070,PRD-ORPH5488,,,Unknown Product,Unknown,2.94,11.53,33.9,,SOURCE_A
TXN-A-002071-L4041,TXN-A-002071,PRD-ORPH7021,,,Unknown Product,Unknown,4.53,47.14,213.54,,SOURCE_A
TXN-A-002072-L4042,TXN-A-002072,PRD-ORPH5410,,,Unknown Product,Unknown,7.75,38.93,301.71,,SOURCE_A
TXN-A-002073-L4043,TXN-A-002073,PRD-ORPH8230,,,Unknown Product,Unknown,8.34,64.67,539.35,,SOURCE_A
TXN-A-002074-L4044,TXN-A-002074,PRD-ORPH5321,,,Unknown Product,Unknown,1.12,57.94,64.89,,SOURCE_A
TXN-A-002075-L4045,TXN-A-002075,PRD-ORPH5342,,,Unknown Product,Unknown,3.52,37.08,130.52,,SOURCE_A
TXN-A-002076-L4046,TXN-A-002076,PRD!94#,PC-ZEN0049,2000000004907,ZENITH USB Cable 1 KG,USB Cable 1 KG,3.97,50.47,200.37,,SOURCE_A
TXN-A-002077-L4047,TXN-A-002077,PRD!16#,PC-AUR0023,2000000002309,AURORA Floor Polish 100 MG,Floor Polish 100 MG,7.38,52.05,384.13,,SOURCE_A
TXN-A-002078-L4048,TXN-A-002078,PRD!05#,PC-NEX0021,2000000002101,NEXUS Air Freshener 30 CM,Air Freshener 30 CM,6.75,13.9,93.83,,SOURCE_A
TXN-A-002079-L4049,TXN-A-002079,PRD!64#,PC-ZEN0013,2000000001302,ZENITH Fabric Softener 1 L,Fabric Softener 1 L,3.83,9.65,36.96,,SOURCE_A
TXN-A-002080-L4050,TXN-A-002080,PRD!96#,PC-AUR0065,2000000006505,AURORA Charging Dock 3 V,Charging Dock 3 V,5.16,17.05,87.98,,SOURCE_A
TXN-A-002081-L4051,TXN-A-002081,PRD!68#,PC-AUR0119,2000000011905,AURORA Peeler 100 MG,Peeler 100 MG,9.51,13.3,126.48,,SOURCE_A
TXN-A-002082-L4052,TXN-A-002082,PRD!12#,PC-AUR0047,2000000004709,AURORA Tape Dispenser 45 CM,Tape Dispenser 45 CM,4.15,2.08,8.63,,SOURCE_A
TXN-A-002083-L4053,TXN-A-002083,PRD!92#,PC-AUR0062,2000000006208,AURORA Battery Pack 2000 MAH,Battery Pack 2000 MAH,1.25,70.05,87.56,,SOURCE_A
TXN-A-002084-L4054,TXN-A-002084,PRD!82#,PC-NEX0123,2000000012308,NEXUS Notebook 3 V,Notebook 3 V,3.46,15.38,53.21,,SOURCE_A
TXN-A-002085-L4055,TXN-A-002085,PRD!51#,PC-AUR0047,2000000004709,AURORA Tape Dispenser 45 CM,Tape Dispenser 45 CM,3.46,2.08,7.2,,SOURCE_A
TXN-A-002086-L4056,TXN-A-002086,PRD!79#,PC-AUR0023,2000000002309,AURORA Floor Polish 100 MG,Floor Polish 100 MG,8.03,52.05,417.96,,SOURCE_A
TXN-A-002087-L4057,TXN-A-002087,PRD!70#,PC-NEX0036,2000000003603,NEXUS Stapler 1.5 L,Stapler 1.5 L,4.72,113.16,534.12,,SOURCE_A
TXN-A-002088-L4058,TXN-A-002088,PRD!37#,PC-NEX0114,2000000011400,NEXUS Kitchen Towel 10 W,Kitchen Towel 10 W,8.92,24.94,222.46,,SOURCE_A
TXN-A-002089-L4059,TXN-A-002089,PRD!31#,PC-NEX0087,2000000008707,NEXUS Deodorant 9 V,Deodorant 9 V,9.11,116.64,1062.59,,SOURCE_A
TXN-A-002090-L4060,TXN-A-002090,PRD!03#,PC-ZEN0031,2000000003108,ZENITH Binder Clip Box 3 V,Binder Clip Box 3 V,4.24,57.71,244.69,,SOURCE_A
TXN-A-002091-L4061,TXN-A-002091,PRD!37#,PC-AUR0143,2000000014302,AURORA Marker Set 10 IN,Marker Set 10 IN,1.15,13.47,15.49,,SOURCE_A
TXN-A-002092-L4062,TXN-A-002092,PRD!87#,PC-NEX0042,2000000004204,NEXUS File Folder Pack 500 G,File Folder Pack 500 G,1.75,68.11,119.19,,SOURCE_A
TXN-A-002093-L4063,TXN-A-002093,PRD!87#,PC-ZEN0097,2000000009704,ZENITH Cutting Board 5 W,Cutting Board 5 W,5.05,15.99,80.75,,SOURCE_A
TXN-A-002094-L4064,TXN-A-002094,PRD!94#,PC-NEX0144,2000000014401,NEXUS Marker Set 250 ML,Marker Set 250 ML,5.04,40.05,201.85,,SOURCE_A
TXN-A-002095-L4065,TXN-A-002095,PRD!39#,PC-AUR0053,2000000005300,AURORA Power Adapter 1 L,Power Adapter 1 L,7.34,43.8,321.49,,SOURCE_A
TXN-A-002096-L4066,TXN-A-002096,PRD!27#,PC-AUR0077,2000000007700,AURORA Shampoo 1 KG,Shampoo 1 KG,6.18,106.6,658.79,,SOURCE_A
TXN-A-002097-L4067,TXN-A-002097,PRD!03#,PC-AUR0122,2000000012209,AURORA Notebook 5000 MAH,Notebook 5000 MAH,7.09,31.9,226.17,,SOURCE_A
TXN-A-002098-L4068,TXN-A-002098,PRD!68#,PC-ZEN0052,2000000005201,ZENITH Power Adapter 20 W,Power Adapter 20 W,2.23,45.35,101.13,,SOURCE_A
TXN-A-002099-L4069,TXN-A-002099,PRD!37#,PC-NEX0054,2000000005409,NEXUS Power Adapter 500 ML,Power Adapter 500 ML,7.57,16.51,124.98,,SOURCE_A
TXN-A-002100-L4070,TXN-A-002100,PRD!49#,PC-AUR0074,2000000007403,AURORA Hand Soap 1.5 V,Hand Soap 1.5 V,4.16,72.37,301.06,,SOURCE_A
TXN-A-002101-L4071,TXN-A-002101,PRD-0148,PC-ZEN0148,2000000014807,ZENITH Wrench Set 30 CM,Wrench Set 30 CM,N/A,116.97,N/A,,SOURCE_A
TXN-A-002102-L4072,TXN-A-002102,PRD-0097,PC-ZEN0097,2000000009704,ZENITH Cutting Board 5 W,Cutting Board 5 W,1.44,ERR,ERR,,SOURCE_A
TXN-A-002103-L4073,TXN-A-002103,PRD-0072,PC-NEX0072,2000000007205,NEXUS Mouse Pad 100 G,Mouse Pad 100 G,N/A,43.98,N/A,,SOURCE_A
TXN-A-002104-L4074,TXN-A-002104,PRD-0113,PC-AUR0113,2000000011301,AURORA Kitchen Towel 20 W,Kitchen Towel 20 W,N/A,71.36,N/A,,SOURCE_A
TXN-A-002105-L4075,TXN-A-002105,PRD-0084,PC-NEX0084,2000000008400,NEXUS Toothpaste 15 W,Toothpaste 15 W,7.55,ERR,ERR,,SOURCE_A
TXN-A-002106-L4076,TXN-A-002106,PRD-0137,PC-AUR0137,2000000013701,AURORA Scissors 100 MG,Scissors 100 MG,N/A,94.03,N/A,,SOURCE_A
TXN-A-002107-L4077,TXN-A-002107,PRD-0093,PC-NEX0093,2000000009308,NEXUS Hair Gel 10 W,Hair Gel 10 W,6.11,ERR,ERR,,SOURCE_A
TXN-A-002108-L4078,TXN-A-002108,PRD-0125,PC-AUR0125,2000000012506,AURORA Sketch Pad 1.5 V,Sketch Pad 1.5 V,9.67,ERR,ERR,,SOURCE_A
TXN-A-002109-L4079,TXN-A-002109,PRD-0109,PC-ZEN0109,2000000010908,ZENITH Storage Container 20 W,Storage Container 20 W,3.74,ERR,ERR,,SOURCE_A
TXN-A-002110-L4080,TXN-A-002110,PRD-0087,PC-NEX0087,2000000008707,NEXUS Deodorant 9 V,Deodorant 9 V,N/A,116.64,N/A,,SOURCE_A
TXN-A-002111-L4081,TXN-A-002111,PRD-0112,PC-ZEN0112,2000000011202,ZENITH Kitchen Towel 30 CM,Kitchen Towel 30 CM,1.14,ERR,ERR,,SOURCE_A
TXN-A-002112-L4082,TXN-A-002112,PRD-0083,PC-AUR0083,2000000008301,AURORA Toothpaste 3 V,Toothpaste 3 V,N/A,47.14,N/A,,SOURCE_A
TXN-A-002113-L4083,TXN-A-002113,PRD-0009,PC-NEX0009,2000000000909,NEXUS Dish Liquid 10 W,Dish Liquid 10 W,1.05,ERR,ERR,,SOURCE_A
TXN-A-002114-L4084,TXN-A-002114,PRD-0048,PC-NEX0048,2000000004808,NEXUS Tape Dispenser 3 V,Tape Dispenser 3 V,N/A,64.25,N/A,,SOURCE_A
TXN-A-002115-L4085,TXN-A-002115,PRD-0071,PC-AUR0071,2000000007106,AURORA Mouse Pad 50 G,Mouse Pad 50 G,N/A,17.32,N/A,,SOURCE_A
TXN-A-002116-L4086,TXN-A-002116,PRD-0082,PC-ZEN0082,2000000008202,ZENITH Toothpaste 500 MG,Toothpaste 500 MG,N/A,92.36,N/A,,SOURCE_A
TXN-A-002117-L4087,TXN-A-002117,PRD-0002,PC-AUR0002,2000000000206,AURORA All Purpose Cleaner 30 CM,All Purpose Cleaner 30 CM,N/A,44.72,N/A,,SOURCE_A
TXN-A-002118-L4088,TXN-A-002118,PRD-0040,PC-ZEN0040,2000000004006,ZENITH File Folder Pack 750 ML,File Folder Pack 750 ML,N/A,112.35,N/A,,SOURCE_A
TXN-A-002119-L4089,TXN-A-002119,PRD-0132,PC-NEX0132,2000000013206,NEXUS Ruler Set 60 CM,Ruler Set 60 CM,1.6,ERR,ERR,,SOURCE_A
TXN-A-002120-L4090,TXN-A-002120,PRD-0031,PC-ZEN0031,2000000003108,ZENITH Binder Clip Box 3 V,Binder Clip Box 3 V,2.34,ERR,ERR,,SOURCE_A
TXN-A-002121-L4091,TXN-A-002121,PRD-0020,PC-AUR0020,2000000002002,AURORA Air Freshener 200 G,Air Freshener 200 G,N/A,104.22,N/A,,SOURCE_A
TXN-A-002122-L4092,TXN-A-002122,PRD-0126,PC-NEX0126,2000000012605,NEXUS Sketch Pad 250 ML,Sketch Pad 250 ML,N/A,82.01,N/A,,SOURCE_A
TXN-A-002123-L4093,TXN-A-002123,PRD-0129,PC-NEX0129,2000000012902,NEXUS Colored Pencil Set 750 ML,Colored Pencil Set 750 ML,8.87,ERR,ERR,,SOURCE_A
TXN-A-002124-L4094,TXN-A-002124,PRD-0060,PC-NEX0060,2000000006000,NEXUS Screen Protector 10 IN,Screen Protector 10 IN,N/A,85.32,N/A,,SOURCE_A
TXN-A-002125-L4095,TXN-A-002125,PRD-0077,PC-AUR0077,2000000007700,AURORA Shampoo 1 KG,Shampoo 1 KG,1.19,ERR,ERR,,SOURCE_A
TXN-A-002126-L4096,TXN-A-002126,PRD-0055,PC-ZEN0055,2000000005508,ZENITH Phone Case 250 MG,Phone Case 250 MG,1.48,0.53,0.78,TXN-B-001961,SOURCE_A
TXN-A-002127-L4098,TXN-A-002127,PRD-0123,PC-NEX0123,2000000012308,NEXUS Notebook 3 V,Notebook 3 V,4.94,769.0,3798.86,TXN-B-001962,SOURCE_A
TXN-A-002128-L4100,TXN-A-002128,PRD-0060,PC-NEX0060,2000000006000,NEXUS Screen Protector 10 IN,Screen Protector 10 IN,3.08,8532.0,26278.56,TXN-B-001963,SOURCE_A
TXN-A-002129-L4102,TXN-A-002129,PRD-0046,PC-ZEN0046,2000000004600,ZENITH Tape Dispenser 250 ML,Tape Dispenser 250 ML,3.66,0.28,1.02,TXN-B-001964,SOURCE_A
TXN-A-002130-L4104,TXN-A-002130,PRD-0043,PC-ZEN0043,2000000004303,ZENITH Whiteboard Marker 20 W,Whiteboard Marker 20 W,1.4,2829.5,3961.3,TXN-B-001965,SOURCE_A
TXN-A-002131-L4106,TXN-A-002131,PRD-0030,PC-NEX0030,2000000003009,NEXUS Highlighter Set 12 IN,Highlighter Set 12 IN,4.44,6953.0,30871.32,TXN-B-001966,SOURCE_A
TXN-A-002132-L4108,TXN-A-002132,PRD-0071,PC-AUR0071,2000000007106,AURORA Mouse Pad 50 G,Mouse Pad 50 G,1.24,1732.0,2147.68,TXN-B-001967,SOURCE_A
TXN-A-002133-L4110,TXN-A-002133,PRD-0087,PC-NEX0087,2000000008707,NEXUS Deodorant 9 V,Deodorant 9 V,3.32,5832.0,19362.24,TXN-B-001968,SOURCE_A
TXN-A-002134-L4112,TXN-A-002134,PRD-0112,PC-ZEN0112,2000000011202,ZENITH Kitchen Towel 30 CM,Kitchen Towel 30 CM,427.85,100.54,43016.04,TXN-B-001969,SOURCE_A
TXN-A-002135-L4114,TXN-A-002135,PRD-0124,PC-ZEN0124,2000000012407,ZENITH Sketch Pad 500 MG,Sketch Pad 500 MG,468.87,47.5,22271.33,TXN-B-001970,SOURCE_A
TXN-A-002136-L4116,TXN-A-002136,PRD-0013,PC-ZEN0013,2000000001302,ZENITH Fabric Softener 1 L,Fabric Softener 1 L,276.51,9.65,2668.32,TXN-B-001971,SOURCE_A
TXN-A-002137-L4118,TXN-A-002137,PRD-0040,PC-ZEN0040,2000000004006,ZENITH File Folder Pack 750 ML,File Folder Pack 750 ML,117.97,112.35,13253.93,TXN-B-001972,SOURCE_A
TXN-A-002138-L4120,TXN-A-002138,PRD-0062,PC-AUR0062,2000000006208,AURORA Battery Pack 2000 MAH,Battery Pack 2000 MAH,299.85,70.05,21004.49,TXN-B-001973,SOURCE_A
TXN-A-002139-L4122,TXN-A-002139,PRD-0078,PC-NEX0078,2000000007809,NEXUS Shampoo 500 ML,Shampoo 500 ML,456.68,118.47,54102.88,TXN-B-001974,SOURCE_A
TXN-A-002140-L4124,TXN-A-002140,PRD-0006,PC-NEX0006,2000000000602,NEXUS Glass Spray 9 V,Glass Spray 9 V,189.7,84.09,15951.87,TXN-B-001975,SOURCE_A
TXN-A-002141-L4126,TXN-A-002141,PRD-0122,PC-AUR0122,2000000012209,AURORA Notebook 5000 MAH,Notebook 5000 MAH,478.24,31.9,15255.86,TXN-B-001976,SOURCE_A
TXN-A-002142-L4128,TXN-A-002142,PRD-0092,PC-AUR0092,2000000009209,AURORA Hair Gel 100 MG,Hair Gel 100 MG,343.24,64.67,22197.33,TXN-B-001977,SOURCE_A
TXN-A-002143-L4130,TXN-A-002143,PRD-0095,PC-AUR0095,2000000009506,AURORA Lotion 1 KG,Lotion 1 KG,226.53,117.25,26560.64,TXN-B-001978,SOURCE_A
TXN-A-002144-L4132,TXN-A-002144,PRD-0064,PC-ZEN0064,2000000006406,ZENITH Charging Dock 15 W,Charging Dock 15 W,417.24,60.18,25109.5,TXN-B-001979,SOURCE_A
TXN-A-002145-L4134,TXN-A-002145,PRD-0050,PC-AUR0050,2000000005003,AURORA USB Cable 10000 MAH,USB Cable 10000 MAH,200.86,3.09,620.66,TXN-B-001980,SOURCE_A
TXN-A-002146-L4136,TXN-A-002146,PRD-0093,PC-NEX0093,2000000009308,NEXUS Hair Gel 10 W,Hair Gel 10 W,4.16,27.25,113.36,,SOURCE_A
TXN-A-002147-L4138,TXN-A-002147,PRD-0003,PC-NEX0003,2000000000305,NEXUS All Purpose Cleaner 250 ML,All Purpose Cleaner 250 ML,2.91,116.68,339.54,,SOURCE_A
TXN-A-002148-L4140,TXN-A-002148,PRD-0027,PC-NEX0027,2000000002705,NEXUS Ballpoint Pen 500 ML,Ballpoint Pen 500 ML,2.91,49.53,144.13,,SOURCE_A
TXN-A-002149-L4142,TXN-A-002149,PRD-0147,PC-NEX0147,2000000014708,NEXUS Screwdriver Set 100 MG,Screwdriver Set 100 MG,9.46,60.33,570.72,,SOURCE_A
TXN-A-002150-L4144,TXN-A-002150,PRD-0061,PC-ZEN0061,2000000006109,ZENITH Battery Pack 200 G,Battery Pack 200 G,7.68,64.09,492.21,,SOURCE_A
TXN-A-002151-L4146,TXN-A-002151,PRD-0091,PC-ZEN0091,2000000009100,ZENITH Hair Gel 1.5 L,Hair Gel 1.5 L,6.52,87.74,572.06,,SOURCE_A
TXN-A-002152-L4148,TXN-A-002152,PRD-0120,PC-NEX0120,2000000012001,NEXUS Peeler 30 CM,Peeler 30 CM,7.85,95.85,752.42,,SOURCE_A
TXN-A-002153-L4150,TXN-A-002153,PRD-0071,PC-AUR0071,2000000007106,AURORA Mouse Pad 50 G,Mouse Pad 50 G,7.8,17.32,135.1,,SOURCE_A
TXN-A-002154-L4152,TXN-A-002154,PRD-0133,PC-ZEN0133,2000000013305,ZENITH Glue Stick 250 MG,Glue Stick 250 MG,3.14,31.89,100.13,,SOURCE_A
TXN-A-002155-L4154,TXN-A-002155,PRD-0058,PC-ZEN0058,2000000005805,ZENITH Screen Protector 3 V,Screen Protector 3 V,9.7,72.97,707.81,,SOURCE_A
TXN-A-002156-L4156,TXN-A-002156,PRD-0150,PC-NEX0150,2000000015002,NEXUS Wrench Set 9 V,Wrench Set 9 V,2.26,89.01,201.16,,SOURCE_A
TXN-A-002157-L4158,TXN-A-002157,PRD-0132,PC-NEX0132,2000000013206,NEXUS Ruler Set 60 CM,Ruler Set 60 CM,3.05,20.73,63.23,,SOURCE_A
TXN-A-002158-L4160,TXN-A-002158,PRD-0138,PC-NEX0138,2000000013800,NEXUS Scissors 500 MG,Scissors 500 MG,5.45,96.35,525.11,,SOURCE_A
TXN-A-002159-L4162,TXN-A-002159,PRD-0129,PC-NEX0129,2000000012902,NEXUS Colored Pencil Set 750 ML,Colored Pencil Set 750 ML,7.63,94.86,723.78,,SOURCE_A
TXN-A-002160-L4164,TXN-A-002160,PRD-0070,PC-ZEN0070,2000000007007,ZENITH Mouse Pad 200 G,Mouse Pad 200 G,2.78,113.79,316.34,,SOURCE_A
TXN-A-002161-L4166,TXN-A-002161,PRD-0018,PC-NEX0018,2000000001807,NEXUS Surface Wipes 500 MG,Surface Wipes 500 MG,8.09,39.31,318.02,,SOURCE_A
TXN-A-002162-L4168,TXN-A-002162,PRD-0088,PC-ZEN0088,2000000008806,ZENITH Face Cream 30 CM,Face Cream 30 CM,9.41,2.66,25.03,,SOURCE_A
TXN-A-002163-L4170,TXN-A-002163,PRD-0077,PC-AUR0077,2000000007700,AURORA Shampoo 1 KG,Shampoo 1 KG,1.52,106.6,162.03,,SOURCE_A
TXN-A-002164-L4172,TXN-A-002164,PRD-0087,PC-NEX0087,2000000008707,NEXUS Deodorant 9 V,Deodorant 9 V,2.53,116.64,295.1,,SOURCE_A
TXN-A-002165-L4174,TXN-A-002165,PRD-0149,PC-AUR0149,2000000014906,AURORA Wrench Set 45 CM,Wrench Set 45 CM,6.45,29.28,188.86,,SOURCE_A
TXN-A-002166-L4176,TXN-A-002166,PRD-0045,PC-NEX0045,2000000004501,NEXUS Whiteboard Marker 45 CM,Whiteboard Marker 45 CM,4.38,29.55,129.43,,SOURCE_A
TXN-A-002167-L4178,TXN-A-002167,PRD-0131,PC-AUR0131,2000000013107,AURORA Ruler Set 60 CM,Ruler Set 60 CM,8.7,15.08,131.2,,SOURCE_A
TXN-A-002168-L4180,TXN-A-002168,PRD-0045,PC-NEX0045,2000000004501,NEXUS Whiteboard Marker 45 CM,Whiteboard Marker 45 CM,3.99,29.55,117.9,,SOURCE_A
TXN-A-002169-L4182,TXN-A-002169,PRD-0097,PC-ZEN0097,2000000009704,ZENITH Cutting Board 5 W,Cutting Board 5 W,2.56,15.99,40.93,,SOURCE_A
TXN-A-002170-L4184,TXN-A-002170,PRD-0080,PC-AUR0080,2000000008004,AURORA Body Wash 500 MG,Body Wash 500 MG,1.24,11.65,14.45,,SOURCE_A
TXN-A-002171-L4186,TXN-A-002171,PRD-0018,PC-NEX0018,2000000001807,NEXUS Surface Wipes 500 MG,Surface Wipes 500 MG,1.28,39.31,50.32,,SOURCE_A
TXN-A-002172-L4188,TXN-A-002172,PRD-0071,PC-AUR0071,2000000007106,AURORA Mouse Pad 50 G,Mouse Pad 50 G,1.26,17.32,21.82,,SOURCE_A
TXN-A-002173-L4190,TXN-A-002173,PRD-0033,PC-NEX0033,2000000003306,NEXUS Binder Clip Box 45 CM,Binder Clip Box 45 CM,7.95,21.96,174.58,,SOURCE_A
TXN-A-002174-L4192,TXN-A-002174,PRD-0065,PC-AUR0065,2000000006505,AURORA Charging Dock 3 V,Charging Dock 3 V,3.12,17.05,53.2,,SOURCE_A
TXN-A-002175-L4194,TXN-A-002175,PRD-0138,PC-NEX0138,2000000013800,NEXUS Scissors 500 MG,Scissors 500 MG,1.68,96.35,161.87,,SOURCE_A
TXN-A-002176-L4196,TXN-A-002176,PRD-UNR9555,,,Unregistered Item 379,Unknown,8.19,134.84,1104.34,,SOURCE_A
TXN-A-002177-L4197,TXN-A-002177,PRD-UNR6780,,,Unregistered Item 495,Unknown,3.55,158.81,563.78,,SOURCE_A
TXN-A-002178-L4198,TXN-A-002178,PRD-UNR8974,,,Unregistered Item 650,Unknown,6.85,158.68,1086.96,,SOURCE_A
TXN-A-002179-L4199,TXN-A-002179,PRD-UNR9956,,,Unregistered Item 316,Unknown,4.46,39.73,177.2,,SOURCE_A
TXN-A-002180-L4200,TXN-A-002180,PRD-UNR5300,,,Unregistered Item 889,Unknown,2.33,144.2,335.99,,SOURCE_A
TXN-A-002181-L4201,TXN-A-002181,PRD-UNR8478,,,Unregistered Item 601,Unknown,5.66,143.91,814.53,,SOURCE_A
TXN-A-002182-L4202,TXN-A-002182,PRD-UNR7833,,,Unregistered Item 9,Unknown,7.07,67.68,478.5,,SOURCE_A
TXN-A-002183-L4203,TXN-A-002183,PRD-UNR7791,,,Unregistered Item 820,Unknown,7.66,165.91,1270.87,,SOURCE_A
TXN-A-002184-L4204,TXN-A-002184,PRD-UNR6448,,,Unregistered Item 753,Unknown,2.79,43.77,122.12,,SOURCE_A
TXN-A-002185-L4205,TXN-A-002185,PRD-UNR9285,,,Unregistered Item 199,Unknown,7.26,168.72,1224.91,,SOURCE_A
TXN-A-002186-L4206,TXN-A-002186,PRD-UNR9773,,,Unregistered Item 849,Unknown,7.56,195.05,1474.58,,SOURCE_A
TXN-A-002187-L4207,TXN-A-002187,PRD-UNR9739,,,Unregistered Item 906,Unknown,2.56,27.0,69.12,,SOURCE_A
TXN-A-002188-L4208,TXN-A-002188,PRD-UNR5256,,,Unregistered Item 712,Unknown,4.39,56.45,247.82,,SOURCE_A
TXN-A-002189-L4209,TXN-A-002189,PRD-UNR6745,,,Unregistered Item 367,Unknown,9.95,93.09,926.25,,SOURCE_A
TXN-A-002190-L4210,TXN-A-002190,PRD-UNR6633,,,Unregistered Item 779,Unknown,5.23,76.19,398.47,,SOURCE_A
TXN-A-002191-L4211,TXN-A-002191,PRD-UNR3192,,,Unregistered Item 401,Unknown,1.94,181.79,352.67,,SOURCE_A
TXN-A-002192-L4212,TXN-A-002192,PRD-UNR6436,,,Unregistered Item 494,Unknown,4.01,140.45,563.2,,SOURCE_A
TXN-A-002193-L4213,TXN-A-002193,PRD-UNR6759,,,Unregistered Item 61,Unknown,8.86,27.83,246.57,,SOURCE_A
TXN-A-002194-L4214,TXN-A-002194,PRD-UNR4428,,,Unregistered Item 907,Unknown,9.55,27.32,260.91,,SOURCE_A
TXN-A-002195-L4215,TXN-A-002195,PRD-UNR9862,,,Unregistered Item 715,Unknown,1.19,30.72,36.56,,SOURCE_A
TXN-A-002196-L4216,TXN-A-002196,PRD-UNR7533,,,Unregistered Item 770,Unknown,7.37,94.55,696.83,,SOURCE_A
TXN-A-002197-L4217,TXN-A-002197,PRD-UNR6545,,,Unregistered Item 211,Unknown,4.33,115.75,501.2,,SOURCE_A
TXN-A-002198-L4218,TXN-A-002198,PRD-UNR6792,,,Unregistered Item 594,Unknown,3.55,112.86,400.65,,SOURCE_A
TXN-A-002199-L4219,TXN-A-002199,PRD-UNR2686,,,Unregistered Item 195,Unknown,4.21,152.08,640.26,,SOURCE_A
TXN-A-002200-L4220,TXN-A-002200,PRD-UNR5343,,,Unregistered Item 222,Unknown,2.15,189.59,407.62,,SOURCE_A
TXN-A-002201-L4221,TXN-A-002201,PRD-0133,PC-ZEN0133,2000000013305,ZENITH Glue Stick 250 MG,Glue Stick 250 MG,5.1,31.89,162.64,TXN-B-002011,SOURCE_A
TXN-A-002202-L4223,TXN-A-002202,PRD-0128,PC-AUR0128,2000000012803,AURORA Colored Pencil Set 5 W,Colored Pencil Set 5 W,1.49,24.7,36.8,TXN-B-002012,SOURCE_A
TXN-A-002203-L4225,TXN-A-002203,PRD-0144,PC-NEX0144,2000000014401,NEXUS Marker Set 250 ML,Marker Set 250 ML,8.4,40.05,336.42,TXN-B-002013,SOURCE_A
TXN-A-002204-L4227,TXN-A-002204,PRD-0140,PC-AUR0140,2000000014005,AURORA Eraser Pack 2000 MAH,Eraser Pack 2000 MAH,9.45,111.85,1056.98,TXN-B-002014,SOURCE_A
TXN-A-002205-L4229,TXN-A-002205,PRD-0127,PC-ZEN0127,2000000012704,ZENITH Colored Pencil Set 50 G,Colored Pencil Set 50 G,6.74,57.94,390.52,TXN-B-002015,SOURCE_A
TXN-A-002206-L4231,TXN-A-002206,PRD-0147,PC-NEX0147,2000000014708,NEXUS Screwdriver Set 100 MG,Screwdriver Set 100 MG,8.65,60.33,521.85,TXN-B-002016,SOURCE_A
TXN-A-002207-L4233,TXN-A-002207,PRD-0110,PC-AUR0110,2000000011004,AURORA Storage Container 5 W,Storage Container 5 W,4.32,44.62,192.76,TXN-B-002017,SOURCE_A
TXN-A-002208-L4235,TXN-A-002208,PRD-0149,PC-AUR0149,2000000014906,AURORA Wrench Set 45 CM,Wrench Set 45 CM,9.56,29.28,279.92,TXN-B-002018,SOURCE_A
TXN-A-002209-L4237,TXN-A-002209,PRD-0106,PC-ZEN0106,2000000010601,ZENITH Spatula Set 1 KG,Spatula Set 1 KG,8.73,23.7,206.9,TXN-B-002019,SOURCE_A
TXN-A-002210-L4239,TXN-A-002210,PRD-0034,PC-ZEN0034,2000000003405,ZENITH Stapler 100 MG,Stapler 100 MG,2.67,79.94,213.44,TXN-B-002020,SOURCE_A
TXN-A-002211-L4241,TXN-A-002211,PRD-0114,PC-NEX0114,2000000011400,NEXUS Kitchen Towel 10 W,Kitchen Towel 10 W,9.36,24.94,233.44,TXN-B-002021,SOURCE_A
TXN-A-002212-L4243,TXN-A-002212,PRD-0092,PC-AUR0092,2000000009209,AURORA Hair Gel 100 MG,Hair Gel 100 MG,7.14,64.67,461.74,TXN-B-002022,SOURCE_A
TXN-A-002213-L4245,TXN-A-002213,PRD-0059,PC-AUR0059,2000000005904,AURORA Screen Protector 45 CM,Screen Protector 45 CM,7.15,61.8,441.87,TXN-B-002023,SOURCE_A
TXN-A-002214-L4247,TXN-A-002214,PRD-0140,PC-AUR0140,2000000014005,AURORA Eraser Pack 2000 MAH,Eraser Pack 2000 MAH,8.29,111.85,927.24,TXN-B-002024,SOURCE_A
TXN-A-002215-L4249,TXN-A-002215,PRD-0061,PC-ZEN0061,2000000006109,ZENITH Battery Pack 200 G,Battery Pack 200 G,9.94,64.09,637.05,TXN-B-002025,SOURCE_A
TXN-A-002216-L4251,TXN-A-002216,PRD-0108,PC-NEX0108,2000000010809,NEXUS Spatula Set 500 MG,Spatula Set 500 MG,3.0,103.62,310.86,TXN-B-002026,SOURCE_A
TXN-A-002217-L4253,TXN-A-002217,PRD-0070,PC-ZEN0070,2000000007007,ZENITH Mouse Pad 200 G,Mouse Pad 200 G,4.17,113.79,474.5,TXN-B-002027,SOURCE_A
TXN-A-002218-L4255,TXN-A-002218,PRD-0131,PC-AUR0131,2000000013107,AURORA Ruler Set 60 CM,Ruler Set 60 CM,1.25,15.08,18.85,TXN-B-002028,SOURCE_A
TXN-A-002219-L4257,TXN-A-002219,PRD-0011,PC-AUR0011,2000000001104,AURORA Laundry Detergent 2000 MAH,Laundry Detergent 2000 MAH,9.71,97.97,951.29,TXN-B-002029,SOURCE_A
TXN-A-002220-L4259,TXN-A-002220,PRD-0103,PC-ZEN0103,2000000010304,ZENITH Measuring Cup 10000 MAH,Measuring Cup 10000 MAH,4.84,7.51,36.35,TXN-B-002030,SOURCE_A
TXN-A-002221-L4261,TXN-A-002221,PRD-0029,PC-AUR0029,2000000002903,AURORA Highlighter Set 9 V,Highlighter Set 9 V,5.94,26.14,155.27,TXN-B-002031,SOURCE_A
TXN-A-002222-L4263,TXN-A-002222,PRD-0094,PC-ZEN0094,2000000009407,ZENITH Lotion 10000 MAH,Lotion 10000 MAH,1.98,9.96,19.72,TXN-B-002032,SOURCE_A
TXN-A-002223-L4265,TXN-A-002223,PRD-0123,PC-NEX0123,2000000012308,NEXUS Notebook 3 V,Notebook 3 V,5.79,15.38,89.05,TXN-B-002033,SOURCE_A
TXN-A-002224-L4267,TXN-A-002224,PRD-0114,PC-NEX0114,2000000011400,NEXUS Kitchen Towel 10 W,Kitchen Towel 10 W,2.33,24.94,58.11,TXN-B-002034,SOURCE_A
TXN-A-002225-L4269,TXN-A-002225,PRD-0104,PC-AUR0104,2000000010403,AURORA Measuring Cup 10000 MAH,Measuring Cup 10000 MAH,7.51,68.42,513.83,TXN-B-002035,SOURCE_A
TXN-A-002226-L4271,TXN-A-002226,PRD-0010,PC-ZEN0010,2000000001005,ZENITH Laundry Detergent 1.5 V,Laundry Detergent 1.5 V,2.58,25.3,65.27,TXN-B-002036,SOURCE_A
TXN-A-002227-L4273,TXN-A-002227,PRD-0030,PC-NEX0030,2000000003009,NEXUS Highlighter Set 12 IN,Highlighter Set 12 IN,6.08,69.53,422.74,TXN-B-002037,SOURCE_A
TXN-A-002228-L4275,TXN-A-002228,PRD-0017,PC-AUR0017,2000000001708,AURORA Surface Wipes 9 V,Surface Wipes 9 V,8.69,80.73,701.54,TXN-B-002038,SOURCE_A
TXN-A-002229-L4277,TXN-A-002229,PRD-0105,PC-NEX0105,2000000010502,NEXUS Measuring Cup 100 G,Measuring Cup 100 G,4.71,109.25,514.57,TXN-B-002039,SOURCE_A
TXN-A-002230-L4279,TXN-A-002230,PRD-0053,PC-AUR0053,2000000005300,AURORA Power Adapter 1 L,Power Adapter 1 L,4.7,43.8,205.86,TXN-B-002040,SOURCE_A
TXN-A-002231-L4281,TXN-A-002231,PRD-0005,PC-AUR0005,2000000000503,AURORA Glass Spray 500 G,Glass Spray 500 G,6.82,111.21,758.45,TXN-B-002041,SOURCE_A
TXN-A-002232-L4283,TXN-A-002232,PRD-0006,PC-NEX0006,2000000000602,NEXUS Glass Spray 9 V,Glass Spray 9 V,9.66,84.09,812.31,TXN-B-002042,SOURCE_A
TXN-A-002233-L4285,TXN-A-002233,PRD-0079,PC-ZEN0079,2000000007908,ZENITH Body Wash 200 G,Body Wash 200 G,5.19,74.3,385.62,TXN-B-002043,SOURCE_A
TXN-A-002234-L4287,TXN-A-002234,PRD-0115,PC-ZEN0115,2000000011509,ZENITH Can Opener 2000 MAH,Can Opener 2000 MAH,4.26,64.41,274.39,TXN-B-002044,SOURCE_A
TXN-A-002235-L4289,TXN-A-002235,PRD-0028,PC-ZEN0028,2000000002804,ZENITH Highlighter Set 500 ML,Highlighter Set 500 ML,5.19,113.36,588.34,TXN-B-002045,SOURCE_A
TXN-A-002236-L4291,TXN-A-002236,PRD-0065,PC-AUR0065,2000000006505,AURORA Charging Dock 3 V,Charging Dock 3 V,8.56,17.05,145.95,TXN-B-002046,SOURCE_A
TXN-A-002237-L4293,TXN-A-002237,PRD-0124,PC-ZEN0124,2000000012407,ZENITH Sketch Pad 500 MG,Sketch Pad 500 MG,7.2,47.5,342.0,TXN-B-002047,SOURCE_A
TXN-A-002238-L4295,TXN-A-002238,PRD-0049,PC-ZEN0049,2000000004907,ZENITH USB Cable 1 KG,USB Cable 1 KG,1.83,50.47,92.36,TXN-B-002048,SOURCE_A
TXN-A-002239-L4297,TXN-A-002239,PRD-0091,PC-ZEN0091,2000000009100,ZENITH Hair Gel 1.5 L,Hair Gel 1.5 L,8.83,87.74,774.74,TXN-B-002049,SOURCE_A
TXN-A-002240-L4299,TXN-A-002240,PRD-0054,PC-NEX0054,2000000005409,NEXUS Power Adapter 500 ML,Power Adapter 500 ML,2.82,16.51,46.56,TXN-B-002050,SOURCE_A
TXN-A-002241-L4301,TXN-A-002241,PRD-0079,PC-ZEN0079,2000000007908,ZENITH Body Wash 200 G,Body Wash 200 G,8.27,74.3,614.46,TXN-B-002051,SOURCE_A
TXN-A-002242-L4303,TXN-A-002242,PRD-0121,PC-ZEN0121,2000000012100,ZENITH Notebook 1 L,Notebook 1 L,7.16,21.42,153.37,TXN-B-002052,SOURCE_A
TXN-A-002243-L4305,TXN-A-002243,PRD-0127,PC-ZEN0127,2000000012704,ZENITH Colored Pencil Set 50 G,Colored Pencil Set 50 G,6.91,57.94,400.37,TXN-B-002053,SOURCE_A
TXN-A-002244-L4307,TXN-A-002244,PRD-0046,PC-ZEN0046,2000000004600,ZENITH Tape Dispenser 250 ML,Tape Dispenser 250 ML,5.16,27.78,143.34,TXN-B-002054,SOURCE_A
TXN-A-002245-L4309,TXN-A-002245,PRD-0095,PC-AUR0095,2000000009506,AURORA Lotion 1 KG,Lotion 1 KG,6.63,117.25,777.37,TXN-B-002055,SOURCE_A
TXN-A-002246-L4311,TXN-A-002246,PRD-0055,PC-ZEN0055,2000000005508,ZENITH Phone Case 250 MG,Phone Case 250 MG,2.06,52.62,108.4,TXN-B-002056,SOURCE_A
TXN-A-002247-L4313,TXN-A-002247,PRD-0038,PC-AUR0038,2000000003801,AURORA Desk Organizer 2000 MAH,Desk Organizer 2000 MAH,6.75,28.05,189.34,TXN-B-002057,SOURCE_A
TXN-A-002248-L4315,TXN-A-002248,PRD-0041,PC-AUR0041,2000000004105,AURORA File Folder Pack 9 V,File Folder Pack 9 V,9.58,59.18,566.94,TXN-B-002058,SOURCE_A
TXN-A-002249-L4317,TXN-A-002249,PRD-0057,PC-NEX0057,2000000005706,NEXUS Phone Case 1 L,Phone Case 1 L,4.1,31.73,130.09,TXN-B-002059,SOURCE_A
TXN-A-002250-L4319,TXN-A-002250,PRD-0095,PC-AUR0095,2000000009506,AURORA Lotion 1 KG,Lotion 1 KG,4.11,117.25,481.9,TXN-B-002060,SOURCE_A
TXN-A-002251-L4321,TXN-A-002251,PRD-0090,PC-NEX0090,2000000009001,NEXUS Face Cream 100 MG,Face Cream 100 MG,1.33,20.0,26.6,TXN-B-002061,SOURCE_A
TXN-A-002252-L4323,TXN-A-002252,PRD-0070,PC-ZEN0070,2000000007007,ZENITH Mouse Pad 200 G,Mouse Pad 200 G,9.82,113.79,1117.42,TXN-B-002062,SOURCE_A
TXN-A-002253-L4325,TXN-A-002253,PRD-0071,PC-AUR0071,2000000007106,AURORA Mouse Pad 50 G,Mouse Pad 50 G,2.83,17.32,49.02,TXN-B-002063,SOURCE_A
TXN-A-002254-L4327,TXN-A-002254,PRD-0137,PC-AUR0137,2000000013701,AURORA Scissors 100 MG,Scissors 100 MG,1.93,94.03,181.48,TXN-B-002064,SOURCE_A
TXN-A-002255-L4329,TXN-A-002255,PRD-0069,PC-NEX0069,2000000006901,NEXUS HDMI Cable 1.5 L,HDMI Cable 1.5 L,5.79,45.41,262.92,TXN-B-002065,SOURCE_A
TXN-A-002256-L4331,TXN-A-002256,PRD-0086,PC-AUR0086,2000000008608,AURORA Deodorant 500 G,Deodorant 500 G,3.76,52.31,196.69,TXN-B-002066,SOURCE_A
TXN-A-002257-L4333,TXN-A-002257,PRD-0091,PC-ZEN0091,2000000009100,ZENITH Hair Gel 1.5 L,Hair Gel 1.5 L,3.88,87.74,340.43,TXN-B-002067,SOURCE_A
TXN-A-002258-L4335,TXN-A-002258,PRD-0016,PC-ZEN0016,2000000001609,ZENITH Surface Wipes 60 CM,Surface Wipes 60 CM,8.05,58.14,468.03,TXN-B-002068,SOURCE_A
TXN-A-002259-L4337,TXN-A-002259,PRD-0059,PC-AUR0059,2000000005904,AURORA Screen Protector 45 CM,Screen Protector 45 CM,1.54,61.8,95.17,TXN-B-002069,SOURCE_A
TXN-A-002260-L4339,TXN-A-002260,PRD-0069,PC-NEX0069,2000000006901,NEXUS HDMI Cable 1.5 L,HDMI Cable 1.5 L,9.37,45.41,425.49,TXN-B-002070,SOURCE_A
TXN-A-002261-L4341,TXN-A-002261,PRD-0028,PC-ZEN0028,2000000002804,ZENITH Highlighter Set 500 ML,Highlighter Set 500 ML,6.49,113.36,735.71,TXN-B-002071,SOURCE_A
TXN-A-002262-L4343,TXN-A-002262,PRD-0069,PC-NEX0069,2000000006901,NEXUS HDMI Cable 1.5 L,HDMI Cable 1.5 L,2.07,45.41,94.0,TXN-B-002072,SOURCE_A
TXN-A-002263-L4345,TXN-A-002263,PRD-0103,PC-ZEN0103,2000000010304,ZENITH Measuring Cup 10000 MAH,Measuring Cup 10000 MAH,2.17,7.51,16.3,TXN-B-002073,SOURCE_A
TXN-A-002264-L4347,TXN-A-002264,PRD-0022,PC-ZEN0022,2000000002200,ZENITH Floor Polish 2000 MAH,Floor Polish 2000 MAH,3.39,5.92,20.07,TXN-B-002074,SOURCE_A
TXN-A-002265-L4349,TXN-A-002265,PRD-0149,PC-AUR0149,2000000014906,AURORA Wrench Set 45 CM,Wrench Set 45 CM,2.15,29.28,62.95,TXN-B-002075,SOURCE_A
TXN-A-002266-L4351,TXN-A-002266,PRD-0143,PC-AUR0143,2000000014302,AURORA Marker Set 10 IN,Marker Set 10 IN,9.29,13.47,125.14,TXN-B-002076,SOURCE_A
TXN-A-002267-L4353,TXN-A-002267,PRD-0111,PC-NEX0111,2000000011103,NEXUS Storage Container 500 G,Storage Container 500 G,9.64,61.14,589.39,TXN-B-002077,SOURCE_A
TXN-A-002268-L4355,TXN-A-002268,PRD-0047,PC-AUR0047,2000000004709,AURORA Tape Dispenser 45 CM,Tape Dispenser 45 CM,9.38,2.08,19.51,TXN-B-002078,SOURCE_A
TXN-A-002269-L4357,TXN-A-002269,PRD-0010,PC-ZEN0010,2000000001005,ZENITH Laundry Detergent 1.5 V,Laundry Detergent 1.5 V,2.81,25.3,71.09,TXN-B-002079,SOURCE_A
TXN-A-002270-L4359,TXN-A-002270,PRD-0045,PC-NEX0045,2000000004501,NEXUS Whiteboard Marker 45 CM,Whiteboard Marker 45 CM,4.92,29.55,145.39,TXN-B-002080,SOURCE_A
TXN-A-002271-L4361,TXN-A-002271,PRD-0008,PC-AUR0008,2000000000800,AURORA Dish Liquid 10000 MAH,Dish Liquid 10000 MAH,1.38,111.86,154.37,TXN-B-002081,SOURCE_A
TXN-A-002272-L4363,TXN-A-002272,PRD-0007,PC-ZEN0007,2000000000701,ZENITH Dish Liquid 5000 MAH,Dish Liquid 5000 MAH,2.13,57.78,123.07,TXN-B-002082,SOURCE_A
TXN-A-002273-L4365,TXN-A-002273,PRD-0019,PC-ZEN0019,2000000001906,ZENITH Air Freshener 45 CM,Air Freshener 45 CM,3.59,38.75,139.11,TXN-B-002083,SOURCE_A
TXN-A-002274-L4367,TXN-A-002274,PRD-0092,PC-AUR0092,2000000009209,AURORA Hair Gel 100 MG,Hair Gel 100 MG,9.45,64.67,611.13,TXN-B-002084,SOURCE_A
TXN-A-002275-L4369,TXN-A-002275,PRD-0005,PC-AUR0005,2000000000503,AURORA Glass Spray 500 G,Glass Spray 500 G,4.31,111.21,479.32,TXN-B-002085,SOURCE_A
TXN-A-002276-L4371,TXN-A-002276,PRD-0075,PC-NEX0075,2000000007502,NEXUS Hand Soap 10000 MAH,Hand Soap 10000 MAH,4.17,69.45,289.61,TXN-B-002086,SOURCE_A
TXN-A-002277-L4373,TXN-A-002277,PRD-0012,PC-NEX0012,2000000001203,NEXUS Laundry Detergent 3 V,Laundry Detergent 3 V,7.95,22.27,177.05,TXN-B-002087,SOURCE_A
TXN-A-002278-L4375,TXN-A-002278,PRD-0120,PC-NEX0120,2000000012001,NEXUS Peeler 30 CM,Peeler 30 CM,8.7,95.85,833.89,TXN-B-002088,SOURCE_A
TXN-A-002279-L4377,TXN-A-002279,PRD-0146,PC-AUR0146,2000000014609,AURORA Screwdriver Set 500 ML,Screwdriver Set 500 ML,3.27,91.46,299.07,TXN-B-002089,SOURCE_A
TXN-A-002280-L4379,TXN-A-002280,PRD-0100,PC-ZEN0100,2000000010007,ZENITH Mixing Bowl Set 250 ML,Mixing Bowl Set 250 ML,4.3,63.15,271.54,TXN-B-002090,SOURCE_A
TXN-A-002281-L4381,TXN-A-002281,PRD-0134,PC-AUR0134,2000000013404,AURORA Glue Stick 9 V,Glue Stick 9 V,3.78,77.67,293.59,TXN-B-002091,SOURCE_A
TXN-A-002282-L4383,TXN-A-002282,PRD-0111,PC-NEX0111,2000000011103,NEXUS Storage Container 500 G,Storage Container 500 G,7.06,61.14,431.65,TXN-B-002092,SOURCE_A
TXN-A-002283-L4385,TXN-A-002283,PRD-0142,PC-ZEN0142,2000000014203,ZENITH Marker Set 750 ML,Marker Set 750 ML,9.71,33.77,327.91,TXN-B-002093,SOURCE_A
TXN-A-002284-L4387,TXN-A-002284,PRD-0014,PC-AUR0014,2000000001401,AURORA Fabric Softener 250 MG,Fabric Softener 250 MG,7.44,111.99,833.21,TXN-B-002094,SOURCE_A
TXN-A-002285-L4389,TXN-A-002285,PRD-0140,PC-AUR0140,2000000014005,AURORA Eraser Pack 2000 MAH,Eraser Pack 2000 MAH,5.74,111.85,642.02,TXN-B-002095,SOURCE_A
