line_id,transaction_id,product_id,product_code,barcode,product_name,generic_name,quantity,unit_price,amount,reference_id,source
TXN-B-000001-L02,TXN-B-000001,PRD-0099,PC-NEX0099,2000000009902,NEXUS Cutting Board 500 ML,Cutting Board 500 ML,6.39,112.85,721.11,TXN-B-000001,SOURCE_B
TXN-B-000002-L04,TXN-B-000002,PRD-0039,PC-NEX0039,2000000003900,NEXUS Desk Organizer 250 ML,Desk Organizer 250 ML,7.53,90.18,679.06,TXN-B-000002,SOURCE_B
TXN-B-000003-L06,TXN-B-000003,PRD-0106,PC-ZEN0106,2000000010601,ZENITH Spatula Set 1 KG,Spatula Set 1 KG,7.1,23.7,168.27,TXN-B-000003,SOURCE_B
TXN-B-000004-L08,TXN-B-000004,PRD-0077,PC-AUR0077,2000000007700,AURORA Shampoo 1 KG,Shampoo 1 KG,1.34,106.6,142.84,TXN-B-000004,SOURCE_B
TXN-B-000005-L10,TXN-B-000005,PRD-0022,PC-ZEN0022,2000000002200,ZENITH Floor Polish 2000 MAH,Floor Polish 2000 MAH,7.06,5.92,41.8,TXN-B-000005,SOURCE_B
TXN-B-000006-L12,TXN-B-000006,PRD-0079,PC-ZEN0079,2000000007908,ZENITH Body Wash 200 G,Body Wash 200 G,1.87,74.3,138.94,TXN-B-000006,SOURCE_B
TXN-B-000007-L14,TXN-B-000007,PRD-0139,PC-ZEN0139,2000000013909,ZENITH Eraser Pack 500 G,Eraser Pack 500 G,4.82,45.39,218.78,TXN-B-000007,SOURCE_B
TXN-B-000008-L16,TXN-B-000008,PRD-0094,PC-ZEN0094,2000000009407,ZENITH Lotion 10000 MAH,Lotion 10000 MAH,3.1,9.96,30.88,TXN-B-000008,SOURCE_B
TXN-B-000009-L18,TXN-B-000009,PRD-0078,PC-NEX0078,2000000007809,NEXUS Shampoo 500 ML,Shampoo 500 ML,4.86,118.47,575.76,TXN-B-000009,SOURCE_B
TXN-B-000010-L20,TXN-B-000010,PRD-0138,PC-NEX0138,2000000013800,NEXUS Scissors 500 MG,Scissors 500 MG,9.47,96.35,912.43,TXN-B-000010,SOURCE_B
TXN-B-000011-L22,TXN-B-000011,PRD-0002,PC-AUR0002,2000000000206,AURORA All Purpose Cleaner 30 CM,All Purpose Cleaner 30 CM,2.94,44.72,131.48,TXN-B-000011,SOURCE_B
TXN-B-000012-L24,TXN-B-000012,PRD-0076,PC-ZEN0076,2000000007601,ZENITH Shampoo 200 G,Shampoo 200 G,2.29,12.26,28.08,TXN-B-000012,SOURCE_B
TXN-B-000013-L26,TXN-B-000013,PRD-0148,PC-ZEN0148,2000000014807,ZENITH Wrench Set 30 CM,Wrench Set 30 CM,5.81,116.97,679.6,TXN-B-000013,SOURCE_B
TXN-B-000014-L28,TXN-B-000014,PRD-0084,PC-NEX0084,2000000008400,NEXUS Toothpaste 15 W,Toothpaste 15 W,6.35,33.06,209.93,TXN-B-000014,SOURCE_B
TXN-B-000015-L30,TXN-B-000015,PRD-0094,PC-ZEN0094,2000000009407,ZENITH Lotion 10000 MAH,Lotion 10000 MAH,8.68,9.96,86.45,TXN-B-000015,SOURCE_B
TXN-B-000016-L32,TXN-B-000016,PRD-0008,PC-AUR0008,2000000000800,AURORA Dish Liquid 10000 MAH,Dish Liquid 10000 MAH,1.82,111.86,203.59,TXN-B-000016,SOURCE_B
TXN-B-000017-L34,TXN-B-000017,PRD-0056,PC-AUR0056,2000000005607,AURORA Phone Case 20 W,Phone Case 20 W,3.13,16.68,52.21,TXN-B-000017,SOURCE_B
TXN-B-000018-L36,TXN-B-000018,PRD-0044,PC-AUR0044,2000000004402,AURORA Whiteboard Marker 12 IN,Whiteboard Marker 12 IN,5.38,38.93,209.44,TXN-B-000018,SOURCE_B
TXN-B-000019-L38,TXN-B-000019,PRD-0129,PC-NEX0129,2000000012902,NEXUS Colored Pencil Set 750 ML,Colored Pencil Set 750 ML,6.35,94.86,602.36,TXN-B-000019,SOURCE_B
TXN-B-000020-L40,TXN-B-000020,PRD-0010,PC-ZEN0010,2000000001005,ZENITH Laundry Detergent 1.5 V,Laundry Detergent 1.5 V,4.62,25.3,116.89,TXN-B-000020,SOURCE_B
TXN-B-000021-L42,TXN-B-000021,PRD-0124,PC-ZEN0124,2000000012407,ZENITH Sketch Pad 500 MG,Sketch Pad 500 MG,6.28,47.5,298.3,TXN-B-000021,SOURCE_B
TXN-B-000022-L44,TXN-B-000022,PRD-0012,PC-NEX0012,2000000001203,NEXUS Laundry Detergent 3 V,Laundry Detergent 3 V,2.92,22.27,65.03,TXN-B-000022,SOURCE_B
TXN-B-000023-L46,TXN-B-000023,PRD-0098,PC-AUR0098,2000000009803,AURORA Cutting Board 10 IN,Cutting Board 10 IN,3.6,17.09,61.52,TXN-B-000023,SOURCE_B
TXN-B-000024-L48,TXN-B-000024,PRD-0013,PC-ZEN0013,2000000001302,ZENITH Fabric Softener 1 L,Fabric Softener 1 L,2.62,9.65,25.28,TXN-B-000024,SOURCE_B
TXN-B-000025-L50,TXN-B-000025,PRD-0071,PC-AUR0071,2000000007106,AURORA Mouse Pad 50 G,Mouse Pad 50 G,1.52,17.32,26.33,TXN-B-000025,SOURCE_B
TXN-B-000026-L52,TXN-B-000026,PRD-0104,PC-AUR0104,2000000010403,AURORA Measuring Cup 10000 MAH,Measuring Cup 10000 MAH,7.0,68.42,478.94,TXN-B-000026,SOURCE_B
TXN-B-000027-L54,TXN-B-000027,PRD-0095,PC-AUR0095,2000000009506,AURORA Lotion 1 KG,Lotion 1 KG,9.17,117.25,1075.18,TXN-B-000027,SOURCE_B
TXN-B-000028-L56,TXN-B-000028,PRD-0002,PC-AUR0002,2000000000206,AURORA All Purpose Cleaner 30 CM,All Purpose Cleaner 30 CM,5.39,44.72,241.04,TXN-B-000028,SOURCE_B
TXN-B-000029-L58,TXN-B-000029,PRD-0135,PC-NEX0135,2000000013503,NEXUS Glue Stick 5000 MAH,Glue Stick 5000 MAH,4.53,27.9,126.39,TXN-B-000029,SOURCE_B
TXN-B-000030-L60,TXN-B-000030,PRD-0130,PC-ZEN0130,2000000013008,ZENITH Ruler Set 45 CM,Ruler Set 45 CM,6.81,90.87,618.82,TXN-B-000030,SOURCE_B
TXN-B-000031-L62,TXN-B-000031,PRD-0082,PC-ZEN0082,2000000008202,ZENITH Toothpaste 500 MG,Toothpaste 500 MG,8.59,92.36,793.37,TXN-B-000031,SOURCE_B
TXN-B-000032-L64,TXN-B-000032,PRD-0030,PC-NEX0030,2000000003009,NEXUS Highlighter Set 12 IN,Highlighter Set 12 IN,8.18,69.53,568.76,TXN-B-000032,SOURCE_B
TXN-B-000033-L66,TXN-B-000033,PRD-0117,PC-NEX0117,2000000011707,NEXUS Can Opener 5 W,Can Opener 5 W,3.99,60.46,241.24,TXN-B-000033,SOURCE_B
TXN-B-000034-L68,TXN-B-000034,PRD-0104,PC-AUR0104,2000000010403,AURORA Measuring Cup 10000 MAH,Measuring Cup 10000 MAH,8.62,68.42,589.78,TXN-B-000034,SOURCE_B
TXN-B-000035-L70,TXN-B-000035,PRD-0010,PC-ZEN0010,2000000001005,ZENITH Laundry Detergent 1.5 V,Laundry Detergent 1.5 V,2.31,25.3,58.44,TXN-B-000035,SOURCE_B
TXN-B-000036-L72,TXN-B-000036,PRD-0120,PC-NEX0120,2000000012001,NEXUS Peeler 30 CM,Peeler 30 CM,7.5,95.85,718.88,TXN-B-000036,SOURCE_B
TXN-B-000037-L74,TXN-B-000037,PRD-0061,PC-ZEN0061,2000000006109,ZENITH Battery Pack 200 G,Battery Pack 200 G,6.22,64.09,398.64,TXN-B-000037,SOURCE_B
TXN-B-000038-L76,TXN-B-000038,PRD-0125,PC-AUR0125,2000000012506,AURORA Sketch Pad 1.5 V,Sketch Pad 1.5 V,3.97,102.96,408.75,TXN-B-000038,SOURCE_B
TXN-B-000039-L78,TXN-B-000039,PRD-0046,PC-ZEN0046,2000000004600,ZENITH Tape Dispenser 250 ML,Tape Dispenser 250 ML,2.85,27.78,79.17,TXN-B-000039,SOURCE_B
TXN-B-000040-L80,TXN-B-000040,PRD-0117,PC-NEX0117,2000000011707,NEXUS Can Opener 5 W,Can Opener 5 W,5.79,60.46,350.06,TXN-B-000040,SOURCE_B
TXN-B-000041-L82,TXN-B-000041,PRD-0039,PC-NEX0039,2000000003900,NEXUS Desk Organizer 250 ML,Desk Organizer 250 ML,5.69,90.18,513.12,TXN-B-000041,SOURCE_B
TXN-B-000042-L84,TXN-B-000042,PRD-0119,PC-AUR0119,2000000011905,AURORA Peeler 100 MG,Peeler 100 MG,9.95,13.3,132.34,TXN-B-000042,SOURCE_B
TXN-B-000043-L86,TXN-B-000043,PRD-0004,PC-ZEN0004,2000000000404,ZENITH Glass Spray 750 ML,Glass Spray 750 ML,8.69,100.37,872.22,TXN-B-000043,SOURCE_B
TXN-B-000044-L88,TXN-B-000044,PRD-0007,PC-ZEN0007,2000000000701,ZENITH Dish Liquid 5000 MAH,Dish Liquid 5000 MAH,4.63,57.78,267.52,TXN-B-000044,SOURCE_B
TXN-B-000045-L90,TXN-B-000045,PRD-0042,PC-NEX0042,2000000004204,NEXUS File Folder Pack 500 G,File Folder Pack 500 G,9.55,68.11,650.45,TXN-B-000045,SOURCE_B
TXN-B-000046-L92,TXN-B-000046,PRD-0123,PC-NEX0123,2000000012308,NEXUS Notebook 3 V,Notebook 3 V,7.92,15.38,121.81,TXN-B-000046,SOURCE_B
TXN-B-000047-L94,TXN-B-000047,PRD-0040,PC-ZEN0040,2000000004006,ZENITH File Folder Pack 750 ML,File Folder Pack 750 ML,5.19,112.35,583.1,TXN-B-000047,SOURCE_B
TXN-B-000048-L96,TXN-B-000048,PRD-0090,PC-NEX0090,2000000009001,NEXUS Face Cream 100 MG,Face Cream 100 MG,6.56,20.0,131.2,TXN-B-000048,SOURCE_B
TXN-B-000049-L98,TXN-B-000049,PRD-0138,PC-NEX0138,2000000013800,NEXUS Scissors 500 MG,Scissors 500 MG,5.64,96.35,543.41,TXN-B-000049,SOURCE_B
TXN-B-000050-L100,TXN-B-000050,PRD-0095,PC-AUR0095,2000000009506,AURORA Lotion 1 KG,Lotion 1 KG,6.52,117.25,764.47,TXN-B-000050,SOURCE_B
TXN-B-000051-L102,TXN-B-000051,PRD-0087,PC-NEX0087,2000000008707,NEXUS Deodorant 9 V,Deodorant 9 V,9.6,116.64,1119.74,TXN-B-000051,SOURCE_B
TXN-B-000052-L104,TXN-B-000052,PRD-0015,PC-NEX0015,2000000001500,NEXUS Fabric Softener 200 G,Fabric Softener 200 G,9.46,47.38,448.21,TXN-B-000052,SOURCE_B
TXN-B-000053-L106,TXN-B-000053,PRD-0146,PC-AUR0146,2000000014609,AURORA Screwdriver Set 500 ML,Screwdriver Set 500 ML,5.5,91.46,503.03,TXN-B-000053,SOURCE_B
TXN-B-000054-L108,TXN-B-000054,PRD-0070,PC-ZEN0070,2000000007007,ZENITH Mouse Pad 200 G,Mouse Pad 200 G,8.66,113.79,985.42,TXN-B-000054,SOURCE_B
TXN-B-000055-L110,TXN-B-000055,PRD-0104,PC-AUR0104,2000000010403,AURORA Measuring Cup 10000 MAH,Measuring Cup 10000 MAH,8.12,68.42,555.57,TXN-B-000055,SOURCE_B
TXN-B-000056-L112,TXN-B-000056,PRD-0110,PC-AUR0110,2000000011004,AURORA Storage Container 5 W,Storage Container 5 W,1.33,44.62,59.34,TXN-B-000056,SOURCE_B
TXN-B-000057-L114,TXN-B-000057,PRD-0042,PC-NEX0042,2000000004204,NEXUS File Folder Pack 500 G,File Folder Pack 500 G,6.44,68.11,438.63,TXN-B-000057,SOURCE_B
TXN-B-000058-L116,TXN-B-000058,PRD-0042,PC-NEX0042,2000000004204,NEXUS File Folder Pack 500 G,File Folder Pack 500 G,9.07,68.11,617.76,TXN-B-000058,SOURCE_B
TXN-B-000059-L118,TXN-B-000059,PRD-0072,PC-NEX0072,2000000007205,NEXUS Mouse Pad 100 G,Mouse Pad 100 G,6.49,43.98,285.43,TXN-B-000059,SOURCE_B
TXN-B-000060-L120,TXN-B-000060,PRD-0149,PC-AUR0149,2000000014906,AURORA Wrench Set 45 CM,Wrench Set 45 CM,9.96,29.28,291.63,TXN-B-000060,SOURCE_B
TXN-B-000061-L122,TXN-B-000061,PRD-0031,PC-ZEN0031,2000000003108,ZENITH Binder Clip Box 3 V,Binder Clip Box 3 V,2.12,57.71,122.35,TXN-B-000061,SOURCE_B
TXN-B-000062-L124,TXN-B-000062,PRD-0017,PC-AUR0017,2000000001708,AURORA Surface Wipes 9 V,Surface Wipes 9 V,5.16,80.73,416.57,TXN-B-000062,SOURCE_B
TXN-B-000063-L126,TXN-B-000063,PRD-0077,PC-AUR0077,2000000007700,AURORA Shampoo 1 KG,Shampoo 1 KG,2.1,106.6,223.86,TXN-B-000063,SOURCE_B
TXN-B-000064-L128,TXN-B-000064,PRD-0026,PC-AUR0026,2000000002606,AURORA Ballpoint Pen 250 ML,Ballpoint Pen 250 ML,8.81,26.93,237.25,TXN-B-000064,SOURCE_B
TXN-B-000065-L130,TXN-B-000065,PRD-0038,PC-AUR0038,2000000003801,AURORA Desk Organizer 2000 MAH,Desk Organizer 2000 MAH,2.53,28.05,70.97,TXN-B-000065,SOURCE_B
TXN-B-000066-L132,TXN-B-000066,PRD-0069,PC-NEX0069,2000000006901,NEXUS HDMI Cable 1.5 L,HDMI Cable 1.5 L,6.66,45.41,302.43,TXN-B-000066,SOURCE_B
TXN-B-000067-L134,TXN-B-000067,PRD-0075,PC-NEX0075,2000000007502,NEXUS Hand Soap 10000 MAH,Hand Soap 10000 MAH,6.08,69.45,422.26,TXN-B-000067,SOURCE_B
TXN-B-000068-L136,TXN-B-000068,PRD-0050,PC-AUR0050,2000000005003,AURORA USB Cable 10000 MAH,USB Cable 10000 MAH,5.53,3.09,17.09,TXN-B-000068,SOURCE_B
TXN-B-000069-L138,TXN-B-000069,PRD-0013,PC-ZEN0013,2000000001302,ZENITH Fabric Softener 1 L,Fabric Softener 1 L,3.82,9.65,36.86,TXN-B-000069,SOURCE_B
TXN-B-000070-L140,TXN-B-000070,PRD-0066,PC-NEX0066,2000000006604,NEXUS Charging Dock 5000 MAH,Charging Dock 5000 MAH,2.55,55.19,140.73,TXN-B-000070,SOURCE_B
TXN-B-000071-L142,TXN-B-000071,PRD-0022,PC-ZEN0022,2000000002200,ZENITH Floor Polish 2000 MAH,Floor Polish 2000 MAH,9.05,5.92,53.58,TXN-B-000071,SOURCE_B
TXN-B-000072-L144,TXN-B-000072,PRD-0121,PC-ZEN0121,2000000012100,ZENITH Notebook 1 L,Notebook 1 L,7.23,21.42,154.87,TXN-B-000072,SOURCE_B
TXN-B-000073-L146,TXN-B-000073,PRD-0093,PC-NEX0093,2000000009308,NEXUS Hair Gel 10 W,Hair Gel 10 W,8.78,27.25,239.25,TXN-B-000073,SOURCE_B
TXN-B-000074-L148,TXN-B-000074,PRD-0003,PC-NEX0003,2000000000305,NEXUS All Purpose Cleaner 250 ML,All Purpose Cleaner 250 ML,7.62,116.68,889.1,TXN-B-000074,SOURCE_B
TXN-B-000075-L150,TXN-B-000075,PRD-0092,PC-AUR0092,2000000009209,AURORA Hair Gel 100 MG,Hair Gel 100 MG,6.53,64.67,422.3,TXN-B-000075,SOURCE_B
TXN-B-000076-L152,TXN-B-000076,PRD-0010,PC-ZEN0010,2000000001005,ZENITH Laundry Detergent 1.5 V,Laundry Detergent 1.5 V,2.56,25.3,64.77,TXN-B-000076,SOURCE_B
TXN-B-000077-L154,TXN-B-000077,PRD-0013,PC-ZEN0013,2000000001302,ZENITH Fabric Softener 1 L,Fabric Softener 1 L,6.72,9.65,64.85,TXN-B-000077,SOURCE_B
TXN-B-000078-L156,TXN-B-000078,PRD-0138,PC-NEX0138,2000000013800,NEXUS Scissors 500 MG,Scissors 500 MG,8.87,96.35,854.62,TXN-B-000078,SOURCE_B
TXN-B-000079-L158,TXN-B-000079,PRD-0066,PC-NEX0066,2000000006604,NEXUS Charging Dock 5000 MAH,Charging Dock 5000 MAH,9.62,55.19,530.93,TXN-B-000079,SOURCE_B
TXN-B-000080-L160,TXN-B-000080,PRD-0057,PC-NEX0057,2000000005706,NEXUS Phone Case 1 L,Phone Case 1 L,6.75,31.73,214.18,TXN-B-000080,SOURCE_B
TXN-B-000081-L162,TXN-B-000081,PRD-0136,PC-ZEN0136,2000000013602,ZENITH Scissors 3 V,Scissors 3 V,8.0,71.22,569.76,TXN-B-000081,SOURCE_B
TXN-B-000082-L164,TXN-B-000082,PRD-0140,PC-AUR0140,2000000014005,AURORA Eraser Pack 2000 MAH,Eraser Pack 2000 MAH,8.65,111.85,967.5,TXN-B-000082,SOURCE_B
TXN-B-000083-L166,TXN-B-000083,PRD-0035,PC-AUR0035,2000000003504,AURORA Stapler 10 W,Stapler 10 W,5.43,17.34,94.16,TXN-B-000083,SOURCE_B
TXN-B-000084-L168,TXN-B-000084,PRD-0020,PC-AUR0020,2000000002002,AURORA Air Freshener 200 G,Air Freshener 200 G,1.14,104.22,118.81,TXN-B-000084,SOURCE_B
TXN-B-000085-L170,TXN-B-000085,PRD-0112,PC-ZEN0112,2000000011202,ZENITH Kitchen Towel 30 CM,Kitchen Towel 30 CM,8.13,100.54,817.39,TXN-B-000085,SOURCE_B
TXN-B-000086-L172,TXN-B-000086,PRD-0094,PC-ZEN0094,2000000009407,ZENITH Lotion 10000 MAH,Lotion 10000 MAH,9.96,9.96,99.2,TXN-B-000086,SOURCE_B
TXN-B-000087-L174,TXN-B-000087,PRD-0070,PC-ZEN0070,2000000007007,ZENITH Mouse Pad 200 G,Mouse Pad 200 G,5.44,113.79,619.02,TXN-B-000087,SOURCE_B
TXN-B-000088-L176,TXN-B-000088,PRD-0150,PC-NEX0150,2000000015002,NEXUS Wrench Set 9 V,Wrench Set 9 V,2.31,89.01,205.61,TXN-B-000088,SOURCE_B
TXN-B-000089-L178,TXN-B-000089,PRD-0063,PC-NEX0063,2000000006307,NEXUS Battery Pack 10 W,Battery Pack 10 W,4.21,96.31,405.47,TXN-B-000089,SOURCE_B
TXN-B-000090-L180,TXN-B-000090,PRD-0076,PC-ZEN0076,2000000007601,ZENITH Shampoo 200 G,Shampoo 200 G,6.88,12.26,84.35,TXN-B-000090,SOURCE_B
TXN-B-000091-L182,TXN-B-000091,PRD-0061,PC-ZEN0061,2000000006109,ZENITH Battery Pack 200 G,Battery Pack 200 G,1.68,64.09,107.67,TXN-B-000091,SOURCE_B
TXN-B-000092-L184,TXN-B-000092,PRD-0114,PC-NEX0114,2000000011400,NEXUS Kitchen Towel 10 W,Kitchen Towel 10 W,5.12,24.94,127.69,TXN-B-000092,SOURCE_B
TXN-B-000093-L186,TXN-B-000093,PRD-0065,PC-AUR0065,2000000006505,AURORA Charging Dock 3 V,Charging Dock 3 V,6.73,17.05,114.75,TXN-B-000093,SOURCE_B
TXN-B-000094-L188,TXN-B-000094,PRD-0144,PC-NEX0144,2000000014401,NEXUS Marker Set 250 ML,Marker Set 250 ML,4.11,40.05,164.61,TXN-B-000094,SOURCE_B
TXN-B-000095-L190,TXN-B-000095,PRD-0005,PC-AUR0005,2000000000503,AURORA Glass Spray 500 G,Glass Spray 500 G,6.51,111.21,723.98,TXN-B-000095,SOURCE_B
TXN-B-000096-L192,TXN-B-000096,PRD-0120,PC-NEX0120,2000000012001,NEXUS Peeler 30 CM,Peeler 30 CM,7.45,95.85,714.08,TXN-B-000096,SOURCE_B
TXN-B-000097-L194,TXN-B-000097,PRD-0085,PC-ZEN0085,2000000008509,ZENITH Deodorant 200 G,Deodorant 200 G,6.72,86.39,580.54,TXN-B-000097,SOURCE_B
TXN-B-000098-L196,TXN-B-000098,PRD-0046,PC-ZEN0046,2000000004600,ZENITH Tape Dispenser 250 ML,Tape Dispenser 250 ML,1.19,27.78,33.06,TXN-B-000098,SOURCE_B
TXN-B-000099-L198,TXN-B-000099,PRD-0128,PC-AUR0128,2000000012803,AURORA Colored Pencil Set 5 W,Colored Pencil Set 5 W,7.81,24.7,192.91,TXN-B-000099,SOURCE_B
TXN-B-000100-L200,TXN-B-000100,PRD-0074,PC-AUR0074,2000000007403,AURORA Hand Soap 1.5 V,Hand Soap 1.5 V,9.43,72.37,682.45,TXN-B-000100,SOURCE_B
TXN-B-000101-L202,TXN-B-000101,PRD-0019,PC-ZEN0019,2000000001906,ZENITH Air Freshener 45 CM,Air Freshener 45 CM,4.4,38.75,170.5,TXN-B-000101,SOURCE_B
TXN-B-000102-L204,TXN-B-000102,PRD-0147,PC-NEX0147,2000000014708,NEXUS Screwdriver Set 100 MG,Screwdriver Set 100 MG,8.82,60.33,532.11,TXN-B-000102,SOURCE_B
TXN-B-000103-L206,TXN-B-000103,PRD-0097,PC-ZEN0097,2000000009704,ZENITH Cutting Board 5 W,Cutting Board 5 W,9.25,15.99,147.91,TXN-B-000103,SOURCE_B
TXN-B-000104-L208,TXN-B-000104,PRD-0028,PC-ZEN0028,2000000002804,ZENITH Highlighter Set 500 ML,Highlighter Set 500 ML,8.05,113.36,912.55,TXN-B-000104,SOURCE_B
TXN-B-000105-L210,TXN-B-000105,PRD-0056,PC-AUR0056,2000000005607,AURORA Phone Case 20 W,Phone Case 20 W,3.81,16.68,63.55,TXN-B-000105,SOURCE_B
TXN-B-000106-L212,TXN-B-000106,PRD-0126,PC-NEX0126,2000000012605,NEXUS Sketch Pad 250 ML,Sketch Pad 250 ML,3.5,82.01,287.04,TXN-B-000106,SOURCE_B
TXN-B-000107-L214,TXN-B-000107,PRD-0108,PC-NEX0108,2000000010809,NEXUS Spatula Set 500 MG,Spatula Set 500 MG,6.66,103.62,690.11,TXN-B-000107,SOURCE_B
TXN-B-000108-L216,TXN-B-000108,PRD-0005,PC-AUR0005,2000000000503,AURORA Glass Spray 500 G,Glass Spray 500 G,5.38,111.21,598.31,TXN-B-000108,SOURCE_B
TXN-B-000109-L218,TXN-B-000109,PRD-0039,PC-NEX0039,2000000003900,NEXUS Desk Organizer 250 ML,Desk Organizer 250 ML,3.22,90.18,290.38,TXN-B-000109,SOURCE_B
TXN-B-000110-L220,TXN-B-000110,PRD-0129,PC-NEX0129,2000000012902,NEXUS Colored Pencil Set 750 ML,Colored Pencil Set 750 ML,8.18,94.86,775.95,TXN-B-000110,SOURCE_B
TXN-B-000111-L222,TXN-B-000111,PRD-0073,PC-ZEN0073,2000000007304,ZENITH Hand Soap 250 MG,Hand Soap 250 MG,7.81,22.6,176.51,TXN-B-000111,SOURCE_B
TXN-B-000112-L224,TXN-B-000112,PRD-0122,PC-AUR0122,2000000012209,AURORA Notebook 5000 MAH,Notebook 5000 MAH,1.81,31.9,57.74,TXN-B-000112,SOURCE_B
TXN-B-000113-L226,TXN-B-000113,PRD-0041,PC-AUR0041,2000000004105,AURORA File Folder Pack 9 V,File Folder Pack 9 V,2.02,59.18,119.54,TXN-B-000113,SOURCE_B
TXN-B-000114-L228,TXN-B-000114,PRD-0100,PC-ZEN0100,2000000010007,ZENITH Mixing Bowl Set 250 ML,Mixing Bowl Set 250 ML,9.15,63.15,577.82,TXN-B-000114,SOURCE_B
TXN-B-000115-L230,TXN-B-000115,PRD-0109,PC-ZEN0109,2000000010908,ZENITH Storage Container 20 W,Storage Container 20 W,9.0,89.13,802.17,TXN-B-000115,SOURCE_B
TXN-B-000116-L232,TXN-B-000116,PRD-0145,PC-ZEN0145,2000000014500,ZENITH Screwdriver Set 10 W,Screwdriver Set 10 W,1.7,31.94,54.3,TXN-B-000116,SOURCE_B
TXN-B-000117-L234,TXN-B-000117,PRD-0019,PC-ZEN0019,2000000001906,ZENITH Air Freshener 45 CM,Air Freshener 45 CM,8.96,38.75,347.2,TXN-B-000117,SOURCE_B
TXN-B-000118-L236,TXN-B-000118,PRD-0092,PC-AUR0092,2000000009209,AURORA Hair Gel 100 MG,Hair Gel 100 MG,2.73,64.67,176.55,TXN-B-000118,SOURCE_B
TXN-B-000119-L238,TXN-B-000119,PRD-0097,PC-ZEN0097,2000000009704,ZENITH Cutting Board 5 W,Cutting Board 5 W,4.76,15.99,76.11,TXN-B-000119,SOURCE_B
TXN-B-000120-L240,TXN-B-000120,PRD-0059,PC-AUR0059,2000000005904,AURORA Screen Protector 45 CM,Screen Protector 45 CM,7.89,61.8,487.6,TXN-B-000120,SOURCE_B
TXN-B-000121-L242,TXN-B-000121,PRD-0125,PC-AUR0125,2000000012506,AURORA Sketch Pad 1.5 V,Sketch Pad 1.5 V,8.14,102.96,838.09,TXN-B-000121,SOURCE_B
TXN-B-000122-L244,TXN-B-000122,PRD-0121,PC-ZEN0121,2000000012100,ZENITH Notebook 1 L,Notebook 1 L,2.12,21.42,45.41,TXN-B-000122,SOURCE_B
TXN-B-000123-L246,TXN-B-000123,PRD-0070,PC-ZEN0070,2000000007007,ZENITH Mouse Pad 200 G,Mouse Pad 200 G,6.73,113.79,765.81,TXN-B-000123,SOURCE_B
TXN-B-000124-L248,TXN-B-000124,PRD-0092,PC-AUR0092,2000000009209,AURORA Hair Gel 100 MG,Hair Gel 100 MG,5.94,64.67,384.14,TXN-B-000124,SOURCE_B
TXN-B-000125-L250,TXN-B-000125,PRD-0026,PC-AUR0026,2000000002606,AURORA Ballpoint Pen 250 ML,Ballpoint Pen 250 ML,1.62,26.93,43.63,TXN-B-000125,SOURCE_B
TXN-B-000126-L252,TXN-B-000126,PRD-0037,PC-ZEN0037,2000000003702,ZENITH Desk Organizer 5 W,Desk Organizer 5 W,5.32,11.53,61.34,TXN-B-000126,SOURCE_B
TXN-B-000127-L254,TXN-B-000127,PRD-0009,PC-NEX0009,2000000000909,NEXUS Dish Liquid 10 W,Dish Liquid 10 W,8.52,102.05,869.47,TXN-B-000127,SOURCE_B
TXN-B-000128-L256,TXN-B-000128,PRD-0137,PC-AUR0137,2000000013701,AURORA Scissors 100 MG,Scissors 100 MG,6.91,94.03,649.75,TXN-B-000128,SOURCE_B
TXN-B-000129-L258,TXN-B-000129,PRD-0104,PC-AUR0104,2000000010403,AURORA Measuring Cup 10000 MAH,Measuring Cup 10000 MAH,6.2,68.42,424.2,TXN-B-000129,SOURCE_B
TXN-B-000130-L260,TXN-B-000130,PRD-0064,PC-ZEN0064,2000000006406,ZENITH Charging Dock 15 W,Charging Dock 15 W,1.46,60.18,87.86,TXN-B-000130,SOURCE_B
TXN-B-000131-L262,TXN-B-000131,PRD-0001,PC-ZEN0001,2000000000107,ZENITH All Purpose Cleaner 10 IN,All Purpose Cleaner 10 IN,8.69,34.59,300.59,TXN-B-000131,SOURCE_B
TXN-B-000132-L264,TXN-B-000132,PRD-0012,PC-NEX0012,2000000001203,NEXUS Laundry Detergent 3 V,Laundry Detergent 3 V,4.79,22.27,106.67,TXN-B-000132,SOURCE_B
TXN-B-000133-L266,TXN-B-000133,PRD-0073,PC-ZEN0073,2000000007304,ZENITH Hand Soap 250 MG,Hand Soap 250 MG,8.44,22.6,190.74,TXN-B-000133,SOURCE_B
TXN-B-000134-L268,TXN-B-000134,PRD-0102,PC-NEX0102,2000000010205,NEXUS Mixing Bowl Set 15 W,Mixing Bowl Set 15 W,2.23,58.6,130.68,TXN-B-000134,SOURCE_B
TXN-B-000135-L270,TXN-B-000135,PRD-0105,PC-NEX0105,2000000010502,NEXUS Measuring Cup 100 G,Measuring Cup 100 G,8.42,109.25,919.88,TXN-B-000135,SOURCE_B
TXN-B-000136-L272,TXN-B-000136,PRD-0032,PC-AUR0032,2000000003207,AURORA Binder Clip Box 3 V,Binder Clip Box 3 V,7.67,78.97,605.7,TXN-B-000136,SOURCE_B
TXN-B-000137-L274,TXN-B-000137,PRD-0025,PC-ZEN0025,2000000002507,ZENITH Ballpoint Pen 1 KG,Ballpoint Pen 1 KG,3.59,37.08,133.12,TXN-B-000137,SOURCE_B
TXN-B-000138-L276,TXN-B-000138,PRD-0045,PC-NEX0045,2000000004501,NEXUS Whiteboard Marker 45 CM,Whiteboard Marker 45 CM,5.83,29.55,172.28,TXN-B-000138,SOURCE_B
TXN-B-000139-L278,TXN-B-000139,PRD-0137,PC-AUR0137,2000000013701,AURORA Scissors 100 MG,Scissors 100 MG,1.14,94.03,107.19,TXN-B-000139,SOURCE_B
TXN-B-000140-L280,TXN-B-000140,PRD-0130,PC-ZEN0130,2000000013008,ZENITH Ruler Set 45 CM,Ruler Set 45 CM,6.41,90.87,582.48,TXN-B-000140,SOURCE_B
TXN-B-000141-L282,TXN-B-000141,PRD-0129,PC-NEX0129,2000000012902,NEXUS Colored Pencil Set 750 ML,Colored Pencil Set 750 ML,2.56,94.86,242.84,TXN-B-000141,SOURCE_B
TXN-B-000142-L284,TXN-B-000142,PRD-0101,PC-AUR0101,2000000010106,AURORA Mixing Bowl Set 100 MG,Mixing Bowl Set 100 MG,5.26,113.58,597.43,TXN-B-000142,SOURCE_B
TXN-B-000143-L286,TXN-B-000143,PRD-0011,PC-AUR0011,2000000001104,AURORA Laundry Detergent 2000 MAH,Laundry Detergent 2000 MAH,3.14,97.97,307.63,TXN-B-000143,SOURCE_B
TXN-B-000144-L288,TXN-B-000144,PRD-0033,PC-NEX0033,2000000003306,NEXUS Binder Clip Box 45 CM,Binder Clip Box 45 CM,6.17,21.96,135.49,TXN-B-000144,SOURCE_B
TXN-B-000145-L290,TXN-B-000145,PRD-0074,PC-AUR0074,2000000007403,AURORA Hand Soap 1.5 V,Hand Soap 1.5 V,8.94,72.37,646.99,TXN-B-000145,SOURCE_B
TXN-B-000146-L292,TXN-B-000146,PRD-0054,PC-NEX0054,2000000005409,NEXUS Power Adapter 500 ML,Power Adapter 500 ML,9.48,16.51,156.51,TXN-B-000146,SOURCE_B
TXN-B-000147-L294,TXN-B-000147,PRD-0073,PC-ZEN0073,2000000007304,ZENITH Hand Soap 250 MG,Hand Soap 250 MG,1.87,22.6,42.26,TXN-B-000147,SOURCE_B
TXN-B-000148-L296,TXN-B-000148,PRD-0093,PC-NEX0093,2000000009308,NEXUS Hair Gel 10 W,Hair Gel 10 W,7.76,27.25,211.46,TXN-B-000148,SOURCE_B
TXN-B-000149-L298,TXN-B-000149,PRD-0107,PC-AUR0107,2000000010700,AURORA Spatula Set 9 V,Spatula Set 9 V,9.08,5.81,52.75,TXN-B-000149,SOURCE_B
TXN-B-000150-L300,TXN-B-000150,PRD-0147,PC-NEX0147,2000000014708,NEXUS Screwdriver Set 100 MG,Screwdriver Set 100 MG,5.82,60.33,351.12,TXN-B-000150,SOURCE_B
TXN-B-000151-L302,TXN-B-000151,PRD-0072,PC-NEX0072,2000000007205,NEXUS Mouse Pad 100 G,Mouse Pad 100 G,7.68,43.98,337.77,TXN-B-000151,SOURCE_B
TXN-B-000152-L304,TXN-B-000152,PRD-0036,PC-NEX0036,2000000003603,NEXUS Stapler 1.5 L,Stapler 1.5 L,4.8,113.16,543.17,TXN-B-000152,SOURCE_B
TXN-B-000153-L306,TXN-B-000153,PRD-0142,PC-ZEN0142,2000000014203,ZENITH Marker Set 750 ML,Marker Set 750 ML,4.65,33.77,157.03,TXN-B-000153,SOURCE_B
TXN-B-000154-L308,TXN-B-000154,PRD-0032,PC-AUR0032,2000000003207,AURORA Binder Clip Box 3 V,Binder Clip Box 3 V,5.79,78.97,457.24,TXN-B-000154,SOURCE_B
TXN-B-000155-L310,TXN-B-000155,PRD-0057,PC-NEX0057,2000000005706,NEXUS Phone Case 1 L,Phone Case 1 L,1.57,31.73,49.82,TXN-B-000155,SOURCE_B
TXN-B-000156-L312,TXN-B-000156,PRD-0092,PC-AUR0092,2000000009209,AURORA Hair Gel 100 MG,Hair Gel 100 MG,3.35,64.67,216.64,TXN-B-000156,SOURCE_B
TXN-B-000157-L314,TXN-B-000157,PRD-0051,PC-NEX0051,2000000005102,NEXUS USB Cable 500 MG,USB Cable 500 MG,1.68,94.26,158.36,TXN-B-000157,SOURCE_B
TXN-B-000158-L316,TXN-B-000158,PRD-0148,PC-ZEN0148,2000000014807,ZENITH Wrench Set 30 CM,Wrench Set 30 CM,8.04,116.97,940.44,TXN-B-000158,SOURCE_B
TXN-B-000159-L318,TXN-B-000159,PRD-0096,PC-NEX0096,2000000009605,NEXUS Lotion 1 KG,Lotion 1 KG,2.01,25.67,51.6,TXN-B-000159,SOURCE_B
TXN-B-000160-L320,TXN-B-000160,PRD-0144,PC-NEX0144,2000000014401,NEXUS Marker Set 250 ML,Marker Set 250 ML,4.35,40.05,174.22,TXN-B-000160,SOURCE_B
TXN-B-000161-L322,TXN-B-000161,PRD-0001,PC-ZEN0001,2000000000107,ZENITH All Purpose Cleaner 10 IN,All Purpose Cleaner 10 IN,5.62,34.59,194.4,TXN-B-000161,SOURCE_B
TXN-B-000162-L324,TXN-B-000162,PRD-0116,PC-AUR0116,2000000011608,AURORA Can Opener 500 MG,Can Opener 500 MG,2.01,80.59,161.99,TXN-B-000162,SOURCE_B
TXN-B-000163-L326,TXN-B-000163,PRD-0020,PC-AUR0020,2000000002002,AURORA Air Freshener 200 G,Air Freshener 200 G,6.85,104.22,713.91,TXN-B-000163,SOURCE_B
TXN-B-000164-L328,TXN-B-000164,PRD-0076,PC-ZEN0076,2000000007601,ZENITH Shampoo 200 G,Shampoo 200 G,1.11,12.26,13.61,TXN-B-000164,SOURCE_B
TXN-B-000165-L330,TXN-B-000165,PRD-0128,PC-AUR0128,2000000012803,AURORA Colored Pencil Set 5 W,Colored Pencil Set 5 W,9.41,24.7,232.43,TXN-B-000165,SOURCE_B
TXN-B-000166-L332,TXN-B-000166,PRD-0009,PC-NEX0009,2000000000909,NEXUS Dish Liquid 10 W,Dish Liquid 10 W,7.58,102.05,773.54,TXN-B-000166,SOURCE_B
TXN-B-000167-L334,TXN-B-000167,PRD-0122,PC-AUR0122,2000000012209,AURORA Notebook 5000 MAH,Notebook 5000 MAH,4.27,31.9,136.21,TXN-B-000167,SOURCE_B
TXN-B-000168-L336,TXN-B-000168,PRD-0140,PC-AUR0140,2000000014005,AURORA Eraser Pack 2000 MAH,Eraser Pack 2000 MAH,7.8,111.85,872.43,TXN-B-000168,SOURCE_B
TXN-B-000169-L338,TXN-B-000169,PRD-0135,PC-NEX0135,2000000013503,NEXUS Glue Stick 5000 MAH,Glue Stick 5000 MAH,3.95,27.9,110.2,TXN-B-000169,SOURCE_B
TXN-B-000170-L340,TXN-B-000170,PRD-0112,PC-ZEN0112,2000000011202,ZENITH Kitchen Towel 30 CM,Kitchen Towel 30 CM,3.84,100.54,386.07,TXN-B-000170,SOURCE_B
TXN-B-000171-L342,TXN-B-000171,PRD-0133,PC-ZEN0133,2000000013305,ZENITH Glue Stick 250 MG,Glue Stick 250 MG,6.87,31.89,219.08,TXN-B-000171,SOURCE_B
TXN-B-000172-L344,TXN-B-000172,PRD-0061,PC-ZEN0061,2000000006109,ZENITH Battery Pack 200 G,Battery Pack 200 G,4.32,64.09,276.87,TXN-B-000172,SOURCE_B
TXN-B-000173-L346,TXN-B-000173,PRD-0073,PC-ZEN0073,2000000007304,ZENITH Hand Soap 250 MG,Hand Soap 250 MG,3.33,22.6,75.26,TXN-B-000173,SOURCE_B
TXN-B-000174-L348,TXN-B-000174,PRD-0048,PC-NEX0048,2000000004808,NEXUS Tape Dispenser 3 V,Tape Dispenser 3 V,8.52,64.25,547.41,TXN-B-000174,SOURCE_B
TXN-B-000175-L350,TXN-B-000175,PRD-0045,PC-NEX0045,2000000004501,NEXUS Whiteboard Marker 45 CM,Whiteboard Marker 45 CM,4.78,29.55,141.25,TXN-B-000175,SOURCE_B
TXN-B-000176-L352,TXN-B-000176,PRD-0105,PC-NEX0105,2000000010502,NEXUS Measuring Cup 100 G,Measuring Cup 100 G,6.54,109.25,714.5,TXN-B-000176,SOURCE_B
TXN-B-000177-L354,TXN-B-000177,PRD-0103,PC-ZEN0103,2000000010304,ZENITH Measuring Cup 10000 MAH,Measuring Cup 10000 MAH,8.6,7.51,64.59,TXN-B-000177,SOURCE_B
TXN-B-000178-L356,TXN-B-000178,PRD-0043,PC-ZEN0043,2000000004303,ZENITH Whiteboard Marker 20 W,Whiteboard Marker 20 W,8.37,56.59,473.66,TXN-B-000178,SOURCE_B
TXN-B-000179-L358,TXN-B-000179,PRD-0102,PC-NEX0102,2000000010205,NEXUS Mixing Bowl Set 15 W,Mixing Bowl Set 15 W,6.11,58.6,358.05,TXN-B-000179,SOURCE_B
TXN-B-000180-L360,TXN-B-000180,PRD-0024,PC-NEX0024,2000000002408,NEXUS Floor Polish 100 MG,Floor Polish 100 MG,6.76,75.71,511.8,TXN-B-000180,SOURCE_B
TXN-B-000181-L362,TXN-B-000181,PRD-0052,PC-ZEN0052,2000000005201,ZENITH Power Adapter 20 W,Power Adapter 20 W,4.08,45.35,185.03,TXN-B-000181,SOURCE_B
TXN-B-000182-L364,TXN-B-000182,PRD-0055,PC-ZEN0055,2000000005508,ZENITH Phone Case 250 MG,Phone Case 250 MG,2.09,52.62,109.98,TXN-B-000182,SOURCE_B
TXN-B-000183-L366,TXN-B-000183,PRD-0101,PC-AUR0101,2000000010106,AURORA Mixing Bowl Set 100 MG,Mixing Bowl Set 100 MG,1.22,113.58,138.57,TXN-B-000183,SOURCE_B
TXN-B-000184-L368,TXN-B-000184,PRD-0059,PC-AUR0059,2000000005904,AURORA Screen Protector 45 CM,Screen Protector 45 CM,7.93,61.8,490.07,TXN-B-000184,SOURCE_B
TXN-B-000185-L370,TXN-B-000185,PRD-0092,PC-AUR0092,2000000009209,AURORA Hair Gel 100 MG,Hair Gel 100 MG,3.47,64.67,224.4,TXN-B-000185,SOURCE_B
TXN-B-000186-L372,TXN-B-000186,PRD-0108,PC-NEX0108,2000000010809,NEXUS Spatula Set 500 MG,Spatula Set 500 MG,1.64,103.62,169.94,TXN-B-000186,SOURCE_B
TXN-B-000187-L374,TXN-B-000187,PRD-0032,PC-AUR0032,2000000003207,AURORA Binder Clip Box 3 V,Binder Clip Box 3 V,1.26,78.97,99.5,TXN-B-000187,SOURCE_B
TXN-B-000188-L376,TXN-B-000188,PRD-0034,PC-ZEN0034,2000000003405,ZENITH Stapler 100 MG,Stapler 100 MG,3.5,79.94,279.79,TXN-B-000188,SOURCE_B
TXN-B-000189-L378,TXN-B-000189,PRD-0127,PC-ZEN0127,2000000012704,ZENITH Colored Pencil Set 50 G,Colored Pencil Set 50 G,7.92,57.94,458.88,TXN-B-000189,SOURCE_B
TXN-B-000190-L380,TXN-B-000190,PRD-0027,PC-NEX0027,2000000002705,NEXUS Ballpoint Pen 500 ML,Ballpoint Pen 500 ML,7.94,49.53,393.27,TXN-B-000190,SOURCE_B
TXN-B-000191-L382,TXN-B-000191,PRD-0044,PC-AUR0044,2000000004402,AURORA Whiteboard Marker 12 IN,Whiteboard Marker 12 IN,7.44,38.93,289.64,TXN-B-000191,SOURCE_B
TXN-B-000192-L384,TXN-B-000192,PRD-0091,PC-ZEN0091,2000000009100,ZENITH Hair Gel 1.5 L,Hair Gel 1.5 L,9.8,87.74,859.85,TXN-B-000192,SOURCE_B
TXN-B-000193-L386,TXN-B-000193,PRD-0061,PC-ZEN0061,2000000006109,ZENITH Battery Pack 200 G,Battery Pack 200 G,7.47,64.09,478.75,TXN-B-000193,SOURCE_B
TXN-B-000194-L388,TXN-B-000194,PRD-0069,PC-NEX0069,2000000006901,NEXUS HDMI Cable 1.5 L,HDMI Cable 1.5 L,2.15,45.41,97.63,TXN-B-000194,SOURCE_B
TXN-B-000195-L390,TXN-B-000195,PRD-0040,PC-ZEN0040,2000000004006,ZENITH File Folder Pack 750 ML,File Folder Pack 750 ML,3.07,112.35,344.91,TXN-B-000195,SOURCE_B
TXN-B-000196-L392,TXN-B-000196,PRD-0053,PC-AUR0053,2000000005300,AURORA Power Adapter 1 L,Power Adapter 1 L,4.85,43.8,212.43,TXN-B-000196,SOURCE_B
TXN-B-000197-L394,TXN-B-000197,PRD-0107,PC-AUR0107,2000000010700,AURORA Spatula Set 9 V,Spatula Set 9 V,7.98,5.81,46.36,TXN-B-000197,SOURCE_B
TXN-B-000198-L396,TXN-B-000198,PRD-0050,PC-AUR0050,2000000005003,AURORA USB Cable 10000 MAH,USB Cable 10000 MAH,4.58,3.09,14.15,TXN-B-000198,SOURCE_B
TXN-B-000199-L398,TXN-B-000199,PRD-0093,PC-NEX0093,2000000009308,NEXUS Hair Gel 10 W,Hair Gel 10 W,1.96,27.25,53.41,TXN-B-000199,SOURCE_B
TXN-B-000200-L400,TXN-B-000200,PRD-0020,PC-AUR0020,2000000002002,AURORA Air Freshener 200 G,Air Freshener 200 G,8.88,104.22,925.47,TXN-B-000200,SOURCE_B
TXN-B-000201-L402,TXN-B-000201,PRD-0042,PC-NEX0042,2000000004204,NEXUS File Folder Pack 500 G,File Folder Pack 500 G,6.38,68.11,434.54,TXN-B-000201,SOURCE_B
TXN-B-000202-L404,TXN-B-000202,PRD-0015,PC-NEX0015,2000000001500,NEXUS Fabric Softener 200 G,Fabric Softener 200 G,2.27,47.38,107.55,TXN-B-000202,SOURCE_B
TXN-B-000203-L406,TXN-B-000203,PRD-0090,PC-NEX0090,2000000009001,NEXUS Face Cream 100 MG,Face Cream 100 MG,1.27,20.0,25.4,TXN-B-000203,SOURCE_B
TXN-B-000204-L408,TXN-B-000204,PRD-0067,PC-ZEN0067,2000000006703,ZENITH HDMI Cable 1 KG,HDMI Cable 1 KG,4.39,57.46,252.25,TXN-B-000204,SOURCE_B
TXN-B-000205-L410,TXN-B-000205,PRD-0015,PC-NEX0015,2000000001500,NEXUS Fabric Softener 200 G,Fabric Softener 200 G,7.57,47.38,358.67,TXN-B-000205,SOURCE_B
TXN-B-000206-L412,TXN-B-000206,PRD-0141,PC-NEX0141,2000000014104,NEXUS Eraser Pack 3 V,Eraser Pack 3 V,1.52,34.77,52.85,TXN-B-000206,SOURCE_B
TXN-B-000207-L414,TXN-B-000207,PRD-0051,PC-NEX0051,2000000005102,NEXUS USB Cable 500 MG,USB Cable 500 MG,8.7,94.26,820.06,TXN-B-000207,SOURCE_B
TXN-B-000208-L416,TXN-B-000208,PRD-0012,PC-NEX0012,2000000001203,NEXUS Laundry Detergent 3 V,Laundry Detergent 3 V,6.01,22.27,133.84,TXN-B-000208,SOURCE_B
TXN-B-000209-L418,TXN-B-000209,PRD-0014,PC-AUR0014,2000000001401,AURORA Fabric Softener 250 MG,Fabric Softener 250 MG,5.03,111.99,563.31,TXN-B-000209,SOURCE_B
TXN-B-000210-L420,TXN-B-000210,PRD-0142,PC-ZEN0142,2000000014203,ZENITH Marker Set 750 ML,Marker Set 750 ML,5.12,33.77,172.9,TXN-B-000210,SOURCE_B
TXN-B-000211-L422,TXN-B-000211,PRD-0148,PC-ZEN0148,2000000014807,ZENITH Wrench Set 30 CM,Wrench Set 30 CM,8.06,116.97,942.78,TXN-B-000211,SOURCE_B
TXN-B-000212-L424,TXN-B-000212,PRD-0133,PC-ZEN0133,2000000013305,ZENITH Glue Stick 250 MG,Glue Stick 250 MG,8.3,31.89,264.69,TXN-B-000212,SOURCE_B
TXN-B-000213-L426,TXN-B-000213,PRD-0112,PC-ZEN0112,2000000011202,ZENITH Kitchen Towel 30 CM,Kitchen Towel 30 CM,7.83,100.54,787.23,TXN-B-000213,SOURCE_B
TXN-B-000214-L428,TXN-B-000214,PRD-0094,PC-ZEN0094,2000000009407,ZENITH Lotion 10000 MAH,Lotion 10000 MAH,2.57,9.96,25.6,TXN-B-000214,SOURCE_B
TXN-B-000215-L430,TXN-B-000215,PRD-0087,PC-NEX0087,2000000008707,NEXUS Deodorant 9 V,Deodorant 9 V,5.04,116.64,587.87,TXN-B-000215,SOURCE_B
TXN-B-000216-L432,TXN-B-000216,PRD-0060,PC-NEX0060,2000000006000,NEXUS Screen Protector 10 IN,Screen Protector 10 IN,5.1,85.32,435.13,TXN-B-000216,SOURCE_B
TXN-B-000217-L434,TXN-B-000217,PRD-0056,PC-AUR0056,2000000005607,AURORA Phone Case 20 W,Phone Case 20 W,3.15,16.68,52.54,TXN-B-000217,SOURCE_B
TXN-B-000218-L436,TXN-B-000218,PRD-0125,PC-AUR0125,2000000012506,AURORA Sketch Pad 1.5 V,Sketch Pad 1.5 V,8.19,102.96,843.24,TXN-B-000218,SOURCE_B
TXN-B-000219-L438,TXN-B-000219,PRD-0028,PC-ZEN0028,2000000002804,ZENITH Highlighter Set 500 ML,Highlighter Set 500 ML,8.36,113.36,947.69,TXN-B-000219,SOURCE_B
TXN-B-000220-L440,TXN-B-000220,PRD-0102,PC-NEX0102,2000000010205,NEXUS Mixing Bowl Set 15 W,Mixing Bowl Set 15 W,5.38,58.6,315.27,TXN-B-000220,SOURCE_B
TXN-B-000221-L442,TXN-B-000221,PRD-0078,PC-NEX0078,2000000007809,NEXUS Shampoo 500 ML,Shampoo 500 ML,1.03,118.47,122.02,TXN-B-000221,SOURCE_B
TXN-B-000222-L444,TXN-B-000222,PRD-0086,PC-AUR0086,2000000008608,AURORA Deodorant 500 G,Deodorant 500 G,5.03,52.31,263.12,TXN-B-000222,SOURCE_B
TXN-B-000223-L446,TXN-B-000223,PRD-0104,PC-AUR0104,2000000010403,AURORA Measuring Cup 10000 MAH,Measuring Cup 10000 MAH,9.38,68.42,641.78,TXN-B-000223,SOURCE_B
TXN-B-000224-L448,TXN-B-000224,PRD-0138,PC-NEX0138,2000000013800,NEXUS Scissors 500 MG,Scissors 500 MG,4.27,96.35,411.41,TXN-B-000224,SOURCE_B
TXN-B-000225-L450,TXN-B-000225,PRD-0010,PC-ZEN0010,2000000001005,ZENITH Laundry Detergent 1.5 V,Laundry Detergent 1.5 V,8.5,25.3,215.05,TXN-B-000225,SOURCE_B
TXN-B-000226-L452,TXN-B-000226,PRD-0072,PC-NEX0072,2000000007205,NEXUS Mouse Pad 100 G,Mouse Pad 100 G,3.25,43.98,142.94,TXN-B-000226,SOURCE_B
TXN-B-000227-L454,TXN-B-000227,PRD-0005,PC-AUR0005,2000000000503,AURORA Glass Spray 500 G,Glass Spray 500 G,5.38,111.21,598.31,TXN-B-000227,SOURCE_B
TXN-B-000228-L456,TXN-B-000228,PRD-0005,PC-AUR0005,2000000000503,AURORA Glass Spray 500 G,Glass Spray 500 G,7.45,111.21,828.51,TXN-B-000228,SOURCE_B
TXN-B-000229-L458,TXN-B-000229,PRD-0096,PC-NEX0096,2000000009605,NEXUS Lotion 1 KG,Lotion 1 KG,6.82,25.67,175.07,TXN-B-000229,SOURCE_B
TXN-B-000230-L460,TXN-B-000230,PRD-0103,PC-ZEN0103,2000000010304,ZENITH Measuring Cup 10000 MAH,Measuring Cup 10000 MAH,1.39,7.51,10.44,TXN-B-000230,SOURCE_B
TXN-B-000231-L462,TXN-B-000231,PRD-0111,PC-NEX0111,2000000011103,NEXUS Storage Container 500 G,Storage Container 500 G,2.96,61.14,180.97,TXN-B-000231,SOURCE_B
TXN-B-000232-L464,TXN-B-000232,PRD-0143,PC-AUR0143,2000000014302,AURORA Marker Set 10 IN,Marker Set 10 IN,8.43,13.47,113.55,TXN-B-000232,SOURCE_B
TXN-B-000233-L466,TXN-B-000233,PRD-0056,PC-AUR0056,2000000005607,AURORA Phone Case 20 W,Phone Case 20 W,3.33,16.68,55.54,TXN-B-000233,SOURCE_B
TXN-B-000234-L468,TXN-B-000234,PRD-0043,PC-ZEN0043,2000000004303,ZENITH Whiteboard Marker 20 W,Whiteboard Marker 20 W,6.82,56.59,385.94,TXN-B-000234,SOURCE_B
TXN-B-000235-L470,TXN-B-000235,PRD-0083,PC-AUR0083,2000000008301,AURORA Toothpaste 3 V,Toothpaste 3 V,5.3,47.14,249.84,TXN-B-000235,SOURCE_B
TXN-B-000236-L472,TXN-B-000236,PRD-0142,PC-ZEN0142,2000000014203,ZENITH Marker Set 750 ML,Marker Set 750 ML,6.02,33.77,203.3,TXN-B-000236,SOURCE_B
TXN-B-000237-L474,TXN-B-000237,PRD-0124,PC-ZEN0124,2000000012407,ZENITH Sketch Pad 500 MG,Sketch Pad 500 MG,1.73,47.5,82.17,TXN-B-000237,SOURCE_B
TXN-B-000238-L476,TXN-B-000238,PRD-0113,PC-AUR0113,2000000011301,AURORA Kitchen Towel 20 W,Kitchen Towel 20 W,5.63,71.36,401.76,TXN-B-000238,SOURCE_B
TXN-B-000239-L478,TXN-B-000239,PRD-0137,PC-AUR0137,2000000013701,AURORA Scissors 100 MG,Scissors 100 MG,4.49,94.03,422.19,TXN-B-000239,SOURCE_B
TXN-B-000240-L480,TXN-B-000240,PRD-0128,PC-AUR0128,2000000012803,AURORA Colored Pencil Set 5 W,Colored Pencil Set 5 W,3.91,24.7,96.58,TXN-B-000240,SOURCE_B
TXN-B-000241-L482,TXN-B-000241,PRD-0139,PC-ZEN0139,2000000013909,ZENITH Eraser Pack 500 G,Eraser Pack 500 G,4.76,45.39,216.06,TXN-B-000241,SOURCE_B
TXN-B-000242-L484,TXN-B-000242,PRD-0066,PC-NEX0066,2000000006604,NEXUS Charging Dock 5000 MAH,Charging Dock 5000 MAH,4.74,55.19,261.6,TXN-B-000242,SOURCE_B
TXN-B-000243-L486,TXN-B-000243,PRD-0027,PC-NEX0027,2000000002705,NEXUS Ballpoint Pen 500 ML,Ballpoint Pen 500 ML,9.97,49.53,493.81,TXN-B-000243,SOURCE_B
TXN-B-000244-L488,TXN-B-000244,PRD-0061,PC-ZEN0061,2000000006109,ZENITH Battery Pack 200 G,Battery Pack 200 G,5.86,64.09,375.57,TXN-B-000244,SOURCE_B
TXN-B-000245-L490,TXN-B-000245,PRD-0097,PC-ZEN0097,2000000009704,ZENITH Cutting Board 5 W,Cutting Board 5 W,2.22,15.99,35.5,TXN-B-000245,SOURCE_B
TXN-B-000246-L492,TXN-B-000246,PRD-0106,PC-ZEN0106,2000000010601,ZENITH Spatula Set 1 KG,Spatula Set 1 KG,5.22,23.7,123.71,TXN-B-000246,SOURCE_B
TXN-B-000247-L494,TXN-B-000247,PRD-0038,PC-AUR0038,2000000003801,AURORA Desk Organizer 2000 MAH,Desk Organizer 2000 MAH,3.35,28.05,93.97,TXN-B-000247,SOURCE_B
TXN-B-000248-L496,TXN-B-000248,PRD-0074,PC-AUR0074,2000000007403,AURORA Hand Soap 1.5 V,Hand Soap 1.5 V,2.71,72.37,196.12,TXN-B-000248,SOURCE_B
TXN-B-000249-L498,TXN-B-000249,PRD-0035,PC-AUR0035,2000000003504,AURORA Stapler 10 W,Stapler 10 W,8.02,17.34,139.07,TXN-B-000249,SOURCE_B
TXN-B-000250-L500,TXN-B-000250,PRD-0065,PC-AUR0065,2000000006505,AURORA Charging Dock 3 V,Charging Dock 3 V,1.89,17.05,32.22,TXN-B-000250,SOURCE_B
TXN-B-000251-L502,TXN-B-000251,PRD-0112,PC-ZEN0112,2000000011202,ZENITH Kitchen Towel 30 CM,Kitchen Towel 30 CM,5.59,100.54,562.02,TXN-B-000251,SOURCE_B
TXN-B-000252-L504,TXN-B-000252,PRD-0017,PC-AUR0017,2000000001708,AURORA Surface Wipes 9 V,Surface Wipes 9 V,2.8,80.73,226.04,TXN-B-000252,SOURCE_B
TXN-B-000253-L506,TXN-B-000253,PRD-0143,PC-AUR0143,2000000014302,AURORA Marker Set 10 IN,Marker Set 10 IN,2.93,13.47,39.47,TXN-B-000253,SOURCE_B
TXN-B-000254-L508,TXN-B-000254,PRD-0059,PC-AUR0059,2000000005904,AURORA Screen Protector 45 CM,Screen Protector 45 CM,6.57,61.8,406.03,TXN-B-000254,SOURCE_B
TXN-B-000255-L510,TXN-B-000255,PRD-0019,PC-ZEN0019,2000000001906,ZENITH Air Freshener 45 CM,Air Freshener 45 CM,1.64,38.75,63.55,TXN-B-000255,SOURCE_B
TXN-B-000256-L512,TXN-B-000256,PRD-0081,PC-NEX0081,2000000008103,NEXUS Body Wash 500 G,Body Wash 500 G,7.29,56.38,411.01,TXN-B-000256,SOURCE_B
TXN-B-000257-L514,TXN-B-000257,PRD-0094,PC-ZEN0094,2000000009407,ZENITH Lotion 10000 MAH,Lotion 10000 MAH,8.57,9.96,85.36,TXN-B-000257,SOURCE_B
TXN-B-000258-L516,TXN-B-000258,PRD-0028,PC-ZEN0028,2000000002804,ZENITH Highlighter Set 500 ML,Highlighter Set 500 ML,3.34,113.36,378.62,TXN-B-000258,SOURCE_B
TXN-B-000259-L518,TXN-B-000259,PRD-0074,PC-AUR0074,2000000007403,AURORA Hand Soap 1.5 V,Hand Soap 1.5 V,5.61,72.37,406.0,TXN-B-000259,SOURCE_B
TXN-B-000260-L520,TXN-B-000260,PRD-0020,PC-AUR0020,2000000002002,AURORA Air Freshener 200 G,Air Freshener 200 G,4.89,104.22,509.64,TXN-B-000260,SOURCE_B
TXN-B-000261-L522,TXN-B-000261,PRD-0046,PC-ZEN0046,2000000004600,ZENITH Tape Dispenser 250 ML,Tape Dispenser 250 ML,3.34,27.78,92.79,TXN-B-000261,SOURCE_B
TXN-B-000262-L524,TXN-B-000262,PRD-0132,PC-NEX0132,2000000013206,NEXUS Ruler Set 60 CM,Ruler Set 60 CM,8.85,20.73,183.46,TXN-B-000262,SOURCE_B
TXN-B-000263-L526,TXN-B-000263,PRD-0093,PC-NEX0093,2000000009308,NEXUS Hair Gel 10 W,Hair Gel 10 W,7.59,27.25,206.83,TXN-B-000263,SOURCE_B
TXN-B-000264-L528,TXN-B-000264,PRD-0112,PC-ZEN0112,2000000011202,ZENITH Kitchen Towel 30 CM,Kitchen Towel 30 CM,1.32,100.54,132.71,TXN-B-000264,SOURCE_B
TXN-B-000265-L530,TXN-B-000265,PRD-0022,PC-ZEN0022,2000000002200,ZENITH Floor Polish 2000 MAH,Floor Polish 2000 MAH,5.08,5.92,30.07,TXN-B-000265,SOURCE_B
TXN-B-000266-L532,TXN-B-000266,PRD-0035,PC-AUR0035,2000000003504,AURORA Stapler 10 W,Stapler 10 W,3.77,17.34,65.37,TXN-B-000266,SOURCE_B
TXN-B-000267-L534,TXN-B-000267,PRD-0057,PC-NEX0057,2000000005706,NEXUS Phone Case 1 L,Phone Case 1 L,5.54,31.73,175.78,TXN-B-000267,SOURCE_B
TXN-B-000268-L536,TXN-B-000268,PRD-0019,PC-ZEN0019,2000000001906,ZENITH Air Freshener 45 CM,Air Freshener 45 CM,7.78,38.75,301.48,TXN-B-000268,SOURCE_B
TXN-B-000269-L538,TXN-B-000269,PRD-0103,PC-ZEN0103,2000000010304,ZENITH Measuring Cup 10000 MAH,Measuring Cup 10000 MAH,8.18,7.51,61.43,TXN-B-000269,SOURCE_B
TXN-B-000270-L540,TXN-B-000270,PRD-0092,PC-AUR0092,2000000009209,AURORA Hair Gel 100 MG,Hair Gel 100 MG,2.8,64.67,181.08,TXN-B-000270,SOURCE_B
TXN-B-000271-L542,TXN-B-000271,PRD-0141,PC-NEX0141,2000000014104,NEXUS Eraser Pack 3 V,Eraser Pack 3 V,9.87,34.77,343.18,TXN-B-000271,SOURCE_B
TXN-B-000272-L544,TXN-B-000272,PRD-0013,PC-ZEN0013,2000000001302,ZENITH Fabric Softener 1 L,Fabric Softener 1 L,3.4,9.65,32.81,TXN-B-000272,SOURCE_B
TXN-B-000273-L546,TXN-B-000273,PRD-0110,PC-AUR0110,2000000011004,AURORA Storage Container 5 W,Storage Container 5 W,3.8,44.62,169.56,TXN-B-000273,SOURCE_B
TXN-B-000274-L548,TXN-B-000274,PRD-0108,PC-NEX0108,2000000010809,NEXUS Spatula Set 500 MG,Spatula Set 500 MG,9.08,103.62,940.87,TXN-B-000274,SOURCE_B
TXN-B-000275-L550,TXN-B-000275,PRD-0034,PC-ZEN0034,2000000003405,ZENITH Stapler 100 MG,Stapler 100 MG,8.73,79.94,697.88,TXN-B-000275,SOURCE_B
TXN-B-000276-L552,TXN-B-000276,PRD-0081,PC-NEX0081,2000000008103,NEXUS Body Wash 500 G,Body Wash 500 G,7.23,56.38,407.63,TXN-B-000276,SOURCE_B
TXN-B-000277-L554,TXN-B-000277,PRD-0081,PC-NEX0081,2000000008103,NEXUS Body Wash 500 G,Body Wash 500 G,2.61,56.38,147.15,TXN-B-000277,SOURCE_B
TXN-B-000278-L556,TXN-B-000278,PRD-0139,PC-ZEN0139,2000000013909,ZENITH Eraser Pack 500 G,Eraser Pack 500 G,3.99,45.39,181.11,TXN-B-000278,SOURCE_B
TXN-B-000279-L558,TXN-B-000279,PRD-0029,PC-AUR0029,2000000002903,AURORA Highlighter Set 9 V,Highlighter Set 9 V,6.77,26.14,176.97,TXN-B-000279,SOURCE_B
TXN-B-000280-L560,TXN-B-000280,PRD-0017,PC-AUR0017,2000000001708,AURORA Surface Wipes 9 V,Surface Wipes 9 V,3.18,80.73,256.72,TXN-B-000280,SOURCE_B
TXN-B-000281-L562,TXN-B-000281,PRD-0072,PC-NEX0072,2000000007205,NEXUS Mouse Pad 100 G,Mouse Pad 100 G,1.36,43.98,59.81,TXN-B-000281,SOURCE_B
TXN-B-000282-L564,TXN-B-000282,PRD-0061,PC-ZEN0061,2000000006109,ZENITH Battery Pack 200 G,Battery Pack 200 G,5.01,64.09,321.09,TXN-B-000282,SOURCE_B
TXN-B-000283-L566,TXN-B-000283,PRD-0058,PC-ZEN0058,2000000005805,ZENITH Screen Protector 3 V,Screen Protector 3 V,6.22,72.97,453.87,TXN-B-000283,SOURCE_B
TXN-B-000284-L568,TXN-B-000284,PRD-0121,PC-ZEN0121,2000000012100,ZENITH Notebook 1 L,Notebook 1 L,8.27,21.42,177.14,TXN-B-000284,SOURCE_B
TXN-B-000285-L570,TXN-B-000285,PRD-0126,PC-NEX0126,2000000012605,NEXUS Sketch Pad 250 ML,Sketch Pad 250 ML,5.21,82.01,427.27,TXN-B-000285,SOURCE_B
TXN-B-000286-L572,TXN-B-000286,PRD-0096,PC-NEX0096,2000000009605,NEXUS Lotion 1 KG,Lotion 1 KG,1.12,25.67,28.75,TXN-B-000286,SOURCE_B
TXN-B-000287-L574,TXN-B-000287,PRD-0116,PC-AUR0116,2000000011608,AURORA Can Opener 500 MG,Can Opener 500 MG,7.74,80.59,623.77,TXN-B-000287,SOURCE_B
TXN-B-000288-L576,TXN-B-000288,PRD-0129,PC-NEX0129,2000000012902,NEXUS Colored Pencil Set 750 ML,Colored Pencil Set 750 ML,5.64,94.86,535.01,TXN-B-000288,SOURCE_B
TXN-B-000289-L578,TXN-B-000289,PRD-0073,PC-ZEN0073,2000000007304,ZENITH Hand Soap 250 MG,Hand Soap 250 MG,7.14,22.6,161.36,TXN-B-000289,SOURCE_B
TXN-B-000290-L580,TXN-B-000290,PRD-0012,PC-NEX0012,2000000001203,NEXUS Laundry Detergent 3 V,Laundry Detergent 3 V,2.37,22.27,52.78,TXN-B-000290,SOURCE_B
TXN-B-000291-L582,TXN-B-000291,PRD-0024,PC-NEX0024,2000000002408,NEXUS Floor Polish 100 MG,Floor Polish 100 MG,5.73,75.71,433.82,TXN-B-000291,SOURCE_B
TXN-B-000292-L584,TXN-B-000292,PRD-0086,PC-AUR0086,2000000008608,AURORA Deodorant 500 G,Deodorant 500 G,9.88,52.31,516.82,TXN-B-000292,SOURCE_B
TXN-B-000293-L586,TXN-B-000293,PRD-0006,PC-NEX0006,2000000000602,NEXUS Glass Spray 9 V,Glass Spray 9 V,9.94,84.09,835.85,TXN-B-000293,SOURCE_B
TXN-B-000294-L588,TXN-B-000294,PRD-0069,PC-NEX0069,2000000006901,NEXUS HDMI Cable 1.5 L,HDMI Cable 1.5 L,9.02,45.41,409.6,TXN-B-000294,SOURCE_B
TXN-B-000295-L590,TXN-B-000295,PRD-0116,PC-AUR0116,2000000011608,AURORA Can Opener 500 MG,Can Opener 500 MG,9.88,80.59,796.23,TXN-B-000295,SOURCE_B
TXN-B-000296-L592,TXN-B-000296,PRD-0116,PC-AUR0116,2000000011608,AURORA Can Opener 500 MG,Can Opener 500 MG,7.98,80.59,643.11,TXN-B-000296,SOURCE_B
TXN-B-000297-L594,TXN-B-000297,PRD-0095,PC-AUR0095,2000000009506,AURORA Lotion 1 KG,Lotion 1 KG,1.27,117.25,148.91,TXN-B-000297,SOURCE_B
TXN-B-000298-L596,TXN-B-000298,PRD-0146,PC-AUR0146,2000000014609,AURORA Screwdriver Set 500 ML,Screwdriver Set 500 ML,9.34,91.46,854.24,TXN-B-000298,SOURCE_B
TXN-B-000299-L598,TXN-B-000299,PRD-0146,PC-AUR0146,2000000014609,AURORA Screwdriver Set 500 ML,Screwdriver Set 500 ML,3.31,91.46,302.73,TXN-B-000299,SOURCE_B
TXN-B-000300-L600,TXN-B-000300,PRD-0142,PC-ZEN0142,2000000014203,ZENITH Marker Set 750 ML,Marker Set 750 ML,8.43,33.77,284.68,TXN-B-000300,SOURCE_B
TXN-B-000301-L602,TXN-B-000301,PRD-0089,PC-AUR0089,2000000008905,AURORA Face Cream 500 ML,Face Cream 500 ML,3.13,50.06,156.69,TXN-B-000301,SOURCE_B
TXN-B-000302-L604,TXN-B-000302,PRD-0099,PC-NEX0099,2000000009902,NEXUS Cutting Board 500 ML,Cutting Board 500 ML,6.17,112.85,696.28,TXN-B-000302,SOURCE_B
TXN-B-000303-L606,TXN-B-000303,PRD-0126,PC-NEX0126,2000000012605,NEXUS Sketch Pad 250 ML,Sketch Pad 250 ML,9.15,82.01,750.39,TXN-B-000303,SOURCE_B
TXN-B-000304-L608,TXN-B-000304,PRD-0021,PC-NEX0021,2000000002101,NEXUS Air Freshener 30 CM,Air Freshener 30 CM,1.46,13.9,20.29,TXN-B-000304,SOURCE_B
TXN-B-000305-L610,TXN-B-000305,PRD-0076,PC-ZEN0076,2000000007601,ZENITH Shampoo 200 G,Shampoo 200 G,5.35,12.26,65.59,TXN-B-000305,SOURCE_B
TXN-B-000306-L612,TXN-B-000306,PRD-0057,PC-NEX0057,2000000005706,NEXUS Phone Case 1 L,Phone Case 1 L,6.57,31.73,208.47,TXN-B-000306,SOURCE_B
TXN-B-000307-L614,TXN-B-000307,PRD-0081,PC-NEX0081,2000000008103,NEXUS Body Wash 500 G,Body Wash 500 G,8.07,56.38,454.99,TXN-B-000307,SOURCE_B
TXN-B-000308-L616,TXN-B-000308,PRD-0116,PC-AUR0116,2000000011608,AURORA Can Opener 500 MG,Can Opener 500 MG,9.71,80.59,782.53,TXN-B-000308,SOURCE_B
TXN-B-000309-L618,TXN-B-000309,PRD-0047,PC-AUR0047,2000000004709,AURORA Tape Dispenser 45 CM,Tape Dispenser 45 CM,7.23,2.08,15.04,TXN-B-000309,SOURCE_B
TXN-B-000310-L620,TXN-B-000310,PRD-0145,PC-ZEN0145,2000000014500,ZENITH Screwdriver Set 10 W,Screwdriver Set 10 W,7.74,31.94,247.22,TXN-B-000310,SOURCE_B
TXN-B-000311-L622,TXN-B-000311,PRD-0074,PC-AUR0074,2000000007403,AURORA Hand Soap 1.5 V,Hand Soap 1.5 V,2.24,72.37,162.11,TXN-B-000311,SOURCE_B
TXN-B-000312-L624,TXN-B-000312,PRD-0046,PC-ZEN0046,2000000004600,ZENITH Tape Dispenser 250 ML,Tape Dispenser 250 ML,4.43,27.78,123.07,TXN-B-000312,SOURCE_B
TXN-B-000313-L626,TXN-B-000313,PRD-0056,PC-AUR0056,2000000005607,AURORA Phone Case 20 W,Phone Case 20 W,8.41,16.68,140.28,TXN-B-000313,SOURCE_B
TXN-B-000314-L628,TXN-B-000314,PRD-0115,PC-ZEN0115,2000000011509,ZENITH Can Opener 2000 MAH,Can Opener 2000 MAH,3.44,64.41,221.57,TXN-B-000314,SOURCE_B
TXN-B-000315-L630,TXN-B-000315,PRD-0138,PC-NEX0138,2000000013800,NEXUS Scissors 500 MG,Scissors 500 MG,7.77,96.35,748.64,TXN-B-000315,SOURCE_B
TXN-B-000316-L632,TXN-B-000316,PRD-0076,PC-ZEN0076,2000000007601,ZENITH Shampoo 200 G,Shampoo 200 G,6.22,12.26,76.26,TXN-B-000316,SOURCE_B
TXN-B-000317-L634,TXN-B-000317,PRD-0037,PC-ZEN0037,2000000003702,ZENITH Desk Organizer 5 W,Desk Organizer 5 W,2.98,11.53,34.36,TXN-B-000317,SOURCE_B
TXN-B-000318-L636,TXN-B-000318,PRD-0004,PC-ZEN0004,2000000000404,ZENITH Glass Spray 750 ML,Glass Spray 750 ML,4.21,100.37,422.56,TXN-B-000318,SOURCE_B
TXN-B-000319-L638,TXN-B-000319,PRD-0110,PC-AUR0110,2000000011004,AURORA Storage Container 5 W,Storage Container 5 W,6.95,44.62,310.11,TXN-B-000319,SOURCE_B
TXN-B-000320-L640,TXN-B-000320,PRD-0072,PC-NEX0072,2000000007205,NEXUS Mouse Pad 100 G,Mouse Pad 100 G,1.47,43.98,64.65,TXN-B-000320,SOURCE_B
TXN-B-000321-L642,TXN-B-000321,PRD-0128,PC-AUR0128,2000000012803,AURORA Colored Pencil Set 5 W,Colored Pencil Set 5 W,5.05,24.7,124.73,TXN-B-000321,SOURCE_B
TXN-B-000322-L644,TXN-B-000322,PRD-0144,PC-NEX0144,2000000014401,NEXUS Marker Set 250 ML,Marker Set 250 ML,7.05,40.05,282.35,TXN-B-000322,SOURCE_B
TXN-B-000323-L646,TXN-B-000323,PRD-0032,PC-AUR0032,2000000003207,AURORA Binder Clip Box 3 V,Binder Clip Box 3 V,4.74,78.97,374.32,TXN-B-000323,SOURCE_B
TXN-B-000324-L648,TXN-B-000324,PRD-0005,PC-AUR0005,2000000000503,AURORA Glass Spray 500 G,Glass Spray 500 G,3.21,111.21,356.98,TXN-B-000324,SOURCE_B
TXN-B-000325-L650,TXN-B-000325,PRD-0108,PC-NEX0108,2000000010809,NEXUS Spatula Set 500 MG,Spatula Set 500 MG,4.95,103.62,512.92,TXN-B-000325,SOURCE_B
TXN-B-000326-L652,TXN-B-000326,PRD-0041,PC-AUR0041,2000000004105,AURORA File Folder Pack 9 V,File Folder Pack 9 V,6.89,59.18,407.75,TXN-B-000326,SOURCE_B
TXN-B-000327-L654,TXN-B-000327,PRD-0086,PC-AUR0086,2000000008608,AURORA Deodorant 500 G,Deodorant 500 G,9.89,52.31,517.35,TXN-B-000327,SOURCE_B
TXN-B-000328-L656,TXN-B-000328,PRD-0019,PC-ZEN0019,2000000001906,ZENITH Air Freshener 45 CM,Air Freshener 45 CM,6.55,38.75,253.81,TXN-B-000328,SOURCE_B
TXN-B-000329-L658,TXN-B-000329,PRD-0053,PC-AUR0053,2000000005300,AURORA Power Adapter 1 L,Power Adapter 1 L,4.46,43.8,195.35,TXN-B-000329,SOURCE_B
TXN-B-000330-L660,TXN-B-000330,PRD-0147,PC-NEX0147,2000000014708,NEXUS Screwdriver Set 100 MG,Screwdriver Set 100 MG,2.31,60.33,139.36,TXN-B-000330,SOURCE_B
TXN-B-000331-L662,TXN-B-000331,PRD-0102,PC-NEX0102,2000000010205,NEXUS Mixing Bowl Set 15 W,Mixing Bowl Set 15 W,3.83,58.6,224.44,TXN-B-000331,SOURCE_B
TXN-B-000332-L664,TXN-B-000332,PRD-0083,PC-AUR0083,2000000008301,AURORA Toothpaste 3 V,Toothpaste 3 V,8.33,47.14,392.68,TXN-B-000332,SOURCE_B
TXN-B-000333-L666,TXN-B-000333,PRD-0012,PC-NEX0012,2000000001203,NEXUS Laundry Detergent 3 V,Laundry Detergent 3 V,9.37,22.27,208.67,TXN-B-000333,SOURCE_B
TXN-B-000334-L668,TXN-B-000334,PRD-0033,PC-NEX0033,2000000003306,NEXUS Binder Clip Box 45 CM,Binder Clip Box 45 CM,5.8,21.96,127.37,TXN-B-000334,SOURCE_B
TXN-B-000335-L670,TXN-B-000335,PRD-0043,PC-ZEN0043,2000000004303,ZENITH Whiteboard Marker 20 W,Whiteboard Marker 20 W,8.28,56.59,468.57,TXN-B-000335,SOURCE_B
TXN-B-000336-L672,TXN-B-000336,PRD-0084,PC-NEX0084,2000000008400,NEXUS Toothpaste 15 W,Toothpaste 15 W,3.51,33.06,116.04,TXN-B-000336,SOURCE_B
TXN-B-000337-L674,TXN-B-000337,PRD-0115,PC-ZEN0115,2000000011509,ZENITH Can Opener 2000 MAH,Can Opener 2000 MAH,2.6,64.41,167.47,TXN-B-000337,SOURCE_B
TXN-B-000338-L676,TXN-B-000338,PRD-0113,PC-AUR0113,2000000011301,AURORA Kitchen Towel 20 W,Kitchen Towel 20 W,9.24,71.36,659.37,TXN-B-000338,SOURCE_B
TXN-B-000339-L678,TXN-B-000339,PRD-0147,PC-NEX0147,2000000014708,NEXUS Screwdriver Set 100 MG,Screwdriver Set 100 MG,9.23,60.33,556.85,TXN-B-000339,SOURCE_B
TXN-B-000340-L680,TXN-B-000340,PRD-0089,PC-AUR0089,2000000008905,AURORA Face Cream 500 ML,Face Cream 500 ML,3.44,50.06,172.21,TXN-B-000340,SOURCE_B
TXN-B-000341-L682,TXN-B-000341,PRD-0145,PC-ZEN0145,2000000014500,ZENITH Screwdriver Set 10 W,Screwdriver Set 10 W,8.37,31.94,267.34,TXN-B-000341,SOURCE_B
TXN-B-000342-L684,TXN-B-000342,PRD-0084,PC-NEX0084,2000000008400,NEXUS Toothpaste 15 W,Toothpaste 15 W,6.93,33.06,229.11,TXN-B-000342,SOURCE_B
TXN-B-000343-L686,TXN-B-000343,PRD-0126,PC-NEX0126,2000000012605,NEXUS Sketch Pad 250 ML,Sketch Pad 250 ML,2.63,82.01,215.69,TXN-B-000343,SOURCE_B
TXN-B-000344-L688,TXN-B-000344,PRD-0028,PC-ZEN0028,2000000002804,ZENITH Highlighter Set 500 ML,Highlighter Set 500 ML,7.63,113.36,864.94,TXN-B-000344,SOURCE_B
TXN-B-000345-L690,TXN-B-000345,PRD-0005,PC-AUR0005,2000000000503,AURORA Glass Spray 500 G,Glass Spray 500 G,4.77,111.21,530.47,TXN-B-000345,SOURCE_B
TXN-B-000346-L692,TXN-B-000346,PRD-0109,PC-ZEN0109,2000000010908,ZENITH Storage Container 20 W,Storage Container 20 W,3.65,89.13,325.32,TXN-B-000346,SOURCE_B
TXN-B-000347-L694,TXN-B-000347,PRD-0003,PC-NEX0003,2000000000305,NEXUS All Purpose Cleaner 250 ML,All Purpose Cleaner 250 ML,9.14,116.68,1066.46,TXN-B-000347,SOURCE_B
TXN-B-000348-L696,TXN-B-000348,PRD-0029,PC-AUR0029,2000000002903,AURORA Highlighter Set 9 V,Highlighter Set 9 V,7.28,26.14,190.3,TXN-B-000348,SOURCE_B
TXN-B-000349-L698,TXN-B-000349,PRD-0019,PC-ZEN0019,2000000001906,ZENITH Air Freshener 45 CM,Air Freshener 45 CM,2.97,38.75,115.09,TXN-B-000349,SOURCE_B
TXN-B-000350-L700,TXN-B-000350,PRD-0022,PC-ZEN0022,2000000002200,ZENITH Floor Polish 2000 MAH,Floor Polish 2000 MAH,9.11,5.92,53.93,TXN-B-000350,SOURCE_B
TXN-B-000351-L702,TXN-B-000351,PRD-0147,PC-NEX0147,2000000014708,NEXUS Screwdriver Set 100 MG,Screwdriver Set 100 MG,8.53,60.33,514.61,TXN-B-000351,SOURCE_B
TXN-B-000352-L704,TXN-B-000352,PRD-0137,PC-AUR0137,2000000013701,AURORA Scissors 100 MG,Scissors 100 MG,7.19,94.03,676.08,TXN-B-000352,SOURCE_B
TXN-B-000353-L706,TXN-B-000353,PRD-0098,PC-AUR0098,2000000009803,AURORA Cutting Board 10 IN,Cutting Board 10 IN,7.31,17.09,124.93,TXN-B-000353,SOURCE_B
TXN-B-000354-L708,TXN-B-000354,PRD-0090,PC-NEX0090,2000000009001,NEXUS Face Cream 100 MG,Face Cream 100 MG,2.44,20.0,48.8,TXN-B-000354,SOURCE_B
TXN-B-000355-L710,TXN-B-000355,PRD-0110,PC-AUR0110,2000000011004,AURORA Storage Container 5 W,Storage Container 5 W,9.19,44.62,410.06,TXN-B-000355,SOURCE_B
TXN-B-000356-L712,TXN-B-000356,PRD-0063,PC-NEX0063,2000000006307,NEXUS Battery Pack 10 W,Battery Pack 10 W,6.02,96.31,579.79,TXN-B-000356,SOURCE_B
TXN-B-000357-L714,TXN-B-000357,PRD-0104,PC-AUR0104,2000000010403,AURORA Measuring Cup 10000 MAH,Measuring Cup 10000 MAH,3.44,68.42,235.36,TXN-B-000357,SOURCE_B
TXN-B-000358-L716,TXN-B-000358,PRD-0083,PC-AUR0083,2000000008301,AURORA Toothpaste 3 V,Toothpaste 3 V,3.73,47.14,175.83,TXN-B-000358,SOURCE_B
TXN-B-000359-L718,TXN-B-000359,PRD-0030,PC-NEX0030,2000000003009,NEXUS Highlighter Set 12 IN,Highlighter Set 12 IN,2.63,69.53,182.86,TXN-B-000359,SOURCE_B
TXN-B-000360-L720,TXN-B-000360,PRD-0075,PC-NEX0075,2000000007502,NEXUS Hand Soap 10000 MAH,Hand Soap 10000 MAH,7.02,69.45,487.54,TXN-B-000360,SOURCE_B
TXN-B-000361-L722,TXN-B-000361,PRD-0111,PC-NEX0111,2000000011103,NEXUS Storage Container 500 G,Storage Container 500 G,8.42,61.14,514.8,TXN-B-000361,SOURCE_B
TXN-B-000362-L724,TXN-B-000362,PRD-0114,PC-NEX0114,2000000011400,NEXUS Kitchen Towel 10 W,Kitchen Towel 10 W,3.84,24.94,95.77,TXN-B-000362,SOURCE_B
TXN-B-000363-L726,TXN-B-000363,PRD-0016,PC-ZEN0016,2000000001609,ZENITH Surface Wipes 60 CM,Surface Wipes 60 CM,7.48,58.14,434.89,TXN-B-000363,SOURCE_B
TXN-B-000364-L728,TXN-B-000364,PRD-0100,PC-ZEN0100,2000000010007,ZENITH Mixing Bowl Set 250 ML,Mixing Bowl Set 250 ML,6.83,63.15,431.31,TXN-B-000364,SOURCE_B
TXN-B-000365-L730,TXN-B-000365,PRD-0133,PC-ZEN0133,2000000013305,ZENITH Glue Stick 250 MG,Glue Stick 250 MG,9.94,31.89,316.99,TXN-B-000365,SOURCE_B
TXN-B-000366-L732,TXN-B-000366,PRD-0131,PC-AUR0131,2000000013107,AURORA Ruler Set 60 CM,Ruler Set 60 CM,5.87,15.08,88.52,TXN-B-000366,SOURCE_B
TXN-B-000367-L734,TXN-B-000367,PRD-0122,PC-AUR0122,2000000012209,AURORA Notebook 5000 MAH,Notebook 5000 MAH,5.27,31.9,168.11,TXN-B-000367,SOURCE_B
TXN-B-000368-L736,TXN-B-000368,PRD-0101,PC-AUR0101,2000000010106,AURORA Mixing Bowl Set 100 MG,Mixing Bowl Set 100 MG,2.0,113.58,227.16,TXN-B-000368,SOURCE_B
TXN-B-000369-L738,TXN-B-000369,PRD-0062,PC-AUR0062,2000000006208,AURORA Battery Pack 2000 MAH,Battery Pack 2000 MAH,2.26,70.05,158.31,TXN-B-000369,SOURCE_B
TXN-B-000370-L740,TXN-B-000370,PRD-0114,PC-NEX0114,2000000011400,NEXUS Kitchen Towel 10 W,Kitchen Towel 10 W,7.15,24.94,178.32,TXN-B-000370,SOURCE_B
TXN-B-000371-L742,TXN-B-000371,PRD-0077,PC-AUR0077,2000000007700,AURORA Shampoo 1 KG,Shampoo 1 KG,1.03,106.6,109.8,TXN-B-000371,SOURCE_B
TXN-B-000372-L744,TXN-B-000372,PRD-0134,PC-AUR0134,2000000013404,AURORA Glue Stick 9 V,Glue Stick 9 V,9.47,77.67,735.53,TXN-B-000372,SOURCE_B
TXN-B-000373-L746,TXN-B-000373,PRD-0029,PC-AUR0029,2000000002903,AURORA Highlighter Set 9 V,Highlighter Set 9 V,6.8,26.14,177.75,TXN-B-000373,SOURCE_B
TXN-B-000374-L748,TXN-B-000374,PRD-0073,PC-ZEN0073,2000000007304,ZENITH Hand Soap 250 MG,Hand Soap 250 MG,8.78,22.6,198.43,TXN-B-000374,SOURCE_B
TXN-B-000375-L750,TXN-B-000375,PRD-0105,PC-NEX0105,2000000010502,NEXUS Measuring Cup 100 G,Measuring Cup 100 G,5.43,109.25,593.23,TXN-B-000375,SOURCE_B
TXN-B-000376-L752,TXN-B-000376,PRD-0096,PC-NEX0096,2000000009605,NEXUS Lotion 1 KG,Lotion 1 KG,5.32,25.67,136.56,TXN-B-000376,SOURCE_B
TXN-B-000377-L754,TXN-B-000377,PRD-0135,PC-NEX0135,2000000013503,NEXUS Glue Stick 5000 MAH,Glue Stick 5000 MAH,3.57,27.9,99.6,TXN-B-000377,SOURCE_B
TXN-B-000378-L756,TXN-B-000378,PRD-0097,PC-ZEN0097,2000000009704,ZENITH Cutting Board 5 W,Cutting Board 5 W,8.57,15.99,137.03,TXN-B-000378,SOURCE_B
TXN-B-000379-L758,TXN-B-000379,PRD-0112,PC-ZEN0112,2000000011202,ZENITH Kitchen Towel 30 CM,Kitchen Towel 30 CM,2.7,100.54,271.46,TXN-B-000379,SOURCE_B
TXN-B-000380-L760,TXN-B-000380,PRD-0027,PC-NEX0027,2000000002705,NEXUS Ballpoint Pen 500 ML,Ballpoint Pen 500 ML,9.97,49.53,493.81,TXN-B-000380,SOURCE_B
TXN-B-000381-L762,TXN-B-000381,PRD-0146,PC-AUR0146,2000000014609,AURORA Screwdriver Set 500 ML,Screwdriver Set 500 ML,2.42,91.46,221.33,TXN-B-000381,SOURCE_B
TXN-B-000382-L764,TXN-B-000382,PRD-0104,PC-AUR0104,2000000010403,AURORA Measuring Cup 10000 MAH,Measuring Cup 10000 MAH,5.06,68.42,346.21,TXN-B-000382,SOURCE_B
TXN-B-000383-L766,TXN-B-000383,PRD-0077,PC-AUR0077,2000000007700,AURORA Shampoo 1 KG,Shampoo 1 KG,4.62,106.6,492.49,TXN-B-000383,SOURCE_B
TXN-B-000384-L768,TXN-B-000384,PRD-0065,PC-AUR0065,2000000006505,AURORA Charging Dock 3 V,Charging Dock 3 V,5.08,17.05,86.61,TXN-B-000384,SOURCE_B
TXN-B-000385-L770,TXN-B-000385,PRD-0089,PC-AUR0089,2000000008905,AURORA Face Cream 500 ML,Face Cream 500 ML,7.14,50.06,357.43,TXN-B-000385,SOURCE_B
TXN-B-000386-L772,TXN-B-000386,PRD-0136,PC-ZEN0136,2000000013602,ZENITH Scissors 3 V,Scissors 3 V,2.05,71.22,146.0,TXN-B-000386,SOURCE_B
TXN-B-000387-L774,TXN-B-000387,PRD-0001,PC-ZEN0001,2000000000107,ZENITH All Purpose Cleaner 10 IN,All Purpose Cleaner 10 IN,1.93,34.59,66.76,TXN-B-000387,SOURCE_B
TXN-B-000388-L776,TXN-B-000388,PRD-0019,PC-ZEN0019,2000000001906,ZENITH Air Freshener 45 CM,Air Freshener 45 CM,4.32,38.75,167.4,TXN-B-000388,SOURCE_B
TXN-B-000389-L778,TXN-B-000389,PRD-0012,PC-NEX0012,2000000001203,NEXUS Laundry Detergent 3 V,Laundry Detergent 3 V,9.33,22.27,207.78,TXN-B-000389,SOURCE_B
TXN-B-000390-L780,TXN-B-000390,PRD-0035,PC-AUR0035,2000000003504,AURORA Stapler 10 W,Stapler 10 W,7.05,17.34,122.25,TXN-B-000390,SOURCE_B
TXN-B-000391-L782,TXN-B-000391,PRD-0124,PC-ZEN0124,2000000012407,ZENITH Sketch Pad 500 MG,Sketch Pad 500 MG,5.29,47.5,251.28,TXN-B-000391,SOURCE_B
TXN-B-000392-L784,TXN-B-000392,PRD-0112,PC-ZEN0112,2000000011202,ZENITH Kitchen Towel 30 CM,Kitchen Towel 30 CM,6.52,100.54,655.52,TXN-B-000392,SOURCE_B
TXN-B-000393-L786,TXN-B-000393,PRD-0041,PC-AUR0041,2000000004105,AURORA File Folder Pack 9 V,File Folder Pack 9 V,6.77,59.18,400.65,TXN-B-000393,SOURCE_B
TXN-B-000394-L788,TXN-B-000394,PRD-0110,PC-AUR0110,2000000011004,AURORA Storage Container 5 W,Storage Container 5 W,4.73,44.62,211.05,TXN-B-000394,SOURCE_B
TXN-B-000395-L790,TXN-B-000395,PRD-0137,PC-AUR0137,2000000013701,AURORA Scissors 100 MG,Scissors 100 MG,2.8,94.03,263.28,TXN-B-000395,SOURCE_B
TXN-B-000396-L792,TXN-B-000396,PRD-0011,PC-AUR0011,2000000001104,AURORA Laundry Detergent 2000 MAH,Laundry Detergent 2000 MAH,4.78,97.97,468.3,TXN-B-000396,SOURCE_B
TXN-B-000397-L794,TXN-B-000397,PRD-0107,PC-AUR0107,2000000010700,AURORA Spatula Set 9 V,Spatula Set 9 V,1.35,5.81,7.84,TXN-B-000397,SOURCE_B
TXN-B-000398-L796,TXN-B-000398,PRD-0133,PC-ZEN0133,2000000013305,ZENITH Glue Stick 250 MG,Glue Stick 250 MG,6.17,31.89,196.76,TXN-B-000398,SOURCE_B
TXN-B-000399-L798,TXN-B-000399,PRD-0002,PC-AUR0002,2000000000206,AURORA All Purpose Cleaner 30 CM,All Purpose Cleaner 30 CM,9.0,44.72,402.48,TXN-B-000399,SOURCE_B
TXN-B-000400-L800,TXN-B-000400,PRD-0015,PC-NEX0015,2000000001500,NEXUS Fabric Softener 200 G,Fabric Softener 200 G,5.4,47.38,255.85,TXN-B-000400,SOURCE_B
TXN-B-000401-L802,TXN-B-000401,PRD-0044,PC-AUR0044,2000000004402,AURORA Whiteboard Marker 12 IN,Whiteboard Marker 12 IN,9.18,38.93,357.38,TXN-B-000401,SOURCE_B
TXN-B-000402-L804,TXN-B-000402,PRD-0055,PC-ZEN0055,2000000005508,ZENITH Phone Case 250 MG,Phone Case 250 MG,5.91,52.62,310.98,TXN-B-000402,SOURCE_B
TXN-B-000403-L806,TXN-B-000403,PRD-0091,PC-ZEN0091,2000000009100,ZENITH Hair Gel 1.5 L,Hair Gel 1.5 L,2.22,87.74,194.78,TXN-B-000403,SOURCE_B
TXN-B-000404-L808,TXN-B-000404,PRD-0102,PC-NEX0102,2000000010205,NEXUS Mixing Bowl Set 15 W,Mixing Bowl Set 15 W,5.04,58.6,295.34,TXN-B-000404,SOURCE_B
TXN-B-000405-L810,TXN-B-000405,PRD-0045,PC-NEX0045,2000000004501,NEXUS Whiteboard Marker 45 CM,Whiteboard Marker 45 CM,7.74,29.55,228.72,TXN-B-000405,SOURCE_B
TXN-B-000406-L812,TXN-B-000406,PRD-0034,PC-ZEN0034,2000000003405,ZENITH Stapler 100 MG,Stapler 100 MG,4.45,79.94,355.73,TXN-B-000406,SOURCE_B
TXN-B-000407-L814,TXN-B-000407,PRD-0141,PC-NEX0141,2000000014104,NEXUS Eraser Pack 3 V,Eraser Pack 3 V,5.7,34.77,198.19,TXN-B-000407,SOURCE_B
TXN-B-000408-L816,TXN-B-000408,PRD-0047,PC-AUR0047,2000000004709,AURORA Tape Dispenser 45 CM,Tape Dispenser 45 CM,6.88,2.08,14.31,TXN-B-000408,SOURCE_B
TXN-B-000409-L818,TXN-B-000409,PRD-0116,PC-AUR0116,2000000011608,AURORA Can Opener 500 MG,Can Opener 500 MG,6.79,80.59,547.21,TXN-B-000409,SOURCE_B
TXN-B-000410-L820,TXN-B-000410,PRD-0068,PC-AUR0068,2000000006802,AURORA HDMI Cable 10000 MAH,HDMI Cable 10000 MAH,4.87,38.83,189.1,TXN-B-000410,SOURCE_B
TXN-B-000411-L822,TXN-B-000411,PRD-0115,PC-ZEN0115,2000000011509,ZENITH Can Opener 2000 MAH,Can Opener 2000 MAH,6.93,64.41,446.36,TXN-B-000411,SOURCE_B
TXN-B-000412-L824,TXN-B-000412,PRD-0043,PC-ZEN0043,2000000004303,ZENITH Whiteboard Marker 20 W,Whiteboard Marker 20 W,8.19,56.59,463.47,TXN-B-000412,SOURCE_B
TXN-B-000413-L826,TXN-B-000413,PRD-0059,PC-AUR0059,2000000005904,AURORA Screen Protector 45 CM,Screen Protector 45 CM,1.47,61.8,90.85,TXN-B-000413,SOURCE_B
TXN-B-000414-L828,TXN-B-000414,PRD-0067,PC-ZEN0067,2000000006703,ZENITH HDMI Cable 1 KG,HDMI Cable 1 KG,5.84,57.46,335.57,TXN-B-000414,SOURCE_B
TXN-B-000415-L830,TXN-B-000415,PRD-0097,PC-ZEN0097,2000000009704,ZENITH Cutting Board 5 W,Cutting Board 5 W,8.2,15.99,131.12,TXN-B-000415,SOURCE_B
TXN-B-000416-L832,TXN-B-000416,PRD-0114,PC-NEX0114,2000000011400,NEXUS Kitchen Towel 10 W,Kitchen Towel 10 W,5.79,24.94,144.4,TXN-B-000416,SOURCE_B
TXN-B-000417-L834,TXN-B-000417,PRD-0111,PC-NEX0111,2000000011103,NEXUS Storage Container 500 G,Storage Container 500 G,6.86,61.14,419.42,TXN-B-000417,SOURCE_B
TXN-B-000418-L836,TXN-B-000418,PRD-0095,PC-AUR0095,2000000009506,AURORA Lotion 1 KG,Lotion 1 KG,5.19,117.25,608.53,TXN-B-000418,SOURCE_B
TXN-B-000419-L838,TXN-B-000419,PRD-0004,PC-ZEN0004,2000000000404,ZENITH Glass Spray 750 ML,Glass Spray 750 ML,2.14,100.37,214.79,TXN-B-000419,SOURCE_B
TXN-B-000420-L840,TXN-B-000420,PRD-0069,PC-NEX0069,2000000006901,NEXUS HDMI Cable 1.5 L,HDMI Cable 1.5 L,6.87,45.41,311.97,TXN-B-000420,SOURCE_B
TXN-B-000421-L842,TXN-B-000421,PRD-0047,PC-AUR0047,2000000004709,AURORA Tape Dispenser 45 CM,Tape Dispenser 45 CM,5.35,2.08,11.13,TXN-B-000421,SOURCE_B
TXN-B-000422-L844,TXN-B-000422,PRD-0127,PC-ZEN0127,2000000012704,ZENITH Colored Pencil Set 50 G,Colored Pencil Set 50 G,5.76,57.94,333.73,TXN-B-000422,SOURCE_B
TXN-B-000423-L846,TXN-B-000423,PRD-0136,PC-ZEN0136,2000000013602,ZENITH Scissors 3 V,Scissors 3 V,8.85,71.22,630.3,TXN-B-000423,SOURCE_B
TXN-B-000424-L848,TXN-B-000424,PRD-0107,PC-AUR0107,2000000010700,AURORA Spatula Set 9 V,Spatula Set 9 V,3.31,5.81,19.23,TXN-B-000424,SOURCE_B
TXN-B-000425-L850,TXN-B-000425,PRD-0087,PC-NEX0087,2000000008707,NEXUS Deodorant 9 V,Deodorant 9 V,5.54,116.64,646.19,TXN-B-000425,SOURCE_B
TXN-B-000426-L852,TXN-B-000426,PRD-0018,PC-NEX0018,2000000001807,NEXUS Surface Wipes 500 MG,Surface Wipes 500 MG,6.49,39.31,255.12,TXN-B-000426,SOURCE_B
TXN-B-000427-L854,TXN-B-000427,PRD-0073,PC-ZEN0073,2000000007304,ZENITH Hand Soap 250 MG,Hand Soap 250 MG,7.38,22.6,166.79,TXN-B-000427,SOURCE_B
TXN-B-000428-L856,TXN-B-000428,PRD-0101,PC-AUR0101,2000000010106,AURORA Mixing Bowl Set 100 MG,Mixing Bowl Set 100 MG,7.88,113.58,895.01,TXN-B-000428,SOURCE_B
TXN-B-000429-L858,TXN-B-000429,PRD-0101,PC-AUR0101,2000000010106,AURORA Mixing Bowl Set 100 MG,Mixing Bowl Set 100 MG,1.34,113.58,152.2,TXN-B-000429,SOURCE_B
TXN-B-000430-L860,TXN-B-000430,PRD-0129,PC-NEX0129,2000000012902,NEXUS Colored Pencil Set 750 ML,Colored Pencil Set 750 ML,5.93,94.86,562.52,TXN-B-000430,SOURCE_B
TXN-B-000431-L862,TXN-B-000431,PRD-0057,PC-NEX0057,2000000005706,NEXUS Phone Case 1 L,Phone Case 1 L,3.7,31.73,117.4,TXN-B-000431,SOURCE_B
TXN-B-000432-L864,TXN-B-000432,PRD-0008,PC-AUR0008,2000000000800,AURORA Dish Liquid 10000 MAH,Dish Liquid 10000 MAH,5.58,111.86,624.18,TXN-B-000432,SOURCE_B
TXN-B-000433-L866,TXN-B-000433,PRD-0060,PC-NEX0060,2000000006000,NEXUS Screen Protector 10 IN,Screen Protector 10 IN,3.76,85.32,320.8,TXN-B-000433,SOURCE_B
TXN-B-000434-L868,TXN-B-000434,PRD-0083,PC-AUR0083,2000000008301,AURORA Toothpaste 3 V,Toothpaste 3 V,6.24,47.14,294.15,TXN-B-000434,SOURCE_B
TXN-B-000435-L870,TXN-B-000435,PRD-0050,PC-AUR0050,2000000005003,AURORA USB Cable 10000 MAH,USB Cable 10000 MAH,3.23,3.09,9.98,TXN-B-000435,SOURCE_B
TXN-B-000436-L872,TXN-B-000436,PRD-0053,PC-AUR0053,2000000005300,AURORA Power Adapter 1 L,Power Adapter 1 L,8.49,43.8,371.86,TXN-B-000436,SOURCE_B
TXN-B-000437-L874,TXN-B-000437,PRD-0093,PC-NEX0093,2000000009308,NEXUS Hair Gel 10 W,Hair Gel 10 W,1.58,27.25,43.05,TXN-B-000437,SOURCE_B
TXN-B-000438-L876,TXN-B-000438,PRD-0054,PC-NEX0054,2000000005409,NEXUS Power Adapter 500 ML,Power Adapter 500 ML,3.7,16.51,61.09,TXN-B-000438,SOURCE_B
TXN-B-000439-L878,TXN-B-000439,PRD-0123,PC-NEX0123,2000000012308,NEXUS Notebook 3 V,Notebook 3 V,1.23,15.38,18.92,TXN-B-000439,SOURCE_B
TXN-B-000440-L880,TXN-B-000440,PRD-0082,PC-ZEN0082,2000000008202,ZENITH Toothpaste 500 MG,Toothpaste 500 MG,2.2,92.36,203.19,TXN-B-000440,SOURCE_B
TXN-B-000441-L882,TXN-B-000441,PRD-0032,PC-AUR0032,2000000003207,AURORA Binder Clip Box 3 V,Binder Clip Box 3 V,4.82,78.97,380.64,TXN-B-000441,SOURCE_B
TXN-B-000442-L884,TXN-B-000442,PRD-0134,PC-AUR0134,2000000013404,AURORA Glue Stick 9 V,Glue Stick 9 V,7.93,77.67,615.92,TXN-B-000442,SOURCE_B
TXN-B-000443-L886,TXN-B-000443,PRD-0129,PC-NEX0129,2000000012902,NEXUS Colored Pencil Set 750 ML,Colored Pencil Set 750 ML,9.43,94.86,894.53,TXN-B-000443,SOURCE_B
TXN-B-000444-L888,TXN-B-000444,PRD-0068,PC-AUR0068,2000000006802,AURORA HDMI Cable 10000 MAH,HDMI Cable 10000 MAH,2.85,38.83,110.67,TXN-B-000444,SOURCE_B
TXN-B-000445-L890,TXN-B-000445,PRD-0070,PC-ZEN0070,2000000007007,ZENITH Mouse Pad 200 G,Mouse Pad 200 G,7.45,113.79,847.74,TXN-B-000445,SOURCE_B
TXN-B-000446-L892,TXN-B-000446,PRD-0069,PC-NEX0069,2000000006901,NEXUS HDMI Cable 1.5 L,HDMI Cable 1.5 L,5.13,45.41,232.95,TXN-B-000446,SOURCE_B
TXN-B-000447-L894,TXN-B-000447,PRD-0143,PC-AUR0143,2000000014302,AURORA Marker Set 10 IN,Marker Set 10 IN,8.08,13.47,108.84,TXN-B-000447,SOURCE_B
TXN-B-000448-L896,TXN-B-000448,PRD-0034,PC-ZEN0034,2000000003405,ZENITH Stapler 100 MG,Stapler 100 MG,8.04,79.94,642.72,TXN-B-000448,SOURCE_B
TXN-B-000449-L898,TXN-B-000449,PRD-0099,PC-NEX0099,2000000009902,NEXUS Cutting Board 500 ML,Cutting Board 500 ML,4.41,112.85,497.67,TXN-B-000449,SOURCE_B
TXN-B-000450-L900,TXN-B-000450,PRD-0120,PC-NEX0120,2000000012001,NEXUS Peeler 30 CM,Peeler 30 CM,4.61,95.85,441.87,TXN-B-000450,SOURCE_B
TXN-B-000451-L902,TXN-B-000451,PRD-0138,PC-NEX0138,2000000013800,NEXUS Scissors 500 MG,Scissors 500 MG,8.19,96.35,789.11,TXN-B-000451,SOURCE_B
TXN-B-000452-L904,TXN-B-000452,PRD-0005,PC-AUR0005,2000000000503,AURORA Glass Spray 500 G,Glass Spray 500 G,2.57,111.21,285.81,TXN-B-000452,SOURCE_B
TXN-B-000453-L906,TXN-B-000453,PRD-0027,PC-NEX0027,2000000002705,NEXUS Ballpoint Pen 500 ML,Ballpoint Pen 500 ML,4.19,49.53,207.53,TXN-B-000453,SOURCE_B
TXN-B-000454-L908,TXN-B-000454,PRD-0120,PC-NEX0120,2000000012001,NEXUS Peeler 30 CM,Peeler 30 CM,6.26,95.85,600.02,TXN-B-000454,SOURCE_B
TXN-B-000455-L910,TXN-B-000455,PRD-0070,PC-ZEN0070,2000000007007,ZENITH Mouse Pad 200 G,Mouse Pad 200 G,8.0,113.79,910.32,TXN-B-000455,SOURCE_B
TXN-B-000456-L912,TXN-B-000456,PRD-0080,PC-AUR0080,2000000008004,AURORA Body Wash 500 MG,Body Wash 500 MG,1.96,11.65,22.83,TXN-B-000456,SOURCE_B
TXN-B-000457-L914,TXN-B-000457,PRD-0128,PC-AUR0128,2000000012803,AURORA Colored Pencil Set 5 W,Colored Pencil Set 5 W,9.0,24.7,222.3,TXN-B-000457,SOURCE_B
TXN-B-000458-L916,TXN-B-000458,PRD-0088,PC-ZEN0088,2000000008806,ZENITH Face Cream 30 CM,Face Cream 30 CM,4.84,2.66,12.87,TXN-B-000458,SOURCE_B
TXN-B-000459-L918,TXN-B-000459,PRD-0117,PC-NEX0117,2000000011707,NEXUS Can Opener 5 W,Can Opener 5 W,8.11,60.46,490.33,TXN-B-000459,SOURCE_B
TXN-B-000460-L920,TXN-B-000460,PRD-0033,PC-NEX0033,2000000003306,NEXUS Binder Clip Box 45 CM,Binder Clip Box 45 CM,5.48,21.96,120.34,TXN-B-000460,SOURCE_B
TXN-B-000461-L922,TXN-B-000461,PRD-0055,PC-ZEN0055,2000000005508,ZENITH Phone Case 250 MG,Phone Case 250 MG,8.27,52.62,435.17,TXN-B-000461,SOURCE_B
TXN-B-000462-L924,TXN-B-000462,PRD-0134,PC-AUR0134,2000000013404,AURORA Glue Stick 9 V,Glue Stick 9 V,3.52,77.67,273.4,TXN-B-000462,SOURCE_B
TXN-B-000463-L926,TXN-B-000463,PRD-0142,PC-ZEN0142,2000000014203,ZENITH Marker Set 750 ML,Marker Set 750 ML,5.23,33.77,176.62,TXN-B-000463,SOURCE_B
TXN-B-000464-L928,TXN-B-000464,PRD-0075,PC-NEX0075,2000000007502,NEXUS Hand Soap 10000 MAH,Hand Soap 10000 MAH,1.63,69.45,113.2,TXN-B-000464,SOURCE_B
TXN-B-000465-L930,TXN-B-000465,PRD-0087,PC-NEX0087,2000000008707,NEXUS Deodorant 9 V,Deodorant 9 V,6.39,116.64,745.33,TXN-B-000465,SOURCE_B
TXN-B-000466-L932,TXN-B-000466,PRD-0021,PC-NEX0021,2000000002101,NEXUS Air Freshener 30 CM,Air Freshener 30 CM,3.66,13.9,50.87,TXN-B-000466,SOURCE_B
TXN-B-000467-L934,TXN-B-000467,PRD-0063,PC-NEX0063,2000000006307,NEXUS Battery Pack 10 W,Battery Pack 10 W,8.59,96.31,827.3,TXN-B-000467,SOURCE_B
TXN-B-000468-L936,TXN-B-000468,PRD-0076,PC-ZEN0076,2000000007601,ZENITH Shampoo 200 G,Shampoo 200 G,3.32,12.26,40.7,TXN-B-000468,SOURCE_B
TXN-B-000469-L938,TXN-B-000469,PRD-0033,PC-NEX0033,2000000003306,NEXUS Binder Clip Box 45 CM,Binder Clip Box 45 CM,2.52,21.96,55.34,TXN-B-000469,SOURCE_B
TXN-B-000470-L940,TXN-B-000470,PRD-0129,PC-NEX0129,2000000012902,NEXUS Colored Pencil Set 750 ML,Colored Pencil Set 750 ML,8.5,94.86,806.31,TXN-B-000470,SOURCE_B
TXN-B-000471-L942,TXN-B-000471,PRD-0025,PC-ZEN0025,2000000002507,ZENITH Ballpoint Pen 1 KG,Ballpoint Pen 1 KG,1.78,37.08,66.0,TXN-B-000471,SOURCE_B
TXN-B-000472-L944,TXN-B-000472,PRD-0060,PC-NEX0060,2000000006000,NEXUS Screen Protector 10 IN,Screen Protector 10 IN,2.54,85.32,216.71,TXN-B-000472,SOURCE_B
TXN-B-000473-L946,TXN-B-000473,PRD-0128,PC-AUR0128,2000000012803,AURORA Colored Pencil Set 5 W,Colored Pencil Set 5 W,6.53,24.7,161.29,TXN-B-000473,SOURCE_B
TXN-B-000474-L948,TXN-B-000474,PRD-0083,PC-AUR0083,2000000008301,AURORA Toothpaste 3 V,Toothpaste 3 V,6.32,47.14,297.92,TXN-B-000474,SOURCE_B
TXN-B-000475-L950,TXN-B-000475,PRD-0084,PC-NEX0084,2000000008400,NEXUS Toothpaste 15 W,Toothpaste 15 W,6.89,33.06,227.78,TXN-B-000475,SOURCE_B
TXN-B-000476-L952,TXN-B-000476,PRD-0010,PC-ZEN0010,2000000001005,ZENITH Laundry Detergent 1.5 V,Laundry Detergent 1.5 V,3.75,25.3,94.88,TXN-B-000476,SOURCE_B
TXN-B-000477-L954,TXN-B-000477,PRD-0002,PC-AUR0002,2000000000206,AURORA All Purpose Cleaner 30 CM,All Purpose Cleaner 30 CM,5.58,44.72,249.54,TXN-B-000477,SOURCE_B
TXN-B-000478-L956,TXN-B-000478,PRD-0123,PC-NEX0123,2000000012308,NEXUS Notebook 3 V,Notebook 3 V,7.63,15.38,117.35,TXN-B-000478,SOURCE_B
TXN-B-000479-L958,TXN-B-000479,PRD-0006,PC-NEX0006,2000000000602,NEXUS Glass Spray 9 V,Glass Spray 9 V,7.74,84.09,650.86,TXN-B-000479,SOURCE_B
TXN-B-000480-L960,TXN-B-000480,PRD-0107,PC-AUR0107,2000000010700,AURORA Spatula Set 9 V,Spatula Set 9 V,1.22,5.81,7.09,TXN-B-000480,SOURCE_B
TXN-B-000481-L962,TXN-B-000481,PRD-0056,PC-AUR0056,2000000005607,AURORA Phone Case 20 W,Phone Case 20 W,3.42,16.68,57.05,TXN-B-000481,SOURCE_B
TXN-B-000482-L964,TXN-B-000482,PRD-0025,PC-ZEN0025,2000000002507,ZENITH Ballpoint Pen 1 KG,Ballpoint Pen 1 KG,3.39,37.08,125.7,TXN-B-000482,SOURCE_B
TXN-B-000483-L966,TXN-B-000483,PRD-0024,PC-NEX0024,2000000002408,NEXUS Floor Polish 100 MG,Floor Polish 100 MG,8.78,75.71,664.73,TXN-B-000483,SOURCE_B
TXN-B-000484-L968,TXN-B-000484,PRD-0104,PC-AUR0104,2000000010403,AURORA Measuring Cup 10000 MAH,Measuring Cup 10000 MAH,3.84,68.42,262.73,TXN-B-000484,SOURCE_B
TXN-B-000485-L970,TXN-B-000485,PRD-0142,PC-ZEN0142,2000000014203,ZENITH Marker Set 750 ML,Marker Set 750 ML,4.66,33.77,157.37,TXN-B-000485,SOURCE_B
TXN-B-000486-L972,TXN-B-000486,PRD-0110,PC-AUR0110,2000000011004,AURORA Storage Container 5 W,Storage Container 5 W,8.74,44.62,389.98,TXN-B-000486,SOURCE_B
TXN-B-000487-L974,TXN-B-000487,PRD-0139,PC-ZEN0139,2000000013909,ZENITH Eraser Pack 500 G,Eraser Pack 500 G,1.64,45.39,74.44,TXN-B-000487,SOURCE_B
TXN-B-000488-L976,TXN-B-000488,PRD-0032,PC-AUR0032,2000000003207,AURORA Binder Clip Box 3 V,Binder Clip Box 3 V,1.35,78.97,106.61,TXN-B-000488,SOURCE_B
TXN-B-000489-L978,TXN-B-000489,PRD-0089,PC-AUR0089,2000000008905,AURORA Face Cream 500 ML,Face Cream 500 ML,6.62,50.06,331.4,TXN-B-000489,SOURCE_B
TXN-B-000490-L980,TXN-B-000490,PRD-0058,PC-ZEN0058,2000000005805,ZENITH Screen Protector 3 V,Screen Protector 3 V,1.34,72.97,97.78,TXN-B-000490,SOURCE_B
TXN-B-000491-L982,TXN-B-000491,PRD-0039,PC-NEX0039,2000000003900,NEXUS Desk Organizer 250 ML,Desk Organizer 250 ML,6.07,90.18,547.39,TXN-B-000491,SOURCE_B
TXN-B-000492-L984,TXN-B-000492,PRD-0031,PC-ZEN0031,2000000003108,ZENITH Binder Clip Box 3 V,Binder Clip Box 3 V,2.35,57.71,135.62,TXN-B-000492,SOURCE_B
TXN-B-000493-L986,TXN-B-000493,PRD-0087,PC-NEX0087,2000000008707,NEXUS Deodorant 9 V,Deodorant 9 V,5.05,116.64,589.03,TXN-B-000493,SOURCE_B
TXN-B-000494-L988,TXN-B-000494,PRD-0032,PC-AUR0032,2000000003207,AURORA Binder Clip Box 3 V,Binder Clip Box 3 V,4.15,78.97,327.73,TXN-B-000494,SOURCE_B
TXN-B-000495-L990,TXN-B-000495,PRD-0003,PC-NEX0003,2000000000305,NEXUS All Purpose Cleaner 250 ML,All Purpose Cleaner 250 ML,9.68,116.68,1129.46,TXN-B-000495,SOURCE_B
TXN-B-000496-L992,TXN-B-000496,PRD-0044,PC-AUR0044,2000000004402,AURORA Whiteboard Marker 12 IN,Whiteboard Marker 12 IN,1.4,38.93,54.5,TXN-B-000496,SOURCE_B
TXN-B-000497-L994,TXN-B-000497,PRD-0094,PC-ZEN0094,2000000009407,ZENITH Lotion 10000 MAH,Lotion 10000 MAH,9.27,9.96,92.33,TXN-B-000497,SOURCE_B
TXN-B-000498-L996,TXN-B-000498,PRD-0022,PC-ZEN0022,2000000002200,ZENITH Floor Polish 2000 MAH,Floor Polish 2000 MAH,9.55,5.92,56.54,TXN-B-000498,SOURCE_B
TXN-B-000499-L998,TXN-B-000499,PRD-0024,PC-NEX0024,2000000002408,NEXUS Floor Polish 100 MG,Floor Polish 100 MG,2.12,75.71,160.51,TXN-B-000499,SOURCE_B
TXN-B-000500-L1000,TXN-B-000500,PRD-0121,PC-ZEN0121,2000000012100,ZENITH Notebook 1 L,Notebook 1 L,8.87,21.42,190.0,TXN-B-000500,SOURCE_B
TXN-B-000501-L1002,TXN-B-000501,PRD-0025,PC-ZEN0025,2000000002507,ZENITH Ballpoint Pen 1 KG,Ballpoint Pen 1 KG,6.45,37.08,239.17,TXN-B-000501,SOURCE_B
TXN-B-000502-L1004,TXN-B-000502,PRD-0076,PC-ZEN0076,2000000007601,ZENITH Shampoo 200 G,Shampoo 200 G,9.89,12.26,121.25,TXN-B-000502,SOURCE_B
TXN-B-000503-L1006,TXN-B-000503,PRD-0015,PC-NEX0015,2000000001500,NEXUS Fabric Softener 200 G,Fabric Softener 200 G,6.43,47.38,304.65,TXN-B-000503,SOURCE_B
TXN-B-000504-L1008,TXN-B-000504,PRD-0140,PC-AUR0140,2000000014005,AURORA Eraser Pack 2000 MAH,Eraser Pack 2000 MAH,6.06,111.85,677.81,TXN-B-000504,SOURCE_B
TXN-B-000505-L1010,TXN-B-000505,PRD-0126,PC-NEX0126,2000000012605,NEXUS Sketch Pad 250 ML,Sketch Pad 250 ML,2.31,82.01,189.44,TXN-B-000505,SOURCE_B
TXN-B-000506-L1012,TXN-B-000506,PRD-0093,PC-NEX0093,2000000009308,NEXUS Hair Gel 10 W,Hair Gel 10 W,9.04,27.25,246.34,TXN-B-000506,SOURCE_B
TXN-B-000507-L1014,TXN-B-000507,PRD-0038,PC-AUR0038,2000000003801,AURORA Desk Organizer 2000 MAH,Desk Organizer 2000 MAH,1.52,28.05,42.64,TXN-B-000507,SOURCE_B
TXN-B-000508-L1016,TXN-B-000508,PRD-0072,PC-NEX0072,2000000007205,NEXUS Mouse Pad 100 G,Mouse Pad 100 G,5.95,43.98,261.68,TXN-B-000508,SOURCE_B
TXN-B-000509-L1018,TXN-B-000509,PRD-0083,PC-AUR0083,2000000008301,AURORA Toothpaste 3 V,Toothpaste 3 V,9.24,47.14,435.57,TXN-B-000509,SOURCE_B
TXN-B-000510-L1020,TXN-B-000510,PRD-0039,PC-NEX0039,2000000003900,NEXUS Desk Organizer 250 ML,Desk Organizer 250 ML,5.18,90.18,467.13,TXN-B-000510,SOURCE_B
TXN-B-000511-L1022,TXN-B-000511,PRD-0129,PC-NEX0129,2000000012902,NEXUS Colored Pencil Set 750 ML,Colored Pencil Set 750 ML,4.14,94.86,392.72,TXN-B-000511,SOURCE_B
TXN-B-000512-L1024,TXN-B-000512,PRD-0018,PC-NEX0018,2000000001807,NEXUS Surface Wipes 500 MG,Surface Wipes 500 MG,7.49,39.31,294.43,TXN-B-000512,SOURCE_B
TXN-B-000513-L1026,TXN-B-000513,PRD-0110,PC-AUR0110,2000000011004,AURORA Storage Container 5 W,Storage Container 5 W,8.31,44.62,370.79,TXN-B-000513,SOURCE_B
TXN-B-000514-L1028,TXN-B-000514,PRD-0059,PC-AUR0059,2000000005904,AURORA Screen Protector 45 CM,Screen Protector 45 CM,1.47,61.8,90.85,TXN-B-000514,SOURCE_B
TXN-B-000515-L1030,TXN-B-000515,PRD-0147,PC-NEX0147,2000000014708,NEXUS Screwdriver Set 100 MG,Screwdriver Set 100 MG,4.51,60.33,272.09,TXN-B-000515,SOURCE_B
TXN-B-000516-L1032,TXN-B-000516,PRD-0022,PC-ZEN0022,2000000002200,ZENITH Floor Polish 2000 MAH,Floor Polish 2000 MAH,1.92,5.92,11.37,TXN-B-000516,SOURCE_B
TXN-B-000517-L1034,TXN-B-000517,PRD-0056,PC-AUR0056,2000000005607,AURORA Phone Case 20 W,Phone Case 20 W,1.33,16.68,22.18,TXN-B-000517,SOURCE_B
TXN-B-000518-L1036,TXN-B-000518,PRD-0102,PC-NEX0102,2000000010205,NEXUS Mixing Bowl Set 15 W,Mixing Bowl Set 15 W,3.02,58.6,176.97,TXN-B-000518,SOURCE_B
TXN-B-000519-L1038,TXN-B-000519,PRD-0149,PC-AUR0149,2000000014906,AURORA Wrench Set 45 CM,Wrench Set 45 CM,5.45,29.28,159.58,TXN-B-000519,SOURCE_B
TXN-B-000520-L1040,TXN-B-000520,PRD-0147,PC-NEX0147,2000000014708,NEXUS Screwdriver Set 100 MG,Screwdriver Set 100 MG,5.48,60.33,330.61,TXN-B-000520,SOURCE_B
TXN-B-000521-L1042,TXN-B-000521,PRD-0032,PC-AUR0032,2000000003207,AURORA Binder Clip Box 3 V,Binder Clip Box 3 V,3.06,78.97,241.65,TXN-B-000521,SOURCE_B
TXN-B-000522-L1044,TXN-B-000522,PRD-0119,PC-AUR0119,2000000011905,AURORA Peeler 100 MG,Peeler 100 MG,4.04,13.3,53.73,TXN-B-000522,SOURCE_B
TXN-B-000523-L1046,TXN-B-000523,PRD-0056,PC-AUR0056,2000000005607,AURORA Phone Case 20 W,Phone Case 20 W,6.73,16.68,112.26,TXN-B-000523,SOURCE_B
TXN-B-000524-L1048,TXN-B-000524,PRD-0078,PC-NEX0078,2000000007809,NEXUS Shampoo 500 ML,Shampoo 500 ML,4.57,118.47,541.41,TXN-B-000524,SOURCE_B
TXN-B-000525-L1050,TXN-B-000525,PRD-0115,PC-ZEN0115,2000000011509,ZENITH Can Opener 2000 MAH,Can Opener 2000 MAH,4.7,64.41,302.73,TXN-B-000525,SOURCE_B
TXN-B-000526-L1052,TXN-B-000526,PRD-0145,PC-ZEN0145,2000000014500,ZENITH Screwdriver Set 10 W,Screwdriver Set 10 W,5.58,31.94,178.23,TXN-B-000526,SOURCE_B
TXN-B-000527-L1054,TXN-B-000527,PRD-0095,PC-AUR0095,2000000009506,AURORA Lotion 1 KG,Lotion 1 KG,1.61,117.25,188.77,TXN-B-000527,SOURCE_B
TXN-B-000528-L1056,TXN-B-000528,PRD-0122,PC-AUR0122,2000000012209,AURORA Notebook 5000 MAH,Notebook 5000 MAH,6.03,31.9,192.36,TXN-B-000528,SOURCE_B
TXN-B-000529-L1058,TXN-B-000529,PRD-0070,PC-ZEN0070,2000000007007,ZENITH Mouse Pad 200 G,Mouse Pad 200 G,7.7,113.79,876.18,TXN-B-000529,SOURCE_B
TXN-B-000530-L1060,TXN-B-000530,PRD-0056,PC-AUR0056,2000000005607,AURORA Phone Case 20 W,Phone Case 20 W,2.24,16.68,37.36,TXN-B-000530,SOURCE_B
TXN-B-000531-L1062,TXN-B-000531,PRD-0103,PC-ZEN0103,2000000010304,ZENITH Measuring Cup 10000 MAH,Measuring Cup 10000 MAH,1.71,7.51,12.84,TXN-B-000531,SOURCE_B
TXN-B-000532-L1064,TXN-B-000532,PRD-0057,PC-NEX0057,2000000005706,NEXUS Phone Case 1 L,Phone Case 1 L,1.36,31.73,43.15,TXN-B-000532,SOURCE_B
TXN-B-000533-L1066,TXN-B-000533,PRD-0118,PC-ZEN0118,2000000011806,ZENITH Peeler 750 ML,Peeler 750 ML,5.67,28.05,159.04,TXN-B-000533,SOURCE_B
TXN-B-000534-L1068,TXN-B-000534,PRD-0141,PC-NEX0141,2000000014104,NEXUS Eraser Pack 3 V,Eraser Pack 3 V,9.8,34.77,340.75,TXN-B-000534,SOURCE_B
TXN-B-000535-L1070,TXN-B-000535,PRD-0006,PC-NEX0006,2000000000602,NEXUS Glass Spray 9 V,Glass Spray 9 V,4.65,84.09,391.02,TXN-B-000535,SOURCE_B
TXN-B-000536-L1072,TXN-B-000536,PRD-0148,PC-ZEN0148,2000000014807,ZENITH Wrench Set 30 CM,Wrench Set 30 CM,3.27,116.97,382.49,TXN-B-000536,SOURCE_B
TXN-B-000537-L1074,TXN-B-000537,PRD-0014,PC-AUR0014,2000000001401,AURORA Fabric Softener 250 MG,Fabric Softener 250 MG,2.08,111.99,232.94,TXN-B-000537,SOURCE_B
TXN-B-000538-L1076,TXN-B-000538,PRD-0023,PC-AUR0023,2000000002309,AURORA Floor Polish 100 MG,Floor Polish 100 MG,2.07,52.05,107.74,TXN-B-000538,SOURCE_B
TXN-B-000539-L1078,TXN-B-000539,PRD-0110,PC-AUR0110,2000000011004,AURORA Storage Container 5 W,Storage Container 5 W,5.72,44.62,255.23,TXN-B-000539,SOURCE_B
TXN-B-000540-L1080,TXN-B-000540,PRD-0055,PC-ZEN0055,2000000005508,ZENITH Phone Case 250 MG,Phone Case 250 MG,9.36,52.62,492.52,TXN-B-000540,SOURCE_B
TXN-B-000541-L1082,TXN-B-000541,PRD-0138,PC-NEX0138,2000000013800,NEXUS Scissors 500 MG,Scissors 500 MG,5.86,96.35,564.61,TXN-B-000541,SOURCE_B
TXN-B-000542-L1084,TXN-B-000542,PRD-0018,PC-NEX0018,2000000001807,NEXUS Surface Wipes 500 MG,Surface Wipes 500 MG,1.69,39.31,66.43,TXN-B-000542,SOURCE_B
TXN-B-000543-L1086,TXN-B-000543,PRD-0132,PC-NEX0132,2000000013206,NEXUS Ruler Set 60 CM,Ruler Set 60 CM,6.71,20.73,139.1,TXN-B-000543,SOURCE_B
TXN-B-000544-L1088,TXN-B-000544,PRD-0134,PC-AUR0134,2000000013404,AURORA Glue Stick 9 V,Glue Stick 9 V,3.43,77.67,266.41,TXN-B-000544,SOURCE_B
TXN-B-000545-L1090,TXN-B-000545,PRD-0100,PC-ZEN0100,2000000010007,ZENITH Mixing Bowl Set 250 ML,Mixing Bowl Set 250 ML,9.37,63.15,591.72,TXN-B-000545,SOURCE_B
TXN-B-000546-L1092,TXN-B-000546,PRD-0069,PC-NEX0069,2000000006901,NEXUS HDMI Cable 1.5 L,HDMI Cable 1.5 L,6.67,45.41,302.88,TXN-B-000546,SOURCE_B
TXN-B-000547-L1094,TXN-B-000547,PRD-0029,PC-AUR0029,2000000002903,AURORA Highlighter Set 9 V,Highlighter Set 9 V,4.02,26.14,105.08,TXN-B-000547,SOURCE_B
TXN-B-000548-L1096,TXN-B-000548,PRD-0116,PC-AUR0116,2000000011608,AURORA Can Opener 500 MG,Can Opener 500 MG,1.39,80.59,112.02,TXN-B-000548,SOURCE_B
TXN-B-000549-L1098,TXN-B-000549,PRD-0127,PC-ZEN0127,2000000012704,ZENITH Colored Pencil Set 50 G,Colored Pencil Set 50 G,3.82,57.94,221.33,TXN-B-000549,SOURCE_B
TXN-B-000550-L1100,TXN-B-000550,PRD-0032,PC-AUR0032,2000000003207,AURORA Binder Clip Box 3 V,Binder Clip Box 3 V,2.41,78.97,190.32,TXN-B-000550,SOURCE_B
TXN-B-000551-L1102,TXN-B-000551,PRD-0024,PC-NEX0024,2000000002408,NEXUS Floor Polish 100 MG,Floor Polish 100 MG,6.08,75.71,460.32,TXN-B-000551,SOURCE_B
TXN-B-000552-L1104,TXN-B-000552,PRD-0026,PC-AUR0026,2000000002606,AURORA Ballpoint Pen 250 ML,Ballpoint Pen 250 ML,3.93,26.93,105.83,TXN-B-000552,SOURCE_B
TXN-B-000553-L1106,TXN-B-000553,PRD-0032,PC-AUR0032,2000000003207,AURORA Binder Clip Box 3 V,Binder Clip Box 3 V,2.08,78.97,164.26,TXN-B-000553,SOURCE_B
TXN-B-000554-L1108,TXN-B-000554,PRD-0120,PC-NEX0120,2000000012001,NEXUS Peeler 30 CM,Peeler 30 CM,9.59,95.85,919.2,TXN-B-000554,SOURCE_B
TXN-B-000555-L1110,TXN-B-000555,PRD-0032,PC-AUR0032,2000000003207,AURORA Binder Clip Box 3 V,Binder Clip Box 3 V,9.34,78.97,737.58,TXN-B-000555,SOURCE_B
TXN-B-000556-L1112,TXN-B-000556,PRD-0079,PC-ZEN0079,2000000007908,ZENITH Body Wash 200 G,Body Wash 200 G,1.58,74.3,117.39,TXN-B-000556,SOURCE_B
TXN-B-000557-L1114,TXN-B-000557,PRD-0042,PC-NEX0042,2000000004204,NEXUS File Folder Pack 500 G,File Folder Pack 500 G,7.17,68.11,488.35,TXN-B-000557,SOURCE_B
TXN-B-000558-L1116,TXN-B-000558,PRD-0103,PC-ZEN0103,2000000010304,ZENITH Measuring Cup 10000 MAH,Measuring Cup 10000 MAH,6.61,7.51,49.64,TXN-B-000558,SOURCE_B
TXN-B-000559-L1118,TXN-B-000559,PRD-0009,PC-NEX0009,2000000000909,NEXUS Dish Liquid 10 W,Dish Liquid 10 W,7.28,102.05,742.92,TXN-B-000559,SOURCE_B
TXN-B-000560-L1120,TXN-B-000560,PRD-0064,PC-ZEN0064,2000000006406,ZENITH Charging Dock 15 W,Charging Dock 15 W,7.14,60.18,429.69,TXN-B-000560,SOURCE_B
TXN-B-000561-L1122,TXN-B-000561,PRD-0092,PC-AUR0092,2000000009209,AURORA Hair Gel 100 MG,Hair Gel 100 MG,2.55,64.67,164.91,TXN-B-000561,SOURCE_B
TXN-B-000562-L1124,TXN-B-000562,PRD-0044,PC-AUR0044,2000000004402,AURORA Whiteboard Marker 12 IN,Whiteboard Marker 12 IN,1.92,38.93,74.75,TXN-B-000562,SOURCE_B
TXN-B-000563-L1126,TXN-B-000563,PRD-0005,PC-AUR0005,2000000000503,AURORA Glass Spray 500 G,Glass Spray 500 G,8.59,111.21,955.29,TXN-B-000563,SOURCE_B
TXN-B-000564-L1128,TXN-B-000564,PRD-0052,PC-ZEN0052,2000000005201,ZENITH Power Adapter 20 W,Power Adapter 20 W,9.11,45.35,413.14,TXN-B-000564,SOURCE_B
TXN-B-000565-L1130,TXN-B-000565,PRD-0074,PC-AUR0074,2000000007403,AURORA Hand Soap 1.5 V,Hand Soap 1.5 V,1.18,72.37,85.4,TXN-B-000565,SOURCE_B
TXN-B-000566-L1132,TXN-B-000566,PRD-0144,PC-NEX0144,2000000014401,NEXUS Marker Set 250 ML,Marker Set 250 ML,6.69,40.05,267.93,TXN-B-000566,SOURCE_B
TXN-B-000567-L1134,TXN-B-000567,PRD-0036,PC-NEX0036,2000000003603,NEXUS Stapler 1.5 L,Stapler 1.5 L,7.64,113.16,864.54,TXN-B-000567,SOURCE_B
TXN-B-000568-L1136,TXN-B-000568,PRD-0149,PC-AUR0149,2000000014906,AURORA Wrench Set 45 CM,Wrench Set 45 CM,5.3,29.28,155.18,TXN-B-000568,SOURCE_B
TXN-B-000569-L1138,TXN-B-000569,PRD-0025,PC-ZEN0025,2000000002507,ZENITH Ballpoint Pen 1 KG,Ballpoint Pen 1 KG,3.41,37.08,126.44,TXN-B-000569,SOURCE_B
TXN-B-000570-L1140,TXN-B-000570,PRD-0147,PC-NEX0147,2000000014708,NEXUS Screwdriver Set 100 MG,Screwdriver Set 100 MG,1.91,60.33,115.23,TXN-B-000570,SOURCE_B
TXN-B-000571-L1142,TXN-B-000571,PRD-0008,PC-AUR0008,2000000000800,AURORA Dish Liquid 10000 MAH,Dish Liquid 10000 MAH,7.2,111.86,805.39,TXN-B-000571,SOURCE_B
TXN-B-000572-L1144,TXN-B-000572,PRD-0149,PC-AUR0149,2000000014906,AURORA Wrench Set 45 CM,Wrench Set 45 CM,3.91,29.28,114.48,TXN-B-000572,SOURCE_B
TXN-B-000573-L1146,TXN-B-000573,PRD-0131,PC-AUR0131,2000000013107,AURORA Ruler Set 60 CM,Ruler Set 60 CM,9.28,15.08,139.94,TXN-B-000573,SOURCE_B
TXN-B-000574-L1148,TXN-B-000574,PRD-0053,PC-AUR0053,2000000005300,AURORA Power Adapter 1 L,Power Adapter 1 L,6.59,43.8,288.64,TXN-B-000574,SOURCE_B
TXN-B-000575-L1150,TXN-B-000575,PRD-0090,PC-NEX0090,2000000009001,NEXUS Face Cream 100 MG,Face Cream 100 MG,3.74,20.0,74.8,TXN-B-000575,SOURCE_B
TXN-B-000576-L1152,TXN-B-000576,PRD-0115,PC-ZEN0115,2000000011509,ZENITH Can Opener 2000 MAH,Can Opener 2000 MAH,9.69,64.41,624.13,TXN-B-000576,SOURCE_B
TXN-B-000577-L1154,TXN-B-000577,PRD-0113,PC-AUR0113,2000000011301,AURORA Kitchen Towel 20 W,Kitchen Towel 20 W,6.15,71.36,438.86,TXN-B-000577,SOURCE_B
TXN-B-000578-L1156,TXN-B-000578,PRD-0077,PC-AUR0077,2000000007700,AURORA Shampoo 1 KG,Shampoo 1 KG,7.79,106.6,830.41,TXN-B-000578,SOURCE_B
TXN-B-000579-L1158,TXN-B-000579,PRD-0014,PC-AUR0014,2000000001401,AURORA Fabric Softener 250 MG,Fabric Softener 250 MG,7.55,111.99,845.52,TXN-B-000579,SOURCE_B
TXN-B-000580-L1160,TXN-B-000580,PRD-0097,PC-ZEN0097,2000000009704,ZENITH Cutting Board 5 W,Cutting Board 5 W,3.94,15.99,63.0,TXN-B-000580,SOURCE_B
TXN-B-000581-L1162,TXN-B-000581,PRD-0118,PC-ZEN0118,2000000011806,ZENITH Peeler 750 ML,Peeler 750 ML,6.36,28.05,178.4,TXN-B-000581,SOURCE_B
TXN-B-000582-L1164,TXN-B-000582,PRD-0061,PC-ZEN0061,2000000006109,ZENITH Battery Pack 200 G,Battery Pack 200 G,2.29,64.09,146.77,TXN-B-000582,SOURCE_B
TXN-B-000583-L1166,TXN-B-000583,PRD-0011,PC-AUR0011,2000000001104,AURORA Laundry Detergent 2000 MAH,Laundry Detergent 2000 MAH,1.84,97.97,180.26,TXN-B-000583,SOURCE_B
TXN-B-000584-L1168,TXN-B-000584,PRD-0104,PC-AUR0104,2000000010403,AURORA Measuring Cup 10000 MAH,Measuring Cup 10000 MAH,2.37,68.42,162.16,TXN-B-000584,SOURCE_B
TXN-B-000585-L1170,TXN-B-000585,PRD-0134,PC-AUR0134,2000000013404,AURORA Glue Stick 9 V,Glue Stick 9 V,6.64,77.67,515.73,TXN-B-000585,SOURCE_B
TXN-B-000586-L1172,TXN-B-000586,PRD-0073,PC-ZEN0073,2000000007304,ZENITH Hand Soap 250 MG,Hand Soap 250 MG,2.3,22.6,51.98,TXN-B-000586,SOURCE_B
TXN-B-000587-L1174,TXN-B-000587,PRD-0045,PC-NEX0045,2000000004501,NEXUS Whiteboard Marker 45 CM,Whiteboard Marker 45 CM,4.36,29.55,128.84,TXN-B-000587,SOURCE_B
TXN-B-000588-L1176,TXN-B-000588,PRD-0072,PC-NEX0072,2000000007205,NEXUS Mouse Pad 100 G,Mouse Pad 100 G,1.49,43.98,65.53,TXN-B-000588,SOURCE_B
TXN-B-000589-L1178,TXN-B-000589,PRD-0068,PC-AUR0068,2000000006802,AURORA HDMI Cable 10000 MAH,HDMI Cable 10000 MAH,3.68,38.83,142.89,TXN-B-000589,SOURCE_B
TXN-B-000590-L1180,TXN-B-000590,PRD-0035,PC-AUR0035,2000000003504,AURORA Stapler 10 W,Stapler 10 W,1.88,17.34,32.6,TXN-B-000590,SOURCE_B
TXN-B-000591-L1182,TXN-B-000591,PRD-0123,PC-NEX0123,2000000012308,NEXUS Notebook 3 V,Notebook 3 V,5.74,15.38,88.28,TXN-B-000591,SOURCE_B
TXN-B-000592-L1184,TXN-B-000592,PRD-0134,PC-AUR0134,2000000013404,AURORA Glue Stick 9 V,Glue Stick 9 V,1.08,77.67,83.88,TXN-B-000592,SOURCE_B
TXN-B-000593-L1186,TXN-B-000593,PRD-0147,PC-NEX0147,2000000014708,NEXUS Screwdriver Set 100 MG,Screwdriver Set 100 MG,3.56,60.33,214.77,TXN-B-000593,SOURCE_B
TXN-B-000594-L1188,TXN-B-000594,PRD-0136,PC-ZEN0136,2000000013602,ZENITH Scissors 3 V,Scissors 3 V,2.69,71.22,191.58,TXN-B-000594,SOURCE_B
TXN-B-000595-L1190,TXN-B-000595,PRD-0136,PC-ZEN0136,2000000013602,ZENITH Scissors 3 V,Scissors 3 V,2.22,71.22,158.11,TXN-B-000595,SOURCE_B
TXN-B-000596-L1192,TXN-B-000596,PRD-0058,PC-ZEN0058,2000000005805,ZENITH Screen Protector 3 V,Screen Protector 3 V,1.4,72.97,102.16,TXN-B-000596,SOURCE_B
TXN-B-000597-L1194,TXN-B-000597,PRD-0077,PC-AUR0077,2000000007700,AURORA Shampoo 1 KG,Shampoo 1 KG,1.51,106.6,160.97,TXN-B-000597,SOURCE_B
TXN-B-000598-L1196,TXN-B-000598,PRD-0073,PC-ZEN0073,2000000007304,ZENITH Hand Soap 250 MG,Hand Soap 250 MG,3.17,22.6,71.64,TXN-B-000598,SOURCE_B
TXN-B-000599-L1198,TXN-B-000599,PRD-0103,PC-ZEN0103,2000000010304,ZENITH Measuring Cup 10000 MAH,Measuring Cup 10000 MAH,7.99,7.51,60.0,TXN-B-000599,SOURCE_B
TXN-B-000600-L1200,TXN-B-000600,PRD-0137,PC-AUR0137,2000000013701,AURORA Scissors 100 MG,Scissors 100 MG,8.96,94.03,842.51,TXN-B-000600,SOURCE_B
TXN-B-000601-L1202,TXN-B-000601,PRD-0032,PC-AUR0032,2000000003207,AURORA Binder Clip Box 3 V,Binder Clip Box 3 V,4.21,78.97,332.46,TXN-B-000601,SOURCE_B
TXN-B-000602-L1204,TXN-B-000602,PRD-0108,PC-NEX0108,2000000010809,NEXUS Spatula Set 500 MG,Spatula Set 500 MG,3.98,103.62,412.41,TXN-B-000602,SOURCE_B
TXN-B-000603-L1206,TXN-B-000603,PRD-0050,PC-AUR0050,2000000005003,AURORA USB Cable 10000 MAH,USB Cable 10000 MAH,7.62,3.09,23.55,TXN-B-000603,SOURCE_B
TXN-B-000604-L1208,TXN-B-000604,PRD-0110,PC-AUR0110,2000000011004,AURORA Storage Container 5 W,Storage Container 5 W,9.52,44.62,424.78,TXN-B-000604,SOURCE_B
TXN-B-000605-L1210,TXN-B-000605,PRD-0092,PC-AUR0092,2000000009209,AURORA Hair Gel 100 MG,Hair Gel 100 MG,2.45,64.67,158.44,TXN-B-000605,SOURCE_B
TXN-B-000606-L1212,TXN-B-000606,PRD-0010,PC-ZEN0010,2000000001005,ZENITH Laundry Detergent 1.5 V,Laundry Detergent 1.5 V,8.91,25.3,225.42,TXN-B-000606,SOURCE_B
TXN-B-000607-L1214,TXN-B-000607,PRD-0016,PC-ZEN0016,2000000001609,ZENITH Surface Wipes 60 CM,Surface Wipes 60 CM,3.78,58.14,219.77,TXN-B-000607,SOURCE_B
TXN-B-000608-L1216,TXN-B-000608,PRD-0130,PC-ZEN0130,2000000013008,ZENITH Ruler Set 45 CM,Ruler Set 45 CM,5.74,90.87,521.59,TXN-B-000608,SOURCE_B
TXN-B-000609-L1218,TXN-B-000609,PRD-0037,PC-ZEN0037,2000000003702,ZENITH Desk Organizer 5 W,Desk Organizer 5 W,6.55,11.53,75.52,TXN-B-000609,SOURCE_B
TXN-B-000610-L1220,TXN-B-000610,PRD-0105,PC-NEX0105,2000000010502,NEXUS Measuring Cup 100 G,Measuring Cup 100 G,3.2,109.25,349.6,TXN-B-000610,SOURCE_B
TXN-B-000611-L1222,TXN-B-000611,PRD-0003,PC-NEX0003,2000000000305,NEXUS All Purpose Cleaner 250 ML,All Purpose Cleaner 250 ML,5.64,116.68,658.08,TXN-B-000611,SOURCE_B
TXN-B-000612-L1224,TXN-B-000612,PRD-0150,PC-NEX0150,2000000015002,NEXUS Wrench Set 9 V,Wrench Set 9 V,7.18,89.01,639.09,TXN-B-000612,SOURCE_B
TXN-B-000613-L1226,TXN-B-000613,PRD-0068,PC-AUR0068,2000000006802,AURORA HDMI Cable 10000 MAH,HDMI Cable 10000 MAH,9.19,38.83,356.85,TXN-B-000613,SOURCE_B
TXN-B-000614-L1228,TXN-B-000614,PRD-0065,PC-AUR0065,2000000006505,AURORA Charging Dock 3 V,Charging Dock 3 V,6.94,17.05,118.33,TXN-B-000614,SOURCE_B
TXN-B-000615-L1230,TXN-B-000615,PRD-0046,PC-ZEN0046,2000000004600,ZENITH Tape Dispenser 250 ML,Tape Dispenser 250 ML,5.83,27.78,161.96,TXN-B-000615,SOURCE_B
TXN-B-000616-L1232,TXN-B-000616,PRD-0067,PC-ZEN0067,2000000006703,ZENITH HDMI Cable 1 KG,HDMI Cable 1 KG,9.4,57.46,540.12,TXN-B-000616,SOURCE_B
TXN-B-000617-L1234,TXN-B-000617,PRD-0067,PC-ZEN0067,2000000006703,ZENITH HDMI Cable 1 KG,HDMI Cable 1 KG,3.52,57.46,202.26,TXN-B-000617,SOURCE_B
TXN-B-000618-L1236,TXN-B-000618,PRD-0017,PC-AUR0017,2000000001708,AURORA Surface Wipes 9 V,Surface Wipes 9 V,3.78,80.73,305.16,TXN-B-000618,SOURCE_B
TXN-B-000619-L1238,TXN-B-000619,PRD-0128,PC-AUR0128,2000000012803,AURORA Colored Pencil Set 5 W,Colored Pencil Set 5 W,1.57,24.7,38.78,TXN-B-000619,SOURCE_B
TXN-B-000620-L1240,TXN-B-000620,PRD-0013,PC-ZEN0013,2000000001302,ZENITH Fabric Softener 1 L,Fabric Softener 1 L,2.34,9.65,22.58,TXN-B-000620,SOURCE_B
TXN-B-000621-L1242,TXN-B-000621,PRD-0142,PC-ZEN0142,2000000014203,ZENITH Marker Set 750 ML,Marker Set 750 ML,5.26,33.77,177.63,TXN-B-000621,SOURCE_B
TXN-B-000622-L1244,TXN-B-000622,PRD-0066,PC-NEX0066,2000000006604,NEXUS Charging Dock 5000 MAH,Charging Dock 5000 MAH,8.39,55.19,463.04,TXN-B-000622,SOURCE_B
TXN-B-000623-L1246,TXN-B-000623,PRD-0077,PC-AUR0077,2000000007700,AURORA Shampoo 1 KG,Shampoo 1 KG,9.81,106.6,1045.75,TXN-B-000623,SOURCE_B
TXN-B-000624-L1248,TXN-B-000624,PRD-0137,PC-AUR0137,2000000013701,AURORA Scissors 100 MG,Scissors 100 MG,5.99,94.03,563.24,TXN-B-000624,SOURCE_B
TXN-B-000625-L1250,TXN-B-000625,PRD-0085,PC-ZEN0085,2000000008509,ZENITH Deodorant 200 G,Deodorant 200 G,9.72,86.39,839.71,TXN-B-000625,SOURCE_B
TXN-B-000626-L1252,TXN-B-000626,PRD-0121,PC-ZEN0121,2000000012100,ZENITH Notebook 1 L,Notebook 1 L,3.0,21.42,64.26,TXN-B-000626,SOURCE_B
TXN-B-000627-L1254,TXN-B-000627,PRD-0098,PC-AUR0098,2000000009803,AURORA Cutting Board 10 IN,Cutting Board 10 IN,3.32,17.09,56.74,TXN-B-000627,SOURCE_B
TXN-B-000628-L1256,TXN-B-000628,PRD-0112,PC-ZEN0112,2000000011202,ZENITH Kitchen Towel 30 CM,Kitchen Towel 30 CM,8.55,100.54,859.62,TXN-B-000628,SOURCE_B
TXN-B-000629-L1258,TXN-B-000629,PRD-0048,PC-NEX0048,2000000004808,NEXUS Tape Dispenser 3 V,Tape Dispenser 3 V,3.62,64.25,232.59,TXN-B-000629,SOURCE_B
TXN-B-000630-L1260,TXN-B-000630,PRD-0062,PC-AUR0062,2000000006208,AURORA Battery Pack 2000 MAH,Battery Pack 2000 MAH,5.98,70.05,418.9,TXN-B-000630,SOURCE_B
TXN-B-000631-L1262,TXN-B-000631,PRD-0060,PC-NEX0060,2000000006000,NEXUS Screen Protector 10 IN,Screen Protector 10 IN,2.69,85.32,229.51,TXN-B-000631,SOURCE_B
TXN-B-000632-L1264,TXN-B-000632,PRD-0141,PC-NEX0141,2000000014104,NEXUS Eraser Pack 3 V,Eraser Pack 3 V,5.19,34.77,180.46,TXN-B-000632,SOURCE_B
TXN-B-000633-L1266,TXN-B-000633,PRD-0015,PC-NEX0015,2000000001500,NEXUS Fabric Softener 200 G,Fabric Softener 200 G,6.0,47.38,284.28,TXN-B-000633,SOURCE_B
TXN-B-000634-L1268,TXN-B-000634,PRD-0047,PC-AUR0047,2000000004709,AURORA Tape Dispenser 45 CM,Tape Dispenser 45 CM,6.05,2.08,12.58,TXN-B-000634,SOURCE_B
TXN-B-000635-L1270,TXN-B-000635,PRD-0009,PC-NEX0009,2000000000909,NEXUS Dish Liquid 10 W,Dish Liquid 10 W,3.74,102.05,381.67,TXN-B-000635,SOURCE_B
TXN-B-000636-L1272,TXN-B-000636,PRD-0051,PC-NEX0051,2000000005102,NEXUS USB Cable 500 MG,USB Cable 500 MG,1.48,94.26,139.5,TXN-B-000636,SOURCE_B
TXN-B-000637-L1274,TXN-B-000637,PRD-0058,PC-ZEN0058,2000000005805,ZENITH Screen Protector 3 V,Screen Protector 3 V,8.38,72.97,611.49,TXN-B-000637,SOURCE_B
TXN-B-000638-L1276,TXN-B-000638,PRD-0014,PC-AUR0014,2000000001401,AURORA Fabric Softener 250 MG,Fabric Softener 250 MG,2.32,111.99,259.82,TXN-B-000638,SOURCE_B
TXN-B-000639-L1278,TXN-B-000639,PRD-0124,PC-ZEN0124,2000000012407,ZENITH Sketch Pad 500 MG,Sketch Pad 500 MG,5.19,47.5,246.53,TXN-B-000639,SOURCE_B
TXN-B-000640-L1280,TXN-B-000640,PRD-0123,PC-NEX0123,2000000012308,NEXUS Notebook 3 V,Notebook 3 V,3.67,15.38,56.44,TXN-B-000640,SOURCE_B
TXN-B-000641-L1282,TXN-B-000641,PRD-0121,PC-ZEN0121,2000000012100,ZENITH Notebook 1 L,Notebook 1 L,5.17,21.42,110.74,TXN-B-000641,SOURCE_B
TXN-B-000642-L1284,TXN-B-000642,PRD-0032,PC-AUR0032,2000000003207,AURORA Binder Clip Box 3 V,Binder Clip Box 3 V,9.09,78.97,717.84,TXN-B-000642,SOURCE_B
TXN-B-000643-L1286,TXN-B-000643,PRD-0025,PC-ZEN0025,2000000002507,ZENITH Ballpoint Pen 1 KG,Ballpoint Pen 1 KG,6.23,37.08,231.01,TXN-B-000643,SOURCE_B
TXN-B-000644-L1288,TXN-B-000644,PRD-0082,PC-ZEN0082,2000000008202,ZENITH Toothpaste 500 MG,Toothpaste 500 MG,9.31,92.36,859.87,TXN-B-000644,SOURCE_B
TXN-B-000645-L1290,TXN-B-000645,PRD-0063,PC-NEX0063,2000000006307,NEXUS Battery Pack 10 W,Battery Pack 10 W,9.93,96.31,956.36,TXN-B-000645,SOURCE_B
TXN-B-000646-L1292,TXN-B-000646,PRD-0028,PC-ZEN0028,2000000002804,ZENITH Highlighter Set 500 ML,Highlighter Set 500 ML,3.75,113.36,425.1,TXN-B-000646,SOURCE_B
TXN-B-000647-L1294,TXN-B-000647,PRD-0073,PC-ZEN0073,2000000007304,ZENITH Hand Soap 250 MG,Hand Soap 250 MG,3.8,22.6,85.88,TXN-B-000647,SOURCE_B
TXN-B-000648-L1296,TXN-B-000648,PRD-0105,PC-NEX0105,2000000010502,NEXUS Measuring Cup 100 G,Measuring Cup 100 G,9.18,109.25,1002.91,TXN-B-000648,SOURCE_B
TXN-B-000649-L1298,TXN-B-000649,PRD-0006,PC-NEX0006,2000000000602,NEXUS Glass Spray 9 V,Glass Spray 9 V,5.55,84.09,466.7,TXN-B-000649,SOURCE_B
TXN-B-000650-L1300,TXN-B-000650,PRD-0148,PC-ZEN0148,2000000014807,ZENITH Wrench Set 30 CM,Wrench Set 30 CM,8.7,116.97,1017.64,TXN-B-000650,SOURCE_B
TXN-B-000651-L1302,TXN-B-000651,PRD-0129,PC-NEX0129,2000000012902,NEXUS Colored Pencil Set 750 ML,Colored Pencil Set 750 ML,5.81,94.86,551.14,TXN-B-000651,SOURCE_B
TXN-B-000652-L1304,TXN-B-000652,PRD-0033,PC-NEX0033,2000000003306,NEXUS Binder Clip Box 45 CM,Binder Clip Box 45 CM,1.77,21.96,38.87,TXN-B-000652,SOURCE_B
TXN-B-000653-L1306,TXN-B-000653,PRD-0036,PC-NEX0036,2000000003603,NEXUS Stapler 1.5 L,Stapler 1.5 L,6.04,113.16,683.49,TXN-B-000653,SOURCE_B
TXN-B-000654-L1308,TXN-B-000654,PRD-0130,PC-ZEN0130,2000000013008,ZENITH Ruler Set 45 CM,Ruler Set 45 CM,9.29,90.87,844.18,TXN-B-000654,SOURCE_B
TXN-B-000655-L1310,TXN-B-000655,PRD-0063,PC-NEX0063,2000000006307,NEXUS Battery Pack 10 W,Battery Pack 10 W,3.18,96.31,306.27,TXN-B-000655,SOURCE_B
TXN-B-000656-L1312,TXN-B-000656,PRD-0078,PC-NEX0078,2000000007809,NEXUS Shampoo 500 ML,Shampoo 500 ML,2.72,118.47,322.24,TXN-B-000656,SOURCE_B
TXN-B-000657-L1314,TXN-B-000657,PRD-0055,PC-ZEN0055,2000000005508,ZENITH Phone Case 250 MG,Phone Case 250 MG,4.87,52.62,256.26,TXN-B-000657,SOURCE_B
TXN-B-000658-L1316,TXN-B-000658,PRD-0009,PC-NEX0009,2000000000909,NEXUS Dish Liquid 10 W,Dish Liquid 10 W,4.13,102.05,421.47,TXN-B-000658,SOURCE_B
TXN-B-000659-L1318,TXN-B-000659,PRD-0101,PC-AUR0101,2000000010106,AURORA Mixing Bowl Set 100 MG,Mixing Bowl Set 100 MG,8.83,113.58,1002.91,TXN-B-000659,SOURCE_B
TXN-B-000660-L1320,TXN-B-000660,PRD-0084,PC-NEX0084,2000000008400,NEXUS Toothpaste 15 W,Toothpaste 15 W,5.29,33.06,174.89,TXN-B-000660,SOURCE_B
TXN-B-000661-L1322,TXN-B-000661,PRD-0060,PC-NEX0060,2000000006000,NEXUS Screen Protector 10 IN,Screen Protector 10 IN,9.41,85.32,802.86,TXN-B-000661,SOURCE_B
TXN-B-000662-L1324,TXN-B-000662,PRD-0096,PC-NEX0096,2000000009605,NEXUS Lotion 1 KG,Lotion 1 KG,9.07,25.67,232.83,TXN-B-000662,SOURCE_B
TXN-B-000663-L1326,TXN-B-000663,PRD-0064,PC-ZEN0064,2000000006406,ZENITH Charging Dock 15 W,Charging Dock 15 W,10.0,60.18,601.8,TXN-B-000663,SOURCE_B
TXN-B-000664-L1328,TXN-B-000664,PRD-0015,PC-NEX0015,2000000001500,NEXUS Fabric Softener 200 G,Fabric Softener 200 G,4.46,47.38,211.31,TXN-B-000664,SOURCE_B
TXN-B-000665-L1330,TXN-B-000665,PRD-0127,PC-ZEN0127,2000000012704,ZENITH Colored Pencil Set 50 G,Colored Pencil Set 50 G,1.46,57.94,84.59,TXN-B-000665,SOURCE_B
TXN-B-000666-L1332,TXN-B-000666,PRD-0118,PC-ZEN0118,2000000011806,ZENITH Peeler 750 ML,Peeler 750 ML,2.68,28.05,75.17,TXN-B-000666,SOURCE_B
TXN-B-000667-L1334,TXN-B-000667,PRD-0072,PC-NEX0072,2000000007205,NEXUS Mouse Pad 100 G,Mouse Pad 100 G,1.26,43.98,55.41,TXN-B-000667,SOURCE_B
TXN-B-000668-L1336,TXN-B-000668,PRD-0123,PC-NEX0123,2000000012308,NEXUS Notebook 3 V,Notebook 3 V,3.13,15.38,48.14,TXN-B-000668,SOURCE_B
TXN-B-000669-L1338,TXN-B-000669,PRD-0097,PC-ZEN0097,2000000009704,ZENITH Cutting Board 5 W,Cutting Board 5 W,6.42,15.99,102.66,TXN-B-000669,SOURCE_B
TXN-B-000670-L1340,TXN-B-000670,PRD-0080,PC-AUR0080,2000000008004,AURORA Body Wash 500 MG,Body Wash 500 MG,9.07,11.65,105.67,TXN-B-000670,SOURCE_B
TXN-B-000671-L1342,TXN-B-000671,PRD-0144,PC-NEX0144,2000000014401,NEXUS Marker Set 250 ML,Marker Set 250 ML,5.04,40.05,201.85,TXN-B-000671,SOURCE_B
TXN-B-000672-L1344,TXN-B-000672,PRD-0018,PC-NEX0018,2000000001807,NEXUS Surface Wipes 500 MG,Surface Wipes 500 MG,1.39,39.31,54.64,TXN-B-000672,SOURCE_B
TXN-B-000673-L1346,TXN-B-000673,PRD-0025,PC-ZEN0025,2000000002507,ZENITH Ballpoint Pen 1 KG,Ballpoint Pen 1 KG,3.52,37.08,130.52,TXN-B-000673,SOURCE_B
TXN-B-000674-L1348,TXN-B-000674,PRD-0132,PC-NEX0132,2000000013206,NEXUS Ruler Set 60 CM,Ruler Set 60 CM,9.68,20.73,200.67,TXN-B-000674,SOURCE_B
TXN-B-000675-L1350,TXN-B-000675,PRD-0029,PC-AUR0029,2000000002903,AURORA Highlighter Set 9 V,Highlighter Set 9 V,1.72,26.14,44.96,TXN-B-000675,SOURCE_B
TXN-B-000676-L1352,TXN-B-000676,PRD-0079,PC-ZEN0079,2000000007908,ZENITH Body Wash 200 G,Body Wash 200 G,8.8,74.3,653.84,TXN-B-000676,SOURCE_B
TXN-B-000677-L1354,TXN-B-000677,PRD-0010,PC-ZEN0010,2000000001005,ZENITH Laundry Detergent 1.5 V,Laundry Detergent 1.5 V,7.9,25.3,199.87,TXN-B-000677,SOURCE_B
TXN-B-000678-L1356,TXN-B-000678,PRD-0023,PC-AUR0023,2000000002309,AURORA Floor Polish 100 MG,Floor Polish 100 MG,7.95,52.05,413.8,TXN-B-000678,SOURCE_B
TXN-B-000679-L1358,TXN-B-000679,PRD-0087,PC-NEX0087,2000000008707,NEXUS Deodorant 9 V,Deodorant 9 V,5.36,116.64,625.19,TXN-B-000679,SOURCE_B
TXN-B-000680-L1360,TXN-B-000680,PRD-0114,PC-NEX0114,2000000011400,NEXUS Kitchen Towel 10 W,Kitchen Towel 10 W,3.33,24.94,83.05,TXN-B-000680,SOURCE_B
TXN-B-000681-L1362,TXN-B-000681,PRD-0139,PC-ZEN0139,2000000013909,ZENITH Eraser Pack 500 G,Eraser Pack 500 G,6.41,45.39,290.95,TXN-B-000681,SOURCE_B
TXN-B-000682-L1364,TXN-B-000682,PRD-0022,PC-ZEN0022,2000000002200,ZENITH Floor Polish 2000 MAH,Floor Polish 2000 MAH,9.88,5.92,58.49,TXN-B-000682,SOURCE_B
TXN-B-000683-L1366,TXN-B-000683,PRD-0037,PC-ZEN0037,2000000003702,ZENITH Desk Organizer 5 W,Desk Organizer 5 W,6.99,11.53,80.59,TXN-B-000683,SOURCE_B
TXN-B-000684-L1368,TXN-B-000684,PRD-0010,PC-ZEN0010,2000000001005,ZENITH Laundry Detergent 1.5 V,Laundry Detergent 1.5 V,1.24,25.3,31.37,TXN-B-000684,SOURCE_B
TXN-B-000685-L1370,TXN-B-000685,PRD-0027,PC-NEX0027,2000000002705,NEXUS Ballpoint Pen 500 ML,Ballpoint Pen 500 ML,3.76,49.53,186.23,TXN-B-000685,SOURCE_B
TXN-B-000686-L1372,TXN-B-000686,PRD-0027,PC-NEX0027,2000000002705,NEXUS Ballpoint Pen 500 ML,Ballpoint Pen 500 ML,7.79,49.53,385.84,TXN-B-000686,SOURCE_B
TXN-B-000687-L1374,TXN-B-000687,PRD-0138,PC-NEX0138,2000000013800,NEXUS Scissors 500 MG,Scissors 500 MG,1.82,96.35,175.36,TXN-B-000687,SOURCE_B
TXN-B-000688-L1376,TXN-B-000688,PRD-0065,PC-AUR0065,2000000006505,AURORA Charging Dock 3 V,Charging Dock 3 V,7.76,17.05,132.31,TXN-B-000688,SOURCE_B
TXN-B-000689-L1378,TXN-B-000689,PRD-0149,PC-AUR0149,2000000014906,AURORA Wrench Set 45 CM,Wrench Set 45 CM,1.25,29.28,36.6,TXN-B-000689,SOURCE_B
TXN-B-000690-L1380,TXN-B-000690,PRD-0108,PC-NEX0108,2000000010809,NEXUS Spatula Set 500 MG,Spatula Set 500 MG,2.15,103.62,222.78,TXN-B-000690,SOURCE_B
TXN-B-000691-L1382,TXN-B-000691,PRD-0012,PC-NEX0012,2000000001203,NEXUS Laundry Detergent 3 V,Laundry Detergent 3 V,2.2,22.27,48.99,TXN-B-000691,SOURCE_B
TXN-B-000692-L1384,TXN-B-000692,PRD-0019,PC-ZEN0019,2000000001906,ZENITH Air Freshener 45 CM,Air Freshener 45 CM,1.71,38.75,66.26,TXN-B-000692,SOURCE_B
TXN-B-000693-L1386,TXN-B-000693,PRD-0023,PC-AUR0023,2000000002309,AURORA Floor Polish 100 MG,Floor Polish 100 MG,6.61,52.05,344.05,TXN-B-000693,SOURCE_B
TXN-B-000694-L1388,TXN-B-000694,PRD-0108,PC-NEX0108,2000000010809,NEXUS Spatula Set 500 MG,Spatula Set 500 MG,3.48,103.62,360.6,TXN-B-000694,SOURCE_B
TXN-B-000695-L1390,TXN-B-000695,PRD-0129,PC-NEX0129,2000000012902,NEXUS Colored Pencil Set 750 ML,Colored Pencil Set 750 ML,6.26,94.86,593.82,TXN-B-000695,SOURCE_B
TXN-B-000696-L1392,TXN-B-000696,PRD-0026,PC-AUR0026,2000000002606,AURORA Ballpoint Pen 250 ML,Ballpoint Pen 250 ML,3.09,26.93,83.21,TXN-B-000696,SOURCE_B
TXN-B-000697-L1394,TXN-B-000697,PRD-0056,PC-AUR0056,2000000005607,AURORA Phone Case 20 W,Phone Case 20 W,8.03,16.68,133.94,TXN-B-000697,SOURCE_B
TXN-B-000698-L1396,TXN-B-000698,PRD-0131,PC-AUR0131,2000000013107,AURORA Ruler Set 60 CM,Ruler Set 60 CM,5.9,15.08,88.97,TXN-B-000698,SOURCE_B
TXN-B-000699-L1398,TXN-B-000699,PRD-0065,PC-AUR0065,2000000006505,AURORA Charging Dock 3 V,Charging Dock 3 V,7.5,17.05,127.88,TXN-B-000699,SOURCE_B
TXN-B-000700-L1400,TXN-B-000700,PRD-0088,PC-ZEN0088,2000000008806,ZENITH Face Cream 30 CM,Face Cream 30 CM,6.43,2.66,17.1,TXN-B-000700,SOURCE_B
TXN-B-000701-L1402,TXN-B-000701,PRD-0111,PC-NEX0111,2000000011103,NEXUS Storage Container 500 G,Storage Container 500 G,5.35,61.14,327.1,TXN-B-000701,SOURCE_B
TXN-B-000702-L1404,TXN-B-000702,PRD-0150,PC-NEX0150,2000000015002,NEXUS Wrench Set 9 V,Wrench Set 9 V,7.62,89.01,678.26,TXN-B-000702,SOURCE_B
TXN-B-000703-L1406,TXN-B-000703,PRD-0060,PC-NEX0060,2000000006000,NEXUS Screen Protector 10 IN,Screen Protector 10 IN,4.32,85.32,368.58,TXN-B-000703,SOURCE_B
TXN-B-000704-L1408,TXN-B-000704,PRD-0143,PC-AUR0143,2000000014302,AURORA Marker Set 10 IN,Marker Set 10 IN,3.49,13.47,47.01,TXN-B-000704,SOURCE_B
TXN-B-000705-L1410,TXN-B-000705,PRD-0148,PC-ZEN0148,2000000014807,ZENITH Wrench Set 30 CM,Wrench Set 30 CM,3.63,116.97,424.6,TXN-B-000705,SOURCE_B
TXN-B-000706-L1412,TXN-B-000706,PRD-0122,PC-AUR0122,2000000012209,AURORA Notebook 5000 MAH,Notebook 5000 MAH,2.47,31.9,78.79,TXN-B-000706,SOURCE_B
TXN-B-000707-L1414,TXN-B-000707,PRD-0024,PC-NEX0024,2000000002408,NEXUS Floor Polish 100 MG,Floor Polish 100 MG,5.0,75.71,378.55,TXN-B-000707,SOURCE_B
TXN-B-000708-L1416,TXN-B-000708,PRD-0131,PC-AUR0131,2000000013107,AURORA Ruler Set 60 CM,Ruler Set 60 CM,8.7,15.08,131.2,TXN-B-000708,SOURCE_B
TXN-B-000709-L1418,TXN-B-000709,PRD-0038,PC-AUR0038,2000000003801,AURORA Desk Organizer 2000 MAH,Desk Organizer 2000 MAH,7.16,28.05,200.84,TXN-B-000709,SOURCE_B
TXN-B-000710-L1420,TXN-B-000710,PRD-0116,PC-AUR0116,2000000011608,AURORA Can Opener 500 MG,Can Opener 500 MG,7.19,80.59,579.44,TXN-B-000710,SOURCE_B
TXN-B-000711-L1422,TXN-B-000711,PRD-0081,PC-NEX0081,2000000008103,NEXUS Body Wash 500 G,Body Wash 500 G,9.67,56.38,545.19,TXN-B-000711,SOURCE_B
TXN-B-000712-L1424,TXN-B-000712,PRD-0120,PC-NEX0120,2000000012001,NEXUS Peeler 30 CM,Peeler 30 CM,5.57,95.85,533.88,TXN-B-000712,SOURCE_B
TXN-B-000713-L1426,TXN-B-000713,PRD-0084,PC-NEX0084,2000000008400,NEXUS Toothpaste 15 W,Toothpaste 15 W,9.6,33.06,317.38,TXN-B-000713,SOURCE_B
TXN-B-000714-L1428,TXN-B-000714,PRD-0034,PC-ZEN0034,2000000003405,ZENITH Stapler 100 MG,Stapler 100 MG,3.37,79.94,269.4,TXN-B-000714,SOURCE_B
TXN-B-000715-L1430,TXN-B-000715,PRD-0052,PC-ZEN0052,2000000005201,ZENITH Power Adapter 20 W,Power Adapter 20 W,8.76,45.35,397.27,TXN-B-000715,SOURCE_B
TXN-B-000716-L1432,TXN-B-000716,PRD-0032,PC-AUR0032,2000000003207,AURORA Binder Clip Box 3 V,Binder Clip Box 3 V,6.15,78.97,485.67,TXN-B-000716,SOURCE_B
TXN-B-000717-L1434,TXN-B-000717,PRD-0038,PC-AUR0038,2000000003801,AURORA Desk Organizer 2000 MAH,Desk Organizer 2000 MAH,1.08,28.05,30.29,TXN-B-000717,SOURCE_B
TXN-B-000718-L1436,TXN-B-000718,PRD-0014,PC-AUR0014,2000000001401,AURORA Fabric Softener 250 MG,Fabric Softener 250 MG,8.92,111.99,998.95,TXN-B-000718,SOURCE_B
TXN-B-000719-L1438,TXN-B-000719,PRD-0055,PC-ZEN0055,2000000005508,ZENITH Phone Case 250 MG,Phone Case 250 MG,1.78,52.62,93.66,TXN-B-000719,SOURCE_B
TXN-B-000720-L1440,TXN-B-000720,PRD-0127,PC-ZEN0127,2000000012704,ZENITH Colored Pencil Set 50 G,Colored Pencil Set 50 G,9.8,57.94,567.81,TXN-B-000720,SOURCE_B
TXN-B-000721-L1442,TXN-B-000721,PRD-0023,PC-AUR0023,2000000002309,AURORA Floor Polish 100 MG,Floor Polish 100 MG,6.38,52.05,332.08,TXN-B-000721,SOURCE_B
TXN-B-000722-L1444,TXN-B-000722,PRD-0015,PC-NEX0015,2000000001500,NEXUS Fabric Softener 200 G,Fabric Softener 200 G,7.74,47.38,366.72,TXN-B-000722,SOURCE_B
TXN-B-000723-L1446,TXN-B-000723,PRD-0022,PC-ZEN0022,2000000002200,ZENITH Floor Polish 2000 MAH,Floor Polish 2000 MAH,4.4,5.92,26.05,TXN-B-000723,SOURCE_B
TXN-B-000724-L1448,TXN-B-000724,PRD-0010,PC-ZEN0010,2000000001005,ZENITH Laundry Detergent 1.5 V,Laundry Detergent 1.5 V,6.05,25.3,153.06,TXN-B-000724,SOURCE_B
TXN-B-000725-L1450,TXN-B-000725,PRD-0075,PC-NEX0075,2000000007502,NEXUS Hand Soap 10000 MAH,Hand Soap 10000 MAH,6.19,69.45,429.9,TXN-B-000725,SOURCE_B
TXN-B-000726-L1452,TXN-B-000726,PRD-0027,PC-NEX0027,2000000002705,NEXUS Ballpoint Pen 500 ML,Ballpoint Pen 500 ML,8.0,49.53,396.24,TXN-B-000726,SOURCE_B
TXN-B-000727-L1454,TXN-B-000727,PRD-0116,PC-AUR0116,2000000011608,AURORA Can Opener 500 MG,Can Opener 500 MG,1.77,80.59,142.64,TXN-B-000727,SOURCE_B
TXN-B-000728-L1456,TXN-B-000728,PRD-0098,PC-AUR0098,2000000009803,AURORA Cutting Board 10 IN,Cutting Board 10 IN,5.46,17.09,93.31,TXN-B-000728,SOURCE_B
TXN-B-000729-L1458,TXN-B-000729,PRD-0079,PC-ZEN0079,2000000007908,ZENITH Body Wash 200 G,Body Wash 200 G,2.07,74.3,153.8,TXN-B-000729,SOURCE_B
TXN-B-000730-L1460,TXN-B-000730,PRD-0020,PC-AUR0020,2000000002002,AURORA Air Freshener 200 G,Air Freshener 200 G,3.08,104.22,321.0,TXN-B-000730,SOURCE_B
TXN-B-000731-L1462,TXN-B-000731,PRD-0026,PC-AUR0026,2000000002606,AURORA Ballpoint Pen 250 ML,Ballpoint Pen 250 ML,5.46,26.93,147.04,TXN-B-000731,SOURCE_B
TXN-B-000732-L1464,TXN-B-000732,PRD-0105,PC-NEX0105,2000000010502,NEXUS Measuring Cup 100 G,Measuring Cup 100 G,6.5,109.25,710.12,TXN-B-000732,SOURCE_B
TXN-B-000733-L1466,TXN-B-000733,PRD-0094,PC-ZEN0094,2000000009407,ZENITH Lotion 10000 MAH,Lotion 10000 MAH,2.41,9.96,24.0,TXN-B-000733,SOURCE_B
TXN-B-000734-L1468,TXN-B-000734,PRD-0095,PC-AUR0095,2000000009506,AURORA Lotion 1 KG,Lotion 1 KG,5.42,117.25,635.5,TXN-B-000734,SOURCE_B
TXN-B-000735-L1470,TXN-B-000735,PRD-0078,PC-NEX0078,2000000007809,NEXUS Shampoo 500 ML,Shampoo 500 ML,5.66,118.47,670.54,TXN-B-000735,SOURCE_B
TXN-B-000736-L1472,TXN-B-000736,PRD-0099,PC-NEX0099,2000000009902,NEXUS Cutting Board 500 ML,Cutting Board 500 ML,6.39,112.85,721.11,TXN-B-000736,SOURCE_B
TXN-B-000737-L1474,TXN-B-000737,PRD-0067,PC-ZEN0067,2000000006703,ZENITH HDMI Cable 1 KG,HDMI Cable 1 KG,6.6,57.46,379.24,TXN-B-000737,SOURCE_B
TXN-B-000738-L1476,TXN-B-000738,PRD-0136,PC-ZEN0136,2000000013602,ZENITH Scissors 3 V,Scissors 3 V,7.8,71.22,555.52,TXN-B-000738,SOURCE_B
TXN-B-000739-L1478,TXN-B-000739,PRD-0003,PC-NEX0003,2000000000305,NEXUS All Purpose Cleaner 250 ML,All Purpose Cleaner 250 ML,2.52,116.68,294.03,TXN-B-000739,SOURCE_B
TXN-B-000740-L1480,TXN-B-000740,PRD-0149,PC-AUR0149,2000000014906,AURORA Wrench Set 45 CM,Wrench Set 45 CM,4.14,29.28,121.22,TXN-B-000740,SOURCE_B
TXN-B-000741-L1482,TXN-B-000741,PRD-0047,PC-AUR0047,2000000004709,AURORA Tape Dispenser 45 CM,Tape Dispenser 45 CM,2.35,2.08,4.89,TXN-B-000741,SOURCE_B
TXN-B-000742-L1484,TXN-B-000742,PRD-0068,PC-AUR0068,2000000006802,AURORA HDMI Cable 10000 MAH,HDMI Cable 10000 MAH,4.83,38.83,187.55,TXN-B-000742,SOURCE_B
TXN-B-000743-L1486,TXN-B-000743,PRD-0121,PC-ZEN0121,2000000012100,ZENITH Notebook 1 L,Notebook 1 L,8.24,21.42,176.5,TXN-B-000743,SOURCE_B
TXN-B-000744-L1488,TXN-B-000744,PRD-0137,PC-AUR0137,2000000013701,AURORA Scissors 100 MG,Scissors 100 MG,2.63,94.03,247.3,TXN-B-000744,SOURCE_B
TXN-B-000745-L1490,TXN-B-000745,PRD-0002,PC-AUR0002,2000000000206,AURORA All Purpose Cleaner 30 CM,All Purpose Cleaner 30 CM,8.71,44.72,389.51,TXN-B-000745,SOURCE_B
TXN-B-000746-L1492,TXN-B-000746,PRD-0086,PC-AUR0086,2000000008608,AURORA Deodorant 500 G,Deodorant 500 G,4.81,52.31,251.61,TXN-B-000746,SOURCE_B
TXN-B-000747-L1494,TXN-B-000747,PRD-0103,PC-ZEN0103,2000000010304,ZENITH Measuring Cup 10000 MAH,Measuring Cup 10000 MAH,8.16,7.51,61.28,TXN-B-000747,SOURCE_B
TXN-B-000748-L1496,TXN-B-000748,PRD-0023,PC-AUR0023,2000000002309,AURORA Floor Polish 100 MG,Floor Polish 100 MG,8.42,52.05,438.26,TXN-B-000748,SOURCE_B
TXN-B-000749-L1498,TXN-B-000749,PRD-0020,PC-AUR0020,2000000002002,AURORA Air Freshener 200 G,Air Freshener 200 G,3.49,104.22,363.73,TXN-B-000749,SOURCE_B
TXN-B-000750-L1500,TXN-B-000750,PRD-0012,PC-NEX0012,2000000001203,NEXUS Laundry Detergent 3 V,Laundry Detergent 3 V,7.08,22.27,157.67,TXN-B-000750,SOURCE_B
TXN-B-000751-L1502,TXN-B-000751,PRD-0042,PC-NEX0042,2000000004204,NEXUS File Folder Pack 500 G,File Folder Pack 500 G,3.0,68.11,204.33,TXN-B-000751,SOURCE_B
TXN-B-000752-L1504,TXN-B-000752,PRD-0028,PC-ZEN0028,2000000002804,ZENITH Highlighter Set 500 ML,Highlighter Set 500 ML,3.21,113.36,363.89,TXN-B-000752,SOURCE_B
TXN-B-000753-L1506,TXN-B-000753,PRD-0057,PC-NEX0057,2000000005706,NEXUS Phone Case 1 L,Phone Case 1 L,6.72,31.73,213.23,TXN-B-000753,SOURCE_B
TXN-B-000754-L1508,TXN-B-000754,PRD-0028,PC-ZEN0028,2000000002804,ZENITH Highlighter Set 500 ML,Highlighter Set 500 ML,6.37,113.36,722.1,TXN-B-000754,SOURCE_B
TXN-B-000755-L1510,TXN-B-000755,PRD-0065,PC-AUR0065,2000000006505,AURORA Charging Dock 3 V,Charging Dock 3 V,8.47,17.05,144.41,TXN-B-000755,SOURCE_B
TXN-B-000756-L1512,TXN-B-000756,PRD-0106,PC-ZEN0106,2000000010601,ZENITH Spatula Set 1 KG,Spatula Set 1 KG,5.1,23.7,120.87,TXN-B-000756,SOURCE_B
TXN-B-000757-L1514,TXN-B-000757,PRD-0030,PC-NEX0030,2000000003009,NEXUS Highlighter Set 12 IN,Highlighter Set 12 IN,2.5,69.53,173.82,TXN-B-000757,SOURCE_B
TXN-B-000758-L1516,TXN-B-000758,PRD-0116,PC-AUR0116,2000000011608,AURORA Can Opener 500 MG,Can Opener 500 MG,2.08,80.59,167.63,TXN-B-000758,SOURCE_B
TXN-B-000759-L1518,TXN-B-000759,PRD-0074,PC-AUR0074,2000000007403,AURORA Hand Soap 1.5 V,Hand Soap 1.5 V,1.08,72.37,78.16,TXN-B-000759,SOURCE_B
TXN-B-000760-L1520,TXN-B-000760,PRD-0081,PC-NEX0081,2000000008103,NEXUS Body Wash 500 G,Body Wash 500 G,5.2,56.38,293.18,TXN-B-000760,SOURCE_B
TXN-B-000761-L1522,TXN-B-000761,PRD-0138,PC-NEX0138,2000000013800,NEXUS Scissors 500 MG,Scissors 500 MG,4.29,96.35,413.34,TXN-B-000761,SOURCE_B
TXN-B-000762-L1524,TXN-B-000762,PRD-0118,PC-ZEN0118,2000000011806,ZENITH Peeler 750 ML,Peeler 750 ML,6.84,28.05,191.86,TXN-B-000762,SOURCE_B
TXN-B-000763-L1526,TXN-B-000763,PRD-0134,PC-AUR0134,2000000013404,AURORA Glue Stick 9 V,Glue Stick 9 V,5.19,77.67,403.11,TXN-B-000763,SOURCE_B
TXN-B-000764-L1528,TXN-B-000764,PRD-0047,PC-AUR0047,2000000004709,AURORA Tape Dispenser 45 CM,Tape Dispenser 45 CM,5.56,2.08,11.56,TXN-B-000764,SOURCE_B
TXN-B-000765-L1530,TXN-B-000765,PRD-0080,PC-AUR0080,2000000008004,AURORA Body Wash 500 MG,Body Wash 500 MG,3.86,11.65,44.97,TXN-B-000765,SOURCE_B
TXN-B-000766-L1532,TXN-B-000766,PRD-0023,PC-AUR0023,2000000002309,AURORA Floor Polish 100 MG,Floor Polish 100 MG,1.81,52.05,94.21,TXN-B-000766,SOURCE_B
TXN-B-000767-L1534,TXN-B-000767,PRD-0097,PC-ZEN0097,2000000009704,ZENITH Cutting Board 5 W,Cutting Board 5 W,9.69,15.99,154.94,TXN-B-000767,SOURCE_B
TXN-B-000768-L1536,TXN-B-000768,PRD-0098,PC-AUR0098,2000000009803,AURORA Cutting Board 10 IN,Cutting Board 10 IN,9.2,17.09,157.23,TXN-B-000768,SOURCE_B
TXN-B-000769-L1538,TXN-B-000769,PRD-0034,PC-ZEN0034,2000000003405,ZENITH Stapler 100 MG,Stapler 100 MG,2.03,79.94,162.28,TXN-B-000769,SOURCE_B
TXN-B-000770-L1540,TXN-B-000770,PRD-0116,PC-AUR0116,2000000011608,AURORA Can Opener 500 MG,Can Opener 500 MG,3.7,80.59,298.18,TXN-B-000770,SOURCE_B
TXN-B-000771-L1542,TXN-B-000771,PRD-0037,PC-ZEN0037,2000000003702,ZENITH Desk Organizer 5 W,Desk Organizer 5 W,5.08,11.53,58.57,TXN-B-000771,SOURCE_B
TXN-B-000772-L1544,TXN-B-000772,PRD-0021,PC-NEX0021,2000000002101,NEXUS Air Freshener 30 CM,Air Freshener 30 CM,9.92,13.9,137.89,TXN-B-000772,SOURCE_B
TXN-B-000773-L1546,TXN-B-000773,PRD-0130,PC-ZEN0130,2000000013008,ZENITH Ruler Set 45 CM,Ruler Set 45 CM,9.71,90.87,882.35,TXN-B-000773,SOURCE_B
TXN-B-000774-L1548,TXN-B-000774,PRD-0118,PC-ZEN0118,2000000011806,ZENITH Peeler 750 ML,Peeler 750 ML,3.87,28.05,108.55,TXN-B-000774,SOURCE_B
TXN-B-000775-L1550,TXN-B-000775,PRD-0116,PC-AUR0116,2000000011608,AURORA Can Opener 500 MG,Can Opener 500 MG,8.87,80.59,714.83,TXN-B-000775,SOURCE_B
TXN-B-000776-L1552,TXN-B-000776,PRD-0111,PC-NEX0111,2000000011103,NEXUS Storage Container 500 G,Storage Container 500 G,4.05,61.14,247.62,TXN-B-000776,SOURCE_B
TXN-B-000777-L1554,TXN-B-000777,PRD-0111,PC-NEX0111,2000000011103,NEXUS Storage Container 500 G,Storage Container 500 G,6.41,61.14,391.91,TXN-B-000777,SOURCE_B
TXN-B-000778-L1556,TXN-B-000778,PRD-0138,PC-NEX0138,2000000013800,NEXUS Scissors 500 MG,Scissors 500 MG,9.42,96.35,907.62,TXN-B-000778,SOURCE_B
TXN-B-000779-L1558,TXN-B-000779,PRD-0114,PC-NEX0114,2000000011400,NEXUS Kitchen Towel 10 W,Kitchen Towel 10 W,1.4,24.94,34.92,TXN-B-000779,SOURCE_B
TXN-B-000780-L1560,TXN-B-000780,PRD-0011,PC-AUR0011,2000000001104,AURORA Laundry Detergent 2000 MAH,Laundry Detergent 2000 MAH,5.92,97.97,579.98,TXN-B-000780,SOURCE_B
TXN-B-000781-L1562,TXN-B-000781,PRD-0026,PC-AUR0026,2000000002606,AURORA Ballpoint Pen 250 ML,Ballpoint Pen 250 ML,2.29,26.93,61.67,TXN-B-000781,SOURCE_B
TXN-B-000782-L1564,TXN-B-000782,PRD-0089,PC-AUR0089,2000000008905,AURORA Face Cream 500 ML,Face Cream 500 ML,1.31,50.06,65.58,TXN-B-000782,SOURCE_B
TXN-B-000783-L1566,TXN-B-000783,PRD-0138,PC-NEX0138,2000000013800,NEXUS Scissors 500 MG,Scissors 500 MG,3.39,96.35,326.63,TXN-B-000783,SOURCE_B
TXN-B-000784-L1568,TXN-B-000784,PRD-0118,PC-ZEN0118,2000000011806,ZENITH Peeler 750 ML,Peeler 750 ML,4.52,28.05,126.79,TXN-B-000784,SOURCE_B
TXN-B-000785-L1570,TXN-B-000785,PRD-0064,PC-ZEN0064,2000000006406,ZENITH Charging Dock 15 W,Charging Dock 15 W,3.32,60.18,199.8,TXN-B-000785,SOURCE_B
TXN-B-000786-L1572,TXN-B-000786,PRD-0001,PC-ZEN0001,2000000000107,ZENITH All Purpose Cleaner 10 IN,All Purpose Cleaner 10 IN,7.99,34.59,276.37,TXN-B-000786,SOURCE_B
TXN-B-000787-L1574,TXN-B-000787,PRD-0027,PC-NEX0027,2000000002705,NEXUS Ballpoint Pen 500 ML,Ballpoint Pen 500 ML,2.81,49.53,139.18,TXN-B-000787,SOURCE_B
TXN-B-000788-L1576,TXN-B-000788,PRD-0052,PC-ZEN0052,2000000005201,ZENITH Power Adapter 20 W,Power Adapter 20 W,8.02,45.35,363.71,TXN-B-000788,SOURCE_B
TXN-B-000789-L1578,TXN-B-000789,PRD-0026,PC-AUR0026,2000000002606,AURORA Ballpoint Pen 250 ML,Ballpoint Pen 250 ML,4.17,26.93,112.3,TXN-B-000789,SOURCE_B
TXN-B-000790-L1580,TXN-B-000790,PRD-0080,PC-AUR0080,2000000008004,AURORA Body Wash 500 MG,Body Wash 500 MG,9.38,11.65,109.28,TXN-B-000790,SOURCE_B
TXN-B-000791-L1582,TXN-B-000791,PRD-0092,PC-AUR0092,2000000009209,AURORA Hair Gel 100 MG,Hair Gel 100 MG,1.76,64.67,113.82,TXN-B-000791,SOURCE_B
TXN-B-000792-L1584,TXN-B-000792,PRD-0094,PC-ZEN0094,2000000009407,ZENITH Lotion 10000 MAH,Lotion 10000 MAH,2.07,9.96,20.62,TXN-B-000792,SOURCE_B
TXN-B-000793-L1586,TXN-B-000793,PRD-0062,PC-AUR0062,2000000006208,AURORA Battery Pack 2000 MAH,Battery Pack 2000 MAH,6.72,70.05,470.74,TXN-B-000793,SOURCE_B
TXN-B-000794-L1588,TXN-B-000794,PRD-0043,PC-ZEN0043,2000000004303,ZENITH Whiteboard Marker 20 W,Whiteboard Marker 20 W,3.46,56.59,195.8,TXN-B-000794,SOURCE_B
TXN-B-000795-L1590,TXN-B-000795,PRD-0098,PC-AUR0098,2000000009803,AURORA Cutting Board 10 IN,Cutting Board 10 IN,5.18,17.09,88.53,TXN-B-000795,SOURCE_B
TXN-B-000796-L1592,TXN-B-000796,PRD-0003,PC-NEX0003,2000000000305,NEXUS All Purpose Cleaner 250 ML,All Purpose Cleaner 250 ML,1.15,116.68,134.18,TXN-B-000796,SOURCE_B
TXN-B-000797-L1594,TXN-B-000797,PRD-0099,PC-NEX0099,2000000009902,NEXUS Cutting Board 500 ML,Cutting Board 500 ML,8.76,112.85,988.57,TXN-B-000797,SOURCE_B
TXN-B-000798-L1596,TXN-B-000798,PRD-0003,PC-NEX0003,2000000000305,NEXUS All Purpose Cleaner 250 ML,All Purpose Cleaner 250 ML,7.82,116.68,912.44,TXN-B-000798,SOURCE_B
TXN-B-000799-L1598,TXN-B-000799,PRD-0037,PC-ZEN0037,2000000003702,ZENITH Desk Organizer 5 W,Desk Organizer 5 W,1.48,11.53,17.06,TXN-B-000799,SOURCE_B
TXN-B-000800-L1600,TXN-B-000800,PRD-0011,PC-AUR0011,2000000001104,AURORA Laundry Detergent 2000 MAH,Laundry Detergent 2000 MAH,2.53,97.97,247.86,TXN-B-000800,SOURCE_B
TXN-B-000801-L1602,TXN-B-000801,PRD-0078,PC-NEX0078,2000000007809,NEXUS Shampoo 500 ML,Shampoo 500 ML,8.02,118.47,950.13,TXN-B-000801,SOURCE_B
TXN-B-000802-L1604,TXN-B-000802,PRD-0096,PC-NEX0096,2000000009605,NEXUS Lotion 1 KG,Lotion 1 KG,7.49,25.67,192.27,TXN-B-000802,SOURCE_B
TXN-B-000803-L1606,TXN-B-000803,PRD-0114,PC-NEX0114,2000000011400,NEXUS Kitchen Towel 10 W,Kitchen Towel 10 W,3.75,24.94,93.53,TXN-B-000803,SOURCE_B
TXN-B-000804-L1608,TXN-B-000804,PRD-0104,PC-AUR0104,2000000010403,AURORA Measuring Cup 10000 MAH,Measuring Cup 10000 MAH,5.37,68.42,367.42,TXN-B-000804,SOURCE_B
TXN-B-000805-L1610,TXN-B-000805,PRD-0132,PC-NEX0132,2000000013206,NEXUS Ruler Set 60 CM,Ruler Set 60 CM,9.87,20.73,204.61,TXN-B-000805,SOURCE_B
TXN-B-000806-L1612,TXN-B-000806,PRD-0043,PC-ZEN0043,2000000004303,ZENITH Whiteboard Marker 20 W,Whiteboard Marker 20 W,1.48,56.59,83.75,TXN-B-000806,SOURCE_B
TXN-B-000807-L1614,TXN-B-000807,PRD-0001,PC-ZEN0001,2000000000107,ZENITH All Purpose Cleaner 10 IN,All Purpose Cleaner 10 IN,5.03,34.59,173.99,TXN-B-000807,SOURCE_B
TXN-B-000808-L1616,TXN-B-000808,PRD-0094,PC-ZEN0094,2000000009407,ZENITH Lotion 10000 MAH,Lotion 10000 MAH,4.4,9.96,43.82,TXN-B-000808,SOURCE_B
TXN-B-000809-L1618,TXN-B-000809,PRD-0053,PC-AUR0053,2000000005300,AURORA Power Adapter 1 L,Power Adapter 1 L,2.93,43.8,128.33,TXN-B-000809,SOURCE_B
TXN-B-000810-L1620,TXN-B-000810,PRD-0025,PC-ZEN0025,2000000002507,ZENITH Ballpoint Pen 1 KG,Ballpoint Pen 1 KG,9.74,37.08,361.16,TXN-B-000810,SOURCE_B
TXN-B-000811-L1622,TXN-B-000811,PRD-0103,PC-ZEN0103,2000000010304,ZENITH Measuring Cup 10000 MAH,Measuring Cup 10000 MAH,8.41,7.51,63.16,TXN-B-000811,SOURCE_B
TXN-B-000812-L1624,TXN-B-000812,PRD-0021,PC-NEX0021,2000000002101,NEXUS Air Freshener 30 CM,Air Freshener 30 CM,8.58,13.9,119.26,TXN-B-000812,SOURCE_B
TXN-B-000813-L1626,TXN-B-000813,PRD-0111,PC-NEX0111,2000000011103,NEXUS Storage Container 500 G,Storage Container 500 G,9.81,61.14,599.78,TXN-B-000813,SOURCE_B
TXN-B-000814-L1628,TXN-B-000814,PRD-0074,PC-AUR0074,2000000007403,AURORA Hand Soap 1.5 V,Hand Soap 1.5 V,6.21,72.37,449.42,TXN-B-000814,SOURCE_B
TXN-B-000815-L1630,TXN-B-000815,PRD-0119,PC-AUR0119,2000000011905,AURORA Peeler 100 MG,Peeler 100 MG,2.8,13.3,37.24,TXN-B-000815,SOURCE_B
TXN-B-000816-L1632,TXN-B-000816,PRD-0100,PC-ZEN0100,2000000010007,ZENITH Mixing Bowl Set 250 ML,Mixing Bowl Set 250 ML,1.94,63.15,122.51,TXN-B-000816,SOURCE_B
TXN-B-000817-L1634,TXN-B-000817,PRD-0026,PC-AUR0026,2000000002606,AURORA Ballpoint Pen 250 ML,Ballpoint Pen 250 ML,4.3,26.93,115.8,TXN-B-000817,SOURCE_B
TXN-B-000818-L1636,TXN-B-000818,PRD-0118,PC-ZEN0118,2000000011806,ZENITH Peeler 750 ML,Peeler 750 ML,6.65,28.05,186.53,TXN-B-000818,SOURCE_B
TXN-B-000819-L1638,TXN-B-000819,PRD-0117,PC-NEX0117,2000000011707,NEXUS Can Opener 5 W,Can Opener 5 W,1.89,60.46,114.27,TXN-B-000819,SOURCE_B
TXN-B-000820-L1640,TXN-B-000820,PRD-0058,PC-ZEN0058,2000000005805,ZENITH Screen Protector 3 V,Screen Protector 3 V,6.53,72.97,476.49,TXN-B-000820,SOURCE_B
TXN-B-000821-L1642,TXN-B-000821,PRD-0149,PC-AUR0149,2000000014906,AURORA Wrench Set 45 CM,Wrench Set 45 CM,8.86,29.28,259.42,TXN-B-000821,SOURCE_B
TXN-B-000822-L1644,TXN-B-000822,PRD-0062,PC-AUR0062,2000000006208,AURORA Battery Pack 2000 MAH,Battery Pack 2000 MAH,5.49,70.05,384.57,TXN-B-000822,SOURCE_B
TXN-B-000823-L1646,TXN-B-000823,PRD-0142,PC-ZEN0142,2000000014203,ZENITH Marker Set 750 ML,Marker Set 750 ML,3.22,33.77,108.74,TXN-B-000823,SOURCE_B
TXN-B-000824-L1648,TXN-B-000824,PRD-0024,PC-NEX0024,2000000002408,NEXUS Floor Polish 100 MG,Floor Polish 100 MG,5.77,75.71,436.85,TXN-B-000824,SOURCE_B
TXN-B-000825-L1650,TXN-B-000825,PRD-0131,PC-AUR0131,2000000013107,AURORA Ruler Set 60 CM,Ruler Set 60 CM,7.49,15.08,112.95,TXN-B-000825,SOURCE_B
TXN-B-000826-L1652,TXN-B-000826,PRD-0083,PC-AUR0083,2000000008301,AURORA Toothpaste 3 V,Toothpaste 3 V,3.41,47.14,160.75,TXN-B-000826,SOURCE_B
TXN-B-000827-L1654,TXN-B-000827,PRD-0055,PC-ZEN0055,2000000005508,ZENITH Phone Case 250 MG,Phone Case 250 MG,6.75,52.62,355.19,TXN-B-000827,SOURCE_B
TXN-B-000828-L1656,TXN-B-000828,PRD-0137,PC-AUR0137,2000000013701,AURORA Scissors 100 MG,Scissors 100 MG,8.87,94.03,834.05,TXN-B-000828,SOURCE_B
TXN-B-000829-L1658,TXN-B-000829,PRD-0142,PC-ZEN0142,2000000014203,ZENITH Marker Set 750 ML,Marker Set 750 ML,7.71,33.77,260.37,TXN-B-000829,SOURCE_B
TXN-B-000830-L1660,TXN-B-000830,PRD-0002,PC-AUR0002,2000000000206,AURORA All Purpose Cleaner 30 CM,All Purpose Cleaner 30 CM,4.94,44.72,220.92,TXN-B-000830,SOURCE_B
TXN-B-000831-L1662,TXN-B-000831,PRD-0024,PC-NEX0024,2000000002408,NEXUS Floor Polish 100 MG,Floor Polish 100 MG,1.08,75.71,81.77,TXN-B-000831,SOURCE_B
TXN-B-000832-L1664,TXN-B-000832,PRD-0048,PC-NEX0048,2000000004808,NEXUS Tape Dispenser 3 V,Tape Dispenser 3 V,6.86,64.25,440.75,TXN-B-000832,SOURCE_B
TXN-B-000833-L1666,TXN-B-000833,PRD-0089,PC-AUR0089,2000000008905,AURORA Face Cream 500 ML,Face Cream 500 ML,9.23,50.06,462.05,TXN-B-000833,SOURCE_B
TXN-B-000834-L1668,TXN-B-000834,PRD-0064,PC-ZEN0064,2000000006406,ZENITH Charging Dock 15 W,Charging Dock 15 W,3.19,60.18,191.97,TXN-B-000834,SOURCE_B
TXN-B-000835-L1670,TXN-B-000835,PRD-0095,PC-AUR0095,2000000009506,AURORA Lotion 1 KG,Lotion 1 KG,9.01,117.25,1056.42,TXN-B-000835,SOURCE_B
TXN-B-000836-L1672,TXN-B-000836,PRD-0074,PC-AUR0074,2000000007403,AURORA Hand Soap 1.5 V,Hand Soap 1.5 V,2.76,72.37,199.74,TXN-B-000836,SOURCE_B
TXN-B-000837-L1674,TXN-B-000837,PRD-0055,PC-ZEN0055,2000000005508,ZENITH Phone Case 250 MG,Phone Case 250 MG,4.71,52.62,247.84,TXN-B-000837,SOURCE_B
TXN-B-000838-L1676,TXN-B-000838,PRD-0141,PC-NEX0141,2000000014104,NEXUS Eraser Pack 3 V,Eraser Pack 3 V,9.71,34.77,337.62,TXN-B-000838,SOURCE_B
TXN-B-000839-L1678,TXN-B-000839,PRD-0148,PC-ZEN0148,2000000014807,ZENITH Wrench Set 30 CM,Wrench Set 30 CM,1.61,116.97,188.32,TXN-B-000839,SOURCE_B
TXN-B-000840-L1680,TXN-B-000840,PRD-0040,PC-ZEN0040,2000000004006,ZENITH File Folder Pack 750 ML,File Folder Pack 750 ML,6.18,112.35,694.32,TXN-B-000840,SOURCE_B
TXN-B-000841-L1682,TXN-B-000841,PRD-0145,PC-ZEN0145,2000000014500,ZENITH Screwdriver Set 10 W,Screwdriver Set 10 W,1.63,31.94,52.06,TXN-B-000841,SOURCE_B
TXN-B-000842-L1684,TXN-B-000842,PRD-0076,PC-ZEN0076,2000000007601,ZENITH Shampoo 200 G,Shampoo 200 G,6.55,12.26,80.3,TXN-B-000842,SOURCE_B
TXN-B-000843-L1686,TXN-B-000843,PRD-0120,PC-NEX0120,2000000012001,NEXUS Peeler 30 CM,Peeler 30 CM,5.49,95.85,526.22,TXN-B-000843,SOURCE_B
TXN-B-000844-L1688,TXN-B-000844,PRD-0120,PC-NEX0120,2000000012001,NEXUS Peeler 30 CM,Peeler 30 CM,2.95,95.85,282.76,TXN-B-000844,SOURCE_B
TXN-B-000845-L1690,TXN-B-000845,PRD-0135,PC-NEX0135,2000000013503,NEXUS Glue Stick 5000 MAH,Glue Stick 5000 MAH,1.14,27.9,31.81,TXN-B-000845,SOURCE_B
TXN-B-000846-L1692,TXN-B-000846,PRD-0021,PC-NEX0021,2000000002101,NEXUS Air Freshener 30 CM,Air Freshener 30 CM,3.38,13.9,46.98,TXN-B-000846,SOURCE_B
TXN-B-000847-L1694,TXN-B-000847,PRD-0065,PC-AUR0065,2000000006505,AURORA Charging Dock 3 V,Charging Dock 3 V,2.16,17.05,36.83,TXN-B-000847,SOURCE_B
TXN-B-000848-L1696,TXN-B-000848,PRD-0047,PC-AUR0047,2000000004709,AURORA Tape Dispenser 45 CM,Tape Dispenser 45 CM,2.87,2.08,5.97,TXN-B-000848,SOURCE_B
TXN-B-000849-L1698,TXN-B-000849,PRD-0096,PC-NEX0096,2000000009605,NEXUS Lotion 1 KG,Lotion 1 KG,4.61,25.67,118.34,TXN-B-000849,SOURCE_B
TXN-B-000850-L1700,TXN-B-000850,PRD-0079,PC-ZEN0079,2000000007908,ZENITH Body Wash 200 G,Body Wash 200 G,5.94,74.3,441.34,TXN-B-000850,SOURCE_B
TXN-B-000851-L1702,TXN-B-000851,PRD-0090,PC-NEX0090,2000000009001,NEXUS Face Cream 100 MG,Face Cream 100 MG,3.73,20.0,74.6,TXN-B-000851,SOURCE_B
TXN-B-000852-L1704,TXN-B-000852,PRD-0097,PC-ZEN0097,2000000009704,ZENITH Cutting Board 5 W,Cutting Board 5 W,4.44,15.99,71.0,TXN-B-000852,SOURCE_B
TXN-B-000853-L1706,TXN-B-000853,PRD-0111,PC-NEX0111,2000000011103,NEXUS Storage Container 500 G,Storage Container 500 G,9.97,61.14,609.57,TXN-B-000853,SOURCE_B
TXN-B-000854-L1708,TXN-B-000854,PRD-0044,PC-AUR0044,2000000004402,AURORA Whiteboard Marker 12 IN,Whiteboard Marker 12 IN,7.84,38.93,305.21,TXN-B-000854,SOURCE_B
TXN-B-000855-L1710,TXN-B-000855,PRD-0123,PC-NEX0123,2000000012308,NEXUS Notebook 3 V,Notebook 3 V,4.71,15.38,72.44,TXN-B-000855,SOURCE_B
TXN-B-000856-L1712,TXN-B-000856,PRD-0088,PC-ZEN0088,2000000008806,ZENITH Face Cream 30 CM,Face Cream 30 CM,3.99,2.66,10.61,TXN-B-000856,SOURCE_B
TXN-B-000857-L1714,TXN-B-000857,PRD-0072,PC-NEX0072,2000000007205,NEXUS Mouse Pad 100 G,Mouse Pad 100 G,1.41,43.98,62.01,TXN-B-000857,SOURCE_B
TXN-B-000858-L1716,TXN-B-000858,PRD-0108,PC-NEX0108,2000000010809,NEXUS Spatula Set 500 MG,Spatula Set 500 MG,9.97,103.62,1033.09,TXN-B-000858,SOURCE_B
TXN-B-000859-L1718,TXN-B-000859,PRD-0077,PC-AUR0077,2000000007700,AURORA Shampoo 1 KG,Shampoo 1 KG,9.32,106.6,993.51,TXN-B-000859,SOURCE_B
TXN-B-000860-L1720,TXN-B-000860,PRD-0140,PC-AUR0140,2000000014005,AURORA Eraser Pack 2000 MAH,Eraser Pack 2000 MAH,5.85,111.85,654.32,TXN-B-000860,SOURCE_B
TXN-B-000861-L1722,TXN-B-000861,PRD-0024,PC-NEX0024,2000000002408,NEXUS Floor Polish 100 MG,Floor Polish 100 MG,3.53,75.71,267.26,TXN-B-000861,SOURCE_B
TXN-B-000862-L1724,TXN-B-000862,PRD-0059,PC-AUR0059,2000000005904,AURORA Screen Protector 45 CM,Screen Protector 45 CM,2.32,61.8,143.38,TXN-B-000862,SOURCE_B
TXN-B-000863-L1726,TXN-B-000863,PRD-0085,PC-ZEN0085,2000000008509,ZENITH Deodorant 200 G,Deodorant 200 G,1.51,86.39,130.45,TXN-B-000863,SOURCE_B
TXN-B-000864-L1728,TXN-B-000864,PRD-0090,PC-NEX0090,2000000009001,NEXUS Face Cream 100 MG,Face Cream 100 MG,9.69,20.0,193.8,TXN-B-000864,SOURCE_B
TXN-B-000865-L1730,TXN-B-000865,PRD-0029,PC-AUR0029,2000000002903,AURORA Highlighter Set 9 V,Highlighter Set 9 V,5.56,26.14,145.34,TXN-B-000865,SOURCE_B
TXN-B-000866-L1732,TXN-B-000866,PRD-0126,PC-NEX0126,2000000012605,NEXUS Sketch Pad 250 ML,Sketch Pad 250 ML,9.14,82.01,749.57,TXN-B-000866,SOURCE_B
TXN-B-000867-L1734,TXN-B-000867,PRD-0016,PC-ZEN0016,2000000001609,ZENITH Surface Wipes 60 CM,Surface Wipes 60 CM,6.92,58.14,402.33,TXN-B-000867,SOURCE_B
TXN-B-000868-L1736,TXN-B-000868,PRD-0054,PC-NEX0054,2000000005409,NEXUS Power Adapter 500 ML,Power Adapter 500 ML,9.78,16.51,161.47,TXN-B-000868,SOURCE_B
TXN-B-000869-L1738,TXN-B-000869,PRD-0106,PC-ZEN0106,2000000010601,ZENITH Spatula Set 1 KG,Spatula Set 1 KG,4.44,23.7,105.23,TXN-B-000869,SOURCE_B
TXN-B-000870-L1740,TXN-B-000870,PRD-0025,PC-ZEN0025,2000000002507,ZENITH Ballpoint Pen 1 KG,Ballpoint Pen 1 KG,8.79,37.08,325.93,TXN-B-000870,SOURCE_B
TXN-B-000871-L1742,TXN-B-000871,PRD-0057,PC-NEX0057,2000000005706,NEXUS Phone Case 1 L,Phone Case 1 L,1.52,31.73,48.23,TXN-B-000871,SOURCE_B
TXN-B-000872-L1744,TXN-B-000872,PRD-0066,PC-NEX0066,2000000006604,NEXUS Charging Dock 5000 MAH,Charging Dock 5000 MAH,9.79,55.19,540.31,TXN-B-000872,SOURCE_B
TXN-B-000873-L1746,TXN-B-000873,PRD-0126,PC-NEX0126,2000000012605,NEXUS Sketch Pad 250 ML,Sketch Pad 250 ML,7.88,82.01,646.24,TXN-B-000873,SOURCE_B
TXN-B-000874-L1748,TXN-B-000874,PRD-0048,PC-NEX0048,2000000004808,NEXUS Tape Dispenser 3 V,Tape Dispenser 3 V,2.1,64.25,134.93,TXN-B-000874,SOURCE_B
TXN-B-000875-L1750,TXN-B-000875,PRD-0115,PC-ZEN0115,2000000011509,ZENITH Can Opener 2000 MAH,Can Opener 2000 MAH,5.33,64.41,343.31,TXN-B-000875,SOURCE_B
TXN-B-000876-L1752,TXN-B-000876,PRD-0098,PC-AUR0098,2000000009803,AURORA Cutting Board 10 IN,Cutting Board 10 IN,5.18,17.09,88.53,TXN-B-000876,SOURCE_B
TXN-B-000877-L1754,TXN-B-000877,PRD-0146,PC-AUR0146,2000000014609,AURORA Screwdriver Set 500 ML,Screwdriver Set 500 ML,9.21,91.46,842.35,TXN-B-000877,SOURCE_B
TXN-B-000878-L1756,TXN-B-000878,PRD-0137,PC-AUR0137,2000000013701,AURORA Scissors 100 MG,Scissors 100 MG,5.74,94.03,539.73,TXN-B-000878,SOURCE_B
TXN-B-000879-L1758,TXN-B-000879,PRD-0028,PC-ZEN0028,2000000002804,ZENITH Highlighter Set 500 ML,Highlighter Set 500 ML,2.76,113.36,312.87,TXN-B-000879,SOURCE_B
TXN-B-000880-L1760,TXN-B-000880,PRD-0061,PC-ZEN0061,2000000006109,ZENITH Battery Pack 200 G,Battery Pack 200 G,1.15,64.09,73.7,TXN-B-000880,SOURCE_B
TXN-B-000881-L1762,TXN-B-000881,PRD-0126,PC-NEX0126,2000000012605,NEXUS Sketch Pad 250 ML,Sketch Pad 250 ML,3.17,82.01,259.97,TXN-B-000881,SOURCE_B
TXN-B-000882-L1764,TXN-B-000882,PRD-0060,PC-NEX0060,2000000006000,NEXUS Screen Protector 10 IN,Screen Protector 10 IN,8.93,85.32,761.91,TXN-B-000882,SOURCE_B
TXN-B-000883-L1766,TXN-B-000883,PRD-0040,PC-ZEN0040,2000000004006,ZENITH File Folder Pack 750 ML,File Folder Pack 750 ML,1.75,112.35,196.61,TXN-B-000883,SOURCE_B
TXN-B-000884-L1768,TXN-B-000884,PRD-0134,PC-AUR0134,2000000013404,AURORA Glue Stick 9 V,Glue Stick 9 V,8.42,77.67,653.98,TXN-B-000884,SOURCE_B
TXN-B-000885-L1770,TXN-B-000885,PRD-0041,PC-AUR0041,2000000004105,AURORA File Folder Pack 9 V,File Folder Pack 9 V,3.42,59.18,202.4,TXN-B-000885,SOURCE_B
TXN-B-000886-L1772,TXN-B-000886,PRD-0032,PC-AUR0032,2000000003207,AURORA Binder Clip Box 3 V,Binder Clip Box 3 V,5.48,78.97,432.76,TXN-B-000886,SOURCE_B
TXN-B-000887-L1774,TXN-B-000887,PRD-0049,PC-ZEN0049,2000000004907,ZENITH USB Cable 1 KG,USB Cable 1 KG,9.67,50.47,488.04,TXN-B-000887,SOURCE_B
TXN-B-000888-L1776,TXN-B-000888,PRD-0004,PC-ZEN0004,2000000000404,ZENITH Glass Spray 750 ML,Glass Spray 750 ML,3.11,100.37,312.15,TXN-B-000888,SOURCE_B
TXN-B-000889-L1778,TXN-B-000889,PRD-0044,PC-AUR0044,2000000004402,AURORA Whiteboard Marker 12 IN,Whiteboard Marker 12 IN,7.18,38.93,279.52,TXN-B-000889,SOURCE_B
TXN-B-000890-L1780,TXN-B-000890,PRD-0083,PC-AUR0083,2000000008301,AURORA Toothpaste 3 V,Toothpaste 3 V,8.3,47.14,391.26,TXN-B-000890,SOURCE_B
TXN-B-000891-L1782,TXN-B-000891,PRD-0091,PC-ZEN0091,2000000009100,ZENITH Hair Gel 1.5 L,Hair Gel 1.5 L,1.01,87.74,88.62,TXN-B-000891,SOURCE_B
TXN-B-000892-L1784,TXN-B-000892,PRD-0021,PC-NEX0021,2000000002101,NEXUS Air Freshener 30 CM,Air Freshener 30 CM,5.75,13.9,79.92,TXN-B-000892,SOURCE_B
TXN-B-000893-L1786,TXN-B-000893,PRD-0031,PC-ZEN0031,2000000003108,ZENITH Binder Clip Box 3 V,Binder Clip Box 3 V,9.82,57.71,566.71,TXN-B-000893,SOURCE_B
TXN-B-000894-L1788,TXN-B-000894,PRD-0024,PC-NEX0024,2000000002408,NEXUS Floor Polish 100 MG,Floor Polish 100 MG,5.72,75.71,433.06,TXN-B-000894,SOURCE_B
TXN-B-000895-L1790,TXN-B-000895,PRD-0017,PC-AUR0017,2000000001708,AURORA Surface Wipes 9 V,Surface Wipes 9 V,8.04,80.73,649.07,TXN-B-000895,SOURCE_B
TXN-B-000896-L1792,TXN-B-000896,PRD-0141,PC-NEX0141,2000000014104,NEXUS Eraser Pack 3 V,Eraser Pack 3 V,2.53,34.77,87.97,TXN-B-000896,SOURCE_B
TXN-B-000897-L1794,TXN-B-000897,PRD-0134,PC-AUR0134,2000000013404,AURORA Glue Stick 9 V,Glue Stick 9 V,8.28,77.67,643.11,TXN-B-000897,SOURCE_B
TXN-B-000898-L1796,TXN-B-000898,PRD-0076,PC-ZEN0076,2000000007601,ZENITH Shampoo 200 G,Shampoo 200 G,6.7,12.26,82.14,TXN-B-000898,SOURCE_B
TXN-B-000899-L1798,TXN-B-000899,PRD-0143,PC-AUR0143,2000000014302,AURORA Marker Set 10 IN,Marker Set 10 IN,2.02,13.47,27.21,TXN-B-000899,SOURCE_B
TXN-B-000900-L1800,TXN-B-000900,PRD-0017,PC-AUR0017,2000000001708,AURORA Surface Wipes 9 V,Surface Wipes 9 V,4.57,80.73,368.94,TXN-B-000900,SOURCE_B
TXN-B-000901-L1802,TXN-B-000901,PRD-0086,PC-AUR0086,2000000008608,AURORA Deodorant 500 G,Deodorant 500 G,2.09,52.31,109.33,TXN-B-000901,SOURCE_B
TXN-B-000902-L1804,TXN-B-000902,PRD-0127,PC-ZEN0127,2000000012704,ZENITH Colored Pencil Set 50 G,Colored Pencil Set 50 G,9.03,57.94,523.2,TXN-B-000902,SOURCE_B
TXN-B-000903-L1806,TXN-B-000903,PRD-0149,PC-AUR0149,2000000014906,AURORA Wrench Set 45 CM,Wrench Set 45 CM,7.86,29.28,230.14,TXN-B-000903,SOURCE_B
TXN-B-000904-L1808,TXN-B-000904,PRD-0086,PC-AUR0086,2000000008608,AURORA Deodorant 500 G,Deodorant 500 G,2.37,52.31,123.97,TXN-B-000904,SOURCE_B
TXN-B-000905-L1810,TXN-B-000905,PRD-0043,PC-ZEN0043,2000000004303,ZENITH Whiteboard Marker 20 W,Whiteboard Marker 20 W,6.49,56.59,367.27,TXN-B-000905,SOURCE_B
TXN-B-000906-L1812,TXN-B-000906,PRD-0032,PC-AUR0032,2000000003207,AURORA Binder Clip Box 3 V,Binder Clip Box 3 V,9.28,78.97,732.84,TXN-B-000906,SOURCE_B
TXN-B-000907-L1814,TXN-B-000907,PRD-0035,PC-AUR0035,2000000003504,AURORA Stapler 10 W,Stapler 10 W,9.69,17.34,168.02,TXN-B-000907,SOURCE_B
TXN-B-000908-L1816,TXN-B-000908,PRD-0063,PC-NEX0063,2000000006307,NEXUS Battery Pack 10 W,Battery Pack 10 W,9.4,96.31,905.31,TXN-B-000908,SOURCE_B
TXN-B-000909-L1818,TXN-B-000909,PRD-0075,PC-NEX0075,2000000007502,NEXUS Hand Soap 10000 MAH,Hand Soap 10000 MAH,6.21,69.45,431.28,TXN-B-000909,SOURCE_B
TXN-B-000910-L1820,TXN-B-000910,PRD-0026,PC-AUR0026,2000000002606,AURORA Ballpoint Pen 250 ML,Ballpoint Pen 250 ML,7.81,26.93,210.32,TXN-B-000910,SOURCE_B
TXN-B-000911-L1822,TXN-B-000911,PRD-0123,PC-NEX0123,2000000012308,NEXUS Notebook 3 V,Notebook 3 V,7.16,15.38,110.12,TXN-B-000911,SOURCE_B
TXN-B-000912-L1824,TXN-B-000912,PRD-0123,PC-NEX0123,2000000012308,NEXUS Notebook 3 V,Notebook 3 V,6.36,15.38,97.82,TXN-B-000912,SOURCE_B
TXN-B-000913-L1826,TXN-B-000913,PRD-0097,PC-ZEN0097,2000000009704,ZENITH Cutting Board 5 W,Cutting Board 5 W,8.54,15.99,136.55,TXN-B-000913,SOURCE_B
TXN-B-000914-L1828,TXN-B-000914,PRD-0029,PC-AUR0029,2000000002903,AURORA Highlighter Set 9 V,Highlighter Set 9 V,4.85,26.14,126.78,TXN-B-000914,SOURCE_B
TXN-B-000915-L1830,TXN-B-000915,PRD-0125,PC-AUR0125,2000000012506,AURORA Sketch Pad 1.5 V,Sketch Pad 1.5 V,2.77,102.96,285.2,TXN-B-000915,SOURCE_B
TXN-B-000916-L1832,TXN-B-000916,PRD-0021,PC-NEX0021,2000000002101,NEXUS Air Freshener 30 CM,Air Freshener 30 CM,3.86,13.9,53.65,TXN-B-000916,SOURCE_B
TXN-B-000917-L1834,TXN-B-000917,PRD-0054,PC-NEX0054,2000000005409,NEXUS Power Adapter 500 ML,Power Adapter 500 ML,7.99,16.51,131.91,TXN-B-000917,SOURCE_B
TXN-B-000918-L1836,TXN-B-000918,PRD-0127,PC-ZEN0127,2000000012704,ZENITH Colored Pencil Set 50 G,Colored Pencil Set 50 G,4.08,57.94,236.4,TXN-B-000918,SOURCE_B
TXN-B-000919-L1838,TXN-B-000919,PRD-0062,PC-AUR0062,2000000006208,AURORA Battery Pack 2000 MAH,Battery Pack 2000 MAH,2.58,70.05,180.73,TXN-B-000919,SOURCE_B
TXN-B-000920-L1840,TXN-B-000920,PRD-0108,PC-NEX0108,2000000010809,NEXUS Spatula Set 500 MG,Spatula Set 500 MG,5.38,103.62,557.48,TXN-B-000920,SOURCE_B
TXN-B-000921-L1842,TXN-B-000921,PRD-0150,PC-NEX0150,2000000015002,NEXUS Wrench Set 9 V,Wrench Set 9 V,7.28,89.01,647.99,TXN-B-000921,SOURCE_B
TXN-B-000922-L1844,TXN-B-000922,PRD-0044,PC-AUR0044,2000000004402,AURORA Whiteboard Marker 12 IN,Whiteboard Marker 12 IN,9.79,38.93,381.12,TXN-B-000922,SOURCE_B
TXN-B-000923-L1846,TXN-B-000923,PRD-0010,PC-ZEN0010,2000000001005,ZENITH Laundry Detergent 1.5 V,Laundry Detergent 1.5 V,7.13,25.3,180.39,TXN-B-000923,SOURCE_B
TXN-B-000924-L1848,TXN-B-000924,PRD-0094,PC-ZEN0094,2000000009407,ZENITH Lotion 10000 MAH,Lotion 10000 MAH,7.15,9.96,71.21,TXN-B-000924,SOURCE_B
TXN-B-000925-L1850,TXN-B-000925,PRD-0148,PC-ZEN0148,2000000014807,ZENITH Wrench Set 30 CM,Wrench Set 30 CM,7.99,116.97,934.59,TXN-B-000925,SOURCE_B
TXN-B-000926-L1852,TXN-B-000926,PRD-0099,PC-NEX0099,2000000009902,NEXUS Cutting Board 500 ML,Cutting Board 500 ML,8.31,112.85,937.78,TXN-B-000926,SOURCE_B
TXN-B-000927-L1854,TXN-B-000927,PRD-0051,PC-NEX0051,2000000005102,NEXUS USB Cable 500 MG,USB Cable 500 MG,9.15,94.26,862.48,TXN-B-000927,SOURCE_B
TXN-B-000928-L1856,TXN-B-000928,PRD-0058,PC-ZEN0058,2000000005805,ZENITH Screen Protector 3 V,Screen Protector 3 V,7.49,72.97,546.55,TXN-B-000928,SOURCE_B
TXN-B-000929-L1858,TXN-B-000929,PRD-0025,PC-ZEN0025,2000000002507,ZENITH Ballpoint Pen 1 KG,Ballpoint Pen 1 KG,8.24,37.08,305.54,TXN-B-000929,SOURCE_B
TXN-B-000930-L1860,TXN-B-000930,PRD-0085,PC-ZEN0085,2000000008509,ZENITH Deodorant 200 G,Deodorant 200 G,6.82,86.39,589.18,TXN-B-000930,SOURCE_B
TXN-B-000931-L1862,TXN-B-000931,PRD-0002,PC-AUR0002,2000000000206,AURORA All Purpose Cleaner 30 CM,All Purpose Cleaner 30 CM,1.92,44.72,85.86,TXN-B-000931,SOURCE_B
TXN-B-000932-L1864,TXN-B-000932,PRD-0005,PC-AUR0005,2000000000503,AURORA Glass Spray 500 G,Glass Spray 500 G,6.61,111.21,735.1,TXN-B-000932,SOURCE_B
TXN-B-000933-L1866,TXN-B-000933,PRD-0085,PC-ZEN0085,2000000008509,ZENITH Deodorant 200 G,Deodorant 200 G,6.36,86.39,549.44,TXN-B-000933,SOURCE_B
TXN-B-000934-L1868,TXN-B-000934,PRD-0127,PC-ZEN0127,2000000012704,ZENITH Colored Pencil Set 50 G,Colored Pencil Set 50 G,6.16,57.94,356.91,TXN-B-000934,SOURCE_B
TXN-B-000935-L1870,TXN-B-000935,PRD-0089,PC-AUR0089,2000000008905,AURORA Face Cream 500 ML,Face Cream 500 ML,8.8,50.06,440.53,TXN-B-000935,SOURCE_B
TXN-B-000936-L1872,TXN-B-000936,PRD-0043,PC-ZEN0043,2000000004303,ZENITH Whiteboard Marker 20 W,Whiteboard Marker 20 W,6.65,56.59,376.32,TXN-B-000936,SOURCE_B
TXN-B-000937-L1874,TXN-B-000937,PRD-0006,PC-NEX0006,2000000000602,NEXUS Glass Spray 9 V,Glass Spray 9 V,6.3,84.09,529.77,TXN-B-000937,SOURCE_B
TXN-B-000938-L1876,TXN-B-000938,PRD-0090,PC-NEX0090,2000000009001,NEXUS Face Cream 100 MG,Face Cream 100 MG,4.27,20.0,85.4,TXN-B-000938,SOURCE_B
TXN-B-000939-L1878,TXN-B-000939,PRD-0062,PC-AUR0062,2000000006208,AURORA Battery Pack 2000 MAH,Battery Pack 2000 MAH,8.46,70.05,592.62,TXN-B-000939,SOURCE_B
TXN-B-000940-L1880,TXN-B-000940,PRD-0044,PC-AUR0044,2000000004402,AURORA Whiteboard Marker 12 IN,Whiteboard Marker 12 IN,6.67,38.93,259.66,TXN-B-000940,SOURCE_B
TXN-B-000941-L1882,TXN-B-000941,PRD-0018,PC-NEX0018,2000000001807,NEXUS Surface Wipes 500 MG,Surface Wipes 500 MG,6.48,39.31,254.73,TXN-B-000941,SOURCE_B
TXN-B-000942-L1884,TXN-B-000942,PRD-0149,PC-AUR0149,2000000014906,AURORA Wrench Set 45 CM,Wrench Set 45 CM,5.66,29.28,165.72,TXN-B-000942,SOURCE_B
TXN-B-000943-L1886,TXN-B-000943,PRD-0020,PC-AUR0020,2000000002002,AURORA Air Freshener 200 G,Air Freshener 200 G,4.56,104.22,475.24,TXN-B-000943,SOURCE_B
TXN-B-000944-L1888,TXN-B-000944,PRD-0013,PC-ZEN0013,2000000001302,ZENITH Fabric Softener 1 L,Fabric Softener 1 L,2.43,9.65,23.45,TXN-B-000944,SOURCE_B
TXN-B-000945-L1890,TXN-B-000945,PRD-0007,PC-ZEN0007,2000000000701,ZENITH Dish Liquid 5000 MAH,Dish Liquid 5000 MAH,8.87,57.78,512.51,TXN-B-000945,SOURCE_B
TXN-B-000946-L1892,TXN-B-000946,PRD-0069,PC-NEX0069,2000000006901,NEXUS HDMI Cable 1.5 L,HDMI Cable 1.5 L,9.13,45.41,414.59,TXN-B-000946,SOURCE_B
TXN-B-000947-L1894,TXN-B-000947,PRD-0090,PC-NEX0090,2000000009001,NEXUS Face Cream 100 MG,Face Cream 100 MG,4.85,20.0,97.0,TXN-B-000947,SOURCE_B
TXN-B-000948-L1896,TXN-B-000948,PRD-0075,PC-NEX0075,2000000007502,NEXUS Hand Soap 10000 MAH,Hand Soap 10000 MAH,1.29,69.45,89.59,TXN-B-000948,SOURCE_B
TXN-B-000949-L1898,TXN-B-000949,PRD-0032,PC-AUR0032,2000000003207,AURORA Binder Clip Box 3 V,Binder Clip Box 3 V,5.52,78.97,435.91,TXN-B-000949,SOURCE_B
TXN-B-000950-L1900,TXN-B-000950,PRD-0113,PC-AUR0113,2000000011301,AURORA Kitchen Towel 20 W,Kitchen Towel 20 W,9.37,71.36,668.64,TXN-B-000950,SOURCE_B
TXN-B-000951-L1902,TXN-B-000951,PRD-0038,PC-AUR0038,2000000003801,AURORA Desk Organizer 2000 MAH,Desk Organizer 2000 MAH,9.72,28.05,272.65,TXN-B-000951,SOURCE_B
TXN-B-000952-L1904,TXN-B-000952,PRD-0131,PC-AUR0131,2000000013107,AURORA Ruler Set 60 CM,Ruler Set 60 CM,2.63,15.08,39.66,TXN-B-000952,SOURCE_B
TXN-B-000953-L1906,TXN-B-000953,PRD-0141,PC-NEX0141,2000000014104,NEXUS Eraser Pack 3 V,Eraser Pack 3 V,8.77,34.77,304.93,TXN-B-000953,SOURCE_B
TXN-B-000954-L1908,TXN-B-000954,PRD-0130,PC-ZEN0130,2000000013008,ZENITH Ruler Set 45 CM,Ruler Set 45 CM,7.75,90.87,704.24,TXN-B-000954,SOURCE_B
TXN-B-000955-L1910,TXN-B-000955,PRD-0052,PC-ZEN0052,2000000005201,ZENITH Power Adapter 20 W,Power Adapter 20 W,8.03,45.35,364.16,TXN-B-000955,SOURCE_B
TXN-B-000956-L1912,TXN-B-000956,PRD-0014,PC-AUR0014,2000000001401,AURORA Fabric Softener 250 MG,Fabric Softener 250 MG,9.58,111.99,1072.86,TXN-B-000956,SOURCE_B
TXN-B-000957-L1914,TXN-B-000957,PRD-0089,PC-AUR0089,2000000008905,AURORA Face Cream 500 ML,Face Cream 500 ML,8.49,50.06,425.01,TXN-B-000957,SOURCE_B
TXN-B-000958-L1916,TXN-B-000958,PRD-0086,PC-AUR0086,2000000008608,AURORA Deodorant 500 G,Deodorant 500 G,9.23,52.31,482.82,TXN-B-000958,SOURCE_B
TXN-B-000959-L1918,TXN-B-000959,PRD-0035,PC-AUR0035,2000000003504,AURORA Stapler 10 W,Stapler 10 W,6.63,17.34,114.96,TXN-B-000959,SOURCE_B
TXN-B-000960-L1920,TXN-B-000960,PRD-0129,PC-NEX0129,2000000012902,NEXUS Colored Pencil Set 750 ML,Colored Pencil Set 750 ML,5.22,94.86,495.17,TXN-B-000960,SOURCE_B
TXN-B-000961-L1922,TXN-B-000961,PRD-0001,PC-ZEN0001,2000000000107,ZENITH All Purpose Cleaner 10 IN,All Purpose Cleaner 10 IN,1.6,34.59,55.34,TXN-B-000961,SOURCE_B
TXN-B-000962-L1924,TXN-B-000962,PRD-0016,PC-ZEN0016,2000000001609,ZENITH Surface Wipes 60 CM,Surface Wipes 60 CM,6.19,58.14,359.89,TXN-B-000962,SOURCE_B
TXN-B-000963-L1926,TXN-B-000963,PRD-0027,PC-NEX0027,2000000002705,NEXUS Ballpoint Pen 500 ML,Ballpoint Pen 500 ML,6.65,49.53,329.37,TXN-B-000963,SOURCE_B
TXN-B-000964-L1928,TXN-B-000964,PRD-0121,PC-ZEN0121,2000000012100,ZENITH Notebook 1 L,Notebook 1 L,3.95,21.42,84.61,TXN-B-000964,SOURCE_B
TXN-B-000965-L1930,TXN-B-000965,PRD-0017,PC-AUR0017,2000000001708,AURORA Surface Wipes 9 V,Surface Wipes 9 V,6.52,80.73,526.36,TXN-B-000965,SOURCE_B
TXN-B-000966-L1932,TXN-B-000966,PRD-0046,PC-ZEN0046,2000000004600,ZENITH Tape Dispenser 250 ML,Tape Dispenser 250 ML,6.69,27.78,185.85,TXN-B-000966,SOURCE_B
TXN-B-000967-L1934,TXN-B-000967,PRD-0021,PC-NEX0021,2000000002101,NEXUS Air Freshener 30 CM,Air Freshener 30 CM,7.41,13.9,103.0,TXN-B-000967,SOURCE_B
TXN-B-000968-L1936,TXN-B-000968,PRD-0142,PC-ZEN0142,2000000014203,ZENITH Marker Set 750 ML,Marker Set 750 ML,2.46,33.77,83.07,TXN-B-000968,SOURCE_B
TXN-B-000969-L1938,TXN-B-000969,PRD-0082,PC-ZEN0082,2000000008202,ZENITH Toothpaste 500 MG,Toothpaste 500 MG,7.39,92.36,682.54,TXN-B-000969,SOURCE_B
TXN-B-000970-L1940,TXN-B-000970,PRD-0100,PC-ZEN0100,2000000010007,ZENITH Mixing Bowl Set 250 ML,Mixing Bowl Set 250 ML,8.0,63.15,505.2,TXN-B-000970,SOURCE_B
TXN-B-000971-L1942,TXN-B-000971,PRD-0075,PC-NEX0075,2000000007502,NEXUS Hand Soap 10000 MAH,Hand Soap 10000 MAH,2.0,69.45,138.9,TXN-B-000971,SOURCE_B
TXN-B-000972-L1944,TXN-B-000972,PRD-0065,PC-AUR0065,2000000006505,AURORA Charging Dock 3 V,Charging Dock 3 V,2.26,17.05,38.53,TXN-B-000972,SOURCE_B
TXN-B-000973-L1946,TXN-B-000973,PRD-0012,PC-NEX0012,2000000001203,NEXUS Laundry Detergent 3 V,Laundry Detergent 3 V,8.01,22.27,178.38,TXN-B-000973,SOURCE_B
TXN-B-000974-L1948,TXN-B-000974,PRD-0137,PC-AUR0137,2000000013701,AURORA Scissors 100 MG,Scissors 100 MG,5.72,94.03,537.85,TXN-B-000974,SOURCE_B
TXN-B-000975-L1950,TXN-B-000975,PRD-0072,PC-NEX0072,2000000007205,NEXUS Mouse Pad 100 G,Mouse Pad 100 G,6.04,43.98,265.64,TXN-B-000975,SOURCE_B
TXN-B-000976-L1952,TXN-B-000976,PRD-0030,PC-NEX0030,2000000003009,NEXUS Highlighter Set 12 IN,Highlighter Set 12 IN,8.71,69.53,605.61,TXN-B-000976,SOURCE_B
TXN-B-000977-L1954,TXN-B-000977,PRD-0146,PC-AUR0146,2000000014609,AURORA Screwdriver Set 500 ML,Screwdriver Set 500 ML,7.38,91.46,674.97,TXN-B-000977,SOURCE_B
TXN-B-000978-L1956,TXN-B-000978,PRD-0135,PC-NEX0135,2000000013503,NEXUS Glue Stick 5000 MAH,Glue Stick 5000 MAH,6.19,27.9,172.7,TXN-B-000978,SOURCE_B
TXN-B-000979-L1958,TXN-B-000979,PRD-0012,PC-NEX0012,2000000001203,NEXUS Laundry Detergent 3 V,Laundry Detergent 3 V,1.68,22.27,37.41,TXN-B-000979,SOURCE_B
TXN-B-000980-L1960,TXN-B-000980,PRD-0105,PC-NEX0105,2000000010502,NEXUS Measuring Cup 100 G,Measuring Cup 100 G,9.2,109.25,1005.1,TXN-B-000980,SOURCE_B
TXN-B-000981-L1962,TXN-B-000981,PRD-0018,PC-NEX0018,2000000001807,NEXUS Surface Wipes 500 MG,Surface Wipes 500 MG,1.79,39.31,70.36,TXN-B-000981,SOURCE_B
TXN-B-000982-L1964,TXN-B-000982,PRD-0149,PC-AUR0149,2000000014906,AURORA Wrench Set 45 CM,Wrench Set 45 CM,3.87,29.28,113.31,TXN-B-000982,SOURCE_B
TXN-B-000983-L1966,TXN-B-000983,PRD-0098,PC-AUR0098,2000000009803,AURORA Cutting Board 10 IN,Cutting Board 10 IN,6.07,17.09,103.74,TXN-B-000983,SOURCE_B
TXN-B-000984-L1968,TXN-B-000984,PRD-0055,PC-ZEN0055,2000000005508,ZENITH Phone Case 250 MG,Phone Case 250 MG,1.65,52.62,86.82,TXN-B-000984,SOURCE_B
TXN-B-000985-L1970,TXN-B-000985,PRD-0112,PC-ZEN0112,2000000011202,ZENITH Kitchen Towel 30 CM,Kitchen Towel 30 CM,8.78,100.54,882.74,TXN-B-000985,SOURCE_B
TXN-B-000986-L1972,TXN-B-000986,PRD-0141,PC-NEX0141,2000000014104,NEXUS Eraser Pack 3 V,Eraser Pack 3 V,3.12,34.77,108.48,TXN-B-000986,SOURCE_B
TXN-B-000987-L1974,TXN-B-000987,PRD-0052,PC-ZEN0052,2000000005201,ZENITH Power Adapter 20 W,Power Adapter 20 W,6.7,45.35,303.85,TXN-B-000987,SOURCE_B
TXN-B-000988-L1976,TXN-B-000988,PRD-0031,PC-ZEN0031,2000000003108,ZENITH Binder Clip Box 3 V,Binder Clip Box 3 V,7.19,57.71,414.93,TXN-B-000988,SOURCE_B
TXN-B-000989-L1978,TXN-B-000989,PRD-0057,PC-NEX0057,2000000005706,NEXUS Phone Case 1 L,Phone Case 1 L,9.87,31.73,313.18,TXN-B-000989,SOURCE_B
TXN-B-000990-L1980,TXN-B-000990,PRD-0014,PC-AUR0014,2000000001401,AURORA Fabric Softener 250 MG,Fabric Softener 250 MG,9.48,111.99,1061.67,TXN-B-000990,SOURCE_B
TXN-B-000991-L1982,TXN-B-000991,PRD-0074,PC-AUR0074,2000000007403,AURORA Hand Soap 1.5 V,Hand Soap 1.5 V,2.64,72.37,191.06,TXN-B-000991,SOURCE_B
TXN-B-000992-L1984,TXN-B-000992,PRD-0003,PC-NEX0003,2000000000305,NEXUS All Purpose Cleaner 250 ML,All Purpose Cleaner 250 ML,7.19,116.68,838.93,TXN-B-000992,SOURCE_B
TXN-B-000993-L1986,TXN-B-000993,PRD-0095,PC-AUR0095,2000000009506,AURORA Lotion 1 KG,Lotion 1 KG,5.09,117.25,596.8,TXN-B-000993,SOURCE_B
TXN-B-000994-L1988,TXN-B-000994,PRD-0048,PC-NEX0048,2000000004808,NEXUS Tape Dispenser 3 V,Tape Dispenser 3 V,8.11,64.25,521.07,TXN-B-000994,SOURCE_B
TXN-B-000995-L1990,TXN-B-000995,PRD-0110,PC-AUR0110,2000000011004,AURORA Storage Container 5 W,Storage Container 5 W,9.94,44.62,443.52,TXN-B-000995,SOURCE_B
TXN-B-000996-L1992,TXN-B-000996,PRD-0029,PC-AUR0029,2000000002903,AURORA Highlighter Set 9 V,Highlighter Set 9 V,9.39,26.14,245.45,TXN-B-000996,SOURCE_B
TXN-B-000997-L1994,TXN-B-000997,PRD-0020,PC-AUR0020,2000000002002,AURORA Air Freshener 200 G,Air Freshener 200 G,2.53,104.22,263.68,TXN-B-000997,SOURCE_B
TXN-B-000998-L1996,TXN-B-000998,PRD-0120,PC-NEX0120,2000000012001,NEXUS Peeler 30 CM,Peeler 30 CM,8.0,95.85,766.8,TXN-B-000998,SOURCE_B
TXN-B-000999-L1998,TXN-B-000999,PRD-0127,PC-ZEN0127,2000000012704,ZENITH Colored Pencil Set 50 G,Colored Pencil Set 50 G,8.59,57.94,497.7,TXN-B-000999,SOURCE_B
TXN-B-001000-L2000,TXN-B-001000,PRD-0029,PC-AUR0029,2000000002903,AURORA Highlighter Set 9 V,Highlighter Set 9 V,3.54,26.14,92.54,TXN-B-001000,SOURCE_B
TXN-B-001001-L2002,TXN-B-001001,PRD-0033,PC-NEX0033,2000000003306,NEXUS Binder Clip Box 45 CM,Binder Clip Box 45 CM,5.96,21.96,130.88,TXN-B-001001,SOURCE_B
TXN-B-001002-L2004,TXN-B-001002,PRD-0084,PC-NEX0084,2000000008400,NEXUS Toothpaste 15 W,Toothpaste 15 W,7.43,33.06,245.64,TXN-B-001002,SOURCE_B
TXN-B-001003-L2006,TXN-B-001003,PRD-0015,PC-NEX0015,2000000001500,NEXUS Fabric Softener 200 G,Fabric Softener 200 G,6.3,47.38,298.49,TXN-B-001003,SOURCE_B
TXN-B-001004-L2008,TXN-B-001004,PRD-0099,PC-NEX0099,2000000009902,NEXUS Cutting Board 500 ML,Cutting Board 500 ML,8.51,112.85,960.35,TXN-B-001004,SOURCE_B
TXN-B-001005-L2010,TXN-B-001005,PRD-0149,PC-AUR0149,2000000014906,AURORA Wrench Set 45 CM,Wrench Set 45 CM,8.28,29.28,242.44,TXN-B-001005,SOURCE_B
TXN-B-001006-L2012,TXN-B-001006,PRD-0021,PC-NEX0021,2000000002101,NEXUS Air Freshener 30 CM,Air Freshener 30 CM,1.18,13.9,16.4,TXN-B-001006,SOURCE_B
TXN-B-001007-L2014,TXN-B-001007,PRD-0082,PC-ZEN0082,2000000008202,ZENITH Toothpaste 500 MG,Toothpaste 500 MG,2.14,92.36,197.65,TXN-B-001007,SOURCE_B
TXN-B-001008-L2016,TXN-B-001008,PRD-0132,PC-NEX0132,2000000013206,NEXUS Ruler Set 60 CM,Ruler Set 60 CM,1.22,20.73,25.29,TXN-B-001008,SOURCE_B
TXN-B-001009-L2018,TXN-B-001009,PRD-0111,PC-NEX0111,2000000011103,NEXUS Storage Container 500 G,Storage Container 500 G,5.18,61.14,316.71,TXN-B-001009,SOURCE_B
TXN-B-001010-L2020,TXN-B-001010,PRD-0034,PC-ZEN0034,2000000003405,ZENITH Stapler 100 MG,Stapler 100 MG,7.61,79.94,608.34,TXN-B-001010,SOURCE_B
TXN-B-001011-L2022,TXN-B-001011,PRD-0133,PC-ZEN0133,2000000013305,ZENITH Glue Stick 250 MG,Glue Stick 250 MG,6.71,31.89,213.98,TXN-B-001011,SOURCE_B
TXN-B-001012-L2024,TXN-B-001012,PRD-0098,PC-AUR0098,2000000009803,AURORA Cutting Board 10 IN,Cutting Board 10 IN,6.79,17.09,116.04,TXN-B-001012,SOURCE_B
TXN-B-001013-L2026,TXN-B-001013,PRD-0006,PC-NEX0006,2000000000602,NEXUS Glass Spray 9 V,Glass Spray 9 V,6.35,84.09,533.97,TXN-B-001013,SOURCE_B
TXN-B-001014-L2028,TXN-B-001014,PRD-0056,PC-AUR0056,2000000005607,AURORA Phone Case 20 W,Phone Case 20 W,9.0,16.68,150.12,TXN-B-001014,SOURCE_B
TXN-B-001015-L2030,TXN-B-001015,PRD-0072,PC-NEX0072,2000000007205,NEXUS Mouse Pad 100 G,Mouse Pad 100 G,4.54,43.98,199.67,TXN-B-001015,SOURCE_B
TXN-B-001016-L2032,TXN-B-001016,PRD-0030,PC-NEX0030,2000000003009,NEXUS Highlighter Set 12 IN,Highlighter Set 12 IN,6.35,69.53,441.52,TXN-B-001016,SOURCE_B
TXN-B-001017-L2034,TXN-B-001017,PRD-0140,PC-AUR0140,2000000014005,AURORA Eraser Pack 2000 MAH,Eraser Pack 2000 MAH,6.72,111.85,751.63,TXN-B-001017,SOURCE_B
TXN-B-001018-L2036,TXN-B-001018,PRD-0071,PC-AUR0071,2000000007106,AURORA Mouse Pad 50 G,Mouse Pad 50 G,5.77,17.32,99.94,TXN-B-001018,SOURCE_B
TXN-B-001019-L2038,TXN-B-001019,PRD-0057,PC-NEX0057,2000000005706,NEXUS Phone Case 1 L,Phone Case 1 L,8.11,31.73,257.33,TXN-B-001019,SOURCE_B
TXN-B-001020-L2040,TXN-B-001020,PRD-0122,PC-AUR0122,2000000012209,AURORA Notebook 5000 MAH,Notebook 5000 MAH,4.9,31.9,156.31,TXN-B-001020,SOURCE_B
TXN-B-001021-L2042,TXN-B-001021,PRD-9852,PC-AUR0020,2000000002002,AURORA Air Freshener 200 G,Air Freshener 200 G,2.0,104.22,208.44,,SOURCE_B
TXN-B-001022-L2044,TXN-B-001022,PRD-9937,PC-NEX0123,2000000012308,NEXUS Notebook 3 V,Notebook 3 V,2.84,15.38,43.68,,SOURCE_B
TXN-B-001023-L2046,TXN-B-001023,PRD-9647,PC-AUR0011,2000000001104,AURORA Laundry Detergent 2000 MAH,Laundry Detergent 2000 MAH,3.35,97.97,328.2,,SOURCE_B
TXN-B-001024-L2048,TXN-B-001024,PRD-9267,PC-ZEN0058,2000000005805,ZENITH Screen Protector 3 V,Screen Protector 3 V,3.08,72.97,224.75,,SOURCE_B
TXN-B-001025-L2050,TXN-B-001025,PRD-9566,PC-AUR0101,2000000010106,AURORA Mixing Bowl Set 100 MG,Mixing Bowl Set 100 MG,9.75,113.58,1107.4,,SOURCE_B
TXN-B-001026-L2052,TXN-B-001026,PRD-9112,PC-AUR0098,2000000009803,AURORA Cutting Board 10 IN,Cutting Board 10 IN,7.65,17.09,130.74,,SOURCE_B
TXN-B-001027-L2054,TXN-B-001027,PRD-9423,PC-NEX0069,2000000006901,NEXUS HDMI Cable 1.5 L,HDMI Cable 1.5 L,8.11,45.41,368.28,,SOURCE_B
TXN-B-001028-L2056,TXN-B-001028,PRD-9392,PC-AUR0098,2000000009803,AURORA Cutting Board 10 IN,Cutting Board 10 IN,2.93,17.09,50.07,,SOURCE_B
TXN-B-001029-L2058,TXN-B-001029,PRD-9675,PC-ZEN0058,2000000005805,ZENITH Screen Protector 3 V,Screen Protector 3 V,7.07,72.97,515.9,,SOURCE_B
TXN-B-001030-L2060,TXN-B-001030,PRD-9927,PC-ZEN0115,2000000011509,ZENITH Can Opener 2000 MAH,Can Opener 2000 MAH,1.69,64.41,108.85,,SOURCE_B
TXN-B-001031-L2062,TXN-B-001031,PRD-9580,PC-ZEN0064,2000000006406,ZENITH Charging Dock 15 W,Charging Dock 15 W,6.48,60.18,389.97,,SOURCE_B
TXN-B-001032-L2064,TXN-B-001032,PRD-9179,PC-ZEN0013,2000000001302,ZENITH Fabric Softener 1 L,Fabric Softener 1 L,5.1,9.65,49.21,,SOURCE_B
TXN-B-001033-L2066,TXN-B-001033,PRD-9544,PC-AUR0077,2000000007700,AURORA Shampoo 1 KG,Shampoo 1 KG,2.75,106.6,293.15,,SOURCE_B
TXN-B-001034-L2068,TXN-B-001034,PRD-9138,PC-NEX0069,2000000006901,NEXUS HDMI Cable 1.5 L,HDMI Cable 1.5 L,3.74,45.41,169.83,,SOURCE_B
TXN-B-001035-L2070,TXN-B-001035,PRD-9053,PC-AUR0041,2000000004105,AURORA File Folder Pack 9 V,File Folder Pack 9 V,9.92,59.18,587.07,,SOURCE_B
TXN-B-001036-L2072,TXN-B-001036,PRD-9135,PC-ZEN0040,2000000004006,ZENITH File Folder Pack 750 ML,File Folder Pack 750 ML,7.67,112.35,861.72,,SOURCE_B
TXN-B-001037-L2074,TXN-B-001037,PRD-9939,PC-ZEN0061,2000000006109,ZENITH Battery Pack 200 G,Battery Pack 200 G,7.68,64.09,492.21,,SOURCE_B
TXN-B-001038-L2076,TXN-B-001038,PRD-9143,PC-AUR0044,2000000004402,AURORA Whiteboard Marker 12 IN,Whiteboard Marker 12 IN,1.41,38.93,54.89,,SOURCE_B
TXN-B-001039-L2078,TXN-B-001039,PRD-9866,PC-AUR0041,2000000004105,AURORA File Folder Pack 9 V,File Folder Pack 9 V,1.16,59.18,68.65,,SOURCE_B
TXN-B-001040-L2080,TXN-B-001040,PRD-9678,PC-NEX0015,2000000001500,NEXUS Fabric Softener 200 G,Fabric Softener 200 G,7.89,47.38,373.83,,SOURCE_B
TXN-B-001041-L2082,TXN-B-001041,PRD-9783,PC-ZEN0070,2000000007007,ZENITH Mouse Pad 200 G,Mouse Pad 200 G,9.2,113.79,1046.87,,SOURCE_B
TXN-B-001042-L2084,TXN-B-001042,PRD-9750,PC-ZEN0112,2000000011202,ZENITH Kitchen Towel 30 CM,Kitchen Towel 30 CM,6.67,100.54,670.6,,SOURCE_B
TXN-B-001043-L2086,TXN-B-001043,PRD-9959,PC-AUR0119,2000000011905,AURORA Peeler 100 MG,Peeler 100 MG,1.1,13.3,14.63,,SOURCE_B
TXN-B-001044-L2088,TXN-B-001044,PRD-9773,PC-AUR0008,2000000000800,AURORA Dish Liquid 10000 MAH,Dish Liquid 10000 MAH,2.37,111.86,265.11,,SOURCE_B
TXN-B-001045-L2090,TXN-B-001045,PRD-9356,PC-NEX0018,2000000001807,NEXUS Surface Wipes 500 MG,Surface Wipes 500 MG,5.88,39.31,231.14,,SOURCE_B
TXN-B-001046-L2092,TXN-B-001046,PRD-9400,PC-NEX0117,2000000011707,NEXUS Can Opener 5 W,Can Opener 5 W,2.7,60.46,163.24,,SOURCE_B
TXN-B-001047-L2094,TXN-B-001047,PRD-9250,PC-AUR0116,2000000011608,AURORA Can Opener 500 MG,Can Opener 500 MG,2.41,80.59,194.22,,SOURCE_B
TXN-B-001048-L2096,TXN-B-001048,PRD-9895,PC-NEX0132,2000000013206,NEXUS Ruler Set 60 CM,Ruler Set 60 CM,3.67,20.73,76.08,,SOURCE_B
TXN-B-001049-L2098,TXN-B-001049,PRD-9047,PC-ZEN0124,2000000012407,ZENITH Sketch Pad 500 MG,Sketch Pad 500 MG,6.9,47.5,327.75,,SOURCE_B
TXN-B-001050-L2100,TXN-B-001050,PRD-9146,PC-AUR0050,2000000005003,AURORA USB Cable 10000 MAH,USB Cable 10000 MAH,1.86,3.09,5.75,,SOURCE_B
TXN-B-001051-L2102,TXN-B-001051,PRD-9085,PC-AUR0032,2000000003207,AURORA Binder Clip Box 3 V,Binder Clip Box 3 V,9.55,78.97,754.16,,SOURCE_B
TXN-B-001052-L2104,TXN-B-001052,PRD-9337,PC-NEX0024,2000000002408,NEXUS Floor Polish 100 MG,Floor Polish 100 MG,1.24,75.71,93.88,,SOURCE_B
TXN-B-001053-L2106,TXN-B-001053,PRD-9493,PC-ZEN0100,2000000010007,ZENITH Mixing Bowl Set 250 ML,Mixing Bowl Set 250 ML,5.38,63.15,339.75,,SOURCE_B
TXN-B-001054-L2108,TXN-B-001054,PRD-9235,PC-AUR0149,2000000014906,AURORA Wrench Set 45 CM,Wrench Set 45 CM,9.6,29.28,281.09,,SOURCE_B
TXN-B-001055-L2110,TXN-B-001055,PRD-9162,PC-ZEN0088,2000000008806,ZENITH Face Cream 30 CM,Face Cream 30 CM,2.9,2.66,7.71,,SOURCE_B
TXN-B-001056-L2112,TXN-B-001056,PRD-9330,PC-AUR0050,2000000005003,AURORA USB Cable 10000 MAH,USB Cable 10000 MAH,8.54,3.09,26.39,,SOURCE_B
TXN-B-001057-L2114,TXN-B-001057,PRD-9995,PC-NEX0009,2000000000909,NEXUS Dish Liquid 10 W,Dish Liquid 10 W,1.55,102.05,158.18,,SOURCE_B
TXN-B-001058-L2116,TXN-B-001058,PRD-9938,PC-NEX0096,2000000009605,NEXUS Lotion 1 KG,Lotion 1 KG,5.42,25.67,139.13,,SOURCE_B
TXN-B-001059-L2118,TXN-B-001059,PRD-9727,PC-AUR0068,2000000006802,AURORA HDMI Cable 10000 MAH,HDMI Cable 10000 MAH,9.8,38.83,380.53,,SOURCE_B
TXN-B-001060-L2120,TXN-B-001060,PRD-9475,PC-NEX0120,2000000012001,NEXUS Peeler 30 CM,Peeler 30 CM,2.91,95.85,278.92,,SOURCE_B
TXN-B-001061-L2122,TXN-B-001061,PRD-9992,PC-ZEN0124,2000000012407,ZENITH Sketch Pad 500 MG,Sketch Pad 500 MG,4.91,47.5,233.22,,SOURCE_B
TXN-B-001062-L2124,TXN-B-001062,PRD-9106,PC-NEX0144,2000000014401,NEXUS Marker Set 250 ML,Marker Set 250 ML,6.58,40.05,263.53,,SOURCE_B
TXN-B-001063-L2126,TXN-B-001063,PRD-9180,PC-AUR0014,2000000001401,AURORA Fabric Softener 250 MG,Fabric Softener 250 MG,3.13,111.99,350.53,,SOURCE_B
TXN-B-001064-L2128,TXN-B-001064,PRD-9280,PC-AUR0029,2000000002903,AURORA Highlighter Set 9 V,Highlighter Set 9 V,8.44,26.14,220.62,,SOURCE_B
TXN-B-001065-L2130,TXN-B-001065,PRD-9494,PC-AUR0029,2000000002903,AURORA Highlighter Set 9 V,Highlighter Set 9 V,7.18,26.14,187.69,,SOURCE_B
TXN-B-001066-L2132,TXN-B-001066,PRD-9059,PC-AUR0119,2000000011905,AURORA Peeler 100 MG,Peeler 100 MG,8.05,13.3,107.07,,SOURCE_B
TXN-B-001067-L2134,TXN-B-001067,PRD-9820,PC-NEX0114,2000000011400,NEXUS Kitchen Towel 10 W,Kitchen Towel 10 W,9.94,24.94,247.9,,SOURCE_B
TXN-B-001068-L2136,TXN-B-001068,PRD-9606,PC-NEX0150,2000000015002,NEXUS Wrench Set 9 V,Wrench Set 9 V,4.34,89.01,386.3,,SOURCE_B
TXN-B-001069-L2138,TXN-B-001069,PRD-9545,PC-NEX0018,2000000001807,NEXUS Surface Wipes 500 MG,Surface Wipes 500 MG,1.08,39.31,42.45,,SOURCE_B
TXN-B-001070-L2140,TXN-B-001070,PRD-9869,PC-ZEN0001,2000000000107,ZENITH All Purpose Cleaner 10 IN,All Purpose Cleaner 10 IN,8.6,34.59,297.47,,SOURCE_B
TXN-B-001071-L2142,TXN-B-001071,PRD-9416,PC-AUR0095,2000000009506,AURORA Lotion 1 KG,Lotion 1 KG,5.84,117.25,684.74,,SOURCE_B
TXN-B-001072-L2144,TXN-B-001072,PRD-9105,PC-ZEN0013,2000000001302,ZENITH Fabric Softener 1 L,Fabric Softener 1 L,1.94,9.65,18.72,,SOURCE_B
TXN-B-001073-L2146,TXN-B-001073,PRD-9803,PC-AUR0110,2000000011004,AURORA Storage Container 5 W,Storage Container 5 W,5.82,44.62,259.69,,SOURCE_B
TXN-B-001074-L2148,TXN-B-001074,PRD-9357,PC-NEX0072,2000000007205,NEXUS Mouse Pad 100 G,Mouse Pad 100 G,3.2,43.98,140.74,,SOURCE_B
TXN-B-001075-L2150,TXN-B-001075,PRD-9524,PC-AUR0149,2000000014906,AURORA Wrench Set 45 CM,Wrench Set 45 CM,2.62,29.28,76.71,,SOURCE_B
TXN-B-001076-L2152,TXN-B-001076,PRD-9460,PC-AUR0014,2000000001401,AURORA Fabric Softener 250 MG,Fabric Softener 250 MG,1.67,111.99,187.02,,SOURCE_B
TXN-B-001077-L2154,TXN-B-001077,PRD-9323,PC-AUR0140,2000000014005,AURORA Eraser Pack 2000 MAH,Eraser Pack 2000 MAH,2.4,111.85,268.44,,SOURCE_B
TXN-B-001078-L2156,TXN-B-001078,PRD-9821,PC-NEX0138,2000000013800,NEXUS Scissors 500 MG,Scissors 500 MG,3.13,96.35,301.58,,SOURCE_B
TXN-B-001079-L2158,TXN-B-001079,PRD-9721,PC-ZEN0124,2000000012407,ZENITH Sketch Pad 500 MG,Sketch Pad 500 MG,6.6,47.5,313.5,,SOURCE_B
TXN-B-001080-L2160,TXN-B-001080,PRD-9180,PC-AUR0065,2000000006505,AURORA Charging Dock 3 V,Charging Dock 3 V,7.42,17.05,126.51,,SOURCE_B
TXN-B-001081-L2162,TXN-B-001081,PRD-9202,PC-AUR0005,2000000000503,AURORA Glass Spray 500 G,Glass Spray 500 G,7.46,111.21,829.63,,SOURCE_B
TXN-B-001082-L2164,TXN-B-001082,PRD-9401,PC-NEX0087,2000000008707,NEXUS Deodorant 9 V,Deodorant 9 V,4.63,116.64,540.04,,SOURCE_B
TXN-B-001083-L2166,TXN-B-001083,PRD-9314,PC-AUR0026,2000000002606,AURORA Ballpoint Pen 250 ML,Ballpoint Pen 250 ML,7.84,26.93,211.13,,SOURCE_B
TXN-B-001084-L2168,TXN-B-001084,PRD-9186,PC-ZEN0052,2000000005201,ZENITH Power Adapter 20 W,Power Adapter 20 W,9.19,45.35,416.77,,SOURCE_B
TXN-B-001085-L2170,TXN-B-001085,PRD-9077,PC-ZEN0061,2000000006109,ZENITH Battery Pack 200 G,Battery Pack 200 G,7.59,64.09,486.44,,SOURCE_B
TXN-B-001086-L2172,TXN-B-001086,PRD-9511,PC-NEX0069,2000000006901,NEXUS HDMI Cable 1.5 L,HDMI Cable 1.5 L,4.46,45.41,202.53,,SOURCE_B
TXN-B-001087-L2174,TXN-B-001087,PRD-9977,PC-NEX0108,2000000010809,NEXUS Spatula Set 500 MG,Spatula Set 500 MG,4.85,103.62,502.56,,SOURCE_B
TXN-B-001088-L2176,TXN-B-001088,PRD-9368,PC-NEX0111,2000000011103,NEXUS Storage Container 500 G,Storage Container 500 G,2.61,61.14,159.58,,SOURCE_B
TXN-B-001089-L2178,TXN-B-001089,PRD-9452,PC-ZEN0091,2000000009100,ZENITH Hair Gel 1.5 L,Hair Gel 1.5 L,3.16,87.74,277.26,,SOURCE_B
TXN-B-001090-L2180,TXN-B-001090,PRD-9124,PC-ZEN0145,2000000014500,ZENITH Screwdriver Set 10 W,Screwdriver Set 10 W,9.94,31.94,317.48,,SOURCE_B
TXN-B-001091-L2182,TXN-B-001091,PRD-9041,PC-AUR0131,2000000013107,AURORA Ruler Set 60 CM,Ruler Set 60 CM,4.11,15.08,61.98,,SOURCE_B
TXN-B-001092-L2184,TXN-B-001092,PRD-9398,PC-ZEN0010,2000000001005,ZENITH Laundry Detergent 1.5 V,Laundry Detergent 1.5 V,6.1,25.3,154.33,,SOURCE_B
TXN-B-001093-L2186,TXN-B-001093,PRD-9932,PC-NEX0045,2000000004501,NEXUS Whiteboard Marker 45 CM,Whiteboard Marker 45 CM,6.88,29.55,203.3,,SOURCE_B
TXN-B-001094-L2188,TXN-B-001094,PRD-9042,PC-ZEN0049,2000000004907,ZENITH USB Cable 1 KG,USB Cable 1 KG,7.83,50.47,395.18,,SOURCE_B
TXN-B-001095-L2190,TXN-B-001095,PRD-9357,PC-NEX0120,2000000012001,NEXUS Peeler 30 CM,Peeler 30 CM,9.29,95.85,890.45,,SOURCE_B
TXN-B-001096-L2192,TXN-B-001096,PRD-9592,PC-AUR0041,2000000004105,AURORA File Folder Pack 9 V,File Folder Pack 9 V,8.35,59.18,494.15,,SOURCE_B
TXN-B-001097-L2194,TXN-B-001097,PRD-9577,PC-AUR0050,2000000005003,AURORA USB Cable 10000 MAH,USB Cable 10000 MAH,4.86,3.09,15.02,,SOURCE_B
TXN-B-001098-L2196,TXN-B-001098,PRD-9199,PC-NEX0045,2000000004501,NEXUS Whiteboard Marker 45 CM,Whiteboard Marker 45 CM,7.91,29.55,233.74,,SOURCE_B
TXN-B-001099-L2198,TXN-B-001099,PRD-9695,PC-ZEN0121,2000000012100,ZENITH Notebook 1 L,Notebook 1 L,9.24,21.42,197.92,,SOURCE_B
TXN-B-001100-L2200,TXN-B-001100,PRD-9393,PC-ZEN0016,2000000001609,ZENITH Surface Wipes 60 CM,Surface Wipes 60 CM,7.82,58.14,454.65,,SOURCE_B
TXN-B-001101-L2202,TXN-B-001101,PRD-9559,PC-AUR0011,2000000001104,AURORA Laundry Detergent 2000 MAH,Laundry Detergent 2000 MAH,4.31,97.97,422.25,,SOURCE_B
TXN-B-001102-L2204,TXN-B-001102,PRD-9856,PC-ZEN0013,2000000001302,ZENITH Fabric Softener 1 L,Fabric Softener 1 L,1.67,9.65,16.12,,SOURCE_B
TXN-B-001103-L2206,TXN-B-001103,PRD-9295,PC-ZEN0106,2000000010601,ZENITH Spatula Set 1 KG,Spatula Set 1 KG,9.74,23.7,230.84,,SOURCE_B
TXN-B-001104-L2208,TXN-B-001104,PRD-9323,PC-AUR0014,2000000001401,AURORA Fabric Softener 250 MG,Fabric Softener 250 MG,6.98,111.99,781.69,,SOURCE_B
TXN-B-001105-L2210,TXN-B-001105,PRD-9934,PC-NEX0033,2000000003306,NEXUS Binder Clip Box 45 CM,Binder Clip Box 45 CM,5.0,21.96,109.8,,SOURCE_B
TXN-B-001106-L2212,TXN-B-001106,PRD-9332,PC-ZEN0040,2000000004006,ZENITH File Folder Pack 750 ML,File Folder Pack 750 ML,1.71,112.35,192.12,,SOURCE_B
TXN-B-001107-L2214,TXN-B-001107,PRD-9287,PC-ZEN0025,2000000002507,ZENITH Ballpoint Pen 1 KG,Ballpoint Pen 1 KG,7.24,37.08,268.46,,SOURCE_B
TXN-B-001108-L2216,TXN-B-001108,PRD-9709,PC-NEX0096,2000000009605,NEXUS Lotion 1 KG,Lotion 1 KG,1.15,25.67,29.52,,SOURCE_B
TXN-B-001109-L2218,TXN-B-001109,PRD-9489,PC-ZEN0049,2000000004907,ZENITH USB Cable 1 KG,USB Cable 1 KG,4.65,50.47,234.69,,SOURCE_B
TXN-B-001110-L2220,TXN-B-001110,PRD-9208,PC-ZEN0013,2000000001302,ZENITH Fabric Softener 1 L,Fabric Softener 1 L,3.44,9.65,33.2,,SOURCE_B
TXN-B-001111-L2222,TXN-B-001111,PRD-9364,PC-ZEN0073,2000000007304,ZENITH Hand Soap 250 MG,Hand Soap 250 MG,5.56,22.6,125.66,,SOURCE_B
TXN-B-001112-L2224,TXN-B-001112,PRD-9029,PC-AUR0017,2000000001708,AURORA Surface Wipes 9 V,Surface Wipes 9 V,2.24,80.73,180.84,,SOURCE_B
TXN-B-001113-L2226,TXN-B-001113,PRD-9909,PC-AUR0095,2000000009506,AURORA Lotion 1 KG,Lotion 1 KG,9.18,117.25,1076.36,,SOURCE_B
TXN-B-001114-L2228,TXN-B-001114,PRD-9054,PC-AUR0017,2000000001708,AURORA Surface Wipes 9 V,Surface Wipes 9 V,7.88,80.73,636.15,,SOURCE_B
TXN-B-001115-L2230,TXN-B-001115,PRD-9062,PC-ZEN0073,2000000007304,ZENITH Hand Soap 250 MG,Hand Soap 250 MG,8.06,22.6,182.16,,SOURCE_B
TXN-B-001116-L2232,TXN-B-001116,PRD-9221,PC-AUR0011,2000000001104,AURORA Laundry Detergent 2000 MAH,Laundry Detergent 2000 MAH,7.99,97.97,782.78,,SOURCE_B
TXN-B-001117-L2234,TXN-B-001117,PRD-9866,PC-AUR0056,2000000005607,AURORA Phone Case 20 W,Phone Case 20 W,1.25,16.68,20.85,,SOURCE_B
TXN-B-001118-L2236,TXN-B-001118,PRD-9058,PC-AUR0125,2000000012506,AURORA Sketch Pad 1.5 V,Sketch Pad 1.5 V,6.74,102.96,693.95,,SOURCE_B
TXN-B-001119-L2238,TXN-B-001119,PRD-9967,PC-ZEN0124,2000000012407,ZENITH Sketch Pad 500 MG,Sketch Pad 500 MG,7.71,47.5,366.23,,SOURCE_B
TXN-B-001120-L2240,TXN-B-001120,PRD-9293,PC-AUR0068,2000000006802,AURORA HDMI Cable 10000 MAH,HDMI Cable 10000 MAH,4.51,38.83,175.12,,SOURCE_B
TXN-B-001121-L2242,TXN-B-001121,PRD-9011,PC-AUR0128,2000000012803,AURORA Colored Pencil Set 5 W,Colored Pencil Set 5 W,3.0,24.7,74.1,,SOURCE_B
TXN-B-001122-L2244,TXN-B-001122,PRD-9495,PC-AUR0062,2000000006208,AURORA Battery Pack 2000 MAH,Battery Pack 2000 MAH,2.65,70.05,185.63,,SOURCE_B
TXN-B-001123-L2246,TXN-B-001123,PRD-9529,PC-AUR0071,2000000007106,AURORA Mouse Pad 50 G,Mouse Pad 50 G,7.89,17.32,136.65,,SOURCE_B
TXN-B-001124-L2248,TXN-B-001124,PRD-9884,PC-NEX0093,2000000009308,NEXUS Hair Gel 10 W,Hair Gel 10 W,8.33,27.25,226.99,,SOURCE_B
TXN-B-001125-L2250,TXN-B-001125,PRD-9129,PC-ZEN0046,2000000004600,ZENITH Tape Dispenser 250 ML,Tape Dispenser 250 ML,6.0,27.78,166.68,,SOURCE_B
TXN-B-001126-L2252,TXN-B-001126,PRD-9595,PC-ZEN0076,2000000007601,ZENITH Shampoo 200 G,Shampoo 200 G,4.33,12.26,53.09,,SOURCE_B
TXN-B-001127-L2254,TXN-B-001127,PRD-9059,PC-NEX0144,2000000014401,NEXUS Marker Set 250 ML,Marker Set 250 ML,3.12,40.05,124.96,,SOURCE_B
TXN-B-001128-L2256,TXN-B-001128,PRD-9977,PC-NEX0087,2000000008707,NEXUS Deodorant 9 V,Deodorant 9 V,9.99,116.64,1165.23,,SOURCE_B
TXN-B-001129-L2258,TXN-B-001129,PRD-9835,PC-ZEN0016,2000000001609,ZENITH Surface Wipes 60 CM,Surface Wipes 60 CM,3.12,58.14,181.4,,SOURCE_B
TXN-B-001130-L2260,TXN-B-001130,PRD-9039,PC-NEX0120,2000000012001,NEXUS Peeler 30 CM,Peeler 30 CM,1.24,95.85,118.85,,SOURCE_B
TXN-B-001131-L2262,TXN-B-001131,PRD-8988,PC-ZEN0148,3001646532204,ZENITH Wrench Set 30 CM,Wrench Set 30 CM,2.71,116.97,316.99,,SOURCE_B
TXN-B-001132-L2264,TXN-B-001132,PRD-8365,PC-NEX0024,3003444064604,NEXUS Floor Polish 100 MG,Floor Polish 100 MG,3.47,75.71,262.71,,SOURCE_B
TXN-B-001133-L2266,TXN-B-001133,PRD-8765,PC-ZEN0037,3002168947705,ZENITH Desk Organizer 5 W,Desk Organizer 5 W,9.3,11.53,107.23,,SOURCE_B
TXN-B-001134-L2268,TXN-B-001134,PRD-8801,PC-ZEN0034,3006885496706,ZENITH Stapler 100 MG,Stapler 100 MG,6.95,79.94,555.58,,SOURCE_B
TXN-B-001135-L2270,TXN-B-001135,PRD-8370,PC-AUR0086,3002563701902,AURORA Deodorant 500 G,Deodorant 500 G,2.92,52.31,152.75,,SOURCE_B
TXN-B-001136-L2272,TXN-B-001136,PRD-8980,PC-AUR0020,3001070788604,AURORA Air Freshener 200 G,Air Freshener 200 G,9.52,104.22,992.17,,SOURCE_B
TXN-B-001137-L2274,TXN-B-001137,PRD-8349,PC-NEX0051,3001301648103,NEXUS USB Cable 500 MG,USB Cable 500 MG,9.41,94.26,886.99,,SOURCE_B
TXN-B-001138-L2276,TXN-B-001138,PRD-8085,PC-ZEN0103,3006763681002,ZENITH Measuring Cup 10000 MAH,Measuring Cup 10000 MAH,6.03,7.51,45.29,,SOURCE_B
TXN-B-001139-L2278,TXN-B-001139,PRD-8943,PC-ZEN0115,3002614430904,ZENITH Can Opener 2000 MAH,Can Opener 2000 MAH,2.5,64.41,161.02,,SOURCE_B
TXN-B-001140-L2280,TXN-B-001140,PRD-8136,PC-NEX0033,3007495171205,NEXUS Binder Clip Box 45 CM,Binder Clip Box 45 CM,4.89,21.96,107.38,,SOURCE_B
TXN-B-001141-L2282,TXN-B-001141,PRD-8353,PC-ZEN0013,3001674074509,ZENITH Fabric Softener 1 L,Fabric Softener 1 L,5.53,9.65,53.36,,SOURCE_B
TXN-B-001142-L2284,TXN-B-001142,PRD-8344,PC-AUR0011,3004928949707,AURORA Laundry Detergent 2000 MAH,Laundry Detergent 2000 MAH,5.5,97.97,538.84,,SOURCE_B
TXN-B-001143-L2286,TXN-B-001143,PRD-8376,PC-AUR0110,3003886911504,AURORA Storage Container 5 W,Storage Container 5 W,8.88,44.62,396.23,,SOURCE_B
TXN-B-001144-L2288,TXN-B-001144,PRD-8519,PC-AUR0089,3006896642901,AURORA Face Cream 500 ML,Face Cream 500 ML,6.1,50.06,305.37,,SOURCE_B
TXN-B-001145-L2290,TXN-B-001145,PRD-8829,PC-ZEN0082,3007062974802,ZENITH Toothpaste 500 MG,Toothpaste 500 MG,6.77,92.36,625.28,,SOURCE_B
TXN-B-001146-L2292,TXN-B-001146,PRD-8192,PC-ZEN0127,3003039471206,ZENITH Colored Pencil Set 50 G,Colored Pencil Set 50 G,9.94,57.94,575.92,,SOURCE_B
TXN-B-001147-L2294,TXN-B-001147,PRD-8514,PC-AUR0128,3003645866700,AURORA Colored Pencil Set 5 W,Colored Pencil Set 5 W,5.62,24.7,138.81,,SOURCE_B
TXN-B-001148-L2296,TXN-B-001148,PRD-8173,PC-AUR0071,3005097631400,AURORA Mouse Pad 50 G,Mouse Pad 50 G,2.9,17.32,50.23,,SOURCE_B
TXN-B-001149-L2298,TXN-B-001149,PRD-8669,PC-AUR0065,3004334616507,AURORA Charging Dock 3 V,Charging Dock 3 V,5.04,17.05,85.93,,SOURCE_B
TXN-B-001150-L2300,TXN-B-001150,PRD-8245,PC-NEX0015,3008900638603,NEXUS Fabric Softener 200 G,Fabric Softener 200 G,5.43,47.38,257.27,,SOURCE_B
TXN-B-001151-L2302,TXN-B-001151,PRD-8443,PC-AUR0038,3008577309103,AURORA Desk Organizer 2000 MAH,Desk Organizer 2000 MAH,8.98,28.05,251.89,,SOURCE_B
TXN-B-001152-L2304,TXN-B-001152,PRD-8534,PC-AUR0026,3008416366601,AURORA Ballpoint Pen 250 ML,Ballpoint Pen 250 ML,9.87,26.93,265.8,,SOURCE_B
TXN-B-001153-L2306,TXN-B-001153,PRD-8518,PC-NEX0111,3002142643104,NEXUS Storage Container 500 G,Storage Container 500 G,5.17,61.14,316.09,,SOURCE_B
TXN-B-001154-L2308,TXN-B-001154,PRD-8333,PC-ZEN0046,3007938315807,ZENITH Tape Dispenser 250 ML,Tape Dispenser 250 ML,5.0,27.78,138.9,,SOURCE_B
TXN-B-001155-L2310,TXN-B-001155,PRD-8282,PC-NEX0063,3005446220200,NEXUS Battery Pack 10 W,Battery Pack 10 W,3.54,96.31,340.94,,SOURCE_B
TXN-B-001156-L2312,TXN-B-001156,PRD-8300,PC-ZEN0133,3006168070708,ZENITH Glue Stick 250 MG,Glue Stick 250 MG,6.46,31.89,206.01,,SOURCE_B
TXN-B-001157-L2314,TXN-B-001157,PRD-8727,PC-AUR0056,3003439184706,AURORA Phone Case 20 W,Phone Case 20 W,8.2,16.68,136.78,,SOURCE_B
TXN-B-001158-L2316,TXN-B-001158,PRD-8575,PC-ZEN0064,3005831614409,ZENITH Charging Dock 15 W,Charging Dock 15 W,4.03,60.18,242.53,,SOURCE_B
TXN-B-001159-L2318,TXN-B-001159,PRD-8456,PC-NEX0141,3004979251903,NEXUS Eraser Pack 3 V,Eraser Pack 3 V,5.61,34.77,195.06,,SOURCE_B
TXN-B-001160-L2320,TXN-B-001160,PRD-8201,PC-ZEN0145,3006904319702,ZENITH Screwdriver Set 10 W,Screwdriver Set 10 W,3.38,31.94,107.96,,SOURCE_B
TXN-B-001161-L2322,TXN-B-001161,PRD-8225,PC-AUR0131,3004969246803,AURORA Ruler Set 60 CM,Ruler Set 60 CM,5.38,15.08,81.13,,SOURCE_B
TXN-B-001162-L2324,TXN-B-001162,PRD-8045,PC-AUR0047,3006164156208,AURORA Tape Dispenser 45 CM,Tape Dispenser 45 CM,3.71,2.08,7.72,,SOURCE_B
TXN-B-001163-L2326,TXN-B-001163,PRD-8629,PC-ZEN0061,3006170362907,ZENITH Battery Pack 200 G,Battery Pack 200 G,2.89,64.09,185.22,,SOURCE_B
TXN-B-001164-L2328,TXN-B-001164,PRD-8853,PC-ZEN0052,3005312256500,ZENITH Power Adapter 20 W,Power Adapter 20 W,4.14,45.35,187.75,,SOURCE_B
TXN-B-001165-L2330,TXN-B-001165,PRD-8514,PC-NEX0138,3001028130103,NEXUS Scissors 500 MG,Scissors 500 MG,5.6,96.35,539.56,,SOURCE_B
TXN-B-001166-L2332,TXN-B-001166,PRD-8291,PC-ZEN0109,3003929224608,ZENITH Storage Container 20 W,Storage Container 20 W,6.57,89.13,585.58,,SOURCE_B
TXN-B-001167-L2334,TXN-B-001167,PRD-8681,PC-NEX0117,3007373516609,NEXUS Can Opener 5 W,Can Opener 5 W,8.9,60.46,538.09,,SOURCE_B
TXN-B-001168-L2336,TXN-B-001168,PRD-8963,PC-AUR0002,3005484083102,AURORA All Purpose Cleaner 30 CM,All Purpose Cleaner 30 CM,4.54,44.72,203.03,,SOURCE_B
TXN-B-001169-L2338,TXN-B-001169,PRD-8401,PC-ZEN0010,3009567719803,ZENITH Laundry Detergent 1.5 V,Laundry Detergent 1.5 V,1.83,25.3,46.3,,SOURCE_B
TXN-B-001170-L2340,TXN-B-001170,PRD-8479,PC-ZEN0148,3004152211106,ZENITH Wrench Set 30 CM,Wrench Set 30 CM,1.4,116.97,163.76,,SOURCE_B
TXN-B-001171-L2342,TXN-B-001171,PRD-8016,PC-NEX0060,3004569207204,NEXUS Screen Protector 10 IN,Screen Protector 10 IN,4.23,85.32,360.9,,SOURCE_B
TXN-B-001172-L2344,TXN-B-001172,PRD-8425,PC-NEX0093,3007188568206,NEXUS Hair Gel 10 W,Hair Gel 10 W,4.13,27.25,112.54,,SOURCE_B
TXN-B-001173-L2346,TXN-B-001173,PRD-8044,PC-AUR0071,3001278629501,AURORA Mouse Pad 50 G,Mouse Pad 50 G,9.02,17.32,156.23,,SOURCE_B
TXN-B-001174-L2348,TXN-B-001174,PRD-8360,PC-NEX0144,3002093248601,NEXUS Marker Set 250 ML,Marker Set 250 ML,2.65,40.05,106.13,,SOURCE_B
TXN-B-001175-L2350,TXN-B-001175,PRD-8102,PC-NEX0033,3001703632809,NEXUS Binder Clip Box 45 CM,Binder Clip Box 45 CM,1.82,21.96,39.97,,SOURCE_B
TXN-B-001176-L2352,TXN-B-001176,PRD-8664,PC-AUR0014,3007266291804,AURORA Fabric Softener 250 MG,Fabric Softener 250 MG,9.33,111.99,1044.87,,SOURCE_B
TXN-B-001177-L2354,TXN-B-001177,PRD-8851,PC-AUR0053,3004506340407,AURORA Power Adapter 1 L,Power Adapter 1 L,1.74,43.8,76.21,,SOURCE_B
TXN-B-001178-L2356,TXN-B-001178,PRD-8327,PC-ZEN0046,3005913616000,ZENITH Tape Dispenser 250 ML,Tape Dispenser 250 ML,8.98,27.78,249.46,,SOURCE_B
TXN-B-001179-L2358,TXN-B-001179,PRD-8293,PC-NEX0072,3006147741407,NEXUS Mouse Pad 100 G,Mouse Pad 100 G,5.43,43.98,238.81,,SOURCE_B
TXN-B-001180-L2360,TXN-B-001180,PRD-8326,PC-AUR0041,3002754068708,AURORA File Folder Pack 9 V,File Folder Pack 9 V,3.53,59.18,208.91,,SOURCE_B
TXN-B-001181-L2362,TXN-B-001181,PRD-8335,PC-ZEN0136,3005670196005,ZENITH Scissors 3 V,Scissors 3 V,7.41,71.22,527.74,,SOURCE_B
TXN-B-001182-L2364,TXN-B-001182,PRD-8248,PC-NEX0120,3009273069100,NEXUS Peeler 30 CM,Peeler 30 CM,8.12,95.85,778.3,,SOURCE_B
TXN-B-001183-L2366,TXN-B-001183,PRD-8733,PC-ZEN0028,3003536085708,ZENITH Highlighter Set 500 ML,Highlighter Set 500 ML,9.74,113.36,1104.13,,SOURCE_B
TXN-B-001184-L2368,TXN-B-001184,PRD-8969,PC-AUR0086,3002289537809,AURORA Deodorant 500 G,Deodorant 500 G,6.28,52.31,328.51,,SOURCE_B
TXN-B-001185-L2370,TXN-B-001185,PRD-8564,PC-AUR0128,3009080601104,AURORA Colored Pencil Set 5 W,Colored Pencil Set 5 W,6.66,24.7,164.5,,SOURCE_B
TXN-B-001186-L2372,TXN-B-001186,PRD-8538,PC-NEX0015,3003918887609,NEXUS Fabric Softener 200 G,Fabric Softener 200 G,5.73,47.38,271.49,,SOURCE_B
TXN-B-001187-L2374,TXN-B-001187,PRD-8368,PC-NEX0099,3008918890901,NEXUS Cutting Board 500 ML,Cutting Board 500 ML,3.58,112.85,404.0,,SOURCE_B
TXN-B-001188-L2376,TXN-B-001188,PRD-8860,PC-ZEN0106,3007973584404,ZENITH Spatula Set 1 KG,Spatula Set 1 KG,3.12,23.7,73.94,,SOURCE_B
TXN-B-001189-L2378,TXN-B-001189,PRD-8166,PC-ZEN0085,3009343992406,ZENITH Deodorant 200 G,Deodorant 200 G,8.52,86.39,736.04,,SOURCE_B
TXN-B-001190-L2380,TXN-B-001190,PRD-8564,PC-AUR0140,3002965896909,AURORA Eraser Pack 2000 MAH,Eraser Pack 2000 MAH,8.36,111.85,935.07,,SOURCE_B
TXN-B-001191-L2382,TXN-B-001191,PRD-8546,PC-ZEN0136,3005780282001,ZENITH Scissors 3 V,Scissors 3 V,1.42,71.22,101.13,,SOURCE_B
TXN-B-001192-L2384,TXN-B-001192,PRD-8091,PC-AUR0107,3006335553003,AURORA Spatula Set 9 V,Spatula Set 9 V,2.59,5.81,15.05,,SOURCE_B
TXN-B-001193-L2386,TXN-B-001193,PRD-8181,PC-ZEN0052,3009372060701,ZENITH Power Adapter 20 W,Power Adapter 20 W,7.75,45.35,351.46,,SOURCE_B
TXN-B-001194-L2388,TXN-B-001194,PRD-8446,PC-ZEN0013,3005138218805,ZENITH Fabric Softener 1 L,Fabric Softener 1 L,7.38,9.65,71.22,,SOURCE_B
TXN-B-001195-L2390,TXN-B-001195,PRD-8302,PC-ZEN0115,3004821456500,ZENITH Can Opener 2000 MAH,Can Opener 2000 MAH,6.83,64.41,439.92,,SOURCE_B
TXN-B-001196-L2392,TXN-B-001196,PRD-8415,PC-NEX0102,3002550837805,NEXUS Mixing Bowl Set 15 W,Mixing Bowl Set 15 W,3.18,58.6,186.35,,SOURCE_B
TXN-B-001197-L2394,TXN-B-001197,PRD-8098,PC-AUR0116,3002218968704,AURORA Can Opener 500 MG,Can Opener 500 MG,3.32,80.59,267.56,,SOURCE_B
TXN-B-001198-L2396,TXN-B-001198,PRD-8712,PC-AUR0110,3006299048904,AURORA Storage Container 5 W,Storage Container 5 W,1.54,44.62,68.71,,SOURCE_B
TXN-B-001199-L2398,TXN-B-001199,PRD-8269,PC-NEX0003,3002232931401,NEXUS All Purpose Cleaner 250 ML,All Purpose Cleaner 250 ML,9.43,116.68,1100.29,,SOURCE_B
TXN-B-001200-L2400,TXN-B-001200,PRD-8081,PC-ZEN0025,3008518268902,ZENITH Ballpoint Pen 1 KG,Ballpoint Pen 1 KG,4.85,37.08,179.84,,SOURCE_B
TXN-B-001201-L2402,TXN-B-001201,PRD-8731,PC-NEX0021,3001133569805,NEXUS Air Freshener 30 CM,Air Freshener 30 CM,6.82,13.9,94.8,,SOURCE_B
TXN-B-001202-L2404,TXN-B-001202,PRD-8080,PC-ZEN0064,3007967755308,ZENITH Charging Dock 15 W,Charging Dock 15 W,1.61,60.18,96.89,,SOURCE_B
TXN-B-001203-L2406,TXN-B-001203,PRD-8137,PC-AUR0089,3003512305202,AURORA Face Cream 500 ML,Face Cream 500 ML,2.5,50.06,125.15,,SOURCE_B
TXN-B-001204-L2408,TXN-B-001204,PRD-8156,PC-NEX0018,3006208674804,NEXUS Surface Wipes 500 MG,Surface Wipes 500 MG,7.04,39.31,276.74,,SOURCE_B
TXN-B-001205-L2410,TXN-B-001205,PRD-8584,PC-AUR0056,3004605219109,AURORA Phone Case 20 W,Phone Case 20 W,7.05,16.68,117.59,,SOURCE_B
TXN-B-001206-L2412,TXN-B-001206,PRD-8627,PC-ZEN0031,3007725751900,ZENITH Binder Clip Box 3 V,Binder Clip Box 3 V,7.82,57.71,451.29,,SOURCE_B
TXN-B-001207-L2414,TXN-B-001207,PRD-8115,PC-NEX0051,3006516118007,NEXUS USB Cable 500 MG,USB Cable 500 MG,3.51,94.26,330.85,,SOURCE_B
TXN-B-001208-L2416,TXN-B-001208,PRD-8934,PC-ZEN0103,3001238050406,ZENITH Measuring Cup 10000 MAH,Measuring Cup 10000 MAH,9.69,7.51,72.77,,SOURCE_B
TXN-B-001209-L2418,TXN-B-001209,PRD-8720,PC-AUR0005,3004244414804,AURORA Glass Spray 500 G,Glass Spray 500 G,1.7,111.21,189.06,,SOURCE_B
TXN-B-001210-L2420,TXN-B-001210,PRD-8800,PC-NEX0045,3008862783304,NEXUS Whiteboard Marker 45 CM,Whiteboard Marker 45 CM,4.1,29.55,121.15,,SOURCE_B
TXN-B-001211-L2422,TXN-B-001211,PRD-8665,PC-AUR0098,3004188977809,AURORA Cutting Board 10 IN,Cutting Board 10 IN,8.53,17.09,145.78,,SOURCE_B
TXN-B-001212-L2424,TXN-B-001212,PRD-8461,PC-NEX0018,3006191211703,NEXUS Surface Wipes 500 MG,Surface Wipes 500 MG,2.73,39.31,107.32,,SOURCE_B
TXN-B-001213-L2426,TXN-B-001213,PRD-8802,PC-ZEN0121,3006796775204,ZENITH Notebook 1 L,Notebook 1 L,4.14,21.42,88.68,,SOURCE_B
TXN-B-001214-L2428,TXN-B-001214,PRD-8390,PC-ZEN0148,3004505988501,ZENITH Wrench Set 30 CM,Wrench Set 30 CM,9.47,116.97,1107.71,,SOURCE_B
TXN-B-001215-L2430,TXN-B-001215,PRD-8454,PC-ZEN0001,3005964061309,ZENITH All Purpose Cleaner 10 IN,All Purpose Cleaner 10 IN,9.01,34.59,311.66,,SOURCE_B
TXN-B-001216-L2432,TXN-B-001216,PRD-8146,PC-ZEN0055,3003732116701,ZENITH Phone Case 250 MG,Phone Case 250 MG,5.14,52.62,270.47,,SOURCE_B
TXN-B-001217-L2434,TXN-B-001217,PRD-8993,PC-AUR0011,3005400187808,AURORA Laundry Detergent 2000 MAH,Laundry Detergent 2000 MAH,6.1,97.97,597.62,,SOURCE_B
TXN-B-001218-L2436,TXN-B-001218,PRD-8743,PC-NEX0003,3003988084205,NEXUS All Purpose Cleaner 250 ML,All Purpose Cleaner 250 ML,1.1,116.68,128.35,,SOURCE_B
TXN-B-001219-L2438,TXN-B-001219,PRD-8626,PC-NEX0117,3009176405104,NEXUS Can Opener 5 W,Can Opener 5 W,2.25,60.46,136.03,,SOURCE_B
TXN-B-001220-L2440,TXN-B-001220,PRD-8784,PC-NEX0036,3001764308408,NEXUS Stapler 1.5 L,Stapler 1.5 L,3.62,113.16,409.64,,SOURCE_B
TXN-B-001221-L2442,TXN-B-001221,PRD-8946,PC-AUR0149,3001947966609,AURORA Wrench Set 45 CM,Wrench Set 45 CM,7.99,29.28,233.95,,SOURCE_B
TXN-B-001222-L2444,TXN-B-001222,PRD-8634,PC-NEX0138,3005842886604,NEXUS Scissors 500 MG,Scissors 500 MG,9.6,96.35,924.96,,SOURCE_B
TXN-B-001223-L2446,TXN-B-001223,PRD-8384,PC-NEX0024,3006122458504,NEXUS Floor Polish 100 MG,Floor Polish 100 MG,6.45,75.71,488.33,,SOURCE_B
TXN-B-001224-L2448,TXN-B-001224,PRD-8630,PC-NEX0141,3005024092908,NEXUS Eraser Pack 3 V,Eraser Pack 3 V,1.32,34.77,45.9,,SOURCE_B
TXN-B-001225-L2450,TXN-B-001225,PRD-8975,PC-NEX0084,3002747053704,NEXUS Toothpaste 15 W,Toothpaste 15 W,2.09,33.06,69.1,,SOURCE_B
TXN-B-001226-L2452,TXN-B-001226,PRD-8753,PC-AUR0020,3003127768805,AURORA Air Freshener 200 G,Air Freshener 200 G,3.88,104.22,404.37,,SOURCE_B
TXN-B-001227-L2454,TXN-B-001227,PRD-8027,PC-NEX0108,3003038959408,NEXUS Spatula Set 500 MG,Spatula Set 500 MG,9.67,103.62,1002.01,,SOURCE_B
TXN-B-001228-L2456,TXN-B-001228,PRD-8848,PC-ZEN0079,3006597279703,ZENITH Body Wash 200 G,Body Wash 200 G,4.64,74.3,344.75,,SOURCE_B
TXN-B-001229-L2458,TXN-B-001229,PRD-8760,PC-NEX0003,3007312708102,NEXUS All Purpose Cleaner 250 ML,All Purpose Cleaner 250 ML,6.64,116.68,774.76,,SOURCE_B
TXN-B-001230-L2460,TXN-B-001230,PRD-8872,PC-AUR0011,3006034944805,AURORA Laundry Detergent 2000 MAH,Laundry Detergent 2000 MAH,1.75,97.97,171.45,,SOURCE_B
TXN-B-001231-L2462,TXN-B-001231,PRD-8298,PC-ZEN0130,3007341480000,ZENITH Ruler Set 45 CM,Ruler Set 45 CM,2.51,90.87,228.08,,SOURCE_B
TXN-B-001232-L2464,TXN-B-001232,PRD-8014,PC-AUR0110,3003236905108,AURORA Storage Container 5 W,Storage Container 5 W,5.56,44.62,248.09,,SOURCE_B
TXN-B-001233-L2466,TXN-B-001233,PRD-8885,PC-ZEN0070,3008173869308,ZENITH Mouse Pad 200 G,Mouse Pad 200 G,7.47,113.79,850.01,,SOURCE_B
TXN-B-001234-L2468,TXN-B-001234,PRD-8977,PC-AUR0047,3006798744901,AURORA Tape Dispenser 45 CM,Tape Dispenser 45 CM,5.81,2.08,12.08,,SOURCE_B
TXN-B-001235-L2470,TXN-B-001235,PRD-8977,PC-AUR0062,3007381072807,AURORA Battery Pack 2000 MAH,Battery Pack 2000 MAH,7.74,70.05,542.19,,SOURCE_B
TXN-B-001236-L2472,TXN-B-001236,PRD-8765,PC-AUR0119,3002689561107,AURORA Peeler 100 MG,Peeler 100 MG,4.06,13.3,54.0,,SOURCE_B
TXN-B-001237-L2474,TXN-B-001237,PRD-8781,PC-ZEN0106,3008278577306,ZENITH Spatula Set 1 KG,Spatula Set 1 KG,3.37,23.7,79.87,,SOURCE_B
TXN-B-001238-L2476,TXN-B-001238,PRD-8458,PC-ZEN0040,3006037559501,ZENITH File Folder Pack 750 ML,File Folder Pack 750 ML,7.94,112.35,892.06,,SOURCE_B
TXN-B-001239-L2478,TXN-B-001239,PRD-8233,PC-NEX0093,3005002586702,NEXUS Hair Gel 10 W,Hair Gel 10 W,7.99,27.25,217.73,,SOURCE_B
TXN-B-001240-L2480,TXN-B-001240,PRD-8839,PC-AUR0140,3008827873101,AURORA Eraser Pack 2000 MAH,Eraser Pack 2000 MAH,1.52,111.85,170.01,,SOURCE_B
TXN-B-001241-L2482,TXN-B-001241,PRD-7423,PC-ALT7473,4008081114209,AURORA Highlighter Set 9 V,Highlighter Set 9 V,1.43,26.14,37.38,,SOURCE_B
TXN-B-001242-L2484,TXN-B-001242,PRD-7416,PC-ALT9656,4002124885903,AURORA Eraser Pack 2000 MAH,Eraser Pack 2000 MAH,7.18,111.85,803.08,,SOURCE_B
TXN-B-001243-L2486,TXN-B-001243,PRD-7817,PC-ALT9239,4002663851001,ZENITH Body Wash 200 G,Body Wash 200 G,9.32,74.3,692.48,,SOURCE_B
TXN-B-001244-L2488,TXN-B-001244,PRD-7680,PC-ALT6354,4005857489905,AURORA Stapler 10 W,Stapler 10 W,1.96,17.34,33.99,,SOURCE_B
TXN-B-001245-L2490,TXN-B-001245,PRD-7383,PC-ALT5011,4003559683300,ZENITH Shampoo 200 G,Shampoo 200 G,8.5,12.26,104.21,,SOURCE_B
TXN-B-001246-L2492,TXN-B-001246,PRD-7366,PC-ALT7709,4009226545209,AURORA Marker Set 10 IN,Marker Set 10 IN,5.24,13.47,70.58,,SOURCE_B
TXN-B-001247-L2494,TXN-B-001247,PRD-7771,PC-ALT7597,4001193442000,ZENITH Mixing Bowl Set 250 ML,Mixing Bowl Set 250 ML,5.37,63.15,339.12,,SOURCE_B
TXN-B-001248-L2496,TXN-B-001248,PRD-7551,PC-ALT6465,4007479942103,AURORA HDMI Cable 10000 MAH,HDMI Cable 10000 MAH,2.23,38.83,86.59,,SOURCE_B
TXN-B-001249-L2498,TXN-B-001249,PRD-7699,PC-ALT8888,4004224150509,AURORA Wrench Set 45 CM,Wrench Set 45 CM,6.63,29.28,194.13,,SOURCE_B
TXN-B-001250-L2500,TXN-B-001250,PRD-7268,PC-ALT4542,4002106865602,ZENITH Laundry Detergent 1.5 V,Laundry Detergent 1.5 V,6.86,25.3,173.56,,SOURCE_B
TXN-B-001251-L2502,TXN-B-001251,PRD-7383,PC-ALT8410,4003475623503,ZENITH Can Opener 2000 MAH,Can Opener 2000 MAH,1.28,64.41,82.44,,SOURCE_B
TXN-B-001252-L2504,TXN-B-001252,PRD-7805,PC-ALT9775,4003675257003,NEXUS Hair Gel 10 W,Hair Gel 10 W,1.53,27.25,41.69,,SOURCE_B
TXN-B-001253-L2506,TXN-B-001253,PRD-7664,PC-ALT3325,4002130669108,ZENITH Screen Protector 3 V,Screen Protector 3 V,1.77,72.97,129.16,,SOURCE_B
TXN-B-001254-L2508,TXN-B-001254,PRD-7957,PC-ALT4723,4008555765104,AURORA Scissors 100 MG,Scissors 100 MG,6.93,94.03,651.63,,SOURCE_B
TXN-B-001255-L2510,TXN-B-001255,PRD-7873,PC-ALT4711,4006643771105,ZENITH All Purpose Cleaner 10 IN,All Purpose Cleaner 10 IN,3.96,34.59,136.98,,SOURCE_B
TXN-B-001256-L2512,TXN-B-001256,PRD-7281,PC-ALT9972,4003908229500,AURORA Stapler 10 W,Stapler 10 W,5.54,17.34,96.06,,SOURCE_B
TXN-B-001257-L2514,TXN-B-001257,PRD-7163,PC-ALT6445,4005285217002,ZENITH Charging Dock 15 W,Charging Dock 15 W,4.52,60.18,272.01,,SOURCE_B
TXN-B-001258-L2516,TXN-B-001258,PRD-7594,PC-ALT6225,4005340433002,ZENITH Battery Pack 200 G,Battery Pack 200 G,4.16,64.09,266.61,,SOURCE_B
TXN-B-001259-L2518,TXN-B-001259,PRD-7520,PC-ALT8711,4005607282602,ZENITH Whiteboard Marker 20 W,Whiteboard Marker 20 W,6.87,56.59,388.77,,SOURCE_B
TXN-B-001260-L2520,TXN-B-001260,PRD-7336,PC-ALT7259,4006743857501,NEXUS Lotion 1 KG,Lotion 1 KG,8.23,25.67,211.26,,SOURCE_B
TXN-B-001261-L2522,TXN-B-001261,PRD-7578,PC-ALT3462,4001810676009,AURORA Marker Set 10 IN,Marker Set 10 IN,4.37,13.47,58.86,,SOURCE_B
TXN-B-001262-L2524,TXN-B-001262,PRD-7212,PC-ALT8189,4004153012404,AURORA Stapler 10 W,Stapler 10 W,9.87,17.34,171.15,,SOURCE_B
TXN-B-001263-L2526,TXN-B-001263,PRD-7477,PC-ALT8136,4006182966208,ZENITH Mixing Bowl Set 250 ML,Mixing Bowl Set 250 ML,2.26,63.15,142.72,,SOURCE_B
TXN-B-001264-L2528,TXN-B-001264,PRD-7508,PC-ALT6906,4009844714506,AURORA Spatula Set 9 V,Spatula Set 9 V,1.52,5.81,8.83,,SOURCE_B
TXN-B-001265-L2530,TXN-B-001265,PRD-7905,PC-ALT5718,4006001759103,NEXUS Whiteboard Marker 45 CM,Whiteboard Marker 45 CM,6.8,29.55,200.94,,SOURCE_B
TXN-B-001266-L2532,TXN-B-001266,PRD-7845,PC-ALT7673,4007345742400,AURORA HDMI Cable 10000 MAH,HDMI Cable 10000 MAH,3.58,38.83,139.01,,SOURCE_B
TXN-B-001267-L2534,TXN-B-001267,PRD-7657,PC-ALT1722,4009855340404,NEXUS Spatula Set 500 MG,Spatula Set 500 MG,5.78,103.62,598.92,,SOURCE_B
TXN-B-001268-L2536,TXN-B-001268,PRD-7980,PC-ALT4588,4008007095506,AURORA Binder Clip Box 3 V,Binder Clip Box 3 V,1.35,78.97,106.61,,SOURCE_B
TXN-B-001269-L2538,TXN-B-001269,PRD-7094,PC-ALT6695,4001025224606,NEXUS HDMI Cable 1.5 L,HDMI Cable 1.5 L,6.75,45.41,306.52,,SOURCE_B
TXN-B-001270-L2540,TXN-B-001270,PRD-7752,PC-ALT1640,4009999350505,ZENITH Battery Pack 200 G,Battery Pack 200 G,9.33,64.09,597.96,,SOURCE_B
TXN-B-001271-L2542,TXN-B-001271,PRD-7754,PC-ALT8621,4006947517300,ZENITH Peeler 750 ML,Peeler 750 ML,5.77,28.05,161.85,,SOURCE_B
TXN-B-001272-L2544,TXN-B-001272,PRD-7903,PC-ALT6947,4002406141000,NEXUS Surface Wipes 500 MG,Surface Wipes 500 MG,3.99,39.31,156.85,,SOURCE_B
TXN-B-001273-L2546,TXN-B-001273,PRD-7379,PC-ALT8098,4007463390002,ZENITH Face Cream 30 CM,Face Cream 30 CM,6.98,2.66,18.57,,SOURCE_B
TXN-B-001274-L2548,TXN-B-001274,PRD-7287,PC-ALT9764,4009612115306,NEXUS Binder Clip Box 45 CM,Binder Clip Box 45 CM,7.81,21.96,171.51,,SOURCE_B
TXN-B-001275-L2550,TXN-B-001275,PRD-7571,PC-ALT9972,4005032685306,AURORA Toothpaste 3 V,Toothpaste 3 V,8.15,47.14,384.19,,SOURCE_B
TXN-B-001276-L2552,TXN-B-001276,PRD-7748,PC-ALT6747,4008869404607,NEXUS Mixing Bowl Set 15 W,Mixing Bowl Set 15 W,1.7,58.6,99.62,,SOURCE_B
TXN-B-001277-L2554,TXN-B-001277,PRD-7467,PC-ALT4181,4005885338206,ZENITH Kitchen Towel 30 CM,Kitchen Towel 30 CM,3.33,100.54,334.8,,SOURCE_B
TXN-B-001278-L2556,TXN-B-001278,PRD-7428,PC-ALT1801,4006719578201,ZENITH Floor Polish 2000 MAH,Floor Polish 2000 MAH,5.2,5.92,30.78,,SOURCE_B
TXN-B-001279-L2558,TXN-B-001279,PRD-7111,PC-ALT6096,4006133086603,ZENITH Tape Dispenser 250 ML,Tape Dispenser 250 ML,4.68,27.78,130.01,,SOURCE_B
TXN-B-001280-L2560,TXN-B-001280,PRD-7747,PC-ALT3316,4004289225907,NEXUS Body Wash 500 G,Body Wash 500 G,6.45,56.38,363.65,,SOURCE_B
TXN-B-001281-L2562,TXN-B-001281,PRD-7291,PC-ALT3378,4005030704207,NEXUS Eraser Pack 3 V,Eraser Pack 3 V,7.94,34.77,276.07,,SOURCE_B
TXN-B-001282-L2564,TXN-B-001282,PRD-7078,PC-ALT4736,4008040612203,AURORA Face Cream 500 ML,Face Cream 500 ML,2.67,50.06,133.66,,SOURCE_B
TXN-B-001283-L2566,TXN-B-001283,PRD-7838,PC-ALT7751,4003495627208,NEXUS Toothpaste 15 W,Toothpaste 15 W,3.5,33.06,115.71,,SOURCE_B
TXN-B-001284-L2568,TXN-B-001284,PRD-7597,PC-ALT2474,4003639827709,NEXUS Toothpaste 15 W,Toothpaste 15 W,2.85,33.06,94.22,,SOURCE_B
TXN-B-001285-L2570,TXN-B-001285,PRD-7770,PC-ALT2152,4005956498501,NEXUS Binder Clip Box 45 CM,Binder Clip Box 45 CM,1.13,21.96,24.81,,SOURCE_B
TXN-B-001286-L2572,TXN-B-001286,PRD-7790,PC-ALT2899,4006318547707,AURORA Highlighter Set 9 V,Highlighter Set 9 V,1.39,26.14,36.33,,SOURCE_B
TXN-B-001287-L2574,TXN-B-001287,PRD-7839,PC-ALT6115,4001167764008,AURORA Dish Liquid 10000 MAH,Dish Liquid 10000 MAH,5.79,111.86,647.67,,SOURCE_B
TXN-B-001288-L2576,TXN-B-001288,PRD-7216,PC-ALT6954,4004091908500,AURORA Eraser Pack 2000 MAH,Eraser Pack 2000 MAH,9.13,111.85,1021.19,,SOURCE_B
TXN-B-001289-L2578,TXN-B-001289,PRD-7944,PC-ALT6126,4001367651108,ZENITH Phone Case 250 MG,Phone Case 250 MG,7.72,52.62,406.23,,SOURCE_B
TXN-B-001290-L2580,TXN-B-001290,PRD-7430,PC-ALT3047,4005276131508,AURORA Shampoo 1 KG,Shampoo 1 KG,7.34,106.6,782.44,,SOURCE_B
TXN-B-001291-L2582,TXN-B-001291,PRD-7413,PC-ALT6933,4003641651903,ZENITH Charging Dock 15 W,Charging Dock 15 W,6.23,60.18,374.92,,SOURCE_B
TXN-B-001292-L2584,TXN-B-001292,PRD-7787,PC-ALT5111,4005373610500,NEXUS File Folder Pack 500 G,File Folder Pack 500 G,1.89,68.11,128.73,,SOURCE_B
TXN-B-001293-L2586,TXN-B-001293,PRD-7129,PC-ALT1302,4006579314902,ZENITH All Purpose Cleaner 10 IN,All Purpose Cleaner 10 IN,1.99,34.59,68.83,,SOURCE_B
TXN-B-001294-L2588,TXN-B-001294,PRD-7986,PC-ALT3434,4005145281402,NEXUS Marker Set 250 ML,Marker Set 250 ML,7.43,40.05,297.57,,SOURCE_B
TXN-B-001295-L2590,TXN-B-001295,PRD-7741,PC-ALT3234,4001674223807,ZENITH Shampoo 200 G,Shampoo 200 G,8.25,12.26,101.14,,SOURCE_B
TXN-B-001296-L2592,TXN-B-001296,PRD-7993,PC-ALT5083,4005723541201,ZENITH Shampoo 200 G,Shampoo 200 G,9.7,12.26,118.92,,SOURCE_B
TXN-B-001297-L2594,TXN-B-001297,PRD-7242,PC-ALT2883,4002262306308,NEXUS Cutting Board 500 ML,Cutting Board 500 ML,4.33,112.85,488.64,,SOURCE_B
TXN-B-001298-L2596,TXN-B-001298,PRD-7881,PC-ALT7327,4006456968303,AURORA Surface Wipes 9 V,Surface Wipes 9 V,6.08,80.73,490.84,,SOURCE_B
TXN-B-001299-L2598,TXN-B-001299,PRD-7664,PC-ALT8244,4005479215500,AURORA Sketch Pad 1.5 V,Sketch Pad 1.5 V,9.06,102.96,932.82,,SOURCE_B
TXN-B-001300-L2600,TXN-B-001300,PRD-7866,PC-ALT7433,4005023746207,AURORA Floor Polish 100 MG,Floor Polish 100 MG,1.85,52.05,96.29,,SOURCE_B
TXN-B-001301-L2602,TXN-B-001301,PRD-7267,PC-ALT4321,4001703837807,ZENITH Charging Dock 15 W,Charging Dock 15 W,5.36,60.18,322.56,,SOURCE_B
TXN-B-001302-L2604,TXN-B-001302,PRD-7963,PC-ALT8852,4004544891908,NEXUS Spatula Set 500 MG,Spatula Set 500 MG,9.06,103.62,938.8,,SOURCE_B
TXN-B-001303-L2606,TXN-B-001303,PRD-7134,PC-ALT5360,4005726701107,AURORA Lotion 1 KG,Lotion 1 KG,9.15,117.25,1072.84,,SOURCE_B
TXN-B-001304-L2608,TXN-B-001304,PRD-7442,PC-ALT2437,4006316063001,AURORA Body Wash 500 MG,Body Wash 500 MG,6.19,11.65,72.11,,SOURCE_B
TXN-B-001305-L2610,TXN-B-001305,PRD-7954,PC-ALT3171,4009068989704,AURORA Whiteboard Marker 12 IN,Whiteboard Marker 12 IN,4.25,38.93,165.45,,SOURCE_B
TXN-B-001306-L2612,TXN-B-001306,PRD-7518,PC-ALT7158,4003812952600,NEXUS Air Freshener 30 CM,Air Freshener 30 CM,7.56,13.9,105.08,,SOURCE_B
TXN-B-001307-L2614,TXN-B-001307,PRD-7471,PC-ALT7888,4007727934904,AURORA Can Opener 500 MG,Can Opener 500 MG,3.74,80.59,301.41,,SOURCE_B
TXN-B-001308-L2616,TXN-B-001308,PRD-7202,PC-ALT7180,4009347964606,AURORA Fabric Softener 250 MG,Fabric Softener 250 MG,7.43,111.99,832.09,,SOURCE_B
TXN-B-001309-L2618,TXN-B-001309,PRD-7541,PC-ALT4257,4009160447508,NEXUS Dish Liquid 10 W,Dish Liquid 10 W,4.05,102.05,413.3,,SOURCE_B
TXN-B-001310-L2620,TXN-B-001310,PRD-7383,PC-ALT3475,4007997373007,AURORA Wrench Set 45 CM,Wrench Set 45 CM,2.28,29.28,66.76,,SOURCE_B
TXN-B-001311-L2622,TXN-B-001311,PRD-7412,PC-ALT6809,4003498743608,ZENITH Eraser Pack 500 G,Eraser Pack 500 G,8.91,45.39,404.42,,SOURCE_B
TXN-B-001312-L2624,TXN-B-001312,PRD-7965,PC-ALT2639,4007630721004,ZENITH Hair Gel 1.5 L,Hair Gel 1.5 L,8.26,87.74,724.73,,SOURCE_B
TXN-B-001313-L2626,TXN-B-001313,PRD-7774,PC-ALT1004,4008105046202,NEXUS Toothpaste 15 W,Toothpaste 15 W,8.35,33.06,276.05,,SOURCE_B
TXN-B-001314-L2628,TXN-B-001314,PRD-7255,PC-ALT3864,4002901071307,ZENITH Fabric Softener 1 L,Fabric Softener 1 L,7.27,9.65,70.16,,SOURCE_B
TXN-B-001315-L2630,TXN-B-001315,PRD-7526,PC-ALT8613,4002956825306,NEXUS Mouse Pad 100 G,Mouse Pad 100 G,9.95,43.98,437.6,,SOURCE_B
TXN-B-001316-L2632,TXN-B-001316,PRD-7565,PC-ALT6180,4009976664908,ZENITH Deodorant 200 G,Deodorant 200 G,3.04,86.39,262.63,,SOURCE_B
TXN-B-001317-L2634,TXN-B-001317,PRD-7885,PC-ALT9372,4006403030701,ZENITH Phone Case 250 MG,Phone Case 250 MG,8.04,52.62,423.06,,SOURCE_B
TXN-B-001318-L2636,TXN-B-001318,PRD-7142,PC-ALT2892,4002687049507,NEXUS Eraser Pack 3 V,Eraser Pack 3 V,3.46,34.77,120.3,,SOURCE_B
TXN-B-001319-L2638,TXN-B-001319,PRD-7702,PC-ALT4381,4004743554208,ZENITH Glass Spray 750 ML,Glass Spray 750 ML,5.05,100.37,506.87,,SOURCE_B
TXN-B-001320-L2640,TXN-B-001320,PRD-7555,PC-ALT5225,4002105890605,AURORA Body Wash 500 MG,Body Wash 500 MG,3.12,11.65,36.35,,SOURCE_B
TXN-B-001321-L2642,TXN-B-001321,PRD-7756,PC-ALT3891,4001597711009,ZENITH Dish Liquid 5000 MAH,Dish Liquid 5000 MAH,9.23,57.78,533.31,,SOURCE_B
TXN-B-001322-L2644,TXN-B-001322,PRD-7652,PC-ALT5022,4004530187602,ZENITH Mixing Bowl Set 250 ML,Mixing Bowl Set 250 ML,4.1,63.15,258.91,,SOURCE_B
TXN-B-001323-L2646,TXN-B-001323,PRD-7043,PC-ALT9304,4008723615507,NEXUS Face Cream 100 MG,Face Cream 100 MG,9.34,20.0,186.8,,SOURCE_B
TXN-B-001324-L2648,TXN-B-001324,PRD-7592,PC-ALT1013,4009092656306,NEXUS Surface Wipes 500 MG,Surface Wipes 500 MG,8.39,39.31,329.81,,SOURCE_B
TXN-B-001325-L2650,TXN-B-001325,PRD-7051,PC-ALT9758,4005374366000,AURORA Battery Pack 2000 MAH,Battery Pack 2000 MAH,8.92,70.05,624.85,,SOURCE_B
TXN-B-001326-L2652,TXN-B-001326,PRD-7127,PC-ALT2914,4004112080802,AURORA Ballpoint Pen 250 ML,Ballpoint Pen 250 ML,7.13,26.93,192.01,,SOURCE_B
TXN-B-001327-L2654,TXN-B-001327,PRD-7183,PC-ALT6185,4004964382703,ZENITH Ruler Set 45 CM,Ruler Set 45 CM,3.16,90.87,287.15,,SOURCE_B
TXN-B-001328-L2656,TXN-B-001328,PRD-7483,PC-ALT6092,4009339763408,AURORA Peeler 100 MG,Peeler 100 MG,5.93,13.3,78.87,,SOURCE_B
TXN-B-001329-L2658,TXN-B-001329,PRD-7287,PC-ALT8708,4008445523104,AURORA Can Opener 500 MG,Can Opener 500 MG,5.19,80.59,418.26,,SOURCE_B
TXN-B-001330-L2660,TXN-B-001330,PRD-7564,PC-ALT9590,4003577214302,AURORA Screwdriver Set 500 ML,Screwdriver Set 500 ML,8.34,91.46,762.78,,SOURCE_B
TXN-B-001331-L2662,TXN-B-001331,PRD-6150,PC-NEX0096,2000000009605,NEXUS Lotion 1X KG,Lotion 1 KG,2.59,25.67,66.49,,SOURCE_B
TXN-B-001332-L2664,TXN-B-001332,PRD-6603,PC-AUR0047,2000000004709,AURORA Tape DispenserX 45 CM,Tape Dispenser 45 CM,6.25,2.08,13.0,,SOURCE_B
TXN-B-001333-L2666,TXN-B-001333,PRD-6468,PC-NEX0036,2000000003603,NEXUS Stapler 1.5X L,Stapler 1.5 L,6.61,113.16,747.99,,SOURCE_B
TXN-B-001334-L2668,TXN-B-001334,PRD-6305,PC-NEX0123,2000000012308,NEXUS Notebook 3X V,Notebook 3 V,5.03,15.38,77.36,,SOURCE_B
TXN-B-001335-L2670,TXN-B-001335,PRD-6941,PC-AUR0017,2000000001708,AURORA Surface WipesX 9 V,Surface Wipes 9 V,1.57,80.73,126.75,,SOURCE_B
TXN-B-001336-L2672,TXN-B-001336,PRD-6852,PC-AUR0122,2000000012209,AURORA Notebook 5000X MAH,Notebook 5000 MAH,7.14,31.9,227.77,,SOURCE_B
TXN-B-001337-L2674,TXN-B-001337,PRD-6230,PC-AUR0104,2000000010403,AURORA Measuring CupX 10000 MAH,Measuring Cup 10000 MAH,1.48,68.42,101.26,,SOURCE_B
TXN-B-001338-L2676,TXN-B-001338,PRD-6439,PC-AUR0011,2000000001104,AURORA Laundry DetergentX 2000 MAH,Laundry Detergent 2000 MAH,8.28,97.97,811.19,,SOURCE_B
TXN-B-001339-L2678,TXN-B-001339,PRD-6426,PC-NEX0045,2000000004501,NEXUS Whiteboard MarkerX 45 CM,Whiteboard Marker 45 CM,5.81,29.55,171.69,,SOURCE_B
TXN-B-001340-L2680,TXN-B-001340,PRD-6947,PC-ZEN0037,2000000003702,ZENITH Desk OrganizerX 5 W,Desk Organizer 5 W,1.91,11.53,22.02,,SOURCE_B
TXN-B-001341-L2682,TXN-B-001341,PRD-6966,PC-ZEN0079,2000000007908,ZENITH Body WashX 200 G,Body Wash 200 G,5.9,74.3,438.37,,SOURCE_B
TXN-B-001342-L2684,TXN-B-001342,PRD-6753,PC-NEX0063,2000000006307,NEXUS Battery PackX 10 W,Battery Pack 10 W,8.28,96.31,797.45,,SOURCE_B
TXN-B-001343-L2686,TXN-B-001343,PRD-6853,PC-ZEN0136,2000000013602,ZENITH Scissors 3X V,Scissors 3 V,1.02,71.22,72.64,,SOURCE_B
TXN-B-001344-L2688,TXN-B-001344,PRD-6609,PC-NEX0027,2000000002705,NEXUS Ballpoint PenX 500 ML,Ballpoint Pen 500 ML,4.85,49.53,240.22,,SOURCE_B
TXN-B-001345-L2690,TXN-B-001345,PRD-6541,PC-AUR0095,2000000009506,AURORA Lotion 1X KG,Lotion 1 KG,6.6,117.25,773.85,,SOURCE_B
TXN-B-001346-L2692,TXN-B-001346,PRD-6597,PC-ZEN0007,2000000000701,ZENITH Dish LiquidX 5000 MAH,Dish Liquid 5000 MAH,7.56,57.78,436.82,,SOURCE_B
TXN-B-001347-L2694,TXN-B-001347,PRD-6105,PC-NEX0069,2000000006901,NEXUS HDMI CableX 1.5 L,HDMI Cable 1.5 L,4.52,45.41,205.25,,SOURCE_B
TXN-B-001348-L2696,TXN-B-001348,PRD-6470,PC-NEX0027,2000000002705,NEXUS Ballpoint PenX 500 ML,Ballpoint Pen 500 ML,5.6,49.53,277.37,,SOURCE_B
TXN-B-001349-L2698,TXN-B-001349,PRD-6187,PC-NEX0057,2000000005706,NEXUS Phone CaseX 1 L,Phone Case 1 L,4.24,31.73,134.54,,SOURCE_B
TXN-B-001350-L2700,TXN-B-001350,PRD-6812,PC-NEX0078,2000000007809,NEXUS Shampoo 500X ML,Shampoo 500 ML,7.08,118.47,838.77,,SOURCE_B
TXN-B-001351-L2702,TXN-B-001351,PRD-6396,PC-AUR0038,2000000003801,AURORA Desk OrganizerX 2000 MAH,Desk Organizer 2000 MAH,3.35,28.05,93.97,,SOURCE_B
TXN-B-001352-L2704,TXN-B-001352,PRD-6678,PC-AUR0098,2000000009803,AURORA Cutting BoardX 10 IN,Cutting Board 10 IN,9.94,17.09,169.87,,SOURCE_B
TXN-B-001353-L2706,TXN-B-001353,PRD-6223,PC-AUR0128,2000000012803,AURORA Colored Pencil SetX 5 W,Colored Pencil Set 5 W,7.77,24.7,191.92,,SOURCE_B
TXN-B-001354-L2708,TXN-B-001354,PRD-6008,PC-AUR0068,2000000006802,AURORA HDMI CableX 10000 MAH,HDMI Cable 10000 MAH,2.44,38.83,94.75,,SOURCE_B
TXN-B-001355-L2710,TXN-B-001355,PRD-6509,PC-AUR0092,2000000009209,AURORA Hair GelX 100 MG,Hair Gel 100 MG,8.4,64.67,543.23,,SOURCE_B
TXN-B-001356-L2712,TXN-B-001356,PRD-6553,PC-ZEN0007,2000000000701,ZENITH Dish LiquidX 5000 MAH,Dish Liquid 5000 MAH,6.94,57.78,400.99,,SOURCE_B
TXN-B-001357-L2714,TXN-B-001357,PRD-6501,PC-AUR0035,2000000003504,AURORA Stapler 10X W,Stapler 10 W,9.39,17.34,162.82,,SOURCE_B
TXN-B-001358-L2716,TXN-B-001358,PRD-6214,PC-NEX0078,2000000007809,NEXUS Shampoo 500X ML,Shampoo 500 ML,2.77,118.47,328.16,,SOURCE_B
TXN-B-001359-L2718,TXN-B-001359,PRD-6496,PC-NEX0123,2000000012308,NEXUS Notebook 3X V,Notebook 3 V,4.55,15.38,69.98,,SOURCE_B
TXN-B-001360-L2720,TXN-B-001360,PRD-6702,PC-ZEN0019,2000000001906,ZENITH Air FreshenerX 45 CM,Air Freshener 45 CM,7.1,38.75,275.12,,SOURCE_B
TXN-B-001361-L2722,TXN-B-001361,PRD-6357,PC-NEX0135,2000000013503,NEXUS Glue StickX 5000 MAH,Glue Stick 5000 MAH,8.07,27.9,225.15,,SOURCE_B
TXN-B-001362-L2724,TXN-B-001362,PRD-6246,PC-AUR0086,2000000008608,AURORA Deodorant 500X G,Deodorant 500 G,3.28,52.31,171.58,,SOURCE_B
TXN-B-001363-L2726,TXN-B-001363,PRD-6249,PC-ZEN0121,2000000012100,ZENITH Notebook 1X L,Notebook 1 L,8.73,21.42,187.0,,SOURCE_B
TXN-B-001364-L2728,TXN-B-001364,PRD-6083,PC-ZEN0115,2000000011509,ZENITH Can OpenerX 2000 MAH,Can Opener 2000 MAH,3.52,64.41,226.72,,SOURCE_B
TXN-B-001365-L2730,TXN-B-001365,PRD-6148,PC-ZEN0097,2000000009704,ZENITH Cutting BoardX 5 W,Cutting Board 5 W,2.23,15.99,35.66,,SOURCE_B
TXN-B-001366-L2732,TXN-B-001366,PRD-6845,PC-NEX0138,2000000013800,NEXUS Scissors 500X MG,Scissors 500 MG,3.56,96.35,343.01,,SOURCE_B
TXN-B-001367-L2734,TXN-B-001367,PRD-6313,PC-NEX0069,2000000006901,NEXUS HDMI CableX 1.5 L,HDMI Cable 1.5 L,6.71,45.41,304.7,,SOURCE_B
TXN-B-001368-L2736,TXN-B-001368,PRD-6338,PC-ZEN0130,2000000013008,ZENITH Ruler SetX 45 CM,Ruler Set 45 CM,9.85,90.87,895.07,,SOURCE_B
TXN-B-001369-L2738,TXN-B-001369,PRD-6753,PC-ZEN0136,2000000013602,ZENITH Scissors 3X V,Scissors 3 V,3.76,71.22,267.79,,SOURCE_B
TXN-B-001370-L2740,TXN-B-001370,PRD-6003,PC-AUR0026,2000000002606,AURORA Ballpoint PenX 250 ML,Ballpoint Pen 250 ML,3.08,26.93,82.94,,SOURCE_B
TXN-B-001371-L2742,TXN-B-001371,PRD-6892,PC-ZEN0064,2000000006406,ZENITH Charging DockX 15 W,Charging Dock 15 W,7.72,60.18,464.59,,SOURCE_B
TXN-B-001372-L2744,TXN-B-001372,PRD-6152,PC-NEX0021,2000000002101,NEXUS Air FreshenerX 30 CM,Air Freshener 30 CM,4.66,13.9,64.77,,SOURCE_B
TXN-B-001373-L2746,TXN-B-001373,PRD-6102,PC-NEX0099,2000000009902,NEXUS Cutting BoardX 500 ML,Cutting Board 500 ML,8.63,112.85,973.9,,SOURCE_B
TXN-B-001374-L2748,TXN-B-001374,PRD-6052,PC-ZEN0142,2000000014203,ZENITH Marker SetX 750 ML,Marker Set 750 ML,1.92,33.77,64.84,,SOURCE_B
TXN-B-001375-L2750,TXN-B-001375,PRD-6425,PC-ZEN0004,2000000000404,ZENITH Glass SprayX 750 ML,Glass Spray 750 ML,3.84,100.37,385.42,,SOURCE_B
TXN-B-001376-L2752,TXN-B-001376,PRD-6713,PC-ZEN0058,2000000005805,ZENITH Screen ProtectorX 3 V,Screen Protector 3 V,7.14,72.97,521.01,,SOURCE_B
TXN-B-001377-L2754,TXN-B-001377,PRD-6172,PC-AUR0089,2000000008905,AURORA Face CreamX 500 ML,Face Cream 500 ML,3.45,50.06,172.71,,SOURCE_B
TXN-B-001378-L2756,TXN-B-001378,PRD-6509,PC-NEX0084,2000000008400,NEXUS Toothpaste 15X W,Toothpaste 15 W,4.93,33.06,162.99,,SOURCE_B
TXN-B-001379-L2758,TXN-B-001379,PRD-6699,PC-AUR0065,2000000006505,AURORA Charging DockX 3 V,Charging Dock 3 V,6.29,17.05,107.24,,SOURCE_B
TXN-B-001380-L2760,TXN-B-001380,PRD-6594,PC-NEX0105,2000000010502,NEXUS Measuring CupX 100 G,Measuring Cup 100 G,6.1,109.25,666.42,,SOURCE_B
TXN-B-001381-L2762,TXN-B-001381,PRD-6910,PC-AUR0017,2000000001708,AURORA Surface WipesX 9 V,Surface Wipes 9 V,1.03,80.73,83.15,,SOURCE_B
TXN-B-001382-L2764,TXN-B-001382,PRD-6510,PC-NEX0147,2000000014708,NEXUS Screwdriver SetX 100 MG,Screwdriver Set 100 MG,1.32,60.33,79.64,,SOURCE_B
TXN-B-001383-L2766,TXN-B-001383,PRD-6913,PC-ZEN0076,2000000007601,ZENITH Shampoo 200X G,Shampoo 200 G,5.19,12.26,63.63,,SOURCE_B
TXN-B-001384-L2768,TXN-B-001384,PRD-6721,PC-AUR0038,2000000003801,AURORA Desk OrganizerX 2000 MAH,Desk Organizer 2000 MAH,9.6,28.05,269.28,,SOURCE_B
TXN-B-001385-L2770,TXN-B-001385,PRD-6462,PC-NEX0012,2000000001203,NEXUS Laundry DetergentX 3 V,Laundry Detergent 3 V,7.31,22.27,162.79,,SOURCE_B
TXN-B-001386-L2772,TXN-B-001386,PRD-6726,PC-NEX0120,2000000012001,NEXUS Peeler 30X CM,Peeler 30 CM,1.18,95.85,113.1,,SOURCE_B
TXN-B-001387-L2774,TXN-B-001387,PRD-6412,PC-AUR0074,2000000007403,AURORA Hand SoapX 1.5 V,Hand Soap 1.5 V,9.53,72.37,689.69,,SOURCE_B
TXN-B-001388-L2776,TXN-B-001388,PRD-6658,PC-NEX0144,2000000014401,NEXUS Marker SetX 250 ML,Marker Set 250 ML,8.17,40.05,327.21,,SOURCE_B
TXN-B-001389-L2778,TXN-B-001389,PRD-6956,PC-NEX0033,2000000003306,NEXUS Binder Clip BoxX 45 CM,Binder Clip Box 45 CM,4.55,21.96,99.92,,SOURCE_B
TXN-B-001390-L2780,TXN-B-001390,PRD-6864,PC-ZEN0010,2000000001005,ZENITH Laundry DetergentX 1.5 V,Laundry Detergent 1.5 V,4.14,25.3,104.74,,SOURCE_B
TXN-B-001391-L2782,TXN-B-001391,PRD-6287,PC-AUR0107,2000000010700,AURORA Spatula SetX 9 V,Spatula Set 9 V,8.02,5.81,46.6,,SOURCE_B
TXN-B-001392-L2784,TXN-B-001392,PRD-6983,PC-NEX0147,2000000014708,NEXUS Screwdriver SetX 100 MG,Screwdriver Set 100 MG,1.01,60.33,60.93,,SOURCE_B
TXN-B-001393-L2786,TXN-B-001393,PRD-6125,PC-AUR0095,2000000009506,AURORA Lotion 1X KG,Lotion 1 KG,9.2,117.25,1078.7,,SOURCE_B
TXN-B-001394-L2788,TXN-B-001394,PRD-6114,PC-NEX0024,2000000002408,NEXUS Floor PolishX 100 MG,Floor Polish 100 MG,9.34,75.71,707.13,,SOURCE_B
TXN-B-001395-L2790,TXN-B-001395,PRD-6211,PC-ZEN0052,2000000005201,ZENITH Power AdapterX 20 W,Power Adapter 20 W,8.84,45.35,400.89,,SOURCE_B
TXN-B-001396-L2792,TXN-B-001396,PRD-6506,PC-ZEN0115,2000000011509,ZENITH Can OpenerX 2000 MAH,Can Opener 2000 MAH,6.0,64.41,386.46,,SOURCE_B
TXN-B-001397-L2794,TXN-B-001397,PRD-6306,PC-ZEN0088,2000000008806,ZENITH Face CreamX 30 CM,Face Cream 30 CM,7.93,2.66,21.09,,SOURCE_B
TXN-B-001398-L2796,TXN-B-001398,PRD-6974,PC-AUR0116,2000000011608,AURORA Can OpenerX 500 MG,Can Opener 500 MG,9.58,80.59,772.05,,SOURCE_B
TXN-B-001399-L2798,TXN-B-001399,PRD-6148,PC-AUR0131,2000000013107,AURORA Ruler SetX 60 CM,Ruler Set 60 CM,3.41,15.08,51.42,,SOURCE_B
TXN-B-001400-L2800,TXN-B-001400,PRD-6130,PC-ZEN0016,2000000001609,ZENITH Surface WipesX 60 CM,Surface Wipes 60 CM,7.91,58.14,459.89,,SOURCE_B
TXN-B-001401-L2802,TXN-B-001401,PRD-5677,,,SPECTRA Dish Liquid 10 W,Dish Liquid 10 W,5.16,102.05,526.58,,SOURCE_B
TXN-B-001402-L2804,TXN-B-001402,PRD-5298,,,SPECTRA Battery Pack 2000 MAH,Battery Pack 2000 MAH,8.16,70.05,571.61,,SOURCE_B
TXN-B-001403-L2806,TXN-B-001403,PRD-5675,,,QUANTUM Cutting Board 5 W,Cutting Board 5 W,2.99,15.99,47.81,,SOURCE_B
TXN-B-001404-L2808,TXN-B-001404,PRD-5141,,,VERTEX Measuring Cup 10000 MAH,Measuring Cup 10000 MAH,5.62,68.42,384.52,,SOURCE_B
TXN-B-001405-L2810,TXN-B-001405,PRD-5229,,,SUMMIT Measuring Cup 100 G,Measuring Cup 100 G,4.06,109.25,443.55,,SOURCE_B
TXN-B-001406-L2812,TXN-B-001406,PRD-5853,,,SUMMIT Colored Pencil Set 750 ML,Colored Pencil Set 750 ML,4.83,94.86,458.17,,SOURCE_B
TXN-B-001407-L2814,TXN-B-001407,PRD-5371,,,ZENITH Ballpoint Pen 500 ML,Ballpoint Pen 500 ML,3.48,49.53,172.36,,SOURCE_B
TXN-B-001408-L2816,TXN-B-001408,PRD-5067,,,AURORA Storage Container 20 W,Storage Container 20 W,7.72,89.13,688.08,,SOURCE_B
TXN-B-001409-L2818,TXN-B-001409,PRD-5872,,,APEX Shampoo 500 ML,Shampoo 500 ML,4.99,118.47,591.17,,SOURCE_B
TXN-B-001410-L2820,TXN-B-001410,PRD-5425,,,NEXUS Binder Clip Box 3 V,Binder Clip Box 3 V,5.98,57.71,345.11,,SOURCE_B
TXN-B-001411-L2822,TXN-B-001411,PRD-5670,,,SUMMIT Charging Dock 3 V,Charging Dock 3 V,3.37,17.05,57.46,,SOURCE_B
TXN-B-001412-L2824,TXN-B-001412,PRD-5235,,,COBALT Tape Dispenser 3 V,Tape Dispenser 3 V,2.0,64.25,128.5,,SOURCE_B
TXN-B-001413-L2826,TXN-B-001413,PRD-5385,,,VANGUARD Ballpoint Pen 250 ML,Ballpoint Pen 250 ML,3.55,26.93,95.6,,SOURCE_B
TXN-B-001414-L2828,TXN-B-001414,PRD-5563,,,PRISM Storage Container 20 W,Storage Container 20 W,3.52,89.13,313.74,,SOURCE_B
TXN-B-001415-L2830,TXN-B-001415,PRD-5451,,,VERTEX Battery Pack 10 W,Battery Pack 10 W,5.68,96.31,547.04,,SOURCE_B
TXN-B-001416-L2832,TXN-B-001416,PRD-5306,,,AURORA Hand Soap 250 MG,Hand Soap 250 MG,1.68,22.6,37.97,,SOURCE_B
TXN-B-001417-L2834,TXN-B-001417,PRD-5926,,,HELIX Laundry Detergent 3 V,Laundry Detergent 3 V,3.11,22.27,69.26,,SOURCE_B
TXN-B-001418-L2836,TXN-B-001418,PRD-5864,,,TITAN Sketch Pad 500 MG,Sketch Pad 500 MG,4.13,47.5,196.17,,SOURCE_B
TXN-B-001419-L2838,TXN-B-001419,PRD-5901,,,TITAN Binder Clip Box 45 CM,Binder Clip Box 45 CM,8.71,21.96,191.27,,SOURCE_B
TXN-B-001420-L2840,TXN-B-001420,PRD-5091,,,COBALT Mouse Pad 200 G,Mouse Pad 200 G,7.24,113.79,823.84,,SOURCE_B
TXN-B-001421-L2842,TXN-B-001421,PRD-5242,,,SUMMIT File Folder Pack 500 G,File Folder Pack 500 G,7.23,68.11,492.44,,SOURCE_B
TXN-B-001422-L2844,TXN-B-001422,PRD-5541,,,SUMMIT Toothpaste 15 W,Toothpaste 15 W,3.05,33.06,100.83,,SOURCE_B
TXN-B-001423-L2846,TXN-B-001423,PRD-5459,,,VERTEX Air Freshener 45 CM,Air Freshener 45 CM,4.33,38.75,167.79,,SOURCE_B
TXN-B-001424-L2848,TXN-B-001424,PRD-5755,,,TITAN Highlighter Set 500 ML,Highlighter Set 500 ML,8.41,113.36,953.36,,SOURCE_B
TXN-B-001425-L2850,TXN-B-001425,PRD-5311,,,COBALT Storage Container 500 G,Storage Container 500 G,2.55,61.14,155.91,,SOURCE_B
TXN-B-001426-L2852,TXN-B-001426,PRD-5652,,,VERTEX Notebook 5000 MAH,Notebook 5000 MAH,4.29,31.9,136.85,,SOURCE_B
TXN-B-001427-L2854,TXN-B-001427,PRD-5211,,,VERTEX Colored Pencil Set 5 W,Colored Pencil Set 5 W,4.34,24.7,107.2,,SOURCE_B
TXN-B-001428-L2856,TXN-B-001428,PRD-5996,,,SPECTRA Body Wash 500 G,Body Wash 500 G,2.15,56.38,121.22,,SOURCE_B
TXN-B-001429-L2858,TXN-B-001429,PRD-5424,,,VANGUARD Toothpaste 3 V,Toothpaste 3 V,8.24,47.14,388.43,,SOURCE_B
TXN-B-001430-L2860,TXN-B-001430,PRD-5405,,,QUANTUM Notebook 3 V,Notebook 3 V,2.85,15.38,43.83,,SOURCE_B
TXN-B-001431-L2862,TXN-B-001431,PRD-5517,,,COBALT Desk Organizer 250 ML,Desk Organizer 250 ML,4.33,90.18,390.48,,SOURCE_B
TXN-B-001432-L2864,TXN-B-001432,PRD-5308,,,NOVA Battery Pack 10 W,Battery Pack 10 W,6.15,96.31,592.31,,SOURCE_B
TXN-B-001433-L2866,TXN-B-001433,PRD-5685,,,AURORA Air Freshener 45 CM,Air Freshener 45 CM,2.75,38.75,106.56,,SOURCE_B
TXN-B-001434-L2868,TXN-B-001434,PRD-5605,,,PRISM HDMI Cable 10000 MAH,HDMI Cable 10000 MAH,8.63,38.83,335.1,,SOURCE_B
TXN-B-001435-L2870,TXN-B-001435,PRD-5553,,,PRISM Body Wash 200 G,Body Wash 200 G,1.56,74.3,115.91,,SOURCE_B
TXN-B-001436-L2872,TXN-B-001436,PRD-5537,,,SPECTRA Can Opener 5 W,Can Opener 5 W,6.6,60.46,399.04,,SOURCE_B
TXN-B-001437-L2874,TXN-B-001437,PRD-5828,,,VANGUARD Screwdriver Set 10 W,Screwdriver Set 10 W,8.65,31.94,276.28,,SOURCE_B
TXN-B-001438-L2876,TXN-B-001438,PRD-5644,,,APEX Stapler 100 MG,Stapler 100 MG,1.45,79.94,115.91,,SOURCE_B
TXN-B-001439-L2878,TXN-B-001439,PRD-5067,,,QUANTUM Eraser Pack 500 G,Eraser Pack 500 G,4.8,45.39,217.87,,SOURCE_B
TXN-B-001440-L2880,TXN-B-001440,PRD-5261,,,VANGUARD Tape Dispenser 3 V,Tape Dispenser 3 V,3.59,64.25,230.66,,SOURCE_B
TXN-B-001441-L2882,TXN-B-001441,PRD-5045,,,SPECTRA Dish Liquid 5000 MAH,Dish Liquid 5000 MAH,3.4,57.78,196.45,,SOURCE_B
TXN-B-001442-L2884,TXN-B-001442,PRD-5095,,,SUMMIT Tape Dispenser 250 ML,Tape Dispenser 250 ML,5.26,27.78,146.12,,SOURCE_B
TXN-B-001443-L2886,TXN-B-001443,PRD-5261,,,VANGUARD Can Opener 2000 MAH,Can Opener 2000 MAH,9.69,64.41,624.13,,SOURCE_B
TXN-B-001444-L2888,TXN-B-001444,PRD-5677,,,APEX Scissors 3 V,Scissors 3 V,4.06,71.22,289.15,,SOURCE_B
TXN-B-001445-L2890,TXN-B-001445,PRD-5063,,,QUANTUM Tape Dispenser 3 V,Tape Dispenser 3 V,4.34,64.25,278.84,,SOURCE_B
TXN-B-001446-L2892,TXN-B-001446,PRD-5166,,,NEXUS Ruler Set 45 CM,Ruler Set 45 CM,6.12,90.87,556.12,,SOURCE_B
TXN-B-001447-L2894,TXN-B-001447,PRD-5831,,,SPECTRA Measuring Cup 10000 MAH,Measuring Cup 10000 MAH,2.86,68.42,195.68,,SOURCE_B
TXN-B-001448-L2896,TXN-B-001448,PRD-5949,,,SUMMIT Storage Container 500 G,Storage Container 500 G,8.57,61.14,523.97,,SOURCE_B
TXN-B-001449-L2898,TXN-B-001449,PRD-5625,,,NEXUS Marker Set 10 IN,Marker Set 10 IN,9.23,13.47,124.33,,SOURCE_B
TXN-B-001450-L2900,TXN-B-001450,PRD-5665,,,HELIX Can Opener 500 MG,Can Opener 500 MG,1.37,80.59,110.41,,SOURCE_B
TXN-B-001451-L2902,TXN-B-001451,PRD-5790,,,SPECTRA Colored Pencil Set 750 ML,Colored Pencil Set 750 ML,2.47,94.86,234.3,,SOURCE_B
TXN-B-001452-L2904,TXN-B-001452,PRD-5812,,,NOVA Hair Gel 10 W,Hair Gel 10 W,6.35,27.25,173.04,,SOURCE_B
TXN-B-001453-L2906,TXN-B-001453,PRD-5834,,,NOVA Whiteboard Marker 45 CM,Whiteboard Marker 45 CM,9.75,29.55,288.11,,SOURCE_B
TXN-B-001454-L2908,TXN-B-001454,PRD-5035,,,AURORA Cutting Board 500 ML,Cutting Board 500 ML,8.05,112.85,908.44,,SOURCE_B
TXN-B-001455-L2910,TXN-B-001455,PRD-5087,,,AURORA Mouse Pad 100 G,Mouse Pad 100 G,1.22,43.98,53.66,,SOURCE_B
TXN-B-001456-L2912,TXN-B-001456,PRD-5379,,,TITAN Whiteboard Marker 12 IN,Whiteboard Marker 12 IN,6.07,38.93,236.31,,SOURCE_B
TXN-B-001457-L2914,TXN-B-001457,PRD-5661,,,ZENITH Tape Dispenser 45 CM,Tape Dispenser 45 CM,8.61,2.08,17.91,,SOURCE_B
TXN-B-001458-L2916,TXN-B-001458,PRD-5560,,,NOVA Stapler 100 MG,Stapler 100 MG,3.77,79.94,301.37,,SOURCE_B
TXN-B-001459-L2918,TXN-B-001459,PRD-5143,,,ORBIT Sketch Pad 1.5 V,Sketch Pad 1.5 V,6.2,102.96,638.35,,SOURCE_B
TXN-B-001460-L2920,TXN-B-001460,PRD-5892,,,PRISM Hand Soap 10000 MAH,Hand Soap 10000 MAH,8.2,69.45,569.49,,SOURCE_B
TXN-B-001461-L2922,TXN-B-001461,PRD-5918,,,SUMMIT Storage Container 5 W,Storage Container 5 W,5.16,44.62,230.24,,SOURCE_B
TXN-B-001462-L2924,TXN-B-001462,PRD-5020,,,QUANTUM Face Cream 500 ML,Face Cream 500 ML,7.96,50.06,398.48,,SOURCE_B
TXN-B-001463-L2926,TXN-B-001463,PRD-5826,,,ORBIT Notebook 1 L,Notebook 1 L,5.71,21.42,122.31,,SOURCE_B
TXN-B-001464-L2928,TXN-B-001464,PRD-5247,,,VERTEX Dish Liquid 5000 MAH,Dish Liquid 5000 MAH,3.08,57.78,177.96,,SOURCE_B
TXN-B-001465-L2930,TXN-B-001465,PRD-5903,,,APEX Marker Set 750 ML,Marker Set 750 ML,4.34,33.77,146.56,,SOURCE_B
TXN-B-001466-L2932,TXN-B-001466,PRD-5835,,,AURORA Power Adapter 20 W,Power Adapter 20 W,1.09,45.35,49.43,,SOURCE_B
TXN-B-001467-L2934,TXN-B-001467,PRD-5957,,,VERTEX Fabric Softener 1 L,Fabric Softener 1 L,3.0,9.65,28.95,,SOURCE_B
TXN-B-001468-L2936,TXN-B-001468,PRD-5950,,,SPECTRA Ballpoint Pen 500 ML,Ballpoint Pen 500 ML,3.04,49.53,150.57,,SOURCE_B
TXN-B-001469-L2938,TXN-B-001469,PRD-5582,,,AURORA Floor Polish 100 MG,Floor Polish 100 MG,4.44,75.71,336.15,,SOURCE_B
TXN-B-001470-L2940,TXN-B-001470,PRD-5479,,,SUMMIT Cutting Board 5 W,Cutting Board 5 W,3.49,15.99,55.81,,SOURCE_B
TXN-B-001471-L2942,TXN-B-001471,PRD-4426,,,TITAN Ballpoint Pen 1 45 CM,Ballpoint Pen 1 KG,9.41,37.08,348.92,,SOURCE_B
TXN-B-001472-L2944,TXN-B-001472,PRD-4264,,,HELIX Hair Gel 1.5 3 V,Hair Gel 1.5 L,4.79,87.74,420.27,,SOURCE_B
TXN-B-001473-L2946,TXN-B-001473,PRD-4882,,,NOVA Peeler 100 30 CM,Peeler 100 MG,3.72,13.3,49.48,,SOURCE_B
TXN-B-001474-L2948,TXN-B-001474,PRD-4484,,,COBALT Eraser Pack 500 100 G,Eraser Pack 500 G,2.89,45.39,131.18,,SOURCE_B
TXN-B-001475-L2950,TXN-B-001475,PRD-4768,,,SUMMIT Air Freshener 200 3 V,Air Freshener 200 G,3.58,104.22,373.11,,SOURCE_B
TXN-B-001476-L2952,TXN-B-001476,PRD-4158,,,AURORA Body Wash 500 100 G,Body Wash 500 G,7.89,56.38,444.84,,SOURCE_B
TXN-B-001477-L2954,TXN-B-001477,PRD-4402,,,TITAN Glass Spray 9 45 CM,Glass Spray 9 V,1.58,84.09,132.86,,SOURCE_B
TXN-B-001478-L2956,TXN-B-001478,PRD-4409,,,VANGUARD Peeler 100 200 G,Peeler 100 MG,9.77,13.3,129.94,,SOURCE_B
TXN-B-001479-L2958,TXN-B-001479,PRD-4366,,,AURORA Shampoo 200 250 ML,Shampoo 200 G,7.73,12.26,94.77,,SOURCE_B
TXN-B-001480-L2960,TXN-B-001480,PRD-4246,,,TITAN Screwdriver Set 100 50 G,Screwdriver Set 100 MG,2.74,60.33,165.3,,SOURCE_B
TXN-B-001481-L2962,TXN-B-001481,PRD-4953,,,COBALT Floor Polish 2000 50 G,Floor Polish 2000 MAH,2.14,5.92,12.67,,SOURCE_B
TXN-B-001482-L2964,TXN-B-001482,PRD-4293,,,HELIX Shampoo 500 500 MG,Shampoo 500 ML,9.6,118.47,1137.31,,SOURCE_B
TXN-B-001483-L2966,TXN-B-001483,PRD-4382,,,PRISM Body Wash 500 10 W,Body Wash 500 G,7.51,56.38,423.41,,SOURCE_B
TXN-B-001484-L2968,TXN-B-001484,PRD-4701,,,SUMMIT Screen Protector 10 10000 MAH,Screen Protector 10 IN,2.21,85.32,188.56,,SOURCE_B
TXN-B-001485-L2970,TXN-B-001485,PRD-4195,,,APEX Toothpaste 3 2000 MAH,Toothpaste 3 V,7.48,47.14,352.61,,SOURCE_B
TXN-B-001486-L2972,TXN-B-001486,PRD-4129,,,PRISM Whiteboard Marker 12 50 G,Whiteboard Marker 12 IN,9.11,38.93,354.65,,SOURCE_B
TXN-B-001487-L2974,TXN-B-001487,PRD-4496,,,PRISM Ballpoint Pen 250 750 ML,Ballpoint Pen 250 ML,4.09,26.93,110.14,,SOURCE_B
TXN-B-001488-L2976,TXN-B-001488,PRD-4143,,,VANGUARD Laundry Detergent 1.5 50 G,Laundry Detergent 1.5 V,8.04,25.3,203.41,,SOURCE_B
TXN-B-001489-L2978,TXN-B-001489,PRD-4228,,,QUANTUM Wrench Set 30 200 G,Wrench Set 30 CM,2.21,116.97,258.5,,SOURCE_B
TXN-B-001490-L2980,TXN-B-001490,PRD-4279,,,NOVA Measuring Cup 100 3 V,Measuring Cup 100 G,1.77,109.25,193.37,,SOURCE_B
TXN-B-001491-L2982,TXN-B-001491,PRD-4441,,,SPECTRA Colored Pencil Set 50 750 ML,Colored Pencil Set 50 G,9.18,57.94,531.89,,SOURCE_B
TXN-B-001492-L2984,TXN-B-001492,PRD-4054,,,VERTEX File Folder Pack 750 1 KG,File Folder Pack 750 ML,3.98,112.35,447.15,,SOURCE_B
TXN-B-001493-L2986,TXN-B-001493,PRD-4011,,,ZENITH USB Cable 10000 5000 MAH,USB Cable 10000 MAH,8.28,3.09,25.59,,SOURCE_B
TXN-B-001494-L2988,TXN-B-001494,PRD-4235,,,VANGUARD Toothpaste 3 100 G,Toothpaste 3 V,4.7,47.14,221.56,,SOURCE_B
TXN-B-001495-L2990,TXN-B-001495,PRD-4973,,,SUMMIT Face Cream 500 30 CM,Face Cream 500 ML,6.66,50.06,333.4,,SOURCE_B
TXN-B-001496-L2992,TXN-B-001496,PRD-4546,,,ZENITH Eraser Pack 2000 1 KG,Eraser Pack 2000 MAH,5.92,111.85,662.15,,SOURCE_B
TXN-B-001497-L2994,TXN-B-001497,PRD-4304,,,ZENITH Highlighter Set 9 750 ML,Highlighter Set 9 V,4.34,26.14,113.45,,SOURCE_B
TXN-B-001498-L2996,TXN-B-001498,PRD-4501,,,VANGUARD USB Cable 1 10 IN,USB Cable 1 KG,8.31,50.47,419.41,,SOURCE_B
TXN-B-001499-L2998,TXN-B-001499,PRD-4335,,,PRISM Ruler Set 45 15 W,Ruler Set 45 CM,7.98,90.87,725.14,,SOURCE_B
TXN-B-001500-L3000,TXN-B-001500,PRD-4868,,,SPECTRA HDMI Cable 1 2000 MAH,HDMI Cable 1 KG,4.91,57.46,282.13,,SOURCE_B
TXN-B-001501-L3002,TXN-B-001501,PRD-4623,,,QUANTUM Fabric Softener 200 20 W,Fabric Softener 200 G,6.42,47.38,304.18,,SOURCE_B
TXN-B-001502-L3004,TXN-B-001502,PRD-4304,,,AURORA USB Cable 1 1.5 L,USB Cable 1 KG,4.15,50.47,209.45,,SOURCE_B
TXN-B-001503-L3006,TXN-B-001503,PRD-4319,,,QUANTUM Can Opener 5 100 G,Can Opener 5 W,9.64,60.46,582.83,,SOURCE_B
TXN-B-001504-L3008,TXN-B-001504,PRD-4887,,,NOVA Eraser Pack 2000 100 G,Eraser Pack 2000 MAH,3.91,111.85,437.33,,SOURCE_B
TXN-B-001505-L3010,TXN-B-001505,PRD-4794,,,ORBIT Binder Clip Box 45 5000 MAH,Binder Clip Box 45 CM,1.99,21.96,43.7,,SOURCE_B
TXN-B-001506-L3012,TXN-B-001506,PRD-4234,,,COBALT Dish Liquid 10000 45 CM,Dish Liquid 10000 MAH,2.46,111.86,275.18,,SOURCE_B
TXN-B-001507-L3014,TXN-B-001507,PRD-4506,,,AURORA Glass Spray 9 750 ML,Glass Spray 9 V,4.72,84.09,396.9,,SOURCE_B
TXN-B-001508-L3016,TXN-B-001508,PRD-4427,,,VANGUARD Toothpaste 15 20 W,Toothpaste 15 W,2.24,33.06,74.05,,SOURCE_B
TXN-B-001509-L3018,TXN-B-001509,PRD-4829,,,APEX Storage Container 5 500 MG,Storage Container 5 W,5.85,44.62,261.03,,SOURCE_B
TXN-B-001510-L3020,TXN-B-001510,PRD-4871,,,COBALT Ruler Set 60 9 V,Ruler Set 60 CM,5.27,20.73,109.25,,SOURCE_B
TXN-B-001511-L3022,TXN-B-001511,PRD-4592,,,SUMMIT Ruler Set 60 250 MG,Ruler Set 60 CM,5.62,20.73,116.5,,SOURCE_B
TXN-B-001512-L3024,TXN-B-001512,PRD-4023,,,NEXUS Toothpaste 500 1.5 L,Toothpaste 500 MG,2.06,92.36,190.26,,SOURCE_B
TXN-B-001513-L3026,TXN-B-001513,PRD-4842,,,APEX Fabric Softener 200 60 CM,Fabric Softener 200 G,1.65,47.38,78.18,,SOURCE_B
TXN-B-001514-L3028,TXN-B-001514,PRD-4574,,,QUANTUM Cutting Board 500 10000 MAH,Cutting Board 500 ML,9.56,112.85,1078.85,,SOURCE_B
TXN-B-001515-L3030,TXN-B-001515,PRD-4902,,,TITAN Desk Organizer 2000 10 W,Desk Organizer 2000 MAH,3.67,28.05,102.94,,SOURCE_B
TXN-B-001516-L3031,TXN-B-001516,PRD-0088,PC-ZEN0088,2000000008806,ZENITH Face Cream 30 CM,Face Cream 30 CM,1.48,2.66,3.94,,SOURCE_B
TXN-B-001517-L3032,TXN-B-001517,PRD-0120,PC-NEX0120,2000000012001,NEXUS Peeler 30 CM,Peeler 30 CM,8.33,95.85,798.43,,SOURCE_B
TXN-B-001518-L3033,TXN-B-001518,PRD-0120,PC-NEX0120,2000000012001,NEXUS Peeler 30 CM,Peeler 30 CM,4.1,95.85,392.98,,SOURCE_B
TXN-B-001519-L3034,TXN-B-001519,PRD-0029,PC-AUR0029,2000000002903,AURORA Highlighter Set 9 V,Highlighter Set 9 V,7.25,26.14,189.52,,SOURCE_B
TXN-B-001520-L3035,TXN-B-001520,PRD-0018,PC-NEX0018,2000000001807,NEXUS Surface Wipes 500 MG,Surface Wipes 500 MG,6.29,39.31,247.26,,SOURCE_B
TXN-B-001521-L3036,TXN-B-001521,PRD-0013,PC-ZEN0013,2000000001302,ZENITH Fabric Softener 1 L,Fabric Softener 1 L,7.86,9.65,75.85,,SOURCE_B
TXN-B-001522-L3037,TXN-B-001522,PRD-0135,PC-NEX0135,2000000013503,NEXUS Glue Stick 5000 MAH,Glue Stick 5000 MAH,7.31,27.9,203.95,,SOURCE_B
TXN-B-001523-L3038,TXN-B-001523,PRD-0122,PC-AUR0122,2000000012209,AURORA Notebook 5000 MAH,Notebook 5000 MAH,1.58,31.9,50.4,,SOURCE_B
TXN-B-001524-L3039,TXN-B-001524,PRD-0127,PC-ZEN0127,2000000012704,ZENITH Colored Pencil Set 50 G,Colored Pencil Set 50 G,6.37,57.94,369.08,,SOURCE_B
TXN-B-001525-L3040,TXN-B-001525,PRD-0045,PC-NEX0045,2000000004501,NEXUS Whiteboard Marker 45 CM,Whiteboard Marker 45 CM,8.62,29.55,254.72,,SOURCE_B
TXN-B-001526-L3041,TXN-B-001526,PRD-0036,PC-NEX0036,2000000003603,NEXUS Stapler 1.5 L,Stapler 1.5 L,8.15,113.16,922.25,,SOURCE_B
TXN-B-001527-L3042,TXN-B-001527,PRD-0112,PC-ZEN0112,2000000011202,ZENITH Kitchen Towel 30 CM,Kitchen Towel 30 CM,9.72,100.54,977.25,,SOURCE_B
TXN-B-001528-L3043,TXN-B-001528,PRD-0013,PC-ZEN0013,2000000001302,ZENITH Fabric Softener 1 L,Fabric Softener 1 L,8.74,9.65,84.34,,SOURCE_B
TXN-B-001529-L3044,TXN-B-001529,PRD-0001,PC-ZEN0001,2000000000107,ZENITH All Purpose Cleaner 10 IN,All Purpose Cleaner 10 IN,3.18,34.59,110.0,,SOURCE_B
TXN-B-001530-L3045,TXN-B-001530,PRD-0075,PC-NEX0075,2000000007502,NEXUS Hand Soap 10000 MAH,Hand Soap 10000 MAH,1.76,69.45,122.23,,SOURCE_B
TXN-B-001531-L3046,TXN-B-001531,PRD-0058,PC-ZEN0058,2000000005805,ZENITH Screen Protector 3 V,Screen Protector 3 V,8.73,72.97,637.03,,SOURCE_B
TXN-B-001532-L3047,TXN-B-001532,PRD-0001,PC-ZEN0001,2000000000107,ZENITH All Purpose Cleaner 10 IN,All Purpose Cleaner 10 IN,3.18,34.59,110.0,,SOURCE_B
TXN-B-001533-L3048,TXN-B-001533,PRD-0026,PC-AUR0026,2000000002606,AURORA Ballpoint Pen 250 ML,Ballpoint Pen 250 ML,8.03,26.93,216.25,,SOURCE_B
TXN-B-001534-L3049,TXN-B-001534,PRD-0116,PC-AUR0116,2000000011608,AURORA Can Opener 500 MG,Can Opener 500 MG,1.41,80.59,113.63,,SOURCE_B
TXN-B-001535-L3050,TXN-B-001535,PRD-0050,PC-AUR0050,2000000005003,AURORA USB Cable 10000 MAH,USB Cable 10000 MAH,5.39,3.09,16.66,,SOURCE_B
TXN-B-001536-L3051,TXN-B-001536,PRD-0120,PC-NEX0120,2000000012001,NEXUS Peeler 30 CM,Peeler 30 CM,1.67,95.85,160.07,,SOURCE_B
TXN-B-001537-L3052,TXN-B-001537,PRD-0056,PC-AUR0056,2000000005607,AURORA Phone Case 20 W,Phone Case 20 W,4.13,16.68,68.89,,SOURCE_B
TXN-B-001538-L3053,TXN-B-001538,PRD-0057,PC-NEX0057,2000000005706,NEXUS Phone Case 1 L,Phone Case 1 L,6.81,31.73,216.08,,SOURCE_B
TXN-B-001539-L3054,TXN-B-001539,PRD-0058,PC-ZEN0058,2000000005805,ZENITH Screen Protector 3 V,Screen Protector 3 V,2.89,72.97,210.88,,SOURCE_B
TXN-B-001540-L3055,TXN-B-001540,PRD-0115,PC-ZEN0115,2000000011509,ZENITH Can Opener 2000 MAH,Can Opener 2000 MAH,5.47,64.41,352.32,,SOURCE_B
TXN-B-001541-L3056,TXN-B-001541,PRD-0049,PC-ZEN0049,2000000004907,ZENITH USB Cable 1 KG,USB Cable 1 KG,3.65,50.47,184.22,,SOURCE_B
TXN-B-001542-L3057,TXN-B-001542,PRD-0132,PC-NEX0132,2000000013206,NEXUS Ruler Set 60 CM,Ruler Set 60 CM,5.05,20.73,104.69,,SOURCE_B
TXN-B-001543-L3058,TXN-B-001543,PRD-0032,PC-AUR0032,2000000003207,AURORA Binder Clip Box 3 V,Binder Clip Box 3 V,6.55,78.97,517.25,,SOURCE_B
TXN-B-001544-L3059,TXN-B-001544,PRD-0027,PC-NEX0027,2000000002705,NEXUS Ballpoint Pen 500 ML,Ballpoint Pen 500 ML,6.41,49.53,317.49,,SOURCE_B
TXN-B-001545-L3060,TXN-B-001545,PRD-0021,PC-NEX0021,2000000002101,NEXUS Air Freshener 30 CM,Air Freshener 30 CM,8.72,13.9,121.21,,SOURCE_B
TXN-B-001546-L3061,TXN-B-001546,PRD-0030,PC-NEX0030,2000000003009,NEXUS Highlighter Set 12 IN,Highlighter Set 12 IN,9.13,69.53,634.81,,SOURCE_B
TXN-B-001547-L3062,TXN-B-001547,PRD-0030,PC-NEX0030,2000000003009,NEXUS Highlighter Set 12 IN,Highlighter Set 12 IN,8.17,69.53,568.06,,SOURCE_B
TXN-B-001548-L3063,TXN-B-001548,PRD-0064,PC-ZEN0064,2000000006406,ZENITH Charging Dock 15 W,Charging Dock 15 W,8.52,60.18,512.73,,SOURCE_B
TXN-B-001549-L3064,TXN-B-001549,PRD-0061,PC-ZEN0061,2000000006109,ZENITH Battery Pack 200 G,Battery Pack 200 G,8.37,64.09,536.43,,SOURCE_B
TXN-B-001550-L3065,TXN-B-001550,PRD-0055,PC-ZEN0055,2000000005508,ZENITH Phone Case 250 MG,Phone Case 250 MG,2.91,52.62,153.12,,SOURCE_B
TXN-B-001551-L3066,TXN-B-001551,PRD-0135,PC-NEX0135,2000000013503,NEXUS Glue Stick 5000 MAH,Glue Stick 5000 MAH,3.04,27.9,84.82,,SOURCE_B
TXN-B-001552-L3067,TXN-B-001552,PRD-0130,PC-ZEN0130,2000000013008,ZENITH Ruler Set 45 CM,Ruler Set 45 CM,1.31,90.87,119.04,,SOURCE_B
TXN-B-001553-L3068,TXN-B-001553,PRD-0021,PC-NEX0021,2000000002101,NEXUS Air Freshener 30 CM,Air Freshener 30 CM,4.52,13.9,62.83,,SOURCE_B
TXN-B-001554-L3069,TXN-B-001554,PRD-0120,PC-NEX0120,2000000012001,NEXUS Peeler 30 CM,Peeler 30 CM,4.49,95.85,430.37,,SOURCE_B
TXN-B-001555-L3070,TXN-B-001555,PRD-0051,PC-NEX0051,2000000005102,NEXUS USB Cable 500 MG,USB Cable 500 MG,8.87,94.26,836.09,,SOURCE_B
TXN-B-001556-L3071,TXN-B-001556,PRD-0018,PC-NEX0018,2000000001807,NEXUS Surface Wipes 500 MG,Surface Wipes 500 MG,7.0,39.31,275.17,,SOURCE_B
TXN-B-001557-L3072,TXN-B-001557,PRD-0096,PC-NEX0096,2000000009605,NEXUS Lotion 1 KG,Lotion 1 KG,9.67,25.67,248.23,,SOURCE_B
TXN-B-001558-L3073,TXN-B-001558,PRD-0124,PC-ZEN0124,2000000012407,ZENITH Sketch Pad 500 MG,Sketch Pad 500 MG,5.34,47.5,253.65,,SOURCE_B
TXN-B-001559-L3074,TXN-B-001559,PRD-0103,PC-ZEN0103,2000000010304,ZENITH Measuring Cup 10000 MAH,Measuring Cup 10000 MAH,4.75,7.51,35.67,,SOURCE_B
TXN-B-001560-L3075,TXN-B-001560,PRD-0139,PC-ZEN0139,2000000013909,ZENITH Eraser Pack 500 G,Eraser Pack 500 G,1.83,45.39,83.06,,SOURCE_B
TXN-B-001561-L3076,TXN-B-001561,PRD-0134,PC-AUR0134,2000000013404,AURORA Glue Stick 9 V,Glue Stick 9 V,2.33,77.67,180.97,,SOURCE_B
TXN-B-001562-L3077,TXN-B-001562,PRD-0062,PC-AUR0062,2000000006208,AURORA Battery Pack 2000 MAH,Battery Pack 2000 MAH,7.25,70.05,507.86,,SOURCE_B
TXN-B-001563-L3078,TXN-B-001563,PRD-0046,PC-ZEN0046,2000000004600,ZENITH Tape Dispenser 250 ML,Tape Dispenser 250 ML,3.28,27.78,91.12,,SOURCE_B
TXN-B-001564-L3079,TXN-B-001564,PRD-0068,PC-AUR0068,2000000006802,AURORA HDMI Cable 10000 MAH,HDMI Cable 10000 MAH,1.61,38.83,62.52,,SOURCE_B
TXN-B-001565-L3080,TXN-B-001565,PRD-0144,PC-NEX0144,2000000014401,NEXUS Marker Set 250 ML,Marker Set 250 ML,9.32,40.05,373.27,,SOURCE_B
TXN-B-001566-L3081,TXN-B-001566,PRD-0072,PC-NEX0072,2000000007205,NEXUS Mouse Pad 100 G,Mouse Pad 100 G,5.86,43.98,257.72,,SOURCE_B
TXN-B-001567-L3082,TXN-B-001567,PRD-0047,PC-AUR0047,2000000004709,AURORA Tape Dispenser 45 CM,Tape Dispenser 45 CM,5.43,2.08,11.29,,SOURCE_B
TXN-B-001568-L3083,TXN-B-001568,PRD-0010,PC-ZEN0010,2000000001005,ZENITH Laundry Detergent 1.5 V,Laundry Detergent 1.5 V,1.04,25.3,26.31,,SOURCE_B
TXN-B-001569-L3084,TXN-B-001569,PRD-0116,PC-AUR0116,2000000011608,AURORA Can Opener 500 MG,Can Opener 500 MG,5.07,80.59,408.59,,SOURCE_B
TXN-B-001570-L3085,TXN-B-001570,PRD-0001,PC-ZEN0001,2000000000107,ZENITH All Purpose Cleaner 10 IN,All Purpose Cleaner 10 IN,7.84,34.59,271.19,,SOURCE_B
TXN-B-001571-L3086,TXN-B-001571,PRD-0076,PC-ZEN0076,2000000007601,ZENITH Shampoo 200 G,Shampoo 200 G,4.5,12.26,55.17,,SOURCE_B
TXN-B-001572-L3087,TXN-B-001572,PRD-0088,PC-ZEN0088,2000000008806,ZENITH Face Cream 30 CM,Face Cream 30 CM,2.93,2.66,7.79,,SOURCE_B
TXN-B-001573-L3088,TXN-B-001573,PRD-0129,PC-NEX0129,2000000012902,NEXUS Colored Pencil Set 750 ML,Colored Pencil Set 750 ML,2.47,94.86,234.3,,SOURCE_B
TXN-B-001574-L3089,TXN-B-001574,PRD-0019,PC-ZEN0019,2000000001906,ZENITH Air Freshener 45 CM,Air Freshener 45 CM,6.08,38.75,235.6,,SOURCE_B
TXN-B-001575-L3090,TXN-B-001575,PRD-0003,PC-NEX0003,2000000000305,NEXUS All Purpose Cleaner 250 ML,All Purpose Cleaner 250 ML,9.09,116.68,1060.62,,SOURCE_B
TXN-B-001576-L3193,TXN-B-001576,PRD-0055,PC-ZEN0055,2000000005508,ZENITH Phone Case 250 MG,Phone Case 250 MG,1.51,52.62,79.46,TXN-B-001576,SOURCE_B
TXN-B-001577-L3196,TXN-B-001577,PRD-0142,PC-ZEN0142,2000000014203,ZENITH Marker Set 750 ML,Marker Set 750 ML,4.02,33.77,135.76,TXN-B-001577,SOURCE_B
TXN-B-001578-L3199,TXN-B-001578,PRD-0032,PC-AUR0032,2000000003207,AURORA Binder Clip Box 3 V,Binder Clip Box 3 V,2.38,78.97,187.95,TXN-B-001578,SOURCE_B
TXN-B-001579-L3202,TXN-B-001579,PRD-0057,PC-NEX0057,2000000005706,NEXUS Phone Case 1 L,Phone Case 1 L,7.72,31.73,244.96,TXN-B-001579,SOURCE_B
TXN-B-001580-L3205,TXN-B-001580,PRD-0106,PC-ZEN0106,2000000010601,ZENITH Spatula Set 1 KG,Spatula Set 1 KG,3.08,23.7,73.0,TXN-B-001580,SOURCE_B
TXN-B-001581-L3208,TXN-B-001581,PRD-0091,PC-ZEN0091,2000000009100,ZENITH Hair Gel 1.5 L,Hair Gel 1.5 L,2.15,87.74,188.64,TXN-B-001581,SOURCE_B
TXN-B-001582-L3211,TXN-B-001582,PRD-0140,PC-AUR0140,2000000014005,AURORA Eraser Pack 2000 MAH,Eraser Pack 2000 MAH,2.7,111.85,302.0,TXN-B-001582,SOURCE_B
TXN-B-001583-L3214,TXN-B-001583,PRD-0046,PC-ZEN0046,2000000004600,ZENITH Tape Dispenser 250 ML,Tape Dispenser 250 ML,7.57,27.78,210.29,TXN-B-001583,SOURCE_B
TXN-B-001584-L3217,TXN-B-001584,PRD-0131,PC-AUR0131,2000000013107,AURORA Ruler Set 60 CM,Ruler Set 60 CM,4.51,15.08,68.01,TXN-B-001584,SOURCE_B
TXN-B-001585-L3220,TXN-B-001585,PRD-0060,PC-NEX0060,2000000006000,NEXUS Screen Protector 10 IN,Screen Protector 10 IN,1.22,85.32,104.09,TXN-B-001585,SOURCE_B
TXN-B-001586-L3223,TXN-B-001586,PRD-0092,PC-AUR0092,2000000009209,AURORA Hair Gel 100 MG,Hair Gel 100 MG,8.63,64.67,558.1,TXN-B-001586,SOURCE_B
TXN-B-001587-L3226,TXN-B-001587,PRD-0124,PC-ZEN0124,2000000012407,ZENITH Sketch Pad 500 MG,Sketch Pad 500 MG,9.22,47.5,437.95,TXN-B-001587,SOURCE_B
TXN-B-001588-L3229,TXN-B-001588,PRD-0142,PC-ZEN0142,2000000014203,ZENITH Marker Set 750 ML,Marker Set 750 ML,3.9,33.77,131.7,TXN-B-001588,SOURCE_B
TXN-B-001589-L3232,TXN-B-001589,PRD-0113,PC-AUR0113,2000000011301,AURORA Kitchen Towel 20 W,Kitchen Towel 20 W,6.31,71.36,450.28,TXN-B-001589,SOURCE_B
TXN-B-001590-L3235,TXN-B-001590,PRD-0059,PC-AUR0059,2000000005904,AURORA Screen Protector 45 CM,Screen Protector 45 CM,4.35,61.8,268.83,TXN-B-001590,SOURCE_B
TXN-B-001591-L3238,TXN-B-001591,PRD-0098,PC-AUR0098,2000000009803,AURORA Cutting Board 10 IN,Cutting Board 10 IN,7.5,17.09,128.18,TXN-B-001591,SOURCE_B
TXN-B-001592-L3241,TXN-B-001592,PRD-0136,PC-ZEN0136,2000000013602,ZENITH Scissors 3 V,Scissors 3 V,4.08,71.22,290.58,TXN-B-001592,SOURCE_B
TXN-B-001593-L3244,TXN-B-001593,PRD-0108,PC-NEX0108,2000000010809,NEXUS Spatula Set 500 MG,Spatula Set 500 MG,3.66,103.62,379.25,TXN-B-001593,SOURCE_B
TXN-B-001594-L3247,TXN-B-001594,PRD-0141,PC-NEX0141,2000000014104,NEXUS Eraser Pack 3 V,Eraser Pack 3 V,7.28,34.77,253.13,TXN-B-001594,SOURCE_B
TXN-B-001595-L3250,TXN-B-001595,PRD-0085,PC-ZEN0085,2000000008509,ZENITH Deodorant 200 G,Deodorant 200 G,7.67,86.39,662.61,TXN-B-001595,SOURCE_B
TXN-B-001596-L3253,TXN-B-001596,PRD-0109,PC-ZEN0109,2000000010908,ZENITH Storage Container 20 W,Storage Container 20 W,8.01,89.13,713.93,TXN-B-001596,SOURCE_B
TXN-B-001597-L3256,TXN-B-001597,PRD-0051,PC-NEX0051,2000000005102,NEXUS USB Cable 500 MG,USB Cable 500 MG,3.7,94.26,348.76,TXN-B-001597,SOURCE_B
TXN-B-001598-L3259,TXN-B-001598,PRD-0012,PC-NEX0012,2000000001203,NEXUS Laundry Detergent 3 V,Laundry Detergent 3 V,5.96,22.27,132.73,TXN-B-001598,SOURCE_B
TXN-B-001599-L3262,TXN-B-001599,PRD-0019,PC-ZEN0019,2000000001906,ZENITH Air Freshener 45 CM,Air Freshener 45 CM,2.97,38.75,115.09,TXN-B-001599,SOURCE_B
TXN-B-001600-L3265,TXN-B-001600,PRD-0096,PC-NEX0096,2000000009605,NEXUS Lotion 1 KG,Lotion 1 KG,6.58,25.67,168.91,TXN-B-001600,SOURCE_B
TXN-B-001601-L3268,TXN-B-001601,PRD-0148,PC-ZEN0148,2000000014807,ZENITH Wrench Set 30 CM,Wrench Set 30 CM,2.02,116.97,236.28,TXN-B-001601,SOURCE_B
TXN-B-001602-L3271,TXN-B-001602,PRD-0006,PC-NEX0006,2000000000602,NEXUS Glass Spray 9 V,Glass Spray 9 V,3.66,84.09,307.77,TXN-B-001602,SOURCE_B
TXN-B-001603-L3274,TXN-B-001603,PRD-0056,PC-AUR0056,2000000005607,AURORA Phone Case 20 W,Phone Case 20 W,8.72,16.68,145.45,TXN-B-001603,SOURCE_B
TXN-B-001604-L3277,TXN-B-001604,PRD-0123,PC-NEX0123,2000000012308,NEXUS Notebook 3 V,Notebook 3 V,5.8,15.38,89.2,TXN-B-001604,SOURCE_B
TXN-B-001605-L3280,TXN-B-001605,PRD-0054,PC-NEX0054,2000000005409,NEXUS Power Adapter 500 ML,Power Adapter 500 ML,8.93,16.51,147.43,TXN-B-001605,SOURCE_B
TXN-B-001606-L3283,TXN-B-001606,PRD-0106,PC-ZEN0106,2000000010601,ZENITH Spatula Set 1 KG,Spatula Set 1 KG,2.29,23.7,54.27,TXN-B-001606,SOURCE_B
TXN-B-001607-L3286,TXN-B-001607,PRD-0014,PC-AUR0014,2000000001401,AURORA Fabric Softener 250 MG,Fabric Softener 250 MG,5.85,111.99,655.14,TXN-B-001607,SOURCE_B
TXN-B-001608-L3289,TXN-B-001608,PRD-0011,PC-AUR0011,2000000001104,AURORA Laundry Detergent 2000 MAH,Laundry Detergent 2000 MAH,9.36,97.97,917.0,TXN-B-001608,SOURCE_B
TXN-B-001609-L3292,TXN-B-001609,PRD-0103,PC-ZEN0103,2000000010304,ZENITH Measuring Cup 10000 MAH,Measuring Cup 10000 MAH,3.01,7.51,22.61,TXN-B-001609,SOURCE_B
TXN-B-001610-L3295,TXN-B-001610,PRD-0084,PC-NEX0084,2000000008400,NEXUS Toothpaste 15 W,Toothpaste 15 W,8.82,33.06,291.59,TXN-B-001610,SOURCE_B
TXN-B-001611-L3298,TXN-B-001611,PRD-0078,PC-NEX0078,2000000007809,NEXUS Shampoo 500 ML,Shampoo 500 ML,4.94,118.47,585.24,TXN-B-001611,SOURCE_B
TXN-B-001612-L3301,TXN-B-001612,PRD-0066,PC-NEX0066,2000000006604,NEXUS Charging Dock 5000 MAH,Charging Dock 5000 MAH,9.74,55.19,537.55,TXN-B-001612,SOURCE_B
TXN-B-001613-L3304,TXN-B-001613,PRD-0132,PC-NEX0132,2000000013206,NEXUS Ruler Set 60 CM,Ruler Set 60 CM,2.9,20.73,60.12,TXN-B-001613,SOURCE_B
TXN-B-001614-L3307,TXN-B-001614,PRD-0078,PC-NEX0078,2000000007809,NEXUS Shampoo 500 ML,Shampoo 500 ML,7.08,118.47,838.77,TXN-B-001614,SOURCE_B
TXN-B-001615-L3310,TXN-B-001615,PRD-0098,PC-AUR0098,2000000009803,AURORA Cutting Board 10 IN,Cutting Board 10 IN,3.04,17.09,51.95,TXN-B-001615,SOURCE_B
TXN-B-001616-L3313,TXN-B-001616,PRD-0012,PC-NEX0012,2000000001203,NEXUS Laundry Detergent 3 V,Laundry Detergent 3 V,7.06,22.27,157.23,TXN-B-001616,SOURCE_B
TXN-B-001617-L3316,TXN-B-001617,PRD-0136,PC-ZEN0136,2000000013602,ZENITH Scissors 3 V,Scissors 3 V,8.27,71.22,588.99,TXN-B-001617,SOURCE_B
TXN-B-001618-L3319,TXN-B-001618,PRD-0102,PC-NEX0102,2000000010205,NEXUS Mixing Bowl Set 15 W,Mixing Bowl Set 15 W,4.35,58.6,254.91,TXN-B-001618,SOURCE_B
TXN-B-001619-L3322,TXN-B-001619,PRD-0136,PC-ZEN0136,2000000013602,ZENITH Scissors 3 V,Scissors 3 V,3.76,71.22,267.79,TXN-B-001619,SOURCE_B
TXN-B-001620-L3325,TXN-B-001620,PRD-0022,PC-ZEN0022,2000000002200,ZENITH Floor Polish 2000 MAH,Floor Polish 2000 MAH,1.05,5.92,6.22,TXN-B-001620,SOURCE_B
TXN-B-001621-L3328,TXN-B-001621,PRD-0018,PC-NEX0018,2000000001807,NEXUS Surface Wipes 500 MG,Surface Wipes 500 MG,4.91,39.31,193.01,TXN-B-001621,SOURCE_B
TXN-B-001622-L3331,TXN-B-001622,PRD-0085,PC-ZEN0085,2000000008509,ZENITH Deodorant 200 G,Deodorant 200 G,5.08,86.39,438.86,TXN-B-001622,SOURCE_B
TXN-B-001623-L3334,TXN-B-001623,PRD-0004,PC-ZEN0004,2000000000404,ZENITH Glass Spray 750 ML,Glass Spray 750 ML,4.76,100.37,477.76,TXN-B-001623,SOURCE_B
TXN-B-001624-L3337,TXN-B-001624,PRD-0044,PC-AUR0044,2000000004402,AURORA Whiteboard Marker 12 IN,Whiteboard Marker 12 IN,8.3,38.93,323.12,TXN-B-001624,SOURCE_B
TXN-B-001625-L3340,TXN-B-001625,PRD-0017,PC-AUR0017,2000000001708,AURORA Surface Wipes 9 V,Surface Wipes 9 V,3.33,80.73,268.83,TXN-B-001625,SOURCE_B
TXN-B-001626-L3343,TXN-B-001626,PRD-0070,PC-ZEN0070,2000000007007,ZENITH Mouse Pad 200 G,Mouse Pad 200 G,2.34,113.79,266.27,TXN-B-001626,SOURCE_B
TXN-B-001627-L3346,TXN-B-001627,PRD-0059,PC-AUR0059,2000000005904,AURORA Screen Protector 45 CM,Screen Protector 45 CM,7.42,61.8,458.56,TXN-B-001627,SOURCE_B
TXN-B-001628-L3349,TXN-B-001628,PRD-0139,PC-ZEN0139,2000000013909,ZENITH Eraser Pack 500 G,Eraser Pack 500 G,7.66,45.39,347.69,TXN-B-001628,SOURCE_B
TXN-B-001629-L3352,TXN-B-001629,PRD-0140,PC-AUR0140,2000000014005,AURORA Eraser Pack 2000 MAH,Eraser Pack 2000 MAH,6.56,111.85,733.74,TXN-B-001629,SOURCE_B
TXN-B-001630-L3355,TXN-B-001630,PRD-0045,PC-NEX0045,2000000004501,NEXUS Whiteboard Marker 45 CM,Whiteboard Marker 45 CM,6.51,29.55,192.37,TXN-B-001630,SOURCE_B
TXN-B-001631-L3357,TXN-B-001631,PRD-0110,PC-AUR0110,2000000011004,AURORA Storage Container 5 W,Storage Container 5 W,8.25,44.62,368.11,TXN-B-001631,SOURCE_B
TXN-B-001632-L3359,TXN-B-001632,PRD-0071,PC-AUR0071,2000000007106,AURORA Mouse Pad 50 G,Mouse Pad 50 G,11.93,17.32,206.63,TXN-B-001632,SOURCE_B
TXN-B-001633-L3361,TXN-B-001633,PRD-0042,PC-NEX0042,2000000004204,NEXUS File Folder Pack 500 G,File Folder Pack 500 G,7.5,68.11,510.82,TXN-B-001633,SOURCE_B
TXN-B-001634-L3363,TXN-B-001634,PRD-0146,PC-AUR0146,2000000014609,AURORA Screwdriver Set 500 ML,Screwdriver Set 500 ML,12.86,91.46,1176.18,TXN-B-001634,SOURCE_B
TXN-B-001635-L3365,TXN-B-001635,PRD-0049,PC-ZEN0049,2000000004907,ZENITH USB Cable 1 KG,USB Cable 1 KG,7.67,50.47,387.1,TXN-B-001635,SOURCE_B
TXN-B-001636-L3367,TXN-B-001636,PRD-0045,PC-NEX0045,2000000004501,NEXUS Whiteboard Marker 45 CM,Whiteboard Marker 45 CM,9.93,29.55,293.43,TXN-B-001636,SOURCE_B
TXN-B-001637-L3369,TXN-B-001637,PRD-0007,PC-ZEN0007,2000000000701,ZENITH Dish Liquid 5000 MAH,Dish Liquid 5000 MAH,8.25,57.78,476.69,TXN-B-001637,SOURCE_B
TXN-B-001638-L3371,TXN-B-001638,PRD-0029,PC-AUR0029,2000000002903,AURORA Highlighter Set 9 V,Highlighter Set 9 V,10.1,26.14,264.01,TXN-B-001638,SOURCE_B
TXN-B-001639-L3373,TXN-B-001639,PRD-0069,PC-NEX0069,2000000006901,NEXUS HDMI Cable 1.5 L,HDMI Cable 1.5 L,11.3,45.41,513.13,TXN-B-001639,SOURCE_B
TXN-B-001640-L3375,TXN-B-001640,PRD-0031,PC-ZEN0031,2000000003108,ZENITH Binder Clip Box 3 V,Binder Clip Box 3 V,12.2,57.71,704.06,TXN-B-001640,SOURCE_B
TXN-B-001641-L3377,TXN-B-001641,PRD-0049,PC-ZEN0049,2000000004907,ZENITH USB Cable 1 KG,USB Cable 1 KG,6.44,50.47,325.03,TXN-B-001641,SOURCE_B
TXN-B-001642-L3379,TXN-B-001642,PRD-0088,PC-ZEN0088,2000000008806,ZENITH Face Cream 30 CM,Face Cream 30 CM,7.62,2.66,20.27,TXN-B-001642,SOURCE_B
TXN-B-001643-L3381,TXN-B-001643,PRD-0077,PC-AUR0077,2000000007700,AURORA Shampoo 1 KG,Shampoo 1 KG,5.01,106.6,534.07,TXN-B-001643,SOURCE_B
TXN-B-001644-L3383,TXN-B-001644,PRD-0031,PC-ZEN0031,2000000003108,ZENITH Binder Clip Box 3 V,Binder Clip Box 3 V,14.69,57.71,847.76,TXN-B-001644,SOURCE_B
TXN-B-001645-L3385,TXN-B-001645,PRD-0050,PC-AUR0050,2000000005003,AURORA USB Cable 10000 MAH,USB Cable 10000 MAH,14.46,3.09,44.68,TXN-B-001645,SOURCE_B
TXN-B-001646-L3387,TXN-B-001646,PRD-0078,PC-NEX0078,2000000007809,NEXUS Shampoo 500 ML,Shampoo 500 ML,13.29,118.47,1574.47,TXN-B-001646,SOURCE_B
TXN-B-001647-L3389,TXN-B-001647,PRD-0124,PC-ZEN0124,2000000012407,ZENITH Sketch Pad 500 MG,Sketch Pad 500 MG,12.87,47.5,611.32,TXN-B-001647,SOURCE_B
TXN-B-001648-L3391,TXN-B-001648,PRD-0130,PC-ZEN0130,2000000013008,ZENITH Ruler Set 45 CM,Ruler Set 45 CM,5.6,90.87,508.87,TXN-B-001648,SOURCE_B
TXN-B-001649-L3393,TXN-B-001649,PRD-0098,PC-AUR0098,2000000009803,AURORA Cutting Board 10 IN,Cutting Board 10 IN,5.09,17.09,86.99,TXN-B-001649,SOURCE_B
TXN-B-001650-L3395,TXN-B-001650,PRD-0035,PC-AUR0035,2000000003504,AURORA Stapler 10 W,Stapler 10 W,5.51,17.34,95.54,TXN-B-001650,SOURCE_B
TXN-B-001651-L3397,TXN-B-001651,PRD-0023,PC-AUR0023,2000000002309,AURORA Floor Polish 100 MG,Floor Polish 100 MG,6.92,52.05,360.19,TXN-B-001651,SOURCE_B
TXN-B-001652-L3399,TXN-B-001652,PRD-0122,PC-AUR0122,2000000012209,AURORA Notebook 5000 MAH,Notebook 5000 MAH,6.91,31.9,220.43,TXN-B-001652,SOURCE_B
TXN-B-001653-L3401,TXN-B-001653,PRD-0112,PC-ZEN0112,2000000011202,ZENITH Kitchen Towel 30 CM,Kitchen Towel 30 CM,10.67,100.54,1072.76,TXN-B-001653,SOURCE_B
TXN-B-001654-L3403,TXN-B-001654,PRD-0068,PC-AUR0068,2000000006802,AURORA HDMI Cable 10000 MAH,HDMI Cable 10000 MAH,14.61,38.83,567.31,TXN-B-001654,SOURCE_B
TXN-B-001655-L3405,TXN-B-001655,PRD-0001,PC-ZEN0001,2000000000107,ZENITH All Purpose Cleaner 10 IN,All Purpose Cleaner 10 IN,8.46,34.59,292.63,TXN-B-001655,SOURCE_B
TXN-B-001656-L3407,TXN-B-001656,PRD-0101,PC-AUR0101,2000000010106,AURORA Mixing Bowl Set 100 MG,Mixing Bowl Set 100 MG,14.48,113.58,1644.64,TXN-B-001656,SOURCE_B
TXN-B-001657-L3409,TXN-B-001657,PRD-0052,PC-ZEN0052,2000000005201,ZENITH Power Adapter 20 W,Power Adapter 20 W,5.61,45.35,254.41,TXN-B-001657,SOURCE_B
TXN-B-001658-L3411,TXN-B-001658,PRD-0110,PC-AUR0110,2000000011004,AURORA Storage Container 5 W,Storage Container 5 W,5.9,44.62,263.26,TXN-B-001658,SOURCE_B
TXN-B-001659-L3413,TXN-B-001659,PRD-0009,PC-NEX0009,2000000000909,NEXUS Dish Liquid 10 W,Dish Liquid 10 W,5.66,102.05,577.6,TXN-B-001659,SOURCE_B
TXN-B-001660-L3415,TXN-B-001660,PRD-0084,PC-NEX0084,2000000008400,NEXUS Toothpaste 15 W,Toothpaste 15 W,9.21,33.06,304.48,TXN-B-001660,SOURCE_B
TXN-B-001661-L3417,TXN-B-001661,PRD-0074,PC-AUR0074,2000000007403,AURORA Hand Soap 1.5 V,Hand Soap 1.5 V,6.04,72.37,437.11,TXN-B-001661,SOURCE_B
TXN-B-001662-L3419,TXN-B-001662,PRD-0035,PC-AUR0035,2000000003504,AURORA Stapler 10 W,Stapler 10 W,8.82,17.34,152.94,TXN-B-001662,SOURCE_B
TXN-B-001663-L3421,TXN-B-001663,PRD-0076,PC-ZEN0076,2000000007601,ZENITH Shampoo 200 G,Shampoo 200 G,9.87,12.26,121.01,TXN-B-001663,SOURCE_B
TXN-B-001664-L3423,TXN-B-001664,PRD-0019,PC-ZEN0019,2000000001906,ZENITH Air Freshener 45 CM,Air Freshener 45 CM,9.13,38.75,353.79,TXN-B-001664,SOURCE_B
TXN-B-001665-L3425,TXN-B-001665,PRD-0089,PC-AUR0089,2000000008905,AURORA Face Cream 500 ML,Face Cream 500 ML,10.67,50.06,534.14,TXN-B-001665,SOURCE_B
TXN-B-001666-L3427,TXN-B-001666,PRD-0071,PC-AUR0071,2000000007106,AURORA Mouse Pad 50 G,Mouse Pad 50 G,13.72,17.32,237.63,TXN-B-001666,SOURCE_B
TXN-B-001667-L3429,TXN-B-001667,PRD-0126,PC-NEX0126,2000000012605,NEXUS Sketch Pad 250 ML,Sketch Pad 250 ML,6.95,82.01,569.97,TXN-B-001667,SOURCE_B
TXN-B-001668-L3431,TXN-B-001668,PRD-0078,PC-NEX0078,2000000007809,NEXUS Shampoo 500 ML,Shampoo 500 ML,9.07,118.47,1074.52,TXN-B-001668,SOURCE_B
TXN-B-001669-L3433,TXN-B-001669,PRD-0051,PC-NEX0051,2000000005102,NEXUS USB Cable 500 MG,USB Cable 500 MG,8.06,94.26,759.74,TXN-B-001669,SOURCE_B
TXN-B-001670-L3435,TXN-B-001670,PRD-0074,PC-AUR0074,2000000007403,AURORA Hand Soap 1.5 V,Hand Soap 1.5 V,5.67,72.37,410.34,TXN-B-001670,SOURCE_B
TXN-B-001671-L3437,TXN-B-001671,PRD-0031,PC-ZEN0031,2000000003108,ZENITH Binder Clip Box 3 V,Binder Clip Box 3 V,7.2,57.71,415.51,TXN-B-001671,SOURCE_B
TXN-B-001672-L3439,TXN-B-001672,PRD-0145,PC-ZEN0145,2000000014500,ZENITH Screwdriver Set 10 W,Screwdriver Set 10 W,12.66,31.94,404.36,TXN-B-001672,SOURCE_B
TXN-B-001673-L3441,TXN-B-001673,PRD-0138,PC-NEX0138,2000000013800,NEXUS Scissors 500 MG,Scissors 500 MG,13.74,96.35,1323.85,TXN-B-001673,SOURCE_B
TXN-B-001674-L3443,TXN-B-001674,PRD-0133,PC-ZEN0133,2000000013305,ZENITH Glue Stick 250 MG,Glue Stick 250 MG,13.55,31.89,432.11,TXN-B-001674,SOURCE_B
TXN-B-001675-L3445,TXN-B-001675,PRD-0010,PC-ZEN0010,2000000001005,ZENITH Laundry Detergent 1.5 V,Laundry Detergent 1.5 V,8.11,25.3,205.18,TXN-B-001675,SOURCE_B
TXN-B-001676-L3447,TXN-B-001676,PRD-0122,PC-AUR0122,2000000012209,AURORA Notebook 5000 MAH,Notebook 5000 MAH,5.57,31.9,177.68,TXN-B-001676,SOURCE_B
TXN-B-001677-L3449,TXN-B-001677,PRD-0096,PC-NEX0096,2000000009605,NEXUS Lotion 1 KG,Lotion 1 KG,8.0,25.67,205.36,TXN-B-001677,SOURCE_B
TXN-B-001678-L3451,TXN-B-001678,PRD-0146,PC-AUR0146,2000000014609,AURORA Screwdriver Set 500 ML,Screwdriver Set 500 ML,13.91,91.46,1272.21,TXN-B-001678,SOURCE_B
TXN-B-001679-L3453,TXN-B-001679,PRD-0148,PC-ZEN0148,2000000014807,ZENITH Wrench Set 30 CM,Wrench Set 30 CM,9.95,116.97,1163.85,TXN-B-001679,SOURCE_B
TXN-B-001680-L3455,TXN-B-001680,PRD-0011,PC-AUR0011,2000000001104,AURORA Laundry Detergent 2000 MAH,Laundry Detergent 2000 MAH,11.48,97.97,1124.7,TXN-B-001680,SOURCE_B
TXN-B-001681-L3457,TXN-B-001681,PRD-0121,PC-ZEN0121,2000000012100,ZENITH Notebook 1 L,Notebook 1 L,10.63,21.42,227.69,TXN-B-001681,SOURCE_B
TXN-B-001682-L3459,TXN-B-001682,PRD-0136,PC-ZEN0136,2000000013602,ZENITH Scissors 3 V,Scissors 3 V,5.1,71.22,363.22,TXN-B-001682,SOURCE_B
TXN-B-001683-L3461,TXN-B-001683,PRD-0087,PC-NEX0087,2000000008707,NEXUS Deodorant 9 V,Deodorant 9 V,14.47,116.64,1687.78,TXN-B-001683,SOURCE_B
TXN-B-001684-L3463,TXN-B-001684,PRD-0058,PC-ZEN0058,2000000005805,ZENITH Screen Protector 3 V,Screen Protector 3 V,7.06,72.97,515.17,TXN-B-001684,SOURCE_B
TXN-B-001685-L3465,TXN-B-001685,PRD-0112,PC-ZEN0112,2000000011202,ZENITH Kitchen Towel 30 CM,Kitchen Towel 30 CM,9.34,100.54,939.04,TXN-B-001685,SOURCE_B
TXN-B-001686-L3467,TXN-B-001686,PRD-0133,PC-ZEN0133,2000000013305,ZENITH Glue Stick 250 MG,Glue Stick 250 MG,12.01,31.89,383.0,TXN-B-001686,SOURCE_B
TXN-B-001687-L3469,TXN-B-001687,PRD-0046,PC-ZEN0046,2000000004600,ZENITH Tape Dispenser 250 ML,Tape Dispenser 250 ML,6.62,27.78,183.9,TXN-B-001687,SOURCE_B
TXN-B-001688-L3471,TXN-B-001688,PRD-0129,PC-NEX0129,2000000012902,NEXUS Colored Pencil Set 750 ML,Colored Pencil Set 750 ML,10.51,94.86,996.98,TXN-B-001688,SOURCE_B
TXN-B-001689-L3473,TXN-B-001689,PRD-0068,PC-AUR0068,2000000006802,AURORA HDMI Cable 10000 MAH,HDMI Cable 10000 MAH,12.31,38.83,478.0,TXN-B-001689,SOURCE_B
TXN-B-001690-L3475,TXN-B-001690,PRD-0085,PC-ZEN0085,2000000008509,ZENITH Deodorant 200 G,Deodorant 200 G,11.65,86.39,1006.44,TXN-B-001690,SOURCE_B
TXN-B-001691-L3477,TXN-B-001691,PRD-0117,PC-NEX0117,2000000011707,NEXUS Can Opener 5 W,Can Opener 5 W,11.19,60.46,676.55,TXN-B-001691,SOURCE_B
TXN-B-001692-L3479,TXN-B-001692,PRD-0119,PC-AUR0119,2000000011905,AURORA Peeler 100 MG,Peeler 100 MG,11.88,13.3,158.0,TXN-B-001692,SOURCE_B
TXN-B-001693-L3481,TXN-B-001693,PRD-0144,PC-NEX0144,2000000014401,NEXUS Marker Set 250 ML,Marker Set 250 ML,7.31,40.05,292.77,TXN-B-001693,SOURCE_B
TXN-B-001694-L3483,TXN-B-001694,PRD-0051,PC-NEX0051,2000000005102,NEXUS USB Cable 500 MG,USB Cable 500 MG,3.1,94.26,292.21,TXN-B-001694,SOURCE_B
TXN-B-001695-L3485,TXN-B-001695,PRD-0119,PC-AUR0119,2000000011905,AURORA Peeler 100 MG,Peeler 100 MG,10.38,13.3,138.05,TXN-B-001695,SOURCE_B
TXN-B-001696-L3487,TXN-B-001696,PRD-0133,PC-ZEN0133,2000000013305,ZENITH Glue Stick 250 MG,Glue Stick 250 MG,4.66,31.89,148.61,TXN-B-001696,SOURCE_B
TXN-B-001697-L3489,TXN-B-001697,PRD-0150,PC-NEX0150,2000000015002,NEXUS Wrench Set 9 V,Wrench Set 9 V,4.17,89.01,371.17,TXN-B-001697,SOURCE_B
TXN-B-001698-L3491,TXN-B-001698,PRD-0076,PC-ZEN0076,2000000007601,ZENITH Shampoo 200 G,Shampoo 200 G,7.92,12.26,97.1,TXN-B-001698,SOURCE_B
TXN-B-001699-L3493,TXN-B-001699,PRD-0112,PC-ZEN0112,2000000011202,ZENITH Kitchen Towel 30 CM,Kitchen Towel 30 CM,4.34,100.54,436.34,TXN-B-001699,SOURCE_B
TXN-B-001700-L3495,TXN-B-001700,PRD-0003,PC-NEX0003,2000000000305,NEXUS All Purpose Cleaner 250 ML,All Purpose Cleaner 250 ML,10.92,116.68,1274.15,TXN-B-001700,SOURCE_B
TXN-B-001701-L3497,TXN-B-001701,PRD-0073,PC-ZEN0073,2000000007304,ZENITH Hand Soap 250 MG,Hand Soap 250 MG,5.38,22.6,121.59,TXN-B-001701,SOURCE_B
TXN-B-001702-L3499,TXN-B-001702,PRD-0001,PC-ZEN0001,2000000000107,ZENITH All Purpose Cleaner 10 IN,All Purpose Cleaner 10 IN,4.42,34.59,152.89,TXN-B-001702,SOURCE_B
TXN-B-001703-L3501,TXN-B-001703,PRD-0146,PC-AUR0146,2000000014609,AURORA Screwdriver Set 500 ML,Screwdriver Set 500 ML,11.25,91.46,1028.92,TXN-B-001703,SOURCE_B
TXN-B-001704-L3503,TXN-B-001704,PRD-0145,PC-ZEN0145,2000000014500,ZENITH Screwdriver Set 10 W,Screwdriver Set 10 W,2.13,31.94,68.03,TXN-B-001704,SOURCE_B
TXN-B-001705-L3505,TXN-B-001705,PRD-0015,PC-NEX0015,2000000001500,NEXUS Fabric Softener 200 G,Fabric Softener 200 G,10.34,47.38,489.91,TXN-B-001705,SOURCE_B
TXN-B-001706-L3507,TXN-B-001706,PRD-0104,PC-AUR0104,2000000010403,AURORA Measuring Cup 10000 MAH,Measuring Cup 10000 MAH,8.97,68.42,613.73,TXN-B-001706,SOURCE_B
TXN-B-001707-L3509,TXN-B-001707,PRD-0139,PC-ZEN0139,2000000013909,ZENITH Eraser Pack 500 G,Eraser Pack 500 G,2.2,45.39,99.86,TXN-B-001707,SOURCE_B
TXN-B-001708-L3511,TXN-B-001708,PRD-0033,PC-NEX0033,2000000003306,NEXUS Binder Clip Box 45 CM,Binder Clip Box 45 CM,9.92,21.96,217.84,TXN-B-001708,SOURCE_B
TXN-B-001709-L3513,TXN-B-001709,PRD-0129,PC-NEX0129,2000000012902,NEXUS Colored Pencil Set 750 ML,Colored Pencil Set 750 ML,10.92,94.86,1035.87,TXN-B-001709,SOURCE_B
TXN-B-001710-L3515,TXN-B-001710,PRD-0016,PC-ZEN0016,2000000001609,ZENITH Surface Wipes 60 CM,Surface Wipes 60 CM,9.88,58.14,574.42,TXN-B-001710,SOURCE_B
TXN-B-001711-L3517,TXN-B-001711,PRD-0100,PC-ZEN0100,2000000010007,ZENITH Mixing Bowl Set 250 ML,Mixing Bowl Set 250 ML,6.95,63.15,438.89,TXN-B-001711,SOURCE_B
TXN-B-001712-L3519,TXN-B-001712,PRD-0025,PC-ZEN0025,2000000002507,ZENITH Ballpoint Pen 1 KG,Ballpoint Pen 1 KG,6.81,37.08,252.51,TXN-B-001712,SOURCE_B
TXN-B-001713-L3521,TXN-B-001713,PRD-0057,PC-NEX0057,2000000005706,NEXUS Phone Case 1 L,Phone Case 1 L,9.94,31.73,315.4,TXN-B-001713,SOURCE_B
TXN-B-001714-L3523,TXN-B-001714,PRD-0090,PC-NEX0090,2000000009001,NEXUS Face Cream 100 MG,Face Cream 100 MG,4.51,20.0,90.2,TXN-B-001714,SOURCE_B
TXN-B-001715-L3525,TXN-B-001715,PRD-0081,PC-NEX0081,2000000008103,NEXUS Body Wash 500 G,Body Wash 500 G,2.57,56.38,144.9,TXN-B-001715,SOURCE_B
TXN-B-001716-L3527,TXN-B-001716,PRD-0080,PC-AUR0080,2000000008004,AURORA Body Wash 500 MG,Body Wash 500 MG,10.39,11.65,121.04,TXN-B-001716,SOURCE_B
TXN-B-001717-L3529,TXN-B-001717,PRD-0013,PC-ZEN0013,2000000001302,ZENITH Fabric Softener 1 L,Fabric Softener 1 L,5.31,9.65,51.24,TXN-B-001717,SOURCE_B
TXN-B-001718-L3531,TXN-B-001718,PRD-0121,PC-ZEN0121,2000000012100,ZENITH Notebook 1 L,Notebook 1 L,7.47,21.42,160.01,TXN-B-001718,SOURCE_B
TXN-B-001719-L3533,TXN-B-001719,PRD-0008,PC-AUR0008,2000000000800,AURORA Dish Liquid 10000 MAH,Dish Liquid 10000 MAH,6.13,111.86,685.7,TXN-B-001719,SOURCE_B
TXN-B-001720-L3535,TXN-B-001720,PRD-0080,PC-AUR0080,2000000008004,AURORA Body Wash 500 MG,Body Wash 500 MG,4.72,11.65,54.99,TXN-B-001720,SOURCE_B
TXN-B-001721-L3537,TXN-B-001721,PRD-0052,PC-ZEN0052,2000000005201,ZENITH Power Adapter 20 W,Power Adapter 20 W,11.64,45.35,527.87,TXN-B-001721,SOURCE_B
TXN-B-001722-L3539,TXN-B-001722,PRD-0082,PC-ZEN0082,2000000008202,ZENITH Toothpaste 500 MG,Toothpaste 500 MG,8.91,92.36,822.93,TXN-B-001722,SOURCE_B
TXN-B-001723-L3541,TXN-B-001723,PRD-0026,PC-AUR0026,2000000002606,AURORA Ballpoint Pen 250 ML,Ballpoint Pen 250 ML,12.7,26.93,342.01,TXN-B-001723,SOURCE_B
TXN-B-001724-L3543,TXN-B-001724,PRD-0137,PC-AUR0137,2000000013701,AURORA Scissors 100 MG,Scissors 100 MG,2.99,94.03,281.15,TXN-B-001724,SOURCE_B
TXN-B-001725-L3545,TXN-B-001725,PRD-0139,PC-ZEN0139,2000000013909,ZENITH Eraser Pack 500 G,Eraser Pack 500 G,10.82,45.39,491.12,TXN-B-001725,SOURCE_B
TXN-B-001726-L3547,TXN-B-001726,PRD-0132,PC-NEX0132,2000000013206,NEXUS Ruler Set 60 CM,Ruler Set 60 CM,6.85,20.73,142.0,TXN-B-001726,SOURCE_B
TXN-B-001727-L3549,TXN-B-001727,PRD-0102,PC-NEX0102,2000000010205,NEXUS Mixing Bowl Set 15 W,Mixing Bowl Set 15 W,8.26,58.6,484.04,TXN-B-001727,SOURCE_B
TXN-B-001728-L3551,TXN-B-001728,PRD-0009,PC-NEX0009,2000000000909,NEXUS Dish Liquid 10 W,Dish Liquid 10 W,6.26,102.05,638.83,TXN-B-001728,SOURCE_B
TXN-B-001729-L3553,TXN-B-001729,PRD-0133,PC-ZEN0133,2000000013305,ZENITH Glue Stick 250 MG,Glue Stick 250 MG,8.72,31.89,278.08,TXN-B-001729,SOURCE_B
TXN-B-001730-L3555,TXN-B-001730,PRD-0029,PC-AUR0029,2000000002903,AURORA Highlighter Set 9 V,Highlighter Set 9 V,4.93,26.14,128.87,TXN-B-001730,SOURCE_B
TXN-B-001731-L3557,TXN-B-001731,PRD-0026,PC-AUR0026,2000000002606,AURORA Ballpoint Pen 250 ML,Ballpoint Pen 250 ML,9.18,26.93,247.22,TXN-B-001731,SOURCE_B
TXN-B-001732-L3559,TXN-B-001732,PRD-0095,PC-AUR0095,2000000009506,AURORA Lotion 1 KG,Lotion 1 KG,7.95,117.25,932.14,TXN-B-001732,SOURCE_B
TXN-B-001733-L3561,TXN-B-001733,PRD-0060,PC-NEX0060,2000000006000,NEXUS Screen Protector 10 IN,Screen Protector 10 IN,4.02,85.32,342.99,TXN-B-001733,SOURCE_B
TXN-B-001734-L3563,TXN-B-001734,PRD-0132,PC-NEX0132,2000000013206,NEXUS Ruler Set 60 CM,Ruler Set 60 CM,4.6,20.73,95.36,TXN-B-001734,SOURCE_B
TXN-B-001735-L3565,TXN-B-001735,PRD-0031,PC-ZEN0031,2000000003108,ZENITH Binder Clip Box 3 V,Binder Clip Box 3 V,12.28,57.71,708.68,TXN-B-001735,SOURCE_B
TXN-B-001736-L3567,TXN-B-001736,PRD-0067,PC-ZEN0067,2000000006703,ZENITH HDMI Cable 1 KG,HDMI Cable 1 KG,8.82,57.46,506.8,TXN-B-001736,SOURCE_B
TXN-B-001737-L3569,TXN-B-001737,PRD-0039,PC-NEX0039,2000000003900,NEXUS Desk Organizer 250 ML,Desk Organizer 250 ML,5.25,90.18,473.45,TXN-B-001737,SOURCE_B
TXN-B-001738-L3571,TXN-B-001738,PRD-0084,PC-NEX0084,2000000008400,NEXUS Toothpaste 15 W,Toothpaste 15 W,5.31,33.06,175.55,TXN-B-001738,SOURCE_B
TXN-B-001739-L3573,TXN-B-001739,PRD-0150,PC-NEX0150,2000000015002,NEXUS Wrench Set 9 V,Wrench Set 9 V,12.97,89.01,1154.46,TXN-B-001739,SOURCE_B
TXN-B-001740-L3575,TXN-B-001740,PRD-0004,PC-ZEN0004,2000000000404,ZENITH Glass Spray 750 ML,Glass Spray 750 ML,4.15,100.37,416.54,TXN-B-001740,SOURCE_B
TXN-B-001741-L3577,TXN-B-001741,PRD-0100,PC-ZEN0100,2000000010007,ZENITH Mixing Bowl Set 250 ML,Mixing Bowl Set 250 ML,8.94,66.94,598.44,TXN-B-001741,SOURCE_B
TXN-B-001742-L3579,TXN-B-001742,PRD-0017,PC-AUR0017,2000000001708,AURORA Surface Wipes 9 V,Surface Wipes 9 V,3.27,84.7,276.97,TXN-B-001742,SOURCE_B
TXN-B-001743-L3581,TXN-B-001743,PRD-0055,PC-ZEN0055,2000000005508,ZENITH Phone Case 250 MG,Phone Case 250 MG,1.73,53.16,91.97,TXN-B-001743,SOURCE_B
TXN-B-001744-L3583,TXN-B-001744,PRD-0022,PC-ZEN0022,2000000002200,ZENITH Floor Polish 2000 MAH,Floor Polish 2000 MAH,3.67,8.83,32.41,TXN-B-001744,SOURCE_B
TXN-B-001745-L3585,TXN-B-001745,PRD-0084,PC-NEX0084,2000000008400,NEXUS Toothpaste 15 W,Toothpaste 15 W,5.2,36.17,188.08,TXN-B-001745,SOURCE_B
TXN-B-001746-L3587,TXN-B-001746,PRD-0112,PC-ZEN0112,2000000011202,ZENITH Kitchen Towel 30 CM,Kitchen Towel 30 CM,6.96,104.53,727.53,TXN-B-001746,SOURCE_B
TXN-B-001747-L3589,TXN-B-001747,PRD-0126,PC-NEX0126,2000000012605,NEXUS Sketch Pad 250 ML,Sketch Pad 250 ML,2.44,86.14,210.18,TXN-B-001747,SOURCE_B
TXN-B-001748-L3591,TXN-B-001748,PRD-0013,PC-ZEN0013,2000000001302,ZENITH Fabric Softener 1 L,Fabric Softener 1 L,2.6,14.59,37.93,TXN-B-001748,SOURCE_B
TXN-B-001749-L3593,TXN-B-001749,PRD-0089,PC-AUR0089,2000000008905,AURORA Face Cream 500 ML,Face Cream 500 ML,4.62,51.76,239.13,TXN-B-001749,SOURCE_B
TXN-B-001750-L3595,TXN-B-001750,PRD-0014,PC-AUR0014,2000000001401,AURORA Fabric Softener 250 MG,Fabric Softener 250 MG,9.67,115.94,1121.14,TXN-B-001750,SOURCE_B
TXN-B-001751-L3597,TXN-B-001751,PRD-0149,PC-AUR0149,2000000014906,AURORA Wrench Set 45 CM,Wrench Set 45 CM,5.76,33.95,195.55,TXN-B-001751,SOURCE_B
TXN-B-001752-L3599,TXN-B-001752,PRD-0112,PC-ZEN0112,2000000011202,ZENITH Kitchen Towel 30 CM,Kitchen Towel 30 CM,2.15,105.09,225.94,TXN-B-001752,SOURCE_B
TXN-B-001753-L3601,TXN-B-001753,PRD-0118,PC-ZEN0118,2000000011806,ZENITH Peeler 750 ML,Peeler 750 ML,1.31,32.43,42.48,TXN-B-001753,SOURCE_B
TXN-B-001754-L3603,TXN-B-001754,PRD-0030,PC-NEX0030,2000000003009,NEXUS Highlighter Set 12 IN,Highlighter Set 12 IN,6.94,73.7,511.48,TXN-B-001754,SOURCE_B
TXN-B-001755-L3605,TXN-B-001755,PRD-0122,PC-AUR0122,2000000012209,AURORA Notebook 5000 MAH,Notebook 5000 MAH,8.82,34.8,306.94,TXN-B-001755,SOURCE_B
TXN-B-001756-L3607,TXN-B-001756,PRD-0071,PC-AUR0071,2000000007106,AURORA Mouse Pad 50 G,Mouse Pad 50 G,1.25,21.05,26.31,TXN-B-001756,SOURCE_B
TXN-B-001757-L3609,TXN-B-001757,PRD-0101,PC-AUR0101,2000000010106,AURORA Mixing Bowl Set 100 MG,Mixing Bowl Set 100 MG,8.45,116.24,982.23,TXN-B-001757,SOURCE_B
TXN-B-001758-L3611,TXN-B-001758,PRD-0053,PC-AUR0053,2000000005300,AURORA Power Adapter 1 L,Power Adapter 1 L,2.72,45.42,123.54,TXN-B-001758,SOURCE_B
TXN-B-001759-L3613,TXN-B-001759,PRD-0117,PC-NEX0117,2000000011707,NEXUS Can Opener 5 W,Can Opener 5 W,9.68,62.57,605.68,TXN-B-001759,SOURCE_B
TXN-B-001760-L3615,TXN-B-001760,PRD-0088,PC-ZEN0088,2000000008806,ZENITH Face Cream 30 CM,Face Cream 30 CM,7.2,3.91,28.15,TXN-B-001760,SOURCE_B
TXN-B-001761-L3617,TXN-B-001761,PRD-0022,PC-ZEN0022,2000000002200,ZENITH Floor Polish 2000 MAH,Floor Polish 2000 MAH,9.29,10.43,96.89,TXN-B-001761,SOURCE_B
TXN-B-001762-L3619,TXN-B-001762,PRD-0054,PC-NEX0054,2000000005409,NEXUS Power Adapter 500 ML,Power Adapter 500 ML,4.9,20.37,99.81,TXN-B-001762,SOURCE_B
TXN-B-001763-L3621,TXN-B-001763,PRD-0133,PC-ZEN0133,2000000013305,ZENITH Glue Stick 250 MG,Glue Stick 250 MG,4.66,34.19,159.33,TXN-B-001763,SOURCE_B
TXN-B-001764-L3623,TXN-B-001764,PRD-0076,PC-ZEN0076,2000000007601,ZENITH Shampoo 200 G,Shampoo 200 G,8.53,15.15,129.23,TXN-B-001764,SOURCE_B
TXN-B-001765-L3625,TXN-B-001765,PRD-0074,PC-AUR0074,2000000007403,AURORA Hand Soap 1.5 V,Hand Soap 1.5 V,1.54,74.61,114.9,TXN-B-001765,SOURCE_B
TXN-B-001766-L3627,TXN-B-001766,PRD-0063,PC-NEX0063,2000000006307,NEXUS Battery Pack 10 W,Battery Pack 10 W,4.35,98.76,429.61,TXN-B-001766,SOURCE_B
TXN-B-001767-L3629,TXN-B-001767,PRD-0088,PC-ZEN0088,2000000008806,ZENITH Face Cream 30 CM,Face Cream 30 CM,6.99,7.49,52.36,TXN-B-001767,SOURCE_B
TXN-B-001768-L3631,TXN-B-001768,PRD-0108,PC-NEX0108,2000000010809,NEXUS Spatula Set 500 MG,Spatula Set 500 MG,9.35,104.19,974.18,TXN-B-001768,SOURCE_B
TXN-B-001769-L3633,TXN-B-001769,PRD-0149,PC-AUR0149,2000000014906,AURORA Wrench Set 45 CM,Wrench Set 45 CM,1.3,32.81,42.65,TXN-B-001769,SOURCE_B
TXN-B-001770-L3635,TXN-B-001770,PRD-0100,PC-ZEN0100,2000000010007,ZENITH Mixing Bowl Set 250 ML,Mixing Bowl Set 250 ML,4.09,64.51,263.85,TXN-B-001770,SOURCE_B
TXN-B-001771-L3637,TXN-B-001771,PRD-0103,PC-ZEN0103,2000000010304,ZENITH Measuring Cup 10000 MAH,Measuring Cup 10000 MAH,3.6,9.74,35.06,TXN-B-001771,SOURCE_B
TXN-B-001772-L3639,TXN-B-001772,PRD-0103,PC-ZEN0103,2000000010304,ZENITH Measuring Cup 10000 MAH,Measuring Cup 10000 MAH,5.6,11.28,63.17,TXN-B-001772,SOURCE_B
TXN-B-001773-L3641,TXN-B-001773,PRD-0061,PC-ZEN0061,2000000006109,ZENITH Battery Pack 200 G,Battery Pack 200 G,2.93,65.79,192.76,TXN-B-001773,SOURCE_B
TXN-B-001774-L3643,TXN-B-001774,PRD-0130,PC-ZEN0130,2000000013008,ZENITH Ruler Set 45 CM,Ruler Set 45 CM,5.38,94.37,507.71,TXN-B-001774,SOURCE_B
TXN-B-001775-L3645,TXN-B-001775,PRD-0007,PC-ZEN0007,2000000000701,ZENITH Dish Liquid 5000 MAH,Dish Liquid 5000 MAH,6.15,59.24,364.33,TXN-B-001775,SOURCE_B
TXN-B-001776-L3647,TXN-B-001776,PRD-0106,PC-ZEN0106,2000000010601,ZENITH Spatula Set 1 KG,Spatula Set 1 KG,8.63,27.31,235.69,TXN-B-001776,SOURCE_B
TXN-B-001777-L3649,TXN-B-001777,PRD-0119,PC-AUR0119,2000000011905,AURORA Peeler 100 MG,Peeler 100 MG,7.31,14.08,102.92,TXN-B-001777,SOURCE_B
TXN-B-001778-L3651,TXN-B-001778,PRD-0109,PC-ZEN0109,2000000010908,ZENITH Storage Container 20 W,Storage Container 20 W,9.66,91.36,882.54,TXN-B-001778,SOURCE_B
TXN-B-001779-L3653,TXN-B-001779,PRD-0030,PC-NEX0030,2000000003009,NEXUS Highlighter Set 12 IN,Highlighter Set 12 IN,5.52,73.55,406.0,TXN-B-001779,SOURCE_B
TXN-B-001780-L3655,TXN-B-001780,PRD-0130,PC-ZEN0130,2000000013008,ZENITH Ruler Set 45 CM,Ruler Set 45 CM,2.38,94.68,225.34,TXN-B-001780,SOURCE_B
TXN-B-001781-L3657,TXN-B-001781,PRD-0019,PC-ZEN0019,2000000001906,ZENITH Air Freshener 45 CM,Air Freshener 45 CM,9.84,42.1,414.26,TXN-B-001781,SOURCE_B
TXN-B-001782-L3659,TXN-B-001782,PRD-0041,PC-AUR0041,2000000004105,AURORA File Folder Pack 9 V,File Folder Pack 9 V,2.78,60.07,166.99,TXN-B-001782,SOURCE_B
TXN-B-001783-L3661,TXN-B-001783,PRD-0115,PC-ZEN0115,2000000011509,ZENITH Can Opener 2000 MAH,Can Opener 2000 MAH,2.58,66.54,171.67,TXN-B-001783,SOURCE_B
TXN-B-001784-L3663,TXN-B-001784,PRD-0137,PC-AUR0137,2000000013701,AURORA Scissors 100 MG,Scissors 100 MG,2.11,95.19,200.85,TXN-B-001784,SOURCE_B
TXN-B-001785-L3665,TXN-B-001785,PRD-0110,PC-AUR0110,2000000011004,AURORA Storage Container 5 W,Storage Container 5 W,9.6,47.44,455.42,TXN-B-001785,SOURCE_B
TXN-B-001786-L3667,TXN-B-001786,PRD-0007,PC-ZEN0007,2000000000701,ZENITH Dish Liquid 5000 MAH,Dish Liquid 5000 MAH,5.13,59.6,305.75,TXN-B-001786,SOURCE_B
TXN-B-001787-L3669,TXN-B-001787,PRD-0007,PC-ZEN0007,2000000000701,ZENITH Dish Liquid 5000 MAH,Dish Liquid 5000 MAH,4.04,60.24,243.37,TXN-B-001787,SOURCE_B
TXN-B-001788-L3671,TXN-B-001788,PRD-0042,PC-NEX0042,2000000004204,NEXUS File Folder Pack 500 G,File Folder Pack 500 G,6.21,71.78,445.75,TXN-B-001788,SOURCE_B
TXN-B-001789-L3673,TXN-B-001789,PRD-0093,PC-NEX0093,2000000009308,NEXUS Hair Gel 10 W,Hair Gel 10 W,9.04,30.32,274.09,TXN-B-001789,SOURCE_B
TXN-B-001790-L3675,TXN-B-001790,PRD-0020,PC-AUR0020,2000000002002,AURORA Air Freshener 200 G,Air Freshener 200 G,1.69,108.51,183.38,TXN-B-001790,SOURCE_B
TXN-B-001791-L3677,TXN-B-001791,PRD-0125,PC-AUR0125,2000000012506,AURORA Sketch Pad 1.5 V,Sketch Pad 1.5 V,1.51,102.96,157.8,TXN-B-001791,SOURCE_B
TXN-B-001792-L3679,TXN-B-001792,PRD-0136,PC-ZEN0136,2000000013602,ZENITH Scissors 3 V,Scissors 3 V,1.44,71.22,107.36,TXN-B-001792,SOURCE_B
TXN-B-001793-L3681,TXN-B-001793,PRD-0099,PC-NEX0099,2000000009902,NEXUS Cutting Board 500 ML,Cutting Board 500 ML,5.51,112.85,623.54,TXN-B-001793,SOURCE_B
TXN-B-001794-L3683,TXN-B-001794,PRD-0066,PC-NEX0066,2000000006604,NEXUS Charging Dock 5000 MAH,Charging Dock 5000 MAH,7.09,55.19,398.77,TXN-B-001794,SOURCE_B
TXN-B-001795-L3685,TXN-B-001795,PRD-0093,PC-NEX0093,2000000009308,NEXUS Hair Gel 10 W,Hair Gel 10 W,7.58,27.25,212.13,TXN-B-001795,SOURCE_B
TXN-B-001796-L3687,TXN-B-001796,PRD-0109,PC-ZEN0109,2000000010908,ZENITH Storage Container 20 W,Storage Container 20 W,2.24,89.13,200.69,TXN-B-001796,SOURCE_B
TXN-B-001797-L3689,TXN-B-001797,PRD-0127,PC-ZEN0127,2000000012704,ZENITH Colored Pencil Set 50 G,Colored Pencil Set 50 G,6.27,57.94,369.81,TXN-B-001797,SOURCE_B
TXN-B-001798-L3691,TXN-B-001798,PRD-0119,PC-AUR0119,2000000011905,AURORA Peeler 100 MG,Peeler 100 MG,2.21,13.3,38.22,TXN-B-001798,SOURCE_B
TXN-B-001799-L3693,TXN-B-001799,PRD-0039,PC-NEX0039,2000000003900,NEXUS Desk Organizer 250 ML,Desk Organizer 250 ML,4.33,90.18,392.95,TXN-B-001799,SOURCE_B
TXN-B-001800-L3695,TXN-B-001800,PRD-0045,PC-NEX0045,2000000004501,NEXUS Whiteboard Marker 45 CM,Whiteboard Marker 45 CM,2.4,29.55,79.62,TXN-B-001800,SOURCE_B
TXN-B-001801-L3697,TXN-B-001801,PRD-0012,PC-NEX0012,2000000001203,NEXUS Laundry Detergent 3 V,Laundry Detergent 3 V,5.09,22.27,118.48,TXN-B-001801,SOURCE_B
TXN-B-001802-L3699,TXN-B-001802,PRD-0142,PC-ZEN0142,2000000014203,ZENITH Marker Set 750 ML,Marker Set 750 ML,4.35,33.77,156.85,TXN-B-001802,SOURCE_B
TXN-B-001803-L3701,TXN-B-001803,PRD-0071,PC-AUR0071,2000000007106,AURORA Mouse Pad 50 G,Mouse Pad 50 G,9.12,17.32,160.53,TXN-B-001803,SOURCE_B
TXN-B-001804-L3703,TXN-B-001804,PRD-0024,PC-NEX0024,2000000002408,NEXUS Floor Polish 100 MG,Floor Polish 100 MG,6.93,75.71,531.39,TXN-B-001804,SOURCE_B
TXN-B-001805-L3705,TXN-B-001805,PRD-0019,PC-ZEN0019,2000000001906,ZENITH Air Freshener 45 CM,Air Freshener 45 CM,1.84,38.75,76.87,TXN-B-001805,SOURCE_B
TXN-B-001806-L3707,TXN-B-001806,PRD-0019,PC-ZEN0019,2000000001906,ZENITH Air Freshener 45 CM,Air Freshener 45 CM,1.5,38.75,59.85,TXN-B-001806,SOURCE_B
TXN-B-001807-L3709,TXN-B-001807,PRD-0070,PC-ZEN0070,2000000007007,ZENITH Mouse Pad 200 G,Mouse Pad 200 G,9.88,113.79,1133.2,TXN-B-001807,SOURCE_B
TXN-B-001808-L3711,TXN-B-001808,PRD-0087,PC-NEX0087,2000000008707,NEXUS Deodorant 9 V,Deodorant 9 V,2.76,116.64,331.28,TXN-B-001808,SOURCE_B
TXN-B-001809-L3713,TXN-B-001809,PRD-0102,PC-NEX0102,2000000010205,NEXUS Mixing Bowl Set 15 W,Mixing Bowl Set 15 W,4.58,58.6,273.97,TXN-B-001809,SOURCE_B
TXN-B-001810-L3715,TXN-B-001810,PRD-0003,PC-NEX0003,2000000000305,NEXUS All Purpose Cleaner 250 ML,All Purpose Cleaner 250 ML,7.53,116.68,879.98,TXN-B-001810,SOURCE_B
TXN-B-001811-L3717,TXN-B-001811,PRD-0040,PC-ZEN0040,2000000004006,ZENITH File Folder Pack 750 ML,File Folder Pack 750 ML,8.48,112.35,958.35,TXN-B-001811,SOURCE_B
TXN-B-001812-L3719,TXN-B-001812,PRD-0134,PC-AUR0134,2000000013404,AURORA Glue Stick 9 V,Glue Stick 9 V,9.56,77.67,747.62,TXN-B-001812,SOURCE_B
TXN-B-001813-L3721,TXN-B-001813,PRD-0023,PC-AUR0023,2000000002309,AURORA Floor Polish 100 MG,Floor Polish 100 MG,5.16,52.05,275.07,TXN-B-001813,SOURCE_B
TXN-B-001814-L3723,TXN-B-001814,PRD-0139,PC-ZEN0139,2000000013909,ZENITH Eraser Pack 500 G,Eraser Pack 500 G,6.12,45.39,284.7,TXN-B-001814,SOURCE_B
TXN-B-001815-L3725,TXN-B-001815,PRD-0055,PC-ZEN0055,2000000005508,ZENITH Phone Case 250 MG,Phone Case 250 MG,6.02,52.62,323.97,TXN-B-001815,SOURCE_B
TXN-B-001816-L3727,TXN-B-001816,PRD-0113,PC-AUR0113,2000000011301,AURORA Kitchen Towel 20 W,Kitchen Towel 20 W,8.04,71.36,575.2,TXN-B-001816,SOURCE_B
TXN-B-001817-L3729,TXN-B-001817,PRD-0063,PC-NEX0063,2000000006307,NEXUS Battery Pack 10 W,Battery Pack 10 W,6.44,96.31,623.52,TXN-B-001817,SOURCE_B
TXN-B-001818-L3731,TXN-B-001818,PRD-0031,PC-ZEN0031,2000000003108,ZENITH Binder Clip Box 3 V,Binder Clip Box 3 V,7.82,57.71,458.49,TXN-B-001818,SOURCE_B
TXN-B-001819-L3733,TXN-B-001819,PRD-0133,PC-ZEN0133,2000000013305,ZENITH Glue Stick 250 MG,Glue Stick 250 MG,8.74,31.89,283.64,TXN-B-001819,SOURCE_B
TXN-B-001820-L3735,TXN-B-001820,PRD-0015,PC-NEX0015,2000000001500,NEXUS Fabric Softener 200 G,Fabric Softener 200 G,4.18,47.38,205.92,TXN-B-001820,SOURCE_B
TXN-B-001821-L3737,TXN-B-001821,PRD-0052,PC-ZEN0052,2000000005201,ZENITH Power Adapter 20 W,Power Adapter 20 W,9.21,45.35,425.36,TXN-B-001821,SOURCE_B
TXN-B-001822-L3739,TXN-B-001822,PRD-0049,PC-ZEN0049,2000000004907,ZENITH USB Cable 1 KG,USB Cable 1 KG,4.42,50.47,232.74,TXN-B-001822,SOURCE_B
TXN-B-001823-L3741,TXN-B-001823,PRD-0073,PC-ZEN0073,2000000007304,ZENITH Hand Soap 250 MG,Hand Soap 250 MG,4.06,22.6,94.43,TXN-B-001823,SOURCE_B
TXN-B-001824-L3743,TXN-B-001824,PRD-0142,PC-ZEN0142,2000000014203,ZENITH Marker Set 750 ML,Marker Set 750 ML,5.21,33.77,185.18,TXN-B-001824,SOURCE_B
TXN-B-001825-L3745,TXN-B-001825,PRD-0026,PC-AUR0026,2000000002606,AURORA Ballpoint Pen 250 ML,Ballpoint Pen 250 ML,6.56,26.93,184.05,TXN-B-001825,SOURCE_B
TXN-B-001826-L3747,TXN-B-001826,PRD-0133,PC-ZEN0133,2000000013305,ZENITH Glue Stick 250 MG,Glue Stick 250 MG,2.98,31.89,103.45,TXN-B-001826,SOURCE_B
TXN-B-001827-L3749,TXN-B-001827,PRD-0121,PC-ZEN0121,2000000012100,ZENITH Notebook 1 L,Notebook 1 L,6.79,21.42,150.92,TXN-B-001827,SOURCE_B
TXN-B-001828-L3751,TXN-B-001828,PRD-0091,PC-ZEN0091,2000000009100,ZENITH Hair Gel 1.5 L,Hair Gel 1.5 L,6.41,87.74,564.74,TXN-B-001828,SOURCE_B
TXN-B-001829-L3753,TXN-B-001829,PRD-0055,PC-ZEN0055,2000000005508,ZENITH Phone Case 250 MG,Phone Case 250 MG,4.84,52.62,259.75,TXN-B-001829,SOURCE_B
TXN-B-001830-L3755,TXN-B-001830,PRD-0069,PC-NEX0069,2000000006901,NEXUS HDMI Cable 1.5 L,HDMI Cable 1.5 L,4.59,45.41,210.24,TXN-B-001830,SOURCE_B
TXN-B-001831-L3757,TXN-B-001831,PRD-0054,PC-NEX0054,2000000005409,NEXUS Power Adapter 500 ML,Power Adapter 500 ML,4.07,16.51,69.35,TXN-B-001831,SOURCE_B
TXN-B-001832-L3759,TXN-B-001832,PRD-0133,PC-ZEN0133,2000000013305,ZENITH Glue Stick 250 MG,Glue Stick 250 MG,9.77,31.89,321.13,TXN-B-001832,SOURCE_B
TXN-B-001833-L3761,TXN-B-001833,PRD-0058,PC-ZEN0058,2000000005805,ZENITH Screen Protector 3 V,Screen Protector 3 V,4.1,72.97,304.46,TXN-B-001833,SOURCE_B
TXN-B-001834-L3763,TXN-B-001834,PRD-0075,PC-NEX0075,2000000007502,NEXUS Hand Soap 10000 MAH,Hand Soap 10000 MAH,2.57,69.45,186.19,TXN-B-001834,SOURCE_B
TXN-B-001835-L3765,TXN-B-001835,PRD-0106,PC-ZEN0106,2000000010601,ZENITH Spatula Set 1 KG,Spatula Set 1 KG,1.15,23.7,30.47,TXN-B-001835,SOURCE_B
TXN-B-001836-L3767,TXN-B-001836,PRD-0110,PC-AUR0110,2000000011004,AURORA Storage Container 5 W,Storage Container 5 W,8.37,44.62,377.38,TXN-B-001836,SOURCE_B
TXN-B-001837-L3769,TXN-B-001837,PRD-0101,PC-AUR0101,2000000010106,AURORA Mixing Bowl Set 100 MG,Mixing Bowl Set 100 MG,3.79,113.58,432.42,TXN-B-001837,SOURCE_B
TXN-B-001838-L3771,TXN-B-001838,PRD-0047,PC-AUR0047,2000000004709,AURORA Tape Dispenser 45 CM,Tape Dispenser 45 CM,7.67,2.08,17.01,TXN-B-001838,SOURCE_B
TXN-B-001839-L3773,TXN-B-001839,PRD-0137,PC-AUR0137,2000000013701,AURORA Scissors 100 MG,Scissors 100 MG,1.57,94.03,148.78,TXN-B-001839,SOURCE_B
TXN-B-001840-L3775,TXN-B-001840,PRD-0074,PC-AUR0074,2000000007403,AURORA Hand Soap 1.5 V,Hand Soap 1.5 V,7.75,72.37,569.76,TXN-B-001840,SOURCE_B
TXN-B-001841-L3777,TXN-B-001841,PRD-0125,PC-AUR0125,2000000012506,AURORA Sketch Pad 1.5 V,Sketch Pad 1.5 V,6.7,103.59,694.05,TXN-B-001841,SOURCE_B
TXN-B-001842-L3779,TXN-B-001842,PRD-0057,PC-NEX0057,2000000005706,NEXUS Phone Case 1 L,Phone Case 1 L,5.17,33.8,174.75,TXN-B-001842,SOURCE_B
TXN-B-001843-L3781,TXN-B-001843,PRD-0014,PC-AUR0014,2000000001401,AURORA Fabric Softener 250 MG,Fabric Softener 250 MG,10.92,114.58,1251.21,TXN-B-001843,SOURCE_B
TXN-B-001844-L3783,TXN-B-001844,PRD-0145,PC-ZEN0145,2000000014500,ZENITH Screwdriver Set 10 W,Screwdriver Set 10 W,7.54,34.18,257.72,TXN-B-001844,SOURCE_B
TXN-B-001845-L3785,TXN-B-001845,PRD-0059,PC-AUR0059,2000000005904,AURORA Screen Protector 45 CM,Screen Protector 45 CM,8.26,63.66,525.83,TXN-B-001845,SOURCE_B
TXN-B-001846-L3787,TXN-B-001846,PRD-0063,PC-NEX0063,2000000006307,NEXUS Battery Pack 10 W,Battery Pack 10 W,5.58,98.87,551.69,TXN-B-001846,SOURCE_B
TXN-B-001847-L3789,TXN-B-001847,PRD-0143,PC-AUR0143,2000000014302,AURORA Marker Set 10 IN,Marker Set 10 IN,11.21,16.24,182.05,TXN-B-001847,SOURCE_B
TXN-B-001848-L3791,TXN-B-001848,PRD-0041,PC-AUR0041,2000000004105,AURORA File Folder Pack 9 V,File Folder Pack 9 V,10.98,60.09,659.79,TXN-B-001848,SOURCE_B
TXN-B-001849-L3793,TXN-B-001849,PRD-0039,PC-NEX0039,2000000003900,NEXUS Desk Organizer 250 ML,Desk Organizer 250 ML,7.22,91.98,664.1,TXN-B-001849,SOURCE_B
TXN-B-001850-L3795,TXN-B-001850,PRD-0127,PC-ZEN0127,2000000012704,ZENITH Colored Pencil Set 50 G,Colored Pencil Set 50 G,8.21,60.55,497.12,TXN-B-001850,SOURCE_B
TXN-B-001851-L3797,TXN-B-001851,PRD-0042,PC-NEX0042,2000000004204,NEXUS File Folder Pack 500 G,File Folder Pack 500 G,9.25,70.18,649.17,TXN-B-001851,SOURCE_B
TXN-B-001852-L3799,TXN-B-001852,PRD-0140,PC-AUR0140,2000000014005,AURORA Eraser Pack 2000 MAH,Eraser Pack 2000 MAH,9.38,114.13,1070.54,TXN-B-001852,SOURCE_B
TXN-B-001853-L3801,TXN-B-001853,PRD-0055,PC-ZEN0055,2000000005508,ZENITH Phone Case 250 MG,Phone Case 250 MG,8.24,54.89,452.29,TXN-B-001853,SOURCE_B
TXN-B-001854-L3803,TXN-B-001854,PRD-0105,PC-NEX0105,2000000010502,NEXUS Measuring Cup 100 G,Measuring Cup 100 G,6.34,110.08,697.91,TXN-B-001854,SOURCE_B
TXN-B-001855-L3805,TXN-B-001855,PRD-0126,PC-NEX0126,2000000012605,NEXUS Sketch Pad 250 ML,Sketch Pad 250 ML,11.81,84.03,992.39,TXN-B-001855,SOURCE_B
TXN-B-001856-L3807,TXN-B-001856,PRD-0135,PC-NEX0135,2000000013503,NEXUS Glue Stick 5000 MAH,Glue Stick 5000 MAH,11.24,29.61,332.82,TXN-B-001856,SOURCE_B
TXN-B-001857-L3809,TXN-B-001857,PRD-0011,PC-AUR0011,2000000001104,AURORA Laundry Detergent 2000 MAH,Laundry Detergent 2000 MAH,5.91,99.91,590.47,TXN-B-001857,SOURCE_B
TXN-B-001858-L3811,TXN-B-001858,PRD-0013,PC-ZEN0013,2000000001302,ZENITH Fabric Softener 1 L,Fabric Softener 1 L,5.49,10.18,55.89,TXN-B-001858,SOURCE_B
TXN-B-001859-L3813,TXN-B-001859,PRD-0118,PC-ZEN0118,2000000011806,ZENITH Peeler 750 ML,Peeler 750 ML,10.57,28.66,302.94,TXN-B-001859,SOURCE_B
TXN-B-001860-L3815,TXN-B-001860,PRD-0122,PC-AUR0122,2000000012209,AURORA Notebook 5000 MAH,Notebook 5000 MAH,4.71,32.71,154.06,TXN-B-001860,SOURCE_B
TXN-B-001861-L3817,TXN-B-001861,PRD-0088,PC-ZEN0088,2000000008806,ZENITH Face Cream 30 CM,Face Cream 30 CM,6.31,4.39,27.7,TXN-B-001861,SOURCE_B
TXN-B-001862-L3819,TXN-B-001862,PRD-0137,PC-AUR0137,2000000013701,AURORA Scissors 100 MG,Scissors 100 MG,6.94,96.18,667.49,TXN-B-001862,SOURCE_B
TXN-B-001863-L3821,TXN-B-001863,PRD-0116,PC-AUR0116,2000000011608,AURORA Can Opener 500 MG,Can Opener 500 MG,6.64,82.08,545.01,TXN-B-001863,SOURCE_B
TXN-B-001864-L3823,TXN-B-001864,PRD-0138,PC-NEX0138,2000000013800,NEXUS Scissors 500 MG,Scissors 500 MG,11.1,97.0,1076.7,TXN-B-001864,SOURCE_B
TXN-B-001865-L3825,TXN-B-001865,PRD-0141,PC-NEX0141,2000000014104,NEXUS Eraser Pack 3 V,Eraser Pack 3 V,11.83,37.5,443.62,TXN-B-001865,SOURCE_B
TXN-B-001866-L3827,TXN-B-001866,PRD-0017,PC-AUR0017,2000000001708,AURORA Surface Wipes 9 V,Surface Wipes 9 V,6.63,83.46,553.34,TXN-B-001866,SOURCE_B
TXN-B-001867-L3829,TXN-B-001867,PRD-0098,PC-AUR0098,2000000009803,AURORA Cutting Board 10 IN,Cutting Board 10 IN,11.47,19.89,228.14,TXN-B-001867,SOURCE_B
TXN-B-001868-L3831,TXN-B-001868,PRD-0001,PC-ZEN0001,2000000000107,ZENITH All Purpose Cleaner 10 IN,All Purpose Cleaner 10 IN,10.11,35.96,363.56,TXN-B-001868,SOURCE_B
TXN-B-001869-L3833,TXN-B-001869,PRD-0039,PC-NEX0039,2000000003900,NEXUS Desk Organizer 250 ML,Desk Organizer 250 ML,9.88,90.77,896.81,TXN-B-001869,SOURCE_B
TXN-B-001870-L3835,TXN-B-001870,PRD-0118,PC-ZEN0118,2000000011806,ZENITH Peeler 750 ML,Peeler 750 ML,8.22,30.51,250.79,TXN-B-001870,SOURCE_B
TXN-B-001871-L3837,TXN-B-001871,PRD-0036,PC-NEX0036,2000000003603,NEXUS Stapler 1.5 L,Stapler 1.5 L,10.07,115.89,1167.01,TXN-B-001871,SOURCE_B
TXN-B-001872-L3839,TXN-B-001872,PRD-0054,PC-NEX0054,2000000005409,NEXUS Power Adapter 500 ML,Power Adapter 500 ML,10.43,17.54,182.94,TXN-B-001872,SOURCE_B
TXN-B-001873-L3841,TXN-B-001873,PRD-0040,PC-ZEN0040,2000000004006,ZENITH File Folder Pack 750 ML,File Folder Pack 750 ML,11.48,114.61,1315.72,TXN-B-001873,SOURCE_B
TXN-B-001874-L3843,TXN-B-001874,PRD-0091,PC-ZEN0091,2000000009100,ZENITH Hair Gel 1.5 L,Hair Gel 1.5 L,9.26,89.66,830.25,TXN-B-001874,SOURCE_B
TXN-B-001875-L3845,TXN-B-001875,PRD-0097,PC-ZEN0097,2000000009704,ZENITH Cutting Board 5 W,Cutting Board 5 W,7.54,16.78,126.52,TXN-B-001875,SOURCE_B
TXN-B-001876-L3847,TXN-B-001876,PRD-0100,PC-ZEN0100,2000000010007,ZENITH Mixing Bowl Set 250 ML,Mixing Bowl Set 250 ML,4.35,65.23,283.75,TXN-B-001876,SOURCE_B
TXN-B-001877-L3849,TXN-B-001877,PRD-0132,PC-NEX0132,2000000013206,NEXUS Ruler Set 60 CM,Ruler Set 60 CM,11.0,22.52,247.72,TXN-B-001877,SOURCE_B
TXN-B-001878-L3851,TXN-B-001878,PRD-0041,PC-AUR0041,2000000004105,AURORA File Folder Pack 9 V,File Folder Pack 9 V,11.2,60.6,678.72,TXN-B-001878,SOURCE_B
TXN-B-001879-L3853,TXN-B-001879,PRD-0046,PC-ZEN0046,2000000004600,ZENITH Tape Dispenser 250 ML,Tape Dispenser 250 ML,7.5,30.72,230.4,TXN-B-001879,SOURCE_B
TXN-B-001880-L3855,TXN-B-001880,PRD-0033,PC-NEX0033,2000000003306,NEXUS Binder Clip Box 45 CM,Binder Clip Box 45 CM,9.58,24.32,232.99,TXN-B-001880,SOURCE_B
TXN-B-001881-L3857,TXN-B-001881,PRD-0117,PC-NEX0117,2000000011707,NEXUS Can Opener 5 W,Can Opener 5 W,1.04,60.46,62.88,TXN-B-001881,SOURCE_B
TXN-B-001882-L3859,TXN-B-001882,PRD-0087,PC-NEX0087,2000000008707,NEXUS Deodorant 9 V,Deodorant 9 V,4.69,116.64,547.04,TXN-B-001882,SOURCE_B
TXN-B-001883-L3861,TXN-B-001883,PRD-0135,PC-NEX0135,2000000013503,NEXUS Glue Stick 5000 MAH,Glue Stick 5000 MAH,4.21,27.9,117.46,TXN-B-001883,SOURCE_B
TXN-B-001884-L3863,TXN-B-001884,PRD-0144,PC-NEX0144,2000000014401,NEXUS Marker Set 250 ML,Marker Set 250 ML,4.09,40.05,163.8,TXN-B-001884,SOURCE_B
TXN-B-001885-L3865,TXN-B-001885,PRD-0139,PC-ZEN0139,2000000013909,ZENITH Eraser Pack 500 G,Eraser Pack 500 G,1.47,45.39,66.72,TXN-B-001885,SOURCE_B
TXN-B-001886-L3867,TXN-B-001886,PRD-0011,PC-AUR0011,2000000001104,AURORA Laundry Detergent 2000 MAH,Laundry Detergent 2000 MAH,2.54,97.97,248.84,TXN-B-001886,SOURCE_B
TXN-B-001887-L3869,TXN-B-001887,PRD-0043,PC-ZEN0043,2000000004303,ZENITH Whiteboard Marker 20 W,Whiteboard Marker 20 W,4.88,56.59,276.16,TXN-B-001887,SOURCE_B
TXN-B-001888-L3871,TXN-B-001888,PRD-0108,PC-NEX0108,2000000010809,NEXUS Spatula Set 500 MG,Spatula Set 500 MG,3.81,103.62,394.79,TXN-B-001888,SOURCE_B
TXN-B-001889-L3873,TXN-B-001889,PRD-0054,PC-NEX0054,2000000005409,NEXUS Power Adapter 500 ML,Power Adapter 500 ML,2.73,16.51,45.07,TXN-B-001889,SOURCE_B
TXN-B-001890-L3875,TXN-B-001890,PRD-0008,PC-AUR0008,2000000000800,AURORA Dish Liquid 10000 MAH,Dish Liquid 10000 MAH,3.28,111.86,366.9,TXN-B-001890,SOURCE_B
TXN-B-001891-L3877,TXN-B-001891,PRD-0066,PC-NEX0066,2000000006604,NEXUS Charging Dock 5000 MAH,Charging Dock 5000 MAH,2.2,55.19,121.42,TXN-B-001891,SOURCE_B
TXN-B-001892-L3879,TXN-B-001892,PRD-0093,PC-NEX0093,2000000009308,NEXUS Hair Gel 10 W,Hair Gel 10 W,3.94,27.25,107.36,TXN-B-001892,SOURCE_B
TXN-B-001893-L3881,TXN-B-001893,PRD-0041,PC-AUR0041,2000000004105,AURORA File Folder Pack 9 V,File Folder Pack 9 V,3.82,59.18,226.07,TXN-B-001893,SOURCE_B
TXN-B-001894-L3883,TXN-B-001894,PRD-0084,PC-NEX0084,2000000008400,NEXUS Toothpaste 15 W,Toothpaste 15 W,2.8,33.06,92.57,TXN-B-001894,SOURCE_B
TXN-B-001895-L3885,TXN-B-001895,PRD-0116,PC-AUR0116,2000000011608,AURORA Can Opener 500 MG,Can Opener 500 MG,4.72,80.59,380.38,TXN-B-001895,SOURCE_B
TXN-B-001896-L3887,TXN-B-001896,PRD-0128,PC-AUR0128,2000000012803,AURORA Colored Pencil Set 5 W,Colored Pencil Set 5 W,4.96,24.7,122.51,TXN-B-001896,SOURCE_B
TXN-B-001897-L3889,TXN-B-001897,PRD-0024,PC-NEX0024,2000000002408,NEXUS Floor Polish 100 MG,Floor Polish 100 MG,2.78,75.71,210.47,TXN-B-001897,SOURCE_B
TXN-B-001898-L3891,TXN-B-001898,PRD-0022,PC-ZEN0022,2000000002200,ZENITH Floor Polish 2000 MAH,Floor Polish 2000 MAH,1.09,5.92,6.45,TXN-B-001898,SOURCE_B
TXN-B-001899-L3893,TXN-B-001899,PRD-0010,PC-ZEN0010,2000000001005,ZENITH Laundry Detergent 1.5 V,Laundry Detergent 1.5 V,1.94,25.3,49.08,TXN-B-001899,SOURCE_B
TXN-B-001900-L3895,TXN-B-001900,PRD-0112,PC-ZEN0112,2000000011202,ZENITH Kitchen Towel 30 CM,Kitchen Towel 30 CM,3.31,100.54,332.79,TXN-B-001900,SOURCE_B
TXN-B-001901-L3897,TXN-B-001901,PRD-0022,PC-ZEN0022,2000000002200,ZENITH Floor Polish 2000 MAH,Floor Polish 2000 MAH,3.99,5.92,23.62,TXN-B-001901,SOURCE_B
TXN-B-001902-L3899,TXN-B-001902,PRD-0076,PC-ZEN0076,2000000007601,ZENITH Shampoo 200 G,Shampoo 200 G,4.47,12.26,54.8,TXN-B-001902,SOURCE_B
TXN-B-001903-L3901,TXN-B-001903,PRD-0121,PC-ZEN0121,2000000012100,ZENITH Notebook 1 L,Notebook 1 L,4.85,21.42,103.89,TXN-B-001903,SOURCE_B
TXN-B-001904-L3903,TXN-B-001904,PRD-0059,PC-AUR0059,2000000005904,AURORA Screen Protector 45 CM,Screen Protector 45 CM,2.68,61.8,165.62,TXN-B-001904,SOURCE_B
TXN-B-001905-L3905,TXN-B-001905,PRD-0013,PC-ZEN0013,2000000001302,ZENITH Fabric Softener 1 L,Fabric Softener 1 L,2.95,9.65,28.47,TXN-B-001905,SOURCE_B
TXN-B-001906-L3907,TXN-B-001906,PRD-0011,PC-AUR0011,2000000001104,AURORA Laundry Detergent 2000 MAH,Laundry Detergent 2000 MAH,3.03,97.97,296.85,TXN-B-001906,SOURCE_B
TXN-B-001907-L3909,TXN-B-001907,PRD-0120,PC-NEX0120,2000000012001,NEXUS Peeler 30 CM,Peeler 30 CM,2.88,95.85,276.05,TXN-B-001907,SOURCE_B
TXN-B-001908-L3911,TXN-B-001908,PRD-0102,PC-NEX0102,2000000010205,NEXUS Mixing Bowl Set 15 W,Mixing Bowl Set 15 W,2.42,58.6,141.81,TXN-B-001908,SOURCE_B
TXN-B-001909-L3913,TXN-B-001909,PRD-0026,PC-AUR0026,2000000002606,AURORA Ballpoint Pen 250 ML,Ballpoint Pen 250 ML,3.95,26.93,106.37,TXN-B-001909,SOURCE_B
TXN-B-001910-L3915,TXN-B-001910,PRD-0043,PC-ZEN0043,2000000004303,ZENITH Whiteboard Marker 20 W,Whiteboard Marker 20 W,1.04,56.59,58.85,TXN-B-001910,SOURCE_B
TXN-B-001911-L3917,TXN-B-001911,PRD-0061,PC-ZEN0061,2000000006109,ZENITH Battery Pack 200 G,Battery Pack 200 G,3.4,64.09,217.91,TXN-B-001911,SOURCE_B
TXN-B-001912-L3919,TXN-B-001912,PRD-0040,PC-ZEN0040,2000000004006,ZENITH File Folder Pack 750 ML,File Folder Pack 750 ML,1.99,112.35,223.58,TXN-B-001912,SOURCE_B
TXN-B-001913-L3921,TXN-B-001913,PRD-0036,PC-NEX0036,2000000003603,NEXUS Stapler 1.5 L,Stapler 1.5 L,2.16,113.16,244.43,TXN-B-001913,SOURCE_B
TXN-B-001914-L3923,TXN-B-001914,PRD-0125,PC-AUR0125,2000000012506,AURORA Sketch Pad 1.5 V,Sketch Pad 1.5 V,3.05,102.96,314.03,TXN-B-001914,SOURCE_B
TXN-B-001915-L3925,TXN-B-001915,PRD-0074,PC-AUR0074,2000000007403,AURORA Hand Soap 1.5 V,Hand Soap 1.5 V,1.72,72.37,124.48,TXN-B-001915,SOURCE_B
TXN-B-001916-L3927,TXN-B-001916,PRD-0087,PC-NEX0087,2000000008707,NEXUS Deodorant 9 V,Deodorant 9 V,2.11,116.64,246.11,TXN-B-001916,SOURCE_B
TXN-B-001917-L3929,TXN-B-001917,PRD-0052,PC-ZEN0052,2000000005201,ZENITH Power Adapter 20 W,Power Adapter 20 W,3.4,45.35,154.19,TXN-B-001917,SOURCE_B
TXN-B-001918-L3931,TXN-B-001918,PRD-0041,PC-AUR0041,2000000004105,AURORA File Folder Pack 9 V,File Folder Pack 9 V,3.04,59.18,179.91,TXN-B-001918,SOURCE_B
TXN-B-001919-L3933,TXN-B-001919,PRD-0093,PC-NEX0093,2000000009308,NEXUS Hair Gel 10 W,Hair Gel 10 W,2.22,27.25,60.5,TXN-B-001919,SOURCE_B
TXN-B-001920-L3935,TXN-B-001920,PRD-0073,PC-ZEN0073,2000000007304,ZENITH Hand Soap 250 MG,Hand Soap 250 MG,4.68,22.6,105.77,TXN-B-001920,SOURCE_B
TXN-B-001921-L3937,TXN-B-001921,PRD-0135,PC-NEX0135,2000000013503,NEXUS Glue Stick 5000 MAH,Glue Stick 5000 MAH,2.63,27.9,73.38,TXN-B-001921,SOURCE_B
TXN-B-001922-L3939,TXN-B-001922,PRD-0045,PC-NEX0045,2000000004501,NEXUS Whiteboard Marker 45 CM,Whiteboard Marker 45 CM,4.2,29.55,124.11,TXN-B-001922,SOURCE_B
TXN-B-001923-L3941,TXN-B-001923,PRD-0075,PC-NEX0075,2000000007502,NEXUS Hand Soap 10000 MAH,Hand Soap 10000 MAH,3.94,69.45,273.63,TXN-B-001923,SOURCE_B
TXN-B-001924-L3943,TXN-B-001924,PRD-0101,PC-AUR0101,2000000010106,AURORA Mixing Bowl Set 100 MG,Mixing Bowl Set 100 MG,3.31,113.58,375.95,TXN-B-001924,SOURCE_B
TXN-B-001925-L3945,TXN-B-001925,PRD-0149,PC-AUR0149,2000000014906,AURORA Wrench Set 45 CM,Wrench Set 45 CM,4.62,29.28,135.27,TXN-B-001925,SOURCE_B
TXN-B-001926-L3947,TXN-B-001926,PRD-0076,PC-ZEN0076,2000000007601,ZENITH Shampoo 200 G,Shampoo 200 G,3.25,12.26,39.84,TXN-B-001926,SOURCE_B
TXN-B-001927-L3949,TXN-B-001927,PRD-0119,PC-AUR0119,2000000011905,AURORA Peeler 100 MG,Peeler 100 MG,4.27,13.3,56.79,TXN-B-001927,SOURCE_B
TXN-B-001928-L3951,TXN-B-001928,PRD-0016,PC-ZEN0016,2000000001609,ZENITH Surface Wipes 60 CM,Surface Wipes 60 CM,4.39,58.14,255.23,TXN-B-001928,SOURCE_B
TXN-B-001929-L3953,TXN-B-001929,PRD-0091,PC-ZEN0091,2000000009100,ZENITH Hair Gel 1.5 L,Hair Gel 1.5 L,3.94,87.74,345.7,TXN-B-001929,SOURCE_B
TXN-B-001930-L3955,TXN-B-001930,PRD-0136,PC-ZEN0136,2000000013602,ZENITH Scissors 3 V,Scissors 3 V,2.5,71.22,178.05,TXN-B-001930,SOURCE_B
TXN-B-001931-L3957,TXN-B-001931,PRD-0124,PC-ZEN0124,2000000012407,ZENITH Sketch Pad 500 MG,Sketch Pad 500 MG,4.33,47.5,205.68,TXN-B-001931,SOURCE_B
TXN-B-001932-L3959,TXN-B-001932,PRD-0084,PC-NEX0084,2000000008400,NEXUS Toothpaste 15 W,Toothpaste 15 W,3.1,33.06,102.49,TXN-B-001932,SOURCE_B
TXN-B-001933-L3961,TXN-B-001933,PRD-0084,PC-NEX0084,2000000008400,NEXUS Toothpaste 15 W,Toothpaste 15 W,2.46,33.06,81.33,TXN-B-001933,SOURCE_B
TXN-B-001934-L3963,TXN-B-001934,PRD-0098,PC-AUR0098,2000000009803,AURORA Cutting Board 10 IN,Cutting Board 10 IN,3.71,17.09,63.4,TXN-B-001934,SOURCE_B
TXN-B-001935-L3965,TXN-B-001935,PRD-0119,PC-AUR0119,2000000011905,AURORA Peeler 100 MG,Peeler 100 MG,2.02,13.3,26.87,TXN-B-001935,SOURCE_B
TXN-B-001936-L3967,TXN-B-001936,PRD-0053,PC-AUR0053,2000000005300,AURORA Power Adapter 1 L,Power Adapter 1 L,2.1,43.8,91.98,TXN-B-001936,SOURCE_B
TXN-B-001937-L3969,TXN-B-001937,PRD-0055,PC-ZEN0055,2000000005508,ZENITH Phone Case 250 MG,Phone Case 250 MG,4.78,52.62,251.52,TXN-B-001937,SOURCE_B
TXN-B-001938-L3971,TXN-B-001938,PRD-0030,PC-NEX0030,2000000003009,NEXUS Highlighter Set 12 IN,Highlighter Set 12 IN,1.19,69.53,82.74,TXN-B-001938,SOURCE_B
TXN-B-001939-L3973,TXN-B-001939,PRD-0098,PC-AUR0098,2000000009803,AURORA Cutting Board 10 IN,Cutting Board 10 IN,1.11,17.09,18.97,TXN-B-001939,SOURCE_B
TXN-B-001940-L3975,TXN-B-001940,PRD-0028,PC-ZEN0028,2000000002804,ZENITH Highlighter Set 500 ML,Highlighter Set 500 ML,3.59,113.36,406.96,TXN-B-001940,SOURCE_B
TXN-B-001941-L3977,TXN-B-001941,PRD-0010,PC-ZEN0010,2000000001005,ZENITH Laundry Detergent 1.5 V,Laundry Detergent 1.5 V,2.26,25.3,57.18,TXN-B-001941,SOURCE_B
TXN-B-001942-L3979,TXN-B-001942,PRD-0042,PC-NEX0042,2000000004204,NEXUS File Folder Pack 500 G,File Folder Pack 500 G,3.11,68.11,211.82,TXN-B-001942,SOURCE_B
TXN-B-001943-L3981,TXN-B-001943,PRD-0132,PC-NEX0132,2000000013206,NEXUS Ruler Set 60 CM,Ruler Set 60 CM,1.93,20.73,40.01,TXN-B-001943,SOURCE_B
TXN-B-001944-L3983,TXN-B-001944,PRD-0013,PC-ZEN0013,2000000001302,ZENITH Fabric Softener 1 L,Fabric Softener 1 L,4.8,9.65,46.32,TXN-B-001944,SOURCE_B
TXN-B-001945-L3985,TXN-B-001945,PRD-0035,PC-AUR0035,2000000003504,AURORA Stapler 10 W,Stapler 10 W,2.96,17.34,51.33,TXN-B-001945,SOURCE_B
TXN-B-001946-L3987,TXN-B-001946,PRD-0134,PC-AUR0134,2000000013404,AURORA Glue Stick 9 V,Glue Stick 9 V,4.6,77.67,357.28,TXN-B-001946,SOURCE_B
TXN-B-001947-L3989,TXN-B-001947,PRD-0037,PC-ZEN0037,2000000003702,ZENITH Desk Organizer 5 W,Desk Organizer 5 W,4.38,11.53,50.5,TXN-B-001947,SOURCE_B
TXN-B-001948-L3991,TXN-B-001948,PRD-0034,PC-ZEN0034,2000000003405,ZENITH Stapler 100 MG,Stapler 100 MG,3.91,79.94,312.57,TXN-B-001948,SOURCE_B
TXN-B-001949-L3993,TXN-B-001949,PRD-0124,PC-ZEN0124,2000000012407,ZENITH Sketch Pad 500 MG,Sketch Pad 500 MG,3.75,47.5,178.12,TXN-B-001949,SOURCE_B
TXN-B-001950-L3995,TXN-B-001950,PRD-0075,PC-NEX0075,2000000007502,NEXUS Hand Soap 10000 MAH,Hand Soap 10000 MAH,4.14,69.45,287.52,TXN-B-001950,SOURCE_B
TXN-B-001951-L3997,TXN-B-001951,PRD-0113,PC-AUR0113,2000000011301,AURORA Kitchen Towel 20 W,Kitchen Towel 20 W,1.05,71.36,74.93,TXN-B-001951,SOURCE_B
TXN-B-001952-L3999,TXN-B-001952,PRD-0045,PC-NEX0045,2000000004501,NEXUS Whiteboard Marker 45 CM,Whiteboard Marker 45 CM,1.19,29.55,35.16,TXN-B-001952,SOURCE_B
TXN-B-001953-L4001,TXN-B-001953,PRD-0061,PC-ZEN0061,2000000006109,ZENITH Battery Pack 200 G,Battery Pack 200 G,3.41,64.09,218.55,TXN-B-001953,SOURCE_B
TXN-B-001954-L4003,TXN-B-001954,PRD-0136,PC-ZEN0136,2000000013602,ZENITH Scissors 3 V,Scissors 3 V,3.58,71.22,254.97,TXN-B-001954,SOURCE_B
TXN-B-001955-L4005,TXN-B-001955,PRD-0052,PC-ZEN0052,2000000005201,ZENITH Power Adapter 20 W,Power Adapter 20 W,4.56,45.35,206.8,TXN-B-001955,SOURCE_B
TXN-B-001956-L4007,TXN-B-001956,PRD-0037,PC-ZEN0037,2000000003702,ZENITH Desk Organizer 5 W,Desk Organizer 5 W,1.6,11.53,18.45,TXN-B-001956,SOURCE_B
TXN-B-001957-L4009,TXN-B-001957,PRD-0137,PC-AUR0137,2000000013701,AURORA Scissors 100 MG,Scissors 100 MG,1.36,94.03,127.88,TXN-B-001957,SOURCE_B
TXN-B-001958-L4011,TXN-B-001958,PRD-0101,PC-AUR0101,2000000010106,AURORA Mixing Bowl Set 100 MG,Mixing Bowl Set 100 MG,4.18,113.58,474.76,TXN-B-001958,SOURCE_B
TXN-B-001959-L4013,TXN-B-001959,PRD-0052,PC-ZEN0052,2000000005201,ZENITH Power Adapter 20 W,Power Adapter 20 W,1.89,45.35,85.71,TXN-B-001959,SOURCE_B
TXN-B-001960-L4015,TXN-B-001960,PRD-0041,PC-AUR0041,2000000004105,AURORA File Folder Pack 9 V,File Folder Pack 9 V,4.22,59.18,249.74,TXN-B-001960,SOURCE_B
TXN-B-001961-L4097,TXN-B-001961,PRD-0055,PC-ZEN0055,2000000005508,ZENITH Phone Case 250 MG,Phone Case 250 MG,1.48,52.62,77.88,TXN-B-001961,SOURCE_B
TXN-B-001962-L4099,TXN-B-001962,PRD-0123,PC-NEX0123,2000000012308,NEXUS Notebook 3 V,Notebook 3 V,4.94,15.38,75.98,TXN-B-001962,SOURCE_B
TXN-B-001963-L4101,TXN-B-001963,PRD-0060,PC-NEX0060,2000000006000,NEXUS Screen Protector 10 IN,Screen Protector 10 IN,3.08,85.32,262.79,TXN-B-001963,SOURCE_B
TXN-B-001964-L4103,TXN-B-001964,PRD-0046,PC-ZEN0046,2000000004600,ZENITH Tape Dispenser 250 ML,Tape Dispenser 250 ML,3.66,27.78,101.67,TXN-B-001964,SOURCE_B
TXN-B-001965-L4105,TXN-B-001965,PRD-0043,PC-ZEN0043,2000000004303,ZENITH Whiteboard Marker 20 W,Whiteboard Marker 20 W,1.4,56.59,79.23,TXN-B-001965,SOURCE_B
TXN-B-001966-L4107,TXN-B-001966,PRD-0030,PC-NEX0030,2000000003009,NEXUS Highlighter Set 12 IN,Highlighter Set 12 IN,4.44,69.53,308.71,TXN-B-001966,SOURCE_B
TXN-B-001967-L4109,TXN-B-001967,PRD-0071,PC-AUR0071,2000000007106,AURORA Mouse Pad 50 G,Mouse Pad 50 G,1.24,17.32,21.48,TXN-B-001967,SOURCE_B
TXN-B-001968-L4111,TXN-B-001968,PRD-0087,PC-NEX0087,2000000008707,NEXUS Deodorant 9 V,Deodorant 9 V,3.32,116.64,387.24,TXN-B-001968,SOURCE_B
TXN-B-001969-L4113,TXN-B-001969,PRD-0112,PC-ZEN0112,2000000011202,ZENITH Kitchen Towel 30 CM,Kitchen Towel 30 CM,427.85,100.54,43016.04,TXN-B-001969,SOURCE_B
TXN-B-001970-L4115,TXN-B-001970,PRD-0124,PC-ZEN0124,2000000012407,ZENITH Sketch Pad 500 MG,Sketch Pad 500 MG,468.87,47.5,22271.33,TXN-B-001970,SOURCE_B
TXN-B-001971-L4117,TXN-B-001971,PRD-0013,PC-ZEN0013,2000000001302,ZENITH Fabric Softener 1 L,Fabric Softener 1 L,276.51,9.65,2668.32,TXN-B-001971,SOURCE_B
TXN-B-001972-L4119,TXN-B-001972,PRD-0040,PC-ZEN0040,2000000004006,ZENITH File Folder Pack 750 ML,File Folder Pack 750 ML,117.97,112.35,13253.93,TXN-B-001972,SOURCE_B
TXN-B-001973-L4121,TXN-B-001973,PRD-0062,PC-AUR0062,2000000006208,AURORA Battery Pack 2000 MAH,Battery Pack 2000 MAH,299.85,70.05,21004.49,TXN-B-001973,SOURCE_B
TXN-B-001974-L4123,TXN-B-001974,PRD-0078,PC-NEX0078,2000000007809,NEXUS Shampoo 500 ML,Shampoo 500 ML,456.68,118.47,54102.88,TXN-B-001974,SOURCE_B
TXN-B-001975-L4125,TXN-B-001975,PRD-0006,PC-NEX0006,2000000000602,NEXUS Glass Spray 9 V,Glass Spray 9 V,189.7,84.09,15951.87,TXN-B-001975,SOURCE_B
TXN-B-001976-L4127,TXN-B-001976,PRD-0122,PC-AUR0122,2000000012209,AURORA Notebook 5000 MAH,Notebook 5000 MAH,478.24,31.9,15255.86,TXN-B-001976,SOURCE_B
TXN-B-001977-L4129,TXN-B-001977,PRD-0092,PC-AUR0092,2000000009209,AURORA Hair Gel 100 MG,Hair Gel 100 MG,343.24,64.67,22197.33,TXN-B-001977,SOURCE_B
TXN-B-001978-L4131,TXN-B-001978,PRD-0095,PC-AUR0095,2000000009506,AURORA Lotion 1 KG,Lotion 1 KG,226.53,117.25,26560.64,TXN-B-001978,SOURCE_B
TXN-B-001979-L4133,TXN-B-001979,PRD-0064,PC-ZEN0064,2000000006406,ZENITH Charging Dock 15 W,Charging Dock 15 W,417.24,60.18,25109.5,TXN-B-001979,SOURCE_B
TXN-B-001980-L4135,TXN-B-001980,PRD-0050,PC-AUR0050,2000000005003,AURORA USB Cable 10000 MAH,USB Cable 10000 MAH,200.86,3.09,620.66,TXN-B-001980,SOURCE_B
TXN-B-001981-L4137,TXN-B-001981,PRD-3907,,,NEXX Hair 10 W,Hair Gel 10 W,4.16,27.25,113.36,,SOURCE_B
TXN-B-001982-L4139,TXN-B-001982,PRD-3020,,,NEXX All Purpose 250 ML,All Purpose Cleaner 250 ML,2.91,116.68,339.54,,SOURCE_B
TXN-B-001983-L4141,TXN-B-001983,PRD-3816,,,NEXX Ballpoint 500 ML,Ballpoint Pen 500 ML,2.91,49.53,144.13,,SOURCE_B
TXN-B-001984-L4143,TXN-B-001984,PRD-3954,,,NEXX Screwdriver 100 MG,Screwdriver Set 100 MG,9.46,60.33,570.72,,SOURCE_B
TXN-B-001985-L4145,TXN-B-001985,PRD-3095,,,ZENX Battery 200 G,Battery Pack 200 G,7.68,64.09,492.21,,SOURCE_B
TXN-B-001986-L4147,TXN-B-001986,PRD-3134,,,ZENX Hair 1.5 L,Hair Gel 1.5 L,6.52,87.74,572.06,,SOURCE_B
TXN-B-001987-L4149,TXN-B-001987,PRD-3344,,,NEXX Peeler CM,Peeler 30 CM,7.85,95.85,752.42,,SOURCE_B
TXN-B-001988-L4151,TXN-B-001988,PRD-3106,,,AURX Mouse 50 G,Mouse Pad 50 G,7.8,17.32,135.1,,SOURCE_B
TXN-B-001989-L4153,TXN-B-001989,PRD-3886,,,ZENX Glue 250 MG,Glue Stick 250 MG,3.14,31.89,100.13,,SOURCE_B
TXN-B-001990-L4155,TXN-B-001990,PRD-3302,,,ZENX Screen 3 V,Screen Protector 3 V,9.7,72.97,707.81,,SOURCE_B
TXN-B-001991-L4157,TXN-B-001991,PRD-3209,,,NEXX Wrench 9 V,Wrench Set 9 V,2.26,89.01,201.16,,SOURCE_B
TXN-B-001992-L4159,TXN-B-001992,PRD-3723,,,NEXX Ruler 60 CM,Ruler Set 60 CM,3.05,20.73,63.23,,SOURCE_B
TXN-B-001993-L4161,TXN-B-001993,PRD-3860,,,NEXX Scissors MG,Scissors 500 MG,5.45,96.35,525.11,,SOURCE_B
TXN-B-001994-L4163,TXN-B-001994,PRD-3267,,,NEXX Colored Pencil 750 ML,Colored Pencil Set 750 ML,7.63,94.86,723.78,,SOURCE_B
TXN-B-001995-L4165,TXN-B-001995,PRD-3267,,,ZENX Mouse 200 G,Mouse Pad 200 G,2.78,113.79,316.34,,SOURCE_B
TXN-B-001996-L4167,TXN-B-001996,PRD-3437,,,NEXX Surface 500 MG,Surface Wipes 500 MG,8.09,39.31,318.02,,SOURCE_B
TXN-B-001997-L4169,TXN-B-001997,PRD-3051,,,ZENX Face 30 CM,Face Cream 30 CM,9.41,2.66,25.03,,SOURCE_B
TXN-B-001998-L4171,TXN-B-001998,PRD-3043,,,AURX Shampoo KG,Shampoo 1 KG,1.52,106.6,162.03,,SOURCE_B
TXN-B-001999-L4173,TXN-B-001999,PRD-3354,,,NEXX Deodorant V,Deodorant 9 V,2.53,116.64,295.1,,SOURCE_B
TXN-B-002000-L4175,TXN-B-002000,PRD-3332,,,AURX Wrench 45 CM,Wrench Set 45 CM,6.45,29.28,188.86,,SOURCE_B
TXN-B-002001-L4177,TXN-B-002001,PRD-3927,,,NEXX Whiteboard 45 CM,Whiteboard Marker 45 CM,4.38,29.55,129.43,,SOURCE_B
TXN-B-002002-L4179,TXN-B-002002,PRD-3793,,,AURX Ruler 60 CM,Ruler Set 60 CM,8.7,15.08,131.2,,SOURCE_B
TXN-B-002003-L4181,TXN-B-002003,PRD-3810,,,NEXX Whiteboard 45 CM,Whiteboard Marker 45 CM,3.99,29.55,117.9,,SOURCE_B
TXN-B-002004-L4183,TXN-B-002004,PRD-3221,,,ZENX Cutting 5 W,Cutting Board 5 W,2.56,15.99,40.93,,SOURCE_B
TXN-B-002005-L4185,TXN-B-002005,PRD-3709,,,AURX Body 500 MG,Body Wash 500 MG,1.24,11.65,14.45,,SOURCE_B
TXN-B-002006-L4187,TXN-B-002006,PRD-3880,,,NEXX Surface 500 MG,Surface Wipes 500 MG,1.28,39.31,50.32,,SOURCE_B
TXN-B-002007-L4189,TXN-B-002007,PRD-3063,,,AURX Mouse 50 G,Mouse Pad 50 G,1.26,17.32,21.82,,SOURCE_B
TXN-B-002008-L4191,TXN-B-002008,PRD-3298,,,NEXX Binder Clip 45 CM,Binder Clip Box 45 CM,7.95,21.96,174.58,,SOURCE_B
TXN-B-002009-L4193,TXN-B-002009,PRD-3190,,,AURX Charging 3 V,Charging Dock 3 V,3.12,17.05,53.2,,SOURCE_B
TXN-B-002010-L4195,TXN-B-002010,PRD-3709,,,NEXX Scissors MG,Scissors 500 MG,1.68,96.35,161.87,,SOURCE_B
TXN-B-002011-L4222,TXN-B-002011,PRD-0133,PC-ZEN0133,2000000013305,ZENITH Glue Stick 250 MG,Glue Stick 250 MG,5.1,31.89,162.64,TXN-B-002011,SOURCE_B
TXN-B-002012-L4224,TXN-B-002012,PRD-0128,PC-AUR0128,2000000012803,AURORA Colored Pencil Set 5 W,Colored Pencil Set 5 W,1.49,24.7,36.8,TXN-B-002012,SOURCE_B
TXN-B-002013-L4226,TXN-B-002013,PRD-0144,PC-NEX0144,2000000014401,NEXUS Marker Set 250 ML,Marker Set 250 ML,8.4,40.05,336.42,TXN-B-002013,SOURCE_B
TXN-B-002014-L4228,TXN-B-002014,PRD-0140,PC-AUR0140,2000000014005,AURORA Eraser Pack 2000 MAH,Eraser Pack 2000 MAH,9.45,111.85,1056.98,TXN-B-002014,SOURCE_B
TXN-B-002015-L4230,TXN-B-002015,PRD-0127,PC-ZEN0127,2000000012704,ZENITH Colored Pencil Set 50 G,Colored Pencil Set 50 G,6.74,57.94,390.52,TXN-B-002015,SOURCE_B
TXN-B-002016-L4232,TXN-B-002016,PRD-0147,PC-NEX0147,2000000014708,NEXUS Screwdriver Set 100 MG,Screwdriver Set 100 MG,8.65,60.33,521.85,TXN-B-002016,SOURCE_B
TXN-B-002017-L4234,TXN-B-002017,PRD-0110,PC-AUR0110,2000000011004,AURORA Storage Container 5 W,Storage Container 5 W,4.32,44.62,192.76,TXN-B-002017,SOURCE_B
TXN-B-002018-L4236,TXN-B-002018,PRD-0149,PC-AUR0149,2000000014906,AURORA Wrench Set 45 CM,Wrench Set 45 CM,9.56,29.28,279.92,TXN-B-002018,SOURCE_B
TXN-B-002019-L4238,TXN-B-002019,PRD-0106,PC-ZEN0106,2000000010601,ZENITH Spatula Set 1 KG,Spatula Set 1 KG,8.73,23.7,206.9,TXN-B-002019,SOURCE_B
TXN-B-002020-L4240,TXN-B-002020,PRD-0034,PC-ZEN0034,2000000003405,ZENITH Stapler 100 MG,Stapler 100 MG,2.67,79.94,213.44,TXN-B-002020,SOURCE_B
TXN-B-002021-L4242,TXN-B-002021,PRD-0114,PC-NEX0114,2000000011400,NEXUS Kitchen Towel 10 W,Kitchen Towel 10 W,9.36,24.94,233.44,TXN-B-002021,SOURCE_B
TXN-B-002022-L4244,TXN-B-002022,PRD-0092,PC-AUR0092,2000000009209,AURORA Hair Gel 100 MG,Hair Gel 100 MG,7.14,64.67,461.74,TXN-B-002022,SOURCE_B
TXN-B-002023-L4246,TXN-B-002023,PRD-0059,PC-AUR0059,2000000005904,AURORA Screen Protector 45 CM,Screen Protector 45 CM,7.15,61.8,441.87,TXN-B-002023,SOURCE_B
TXN-B-002024-L4248,TXN-B-002024,PRD-0140,PC-AUR0140,2000000014005,AURORA Eraser Pack 2000 MAH,Eraser Pack 2000 MAH,8.29,111.85,927.24,TXN-B-002024,SOURCE_B
TXN-B-002025-L4250,TXN-B-002025,PRD-0061,PC-ZEN0061,2000000006109,ZENITH Battery Pack 200 G,Battery Pack 200 G,9.94,64.09,637.05,TXN-B-002025,SOURCE_B
TXN-B-002026-L4252,TXN-B-002026,PRD-0108,PC-NEX0108,2000000010809,NEXUS Spatula Set 500 MG,Spatula Set 500 MG,3.0,103.62,310.86,TXN-B-002026,SOURCE_B
TXN-B-002027-L4254,TXN-B-002027,PRD-0070,PC-ZEN0070,2000000007007,ZENITH Mouse Pad 200 G,Mouse Pad 200 G,4.17,113.79,474.5,TXN-B-002027,SOURCE_B
TXN-B-002028-L4256,TXN-B-002028,PRD-0131,PC-AUR0131,2000000013107,AURORA Ruler Set 60 CM,Ruler Set 60 CM,1.25,15.08,18.85,TXN-B-002028,SOURCE_B
TXN-B-002029-L4258,TXN-B-002029,PRD-0011,PC-AUR0011,2000000001104,AURORA Laundry Detergent 2000 MAH,Laundry Detergent 2000 MAH,9.71,97.97,951.29,TXN-B-002029,SOURCE_B
TXN-B-002030-L4260,TXN-B-002030,PRD-0103,PC-ZEN0103,2000000010304,ZENITH Measuring Cup 10000 MAH,Measuring Cup 10000 MAH,4.84,7.51,36.35,TXN-B-002030,SOURCE_B
TXN-B-002031-L4262,TXN-B-002031,PRD-0029,PC-AUR0029,2000000002903,AURORA Highlighter Set 9 V,Highlighter Set 9 V,5.94,26.14,155.27,TXN-B-002031,SOURCE_B
TXN-B-002032-L4264,TXN-B-002032,PRD-0094,PC-ZEN0094,2000000009407,ZENITH Lotion 10000 MAH,Lotion 10000 MAH,1.98,9.96,19.72,TXN-B-002032,SOURCE_B
TXN-B-002033-L4266,TXN-B-002033,PRD-0123,PC-NEX0123,2000000012308,NEXUS Notebook 3 V,Notebook 3 V,5.79,15.38,89.05,TXN-B-002033,SOURCE_B
TXN-B-002034-L4268,TXN-B-002034,PRD-0114,PC-NEX0114,2000000011400,NEXUS Kitchen Towel 10 W,Kitchen Towel 10 W,2.33,24.94,58.11,TXN-B-002034,SOURCE_B
TXN-B-002035-L4270,TXN-B-002035,PRD-0104,PC-AUR0104,2000000010403,AURORA Measuring Cup 10000 MAH,Measuring Cup 10000 MAH,7.51,68.42,513.83,TXN-B-002035,SOURCE_B
TXN-B-002036-L4272,TXN-B-002036,PRD-0010,PC-ZEN0010,2000000001005,ZENITH Laundry Detergent 1.5 V,Laundry Detergent 1.5 V,2.58,25.3,65.27,TXN-B-002036,SOURCE_B
TXN-B-002037-L4274,TXN-B-002037,PRD-0030,PC-NEX0030,2000000003009,NEXUS Highlighter Set 12 IN,Highlighter Set 12 IN,6.08,69.53,422.74,TXN-B-002037,SOURCE_B
TXN-B-002038-L4276,TXN-B-002038,PRD-0017,PC-AUR0017,2000000001708,AURORA Surface Wipes 9 V,Surface Wipes 9 V,8.69,80.73,701.54,TXN-B-002038,SOURCE_B
TXN-B-002039-L4278,TXN-B-002039,PRD-0105,PC-NEX0105,2000000010502,NEXUS Measuring Cup 100 G,Measuring Cup 100 G,4.71,109.25,514.57,TXN-B-002039,SOURCE_B
TXN-B-002040-L4280,TXN-B-002040,PRD-0053,PC-AUR0053,2000000005300,AURORA Power Adapter 1 L,Power Adapter 1 L,4.7,43.8,205.86,TXN-B-002040,SOURCE_B
TXN-B-002041-L4282,TXN-B-002041,PRD-0005,PC-AUR0005,2000000000503,AURORA Glass Spray 500 G,Glass Spray 500 G,6.82,111.21,758.45,TXN-B-002041,SOURCE_B
TXN-B-002042-L4284,TXN-B-002042,PRD-0006,PC-NEX0006,2000000000602,NEXUS Glass Spray 9 V,Glass Spray 9 V,9.66,84.09,812.31,TXN-B-002042,SOURCE_B
TXN-B-002043-L4286,TXN-B-002043,PRD-0079,PC-ZEN0079,2000000007908,ZENITH Body Wash 200 G,Body Wash 200 G,5.19,74.3,385.62,TXN-B-002043,SOURCE_B
TXN-B-002044-L4288,TXN-B-002044,PRD-0115,PC-ZEN0115,2000000011509,ZENITH Can Opener 2000 MAH,Can Opener 2000 MAH,4.26,64.41,274.39,TXN-B-002044,SOURCE_B
TXN-B-002045-L4290,TXN-B-002045,PRD-0028,PC-ZEN0028,2000000002804,ZENITH Highlighter Set 500 ML,Highlighter Set 500 ML,5.19,113.36,588.34,TXN-B-002045,SOURCE_B
TXN-B-002046-L4292,TXN-B-002046,PRD-0065,PC-AUR0065,2000000006505,AURORA Charging Dock 3 V,Charging Dock 3 V,8.56,17.05,145.95,TXN-B-002046,SOURCE_B
TXN-B-002047-L4294,TXN-B-002047,PRD-0124,PC-ZEN0124,2000000012407,ZENITH Sketch Pad 500 MG,Sketch Pad 500 MG,7.2,47.5,342.0,TXN-B-002047,SOURCE_B
TXN-B-002048-L4296,TXN-B-002048,PRD-0049,PC-ZEN0049,2000000004907,ZENITH USB Cable 1 KG,USB Cable 1 KG,1.83,50.47,92.36,TXN-B-002048,SOURCE_B
TXN-B-002049-L4298,TXN-B-002049,PRD-0091,PC-ZEN0091,2000000009100,ZENITH Hair Gel 1.5 L,Hair Gel 1.5 L,8.83,87.74,774.74,TXN-B-002049,SOURCE_B
TXN-B-002050-L4300,TXN-B-002050,PRD-0054,PC-NEX0054,2000000005409,NEXUS Power Adapter 500 ML,Power Adapter 500 ML,2.82,16.51,46.56,TXN-B-002050,SOURCE_B
TXN-B-002051-L4302,TXN-B-002051,PRD-0079,PC-ZEN0079,2000000007908,ZENITH Body Wash 200 G,Body Wash 200 G,8.27,74.3,614.46,TXN-B-002051,SOURCE_B
TXN-B-002052-L4304,TXN-B-002052,PRD-0121,PC-ZEN0121,2000000012100,ZENITH Notebook 1 L,Notebook 1 L,7.16,21.42,153.37,TXN-B-002052,SOURCE_B
TXN-B-002053-L4306,TXN-B-002053,PRD-0127,PC-ZEN0127,2000000012704,ZENITH Colored Pencil Set 50 G,Colored Pencil Set 50 G,6.91,57.94,400.37,TXN-B-002053,SOURCE_B
TXN-B-002054-L4308,TXN-B-002054,PRD-0046,PC-ZEN0046,2000000004600,ZENITH Tape Dispenser 250 ML,Tape Dispenser 250 ML,5.16,27.78,143.34,TXN-B-002054,SOURCE_B
TXN-B-002055-L4310,TXN-B-002055,PRD-0095,PC-AUR0095,2000000009506,AURORA Lotion 1 KG,Lotion 1 KG,6.63,117.25,777.37,TXN-B-002055,SOURCE_B
TXN-B-002056-L4312,TXN-B-002056,PRD-0055,PC-ZEN0055,2000000005508,ZENITH Phone Case 250 MG,Phone Case 250 MG,2.06,52.62,108.4,TXN-B-002056,SOURCE_B
TXN-B-002057-L4314,TXN-B-002057,PRD-0038,PC-AUR0038,2000000003801,AURORA Desk Organizer 2000 MAH,Desk Organizer 2000 MAH,6.75,28.05,189.34,TXN-B-002057,SOURCE_B
TXN-B-002058-L4316,TXN-B-002058,PRD-0041,PC-AUR0041,2000000004105,AURORA File Folder Pack 9 V,File Folder Pack 9 V,9.58,59.18,566.94,TXN-B-002058,SOURCE_B
TXN-B-002059-L4318,TXN-B-002059,PRD-0057,PC-NEX0057,2000000005706,NEXUS Phone Case 1 L,Phone Case 1 L,4.1,31.73,130.09,TXN-B-002059,SOURCE_B
TXN-B-002060-L4320,TXN-B-002060,PRD-0095,PC-AUR0095,2000000009506,AURORA Lotion 1 KG,Lotion 1 KG,4.11,117.25,481.9,TXN-B-002060,SOURCE_B
TXN-B-002061-L4322,TXN-B-002061,PRD-0090,PC-NEX0090,2000000009001,NEXUS Face Cream 100 MG,Face Cream 100 MG,1.33,20.0,26.6,TXN-B-002061,SOURCE_B
TXN-B-002062-L4324,TXN-B-002062,PRD-0070,PC-ZEN0070,2000000007007,ZENITH Mouse Pad 200 G,Mouse Pad 200 G,9.82,113.79,1117.42,TXN-B-002062,SOURCE_B
TXN-B-002063-L4326,TXN-B-002063,PRD-0071,PC-AUR0071,2000000007106,AURORA Mouse Pad 50 G,Mouse Pad 50 G,2.83,17.32,49.02,TXN-B-002063,SOURCE_B
TXN-B-002064-L4328,TXN-B-002064,PRD-0137,PC-AUR0137,2000000013701,AURORA Scissors 100 MG,Scissors 100 MG,1.93,94.03,181.48,TXN-B-002064,SOURCE_B
TXN-B-002065-L4330,TXN-B-002065,PRD-0069,PC-NEX0069,2000000006901,NEXUS HDMI Cable 1.5 L,HDMI Cable 1.5 L,5.79,45.41,262.92,TXN-B-002065,SOURCE_B
TXN-B-002066-L4332,TXN-B-002066,PRD-0086,PC-AUR0086,2000000008608,AURORA Deodorant 500 G,Deodorant 500 G,3.76,52.31,196.69,TXN-B-002066,SOURCE_B
TXN-B-002067-L4334,TXN-B-002067,PRD-0091,PC-ZEN0091,2000000009100,ZENITH Hair Gel 1.5 L,Hair Gel 1.5 L,3.88,87.74,340.43,TXN-B-002067,SOURCE_B
TXN-B-002068-L4336,TXN-B-002068,PRD-0016,PC-ZEN0016,2000000001609,ZENITH Surface Wipes 60 CM,Surface Wipes 60 CM,8.05,58.14,468.03,TXN-B-002068,SOURCE_B
TXN-B-002069-L4338,TXN-B-002069,PRD-0059,PC-AUR0059,2000000005904,AURORA Screen Protector 45 CM,Screen Protector 45 CM,1.54,61.8,95.17,TXN-B-002069,SOURCE_B
TXN-B-002070-L4340,TXN-B-002070,PRD-0069,PC-NEX0069,2000000006901,NEXUS HDMI Cable 1.5 L,HDMI Cable 1.5 L,9.37,45.41,425.49,TXN-B-002070,SOURCE_B
TXN-B-002071-L4342,TXN-B-002071,PRD-0028,PC-ZEN0028,2000000002804,ZENITH Highlighter Set 500 ML,Highlighter Set 500 ML,6.49,113.36,735.71,TXN-B-002071,SOURCE_B
TXN-B-002072-L4344,TXN-B-002072,PRD-0069,PC-NEX0069,2000000006901,NEXUS HDMI Cable 1.5 L,HDMI Cable 1.5 L,2.07,45.41,94.0,TXN-B-002072,SOURCE_B
TXN-B-002073-L4346,TXN-B-002073,PRD-0103,PC-ZEN0103,2000000010304,ZENITH Measuring Cup 10000 MAH,Measuring Cup 10000 MAH,2.17,7.51,16.3,TXN-B-002073,SOURCE_B
TXN-B-002074-L4348,TXN-B-002074,PRD-0022,PC-ZEN0022,2000000002200,ZENITH Floor Polish 2000 MAH,Floor Polish 2000 MAH,3.39,5.92,20.07,TXN-B-002074,SOURCE_B
TXN-B-002075-L4350,TXN-B-002075,PRD-0149,PC-AUR0149,2000000014906,AURORA Wrench Set 45 CM,Wrench Set 45 CM,2.15,29.28,62.95,TXN-B-002075,SOURCE_B
TXN-B-002076-L4352,TXN-B-002076,PRD-0143,PC-AUR0143,2000000014302,AURORA Marker Set 10 IN,Marker Set 10 IN,9.29,13.47,125.14,TXN-B-002076,SOURCE_B
TXN-B-002077-L4354,TXN-B-002077,PRD-0111,PC-NEX0111,2000000011103,NEXUS Storage Container 500 G,Storage Container 500 G,9.64,61.14,589.39,TXN-B-002077,SOURCE_B
TXN-B-002078-L4356,TXN-B-002078,PRD-0047,PC-AUR0047,2000000004709,AURORA Tape Dispenser 45 CM,Tape Dispenser 45 CM,9.38,2.08,19.51,TXN-B-002078,SOURCE_B
TXN-B-002079-L4358,TXN-B-002079,PRD-0010,PC-ZEN0010,2000000001005,ZENITH Laundry Detergent 1.5 V,Laundry Detergent 1.5 V,2.81,25.3,71.09,TXN-B-002079,SOURCE_B
TXN-B-002080-L4360,TXN-B-002080,PRD-0045,PC-NEX0045,2000000004501,NEXUS Whiteboard Marker 45 CM,Whiteboard Marker 45 CM,4.92,29.55,145.39,TXN-B-002080,SOURCE_B
TXN-B-002081-L4362,TXN-B-002081,PRD-0008,PC-AUR0008,2000000000800,AURORA Dish Liquid 10000 MAH,Dish Liquid 10000 MAH,1.38,111.86,154.37,TXN-B-002081,SOURCE_B
TXN-B-002082-L4364,TXN-B-002082,PRD-0007,PC-ZEN0007,2000000000701,ZENITH Dish Liquid 5000 MAH,Dish Liquid 5000 MAH,2.13,57.78,123.07,TXN-B-002082,SOURCE_B
TXN-B-002083-L4366,TXN-B-002083,PRD-0019,PC-ZEN0019,2000000001906,ZENITH Air Freshener 45 CM,Air Freshener 45 CM,3.59,38.75,139.11,TXN-B-002083,SOURCE_B
TXN-B-002084-L4368,TXN-B-002084,PRD-0092,PC-AUR0092,2000000009209,AURORA Hair Gel 100 MG,Hair Gel 100 MG,9.45,64.67,611.13,TXN-B-002084,SOURCE_B
TXN-B-002085-L4370,TXN-B-002085,PRD-0005,PC-AUR0005,2000000000503,AURORA Glass Spray 500 G,Glass Spray 500 G,4.31,111.21,479.32,TXN-B-002085,SOURCE_B
TXN-B-002086-L4372,TXN-B-002086,PRD-0075,PC-NEX0075,2000000007502,NEXUS Hand Soap 10000 MAH,Hand Soap 10000 MAH,4.17,69.45,289.61,TXN-B-002086,SOURCE_B
TXN-B-002087-L4374,TXN-B-002087,PRD-0012,PC-NEX0012,2000000001203,NEXUS Laundry Detergent 3 V,Laundry Detergent 3 V,7.95,22.27,177.05,TXN-B-002087,SOURCE_B
TXN-B-002088-L4376,TXN-B-002088,PRD-0120,PC-NEX0120,2000000012001,NEXUS Peeler 30 CM,Peeler 30 CM,8.7,95.85,833.89,TXN-B-002088,SOURCE_B
TXN-B-002089-L4378,TXN-B-002089,PRD-0146,PC-AUR0146,2000000014609,AURORA Screwdriver Set 500 ML,Screwdriver Set 500 ML,3.27,91.46,299.07,TXN-B-002089,SOURCE_B
TXN-B-002090-L4380,TXN-B-002090,PRD-0100,PC-ZEN0100,2000000010007,ZENITH Mixing Bowl Set 250 ML,Mixing Bowl Set 250 ML,4.3,63.15,271.54,TXN-B-002090,SOURCE_B
TXN-B-002091-L4382,TXN-B-002091,PRD-0134,PC-AUR0134,2000000013404,AURORA Glue Stick 9 V,Glue Stick 9 V,3.78,77.67,293.59,TXN-B-002091,SOURCE_B
TXN-B-002092-L4384,TXN-B-002092,PRD-0111,PC-NEX0111,2000000011103,NEXUS Storage Container 500 G,Storage Container 500 G,7.06,61.14,431.65,TXN-B-002092,SOURCE_B
TXN-B-002093-L4386,TXN-B-002093,PRD-0142,PC-ZEN0142,2000000014203,ZENITH Marker Set 750 ML,Marker Set 750 ML,9.71,33.77,327.91,TXN-B-002093,SOURCE_B
TXN-B-002094-L4388,TXN-B-002094,PRD-0014,PC-AUR0014,2000000001401,AURORA Fabric Softener 250 MG,Fabric Softener 250 MG,7.44,111.99,833.21,TXN-B-002094,SOURCE_B
TXN-B-002095-L4390,TXN-B-002095,PRD-0140,PC-AUR0140,2000000014005,AURORA Eraser Pack 2000 MAH,Eraser Pack 2000 MAH,5.74,111.85,642.02,TXN-B-002095,SOURCE_B
